tree
version=v4
num_class=1
num_tree_per_iteration=1
label_index=0
max_feature_idx=76
objective=binary sigmoid:1
feature_names=Protocol Flow_Duration Total_Fwd_Packets Total_Backward_Packets Fwd_Packets_Length_Total Bwd_Packets_Length_Total Fwd_Packet_Length_Max Fwd_Packet_Length_Min Fwd_Packet_Length_Mean Fwd_Packet_Length_Std Bwd_Packet_Length_Max Bwd_Packet_Length_Min Bwd_Packet_Length_Mean Bwd_Packet_Length_Std Flow_Bytes/s Flow_Packets/s Flow_IAT_Mean Flow_IAT_Std Flow_IAT_Max Flow_IAT_Min Fwd_IAT_Total Fwd_IAT_Mean Fwd_IAT_Std Fwd_IAT_Max Fwd_IAT_Min Bwd_IAT_Total Bwd_IAT_Mean Bwd_IAT_Std Bwd_IAT_Max Bwd_IAT_Min Fwd_PSH_Flags Bwd_PSH_Flags Fwd_URG_Flags Bwd_URG_Flags Fwd_Header_Length Bwd_Header_Length Fwd_Packets/s Bwd_Packets/s Packet_Length_Min Packet_Length_Max Packet_Length_Mean Packet_Length_Std Packet_Length_Variance FIN_Flag_Count SYN_Flag_Count RST_Flag_Count PSH_Flag_Count ACK_Flag_Count URG_Flag_Count CWE_Flag_Count ECE_Flag_Count Down/Up_Ratio Avg_Packet_Size Avg_Fwd_Segment_Size Avg_Bwd_Segment_Size Fwd_Avg_Bytes/Bulk Fwd_Avg_Packets/Bulk Fwd_Avg_Bulk_Rate Bwd_Avg_Bytes/Bulk Bwd_Avg_Packets/Bulk Bwd_Avg_Bulk_Rate Subflow_Fwd_Packets Subflow_Fwd_Bytes Subflow_Bwd_Packets Subflow_Bwd_Bytes Init_Fwd_Win_Bytes Init_Bwd_Win_Bytes Fwd_Act_Data_Packets Fwd_Seg_Size_Min Active_Mean Active_Std Active_Max Active_Min Idle_Mean Idle_Std Idle_Max Idle_Min
feature_infos=[0:17] [-2:119999965] [1:219759] [0:291922] [0:1323378] [0:655453030] [0:24820] [0:1983] [0:4672] [0:7125.5966796875] [0:17376] [0:1460] [0:3884.924560546875] [0:6694.37646484375] [-12000000:2070000000] [-2000000:3000000] [-2:120000000] [0:84800000] [-2:120000000] [-14:120000000] [0:120000000] [0:120000000] [0:82800880] [0:120000000] [0:120000000] [0:120000000] [0:120000000] [0:82754048] [0:120000000] [0:120000000] [0:1] none [0:1] none [-32212234632:4524100] [0:5838440] [0:3000000] [0:2000000] [0:1330] [0:24820] [0:3337.142822265625] [0:4731.5224609375] [0:22400000] [0:1] [0:1] [0:1] [0:1] [0:1] [0:1] [0:1] [0:1] [0:20] [0:3893.333251953125] [0:4672] [0:3884.924560546875] none none none none none none [1:219759] [0:1323378] [0:291922] [0:655453030] [-1:65535] [-1:65535] [0:213557] [-536870660:126] [0:100000000] [0:63500000] [0:100000000] [0:100000000] [0:120000000] [0:75300000] [0:120000000] [0:120000000]
tree_sizes=3426 3476 3466 3484 3483 3479 3488 3479 3483 3485 3471 3486 3489 3488 3483 3497 3506 3510 3498 3489 3500 3516 3521 3509 3501 3479 3469 3529 3493 3521 3508 3514 3513 3518 3509 3524 3521 3506 3529 3510 3513 3513 3527 3515 3534 3546 3516 3535 3511 3513 3512 3534 3543 3540 3537 3524 3522 3496 3508 3519 3523 3526 3525 3534 3502 3540 3517 3547 3524 3538 3520 3525 3540 3539 3500 3523 3527 3524 3545 3532 3508 3533 3526 3557 3528 3537 3529 3544 3506 3494 3539 3541 3536 3514 3537 3517 3558 3504 3533 3536 3544 3528 3529 3507 3545 3571 3531 3520 3519 3540 3539 3525 3563 3514 3543 3488 3536 3526 3532 3542 3512 3473 3458 3473 3465 3475 3487 3471 3502 3505 3501 3537 3513 3505 3517 3541 3465 3530 3500 3544 3497 3519 3523 3495 3524 3515 3518 3507 3519 3538 3527 3503 3516 3516 3486 3526 3542 3533 3544 3498 3508 3491 3493 3513 3523 3511 3524 3519 3499 3510 3523 3537 3488 3492 3495 3496 3555 3506 3503 3512 3535 3492 3509 3526 3473 3505 3481 3474 3507 3498 3496 3516 3528 3484 3532 3494 3526 3535 3513 3513

Tree=0
num_leaves=31
num_cat=0
split_feature=13 37 2 6 43 24 35 66 34 65 66 66 19 75 65 15 66 8 52 6 9 21 14 21 66 34 34 24 66 66
split_gain=1.20309e+06 95145.7 188561 32021.5 15419.4 21061.1 13633.2 10377.1 9309.51 8303.02 7607.36 6569.94 3599.15 8297.09 2928.25 3162.64 2690.44 2655.64 14178.6 17997.5 7868.59 2465.5 2076.97 2017.35 1807.08 1646.29 1396.3 3823.77 7999.47 1237.68
threshold=1496.0494384765627 0.02984355948865414 3.5000000000000004 14.500000000000002 1.0000000180025095e-35 121.50000000000001 78.000000000000014 219.50000000000003 114.00000000000001 -1.0000000180025095e-35 -1.0000000180025095e-35 240.50000000000003 5914417.5000000009 6055179.5000000009 274.50000000000006 0.12321581900000002 235.50000000000003 14.156660079956056 9.0500001907348651 30.500000000000004 5.2967469692230233 803.35714721679699 1050.0711050000002 52908740.000000007 234.50000000000003 62.000000000000007 90.000000000000014 4007.0000000000005 28952.000000000004 29000.000000000004
decision_type=2 2 2 2 2 2 2 2 2 2 2 2 2 2 2 2 2 2 2 2 2 2 2 2 2 2 2 2 2 2
left_child=1 2 8 9 17 21 -5 -2 10 -4 12 -9 -1 -14 -11 -16 24 18 26 20 -20 -6 -23 -12 -7 -15 -3 28 -28 -30
right_child=7 4 3 6 5 16 -8 11 -10 14 23 -13 13 25 15 -17 -18 -19 19 -21 -22 22 -24 -25 -26 -27 27 -29 29 -31
leaf_value=-1.8334791338500613 -1.8467358392363207 -1.8380334368546172 -1.8447326545216332 -1.8462166035333245 -1.8401384909137275 -1.8467358392363207 -1.088350129962999 -1.0656717406249339 -1.0702107335721505 -1.0710783470989891 -1.8029862850675422 -1.8377041393666307 -1.8280504626399352 -1.7987895769317026 -1.1900015103840043 -1.818083930725507 -1.8467358392363207 -1.8436178366734153 -1.7187972475282201 -1.8367246257139398 -1.0736215203729267 -1.7649365969415634 -1.2452360811575516 -1.0695749156358159 -1.0657871696552315 -1.0676283415975525 -1.8253506465629223 -1.8284565684729073 -1.0683332056333117 -1.8467358392363207
leaf_weight=15825.953037410975 172.8017583489418 23706.097222030163 149.76152390241623 962.95379856228828 1379.3420355319977 30.976315200328827 315.01120540499687 24727.419614523649 169.60172578692436 5551.0324846804142 48.000488430261612 110.72112664580345 620.80631703138351 35.456360787153244 342.14748153090477 104.70506542921066 51.712526202201843 147754.84748342633 257.15461668372154 1088.7790789008141 713.6072613298893 168.70571666955948 141.31343793869019 171.52174532413483 681.73493701219559 234.24238353967667 439.55647271871567 2286.7432688176632 246.53050857782364 22.272226631641388
leaf_count=123639 1350 185202 1170 7523 10776 242 2461 193181 1325 43367 375 865 4850 277 2673 818 404 1154323 2009 8506 5575 1318 1104 1340 5326 1830 3434 17865 1926 174
internal_value=-1.72899 -1.80943 -1.62474 -1.20395 -1.83475 -1.58579 -1.65941 -1.07449 -1.80741 -1.10927 -1.81479 -1.06911 -1.82247 -1.62686 -1.0909 -1.33717 -1.15026 -1.83821 -1.81041 -1.55759 -1.24453 -1.78287 -1.52805 -1.22994 -1.09973 -1.16375 -1.82991 -1.76557 -1.56256 -1.13283
internal_weight=228512 203501 24531.2 7425.61 178969 2453.78 1277.97 25010.9 17105.6 6147.65 16936 24838.1 16716.5 890.505 5997.89 446.853 764.424 176516 28760.7 2059.54 970.762 1689.36 310.019 219.522 712.711 269.699 26701.2 2995.1 708.359 268.803
internal_count=1785228 1589832 191648 58012 1398184 19170 9984 195396 133636 48028 132311 194046 130596 6957 46858 3491 5972 1379014 224691 16090 7584 13198 2422 1715 5568 2107 208601 23399 5534 2100
is_linear=0
shrinkage=1


Tree=1
num_leaves=31
num_cat=0
split_feature=13 37 2 43 6 24 35 34 66 66 65 19 75 8 52 6 8 66 21 34 24 47 23 35 5 10 65 30 14 66
split_gain=670107 78919.1 104103 12754.6 11794.3 10784.8 7507.91 5507.07 4944.47 4027.46 3385.34 3012.54 4561.72 2614.46 11223.2 9975.92 2976.86 2517.65 1928.48 1308.45 2921.2 4292.92 1186.6 1183.52 16900.3 1313.89 1173.85 1165.46 1131.53 1101.15
threshold=1496.0494384765627 0.02984355948865414 3.5000000000000004 1.0000000180025095e-35 14.500000000000002 121.50000000000001 78.000000000000014 114.00000000000001 -1.0000000180025095e-35 219.50000000000003 249.50000000000003 5914417.5000000009 6055179.5000000009 14.156660079956056 9.0500001907348651 30.500000000000004 6.009345769882203 243.50000000000003 996.50000000000011 90.000000000000014 4007.0000000000005 1.0000000180025095e-35 18107.500000000004 978.00000000000011 3048.5000000000005 975.50000000000011 235.50000000000003 1.0000000180025095e-35 17.155943830000002 235.50000000000003
decision_type=2 2 2 2 2 2 2 2 2 2 2 2 2 2 2 2 2 2 2 2 2 2 2 2 2 2 2 2 2 2
left_child=1 2 7 13 10 18 -6 8 11 -2 -4 -1 -13 14 19 16 26 -11 -5 27 21 -21 -20 -15 25 -25 -16 -3 -22 -7
right_child=9 3 4 5 6 29 -8 -9 -10 17 -12 12 -14 23 15 -17 -18 -19 22 20 28 -23 -24 24 -26 -27 -28 -29 -30 -31
leaf_value=-0.1017056393920103 -0.11577512644826118 -0.10782637832860208 -0.027227892024072744 -0.10758691072525323 -0.11521881468182577 0.37630656898973069 0.38141321389177135 0.38842418987293853 0.31906869824999989 0.39014898927530517 0.38203332732666051 -0.096023861327322838 0.34918030477289497 -0.11416481017379146 0.4383888799651266 -0.10512446429360996 0.38712369143041991 -0.1099736902284339 0.33057467228030935 0.35112875448078601 -0.115464555148767 -0.11323895827388641 -0.042010580601094777 -0.033915178286149955 -0.11339915886946979 0.73193593471263363 -0.096820812183207469 0.2964666101912829 0.18281737280332394 -0.11577512644826118
leaf_weight=14691.871647767723 158.88250172138214 21863.258012190461 206.89505749940872 1286.3938825428486 885.7219068184495 1043.4252172708511 463.80209493637085 251.95239298045635 300.43484900146723 36816.963767647743 8750.2096421271563 578.58827114105225 382.16729632019997 131659.97154978663 51.050026059150696 1008.3830264210701 1058.5426554679871 100.93254089355469 185.57078939676285 414.16627967357635 1994.7682767063379 383.34694561362267 158.47326251864433 24.417278610169888 4205.7877722010016 271.30309566855431 207.72756470739841 71.536028772592545 135.83887762576342 47.547059774398804
leaf_count=123639 1350 184598 1533 10850 7523 5568 2461 1325 1715 193194 46495 4850 2107 1116161 396 8506 5579 852 1097 2325 16726 3209 1251 207 35655 2300 1609 604 1139 404
internal_value=-0.00268347 -0.0776334 0.0825845 -0.103211 0.331058 0.111498 0.0554628 -0.075448 -0.0827741 0.38662 0.37258 -0.090487 0.0810685 -0.106788 -0.078476 0.131594 0.312797 0.388782 -0.0513431 -0.0981262 -0.0353385 0.127917 0.158955 -0.112441 -0.0620202 0.668701 0.00876201 -0.106508 -0.0964473 0.354861
internal_weight=229660 192583 26511.6 166072 10306.6 2721.41 1349.52 16205 15953.1 37076.8 8957.1 15652.6 960.756 163350 27188.6 2325.7 1317.32 36917.9 1630.44 24862.9 2928.12 797.513 344.044 136161 4501.51 295.72 258.778 21934.8 2130.61 1090.97
internal_count=1785228 1589832 191648 1398184 58012 19170 9984 133636 132311 195396 48028 130596 6957 1379014 224691 16090 7584 194046 13198 208601 23399 5534 2348 1154323 38162 2507 2005 185202 17865 5972
is_linear=0
shrinkage=0.1


Tree=2
num_leaves=31
num_cat=0
split_feature=13 37 2 43 21 65 65 68 66 19 65 8 52 6 66 66 66 9 66 34 34 24 66 35 5 14 14 24 7 43
split_gain=477500 68299.2 72382.4 11056.5 7636.86 7122 5107.34 4079.61 3677.89 2630.75 4127.55 2550.91 9421.76 6917.29 2438.02 2277.63 2695.96 1792.09 1520.33 1367.99 1223.76 2393.3 2961.85 1144.52 9831.67 988.177 942.943 925.05 1429.99 826.325
threshold=1496.0494384765627 0.02984355948865414 3.5000000000000004 1.0000000180025095e-35 190.12000274658206 249.50000000000003 29517.500000000004 38.000000000000007 -1.0000000180025095e-35 2997970.0000000005 410.50000000000006 14.156660079956056 9.0500001907348651 30.500000000000004 219.50000000000003 235.50000000000003 234.50000000000003 4.2594101428985605 240.50000000000003 54.000000000000007 90.000000000000014 4007.0000000000005 28952.000000000004 978.00000000000011 3122.5000000000005 12655.508910000002 17.155943830000002 13250000.000000002 4.0000000000000009 1.0000000180025095e-35
decision_type=2 2 2 2 2 2 2 2 2 2 2 2 2 2 2 2 2 2 2 2 2 2 2 2 2 2 2 2 2 2
left_child=1 2 7 11 -5 29 25 8 9 -1 19 12 20 17 -2 16 -6 -14 -16 -11 27 22 -22 -13 -25 -7 -23 -3 -29 -4
right_child=14 3 5 4 15 6 -8 -9 -10 10 -12 23 13 -15 18 -17 -18 -19 -20 -21 21 26 -24 24 -26 -27 -28 28 -30 -31
leaf_value=-0.10045463070691035 -0.11405051708561452 -0.10565071442337928 -0.11496820182712562 -0.10775166553386684 -0.12039582356151335 0.28906600939812999 -0.11514862160800954 0.28568305013034934 0.24409855081835918 -0.091649192178655067 -0.11505492078793036 -0.11231126758049259 0.0060845899059029313 -0.10266336083090531 0.29640408517430783 -0.11880004655877235 0.31207569275351094 0.29406108266894349 -0.10393671650925776 0.32751333652222031 -0.091780065178253267 -0.11365918060929028 0.28498324876421871 0.38059998824128921 -0.1115931172827228 -0.039989967870014922 0.1436740323160054 0.65374309141554532 -0.11428642854135979 0.36145255168214308
leaf_weight=13398.214106798172 145.82485780119896 20178.470735386014 546.11646519601345 1121.1564108431339 161.03367812931538 10823.845852270722 326.39911729097366 311.23245126008987 341.89261190593243 93.899146065115929 659.99865585565567 120996.02942425013 261.62514375150204 933.1800185739994 43179.06786878407 170.2388618439436 1374.3678337857127 1241.746186003089 95.067753806710243 455.8404206931591 393.72349989414215 1832.1365147680044 443.89619921147823 453.44009314477444 3866.1697828471661 92.039144888520241 154.39437748491764 40.910059884190559 59.502245426177979 39.005966424942017
leaf_count=121515 1350 184341 4850 10235 1215 49288 2928 1441 1685 833 5857 1116161 2007 8506 193181 1390 6330 5577 865 2305 3434 16726 2100 2518 35644 738 1139 317 544 208
internal_value=-0.00363202 -0.0751572 0.0712503 -0.100963 0.0949796 0.256933 0.274636 -0.0726549 -0.0801149 -0.087703 0.0535256 -0.104635 -0.0758304 0.111197 0.294149 0.22824 0.266718 0.243946 0.295525 0.255918 -0.0955552 -0.0338826 0.107885 -0.110506 -0.0599264 0.286292 -0.0936591 -0.104144 0.198625 -0.0832086
internal_weight=224190 180771 27088.5 153682 2826.8 11827.4 11242.3 15261.1 14949.8 14608 1209.74 150855 25539.6 2436.55 43420 1705.64 1535.4 1503.37 43274.1 549.74 23103 2824.15 837.62 125316 4319.61 10915.9 1986.53 20278.9 100.412 585.122
internal_count=1785228 1589832 191648 1398184 19170 58012 52954 133636 132195 130510 8995 1379014 224691 16090 195396 8935 7545 7584 194046 3138 208601 23399 5534 1154323 38162 50026 17865 185202 861 5058
is_linear=0
shrinkage=0.1


Tree=3
num_leaves=31
num_cat=0
split_feature=13 37 2 43 21 65 66 65 68 24 7 66 8 52 6 66 66 9 65 4 34 24 47 35 40 65 65 65 65 48
split_gain=369594 60443.5 54634.7 9461.3 5723.15 5001.81 3778.78 3587.94 3362.42 4261.15 4041.45 2674.58 2087.13 6360.86 4684.8 1615.42 1860.79 1375.52 1364.15 1165.02 1137.81 2011.56 2309.66 1115.23 7360.36 888.011 2061.41 2933.52 1510.74 1071.77
threshold=1271.408630371094 0.02984355948865414 3.5000000000000004 1.0000000180025095e-35 190.12000274658206 249.50000000000003 219.50000000000003 29517.500000000004 30.000000000000004 996057.00000000012 26.500000000000004 240.50000000000003 14.156660079956056 9.0500001907348651 30.500000000000004 235.50000000000003 234.50000000000003 7.7942121028900155 30026.500000000004 372.50000000000006 90.000000000000014 4007.0000000000005 1.0000000180025095e-35 978.00000000000011 94.016128540039077 296.50000000000006 249.50000000000003 251.50000000000003 269.50000000000006 1.0000000180025095e-35
decision_type=2 2 2 2 2 2 2 2 2 2 2 2 2 2 2 2 2 2 2 2 2 2 2 2 2 2 2 2 2 2
left_child=1 2 8 12 -5 -4 -2 -7 -1 25 18 -8 13 20 17 16 -6 -15 -11 -12 -3 22 -22 -14 -25 26 29 -28 -29 -10
right_child=6 3 5 4 15 7 11 -9 9 10 19 -13 23 14 -16 -17 -18 -19 -20 -21 21 -23 -24 24 -26 -27 27 28 -30 -31
leaf_value=-0.11053920159681455 -0.11258413161097375 -0.10193496832618683 -0.080843394926820897 -0.10571192472742769 -0.11814940300424943 0.23704167466054984 0.24646410836963459 -0.11352011115170942 -0.1080320669402723 0.25512952613962009 -0.11322395535741339 -0.1072250851644395 -0.11090524689686772 -0.011288803914794032 -0.10022163336551781 -0.11678350951738198 0.25335066620360974 0.24460767172606235 -0.11299271175984893 0.43001454664857025 0.22711460096933897 -0.09105070811541674 -0.11021013543598651 0.29084486834345835 -0.10950520180348187 -0.10937914027906709 0.67831380281980369 -0.11194018540645045 0.28612919463325942 0.46173948477825688
leaf_weight=8451.4284614622593 297.64228878170252 18734.403728738427 546.74387645721436 1032.9332537055016 148.33682338148355 11807.288913071156 46871.294551700354 299.35708877444267 1042.1791066303849 1098.4296172782779 657.44190559536219 214.78145430237055 110738.02476555109 257.94619581103325 856.73688413947821 156.56136550009251 1480.4950758069754 1131.4533608853817 110.82076894491911 41.999753594398499 517.10348410904408 1849.8651871681213 334.13874024152756 527.61555604636669 3542.4128149747849 2398.3623293340206 88.580173842608929 245.70905475318432 155.78825800120831 34.094056129455566
leaf_count=82340 2998 185202 5058 10234 1215 50026 194577 2928 10186 4766 6400 2138 1113110 1966 8443 1390 6215 4703 1089 307 2325 17865 3209 2494 35496 23427 867 2399 1522 333
internal_value=-0.00409899 -0.0735626 0.0635973 -0.0997489 0.0816376 0.215012 0.242606 0.228373 -0.0701504 -0.0120337 0.110726 0.244851 -0.10344 -0.0764102 0.0836934 0.190028 0.219518 0.1971 0.221393 -0.0806038 -0.0931868 -0.0325108 0.0947043 -0.109016 -0.0576061 -0.0711328 -0.0125707 0.157436 0.042518 -0.0899829
internal_weight=215670 168286 26978.2 141308 2818.33 12653.4 47383.7 12106.6 14324.8 5873.41 1908.69 47086.1 138490 23681.6 2246.14 1785.39 1628.83 1389.4 1209.25 699.442 21435.5 2701.11 851.242 114808 4070.03 3964.71 1566.35 490.077 401.497 1076.27
internal_count=1785228 1585515 191648 1393867 19054 58012 199713 52954 133636 51296 12562 196715 1374813 223713 15112 8820 7430 6669 5855 6707 208601 23399 5534 1151100 37990 38734 15307 4788 3921 10519
is_linear=0
shrinkage=0.1


Tree=4
num_leaves=31
num_cat=0
split_feature=13 37 2 43 21 65 68 24 7 66 65 8 41 6 66 68 66 66 34 24 66 35 5 65 19 17 14 4 65 65
split_gain=298248 53327.5 43149.3 8391.93 4599.24 3761.87 3064.81 3556.32 3150.99 2851.24 2699.49 2029.67 5613.49 4325.36 2013.03 1420.41 1247.33 1410.09 1184.66 2272.27 1273.49 1061.94 5906.62 1021.02 975.093 887.392 868.729 820.838 814.46 1546.72
threshold=1271.408630371094 0.02984355948865414 3.5000000000000004 1.0000000180025095e-35 190.12000274658206 249.50000000000003 30.000000000000004 996057.00000000012 26.500000000000004 219.50000000000003 29517.500000000004 14.156660079956056 3.3752183914184575 30.500000000000004 240.50000000000003 30.000000000000004 235.50000000000003 234.50000000000003 90.000000000000014 4007.0000000000005 28952.000000000004 978.00000000000011 3196.5000000000005 30026.500000000004 432.50000000000006 1.0000000180025095e-35 17.155943830000002 372.50000000000006 296.50000000000006 249.50000000000003
decision_type=2 2 2 2 2 2 2 2 2 2 2 2 2 2 2 2 2 2 2 2 2 2 2 2 2 2 2 2 2 2
left_child=1 2 6 11 -5 -4 -1 28 23 -2 -7 12 18 15 -11 -14 17 -6 -3 20 -20 -13 -23 -9 25 -17 -21 -10 29 -8
right_child=9 3 5 4 16 10 7 8 27 14 -12 21 13 -15 -16 24 -18 -19 19 26 -22 22 -24 -25 -26 -27 -28 -29 -30 -31
leaf_value=-0.10891322028606674 -0.11124420370325297 -0.10249612042939443 -0.077451310252248107 -0.10379125721751155 -0.11618207058233865 0.20519775008761645 -0.087439223865445725 0.21936175410937572 -0.11181104353519099 0.21449443596944701 -0.11208524748678868 -0.10942462589705354 -0.083583469796898735 -0.10130597149457408 -0.10543373560923226 0.67164868404952249 -0.11500771429884973 0.21934846967723209 -0.10920226864769758 -0.11088190608188531 0.21276747319450595 0.23720358856033863 -0.10844927888079166 -0.11160453585118357 -0.1014237224381104 0.1983178368143356 0.13442478602219521 0.29363476066516803 -0.10768153425158074 0.12009100905387425
leaf_weight=7755.4983608350158 272.39526357501745 16960.70002797991 515.27275633811951 951.05199404060841 136.37645129859447 12247.275239937007 1005.4889546111226 1146.6624463498592 602.00922250002623 48372.18063506484 274.1589894592762 101486.33342713118 217.03431665152311 1052.7612672522664 197.47600576281548 40.788925409317017 143.73748130351305 1535.3911212086678 164.10149964690208 1533.6176038384438 488.66614726185799 583.28986828029156 3243.2662119418383 101.45798250287771 106.77001303434372 1368.3793093860149 159.36821512877941 54.449777469038963 2202.5935932397842 558.66180863976479
leaf_count=82340 2998 181851 5058 10234 1215 50026 10519 4766 6400 194577 2928 1113110 1765 11197 2138 395 1390 6215 1592 16394 2017 2536 35454 1089 1047 6320 1135 307 23427 4788
internal_value=-0.00436782 -0.0716437 0.0577655 -0.0979523 0.0743521 0.187354 -0.0680575 -0.0121876 0.0991756 0.211384 0.198251 -0.101694 -0.0741363 0.058566 0.213194 0.155686 0.167673 0.191977 -0.0932839 -0.026676 0.131826 -0.107475 -0.0557607 0.192458 0.189942 0.212019 -0.0877901 -0.0781815 -0.0684962 -0.0133164
internal_weight=205477 156635 26463.5 130172 2766.56 13036.7 13426.8 5671.32 1904.58 48842.1 12521.4 127405 22092.2 2785.73 48569.7 1732.97 1815.51 1671.77 19306.5 2345.75 652.768 105313 3826.56 1248.12 1515.94 1409.17 1692.99 656.459 3766.74 1564.15
internal_count=1785228 1585515 191648 1393867 19054 58012 133636 51296 12562 199713 52954 1374813 223713 20724 196715 9527 8820 7430 202989 21138 3609 1151100 37990 5855 7762 6715 17529 6707 38734 15307
is_linear=0
shrinkage=0.1


Tree=5
num_leaves=31
num_cat=0
split_feature=13 37 2 43 21 6 46 68 24 7 66 8 41 6 66 71 9 34 24 66 66 66 35 40 5 14 65 65 65 1
split_gain=246955 47314.3 34984.2 7473.93 3798.12 3163.78 3069.08 2812.51 2991.83 2537.65 2249.82 1963.93 4943.21 3485.42 1585.45 1249.38 1189.01 1102.16 1802.77 1101.94 1030.21 1138.58 1003.84 4897.45 895.918 833.83 800.218 767.763 1517.9 963.144
threshold=1271.408630371094 0.02984355948865414 3.5000000000000004 1.0000000180025095e-35 175.25000000000003 14.500000000000002 1.0000000180025095e-35 30.000000000000004 996057.00000000012 26.500000000000004 219.50000000000003 14.156660079956056 3.3752183914184575 30.500000000000004 240.50000000000003 7031742.0000000009 7.7942121028900155 78.000000000000014 4007.0000000000005 28952.000000000004 235.50000000000003 234.50000000000003 978.00000000000011 94.016128540039077 6.5000000000000009 2641.5659546930306 30026.500000000004 274.50000000000006 269.50000000000006 1140.5000000000002
decision_type=2 2 2 2 2 2 2 2 2 2 2 2 2 2 2 2 2 2 2 2 2 2 2 2 2 2 2 2 2 2
left_child=1 2 7 11 -5 15 -7 -1 27 26 -2 12 17 16 -12 -4 25 -3 19 -19 21 -6 -13 -24 -20 -14 -10 28 -9 -30
right_child=10 3 5 4 20 6 -8 8 9 -11 14 22 13 -15 -16 -17 -18 18 24 -21 -22 -23 23 -25 -26 -27 -28 -29 29 -31
leaf_value=-0.10742319617715415 -0.110060420502276 -0.10131253786356356 0.18762044267976008 -0.10339576882939903 -0.1144314928096188 -0.1157066969490313 0.18679438994023673 -0.042291476864569764 0.19482808593582596 -0.075998774167163816 0.19240714939018499 -0.10808169513487416 -0.076514032809643903 -0.09929297818607144 -0.10374577716804863 -0.13378203749927872 0.19280454070368658 -0.10711560571900128 -0.11014640250834346 0.18505147329947499 -0.11334062347732506 0.19640893717296259 0.20701207610773961 -0.10649250673578599 0.087875173915259064 0.17381703415976058 -0.11037907640255779 -0.10440716127750518 0.48337121999264321 -0.10680266284829615
leaf_weight=7109.8350748568773 248.98848973959684 15338.335136979818 11629.832529172301 865.73850309848785 127.55089515447617 732.99315990507603 618.31398592889309 1336.6640849933028 1160.9020718187094 613.2199899405241 48514.282379508018 92911.335188820958 355.27505673468113 970.90972400456667 181.44310002028942 122.21826465427876 1202.3153439462185 173.83300755918026 1566.2960776463151 501.53935685753822 136.10451120138168 1547.5970409661531 598.20582887530327 2983.2950734943151 267.49757200479507 212.73533008992672 92.769918106496334 2096.1538021862507 94.697041988372803 39.057390689849854
leaf_count=82340 2998 178631 46963 10145 1239 7394 2590 13785 4766 6707 194577 1113110 3161 11197 2138 1065 4874 1856 18278 2088 1441 6229 2494 35496 2136 1492 1089 23973 691 285
internal_value=-0.00452099 -0.0699213 0.053345 -0.0963191 0.0688931 0.167616 0.0227079 -0.066028 -0.0118613 0.0907029 0.189771 -0.100097 -0.0720583 0.0529691 0.191304 0.184278 0.136475 -0.0912616 -0.0298207 0.109851 0.151243 0.172741 -0.106079 -0.0541289 -0.0812608 0.0172418 0.172243 -0.0655477 -0.0101516 0.311036
internal_weight=194350 145405 25646.7 119759 2676.99 13103.4 1351.31 12543.3 5433.46 1866.89 48944.7 117082 20588.7 2741.24 48695.7 11752.1 1770.33 17847.5 2509.17 675.372 1811.25 1675.15 96492.8 3581.5 1833.79 568.01 1253.67 3566.57 1470.42 133.754
internal_count=1785228 1585515 191648 1393867 19054 58012 9984 133636 51296 12562 199713 1374813 223713 20724 196715 48028 9527 202989 24358 3944 8909 7468 1151100 37990 20414 4653 5855 38734 14761 976
is_linear=0
shrinkage=0.1


Tree=6
num_leaves=31
num_cat=0
split_feature=13 37 2 43 21 68 24 6 46 7 8 41 6 66 66 66 34 24 71 35 5 66 66 66 11 65 65 65 48 65
split_gain=208076 42093.1 28968.7 6672.13 3193.79 2582.23 2540.02 2486.76 2575.35 2083.84 1891.76 4376.42 2890.67 1828.71 1286.81 1049.17 1017.78 1540.45 1016.44 943.854 4165.12 899.32 847.991 927.972 796.936 722.854 1142.62 1251.62 789.838 757.224
threshold=1271.408630371094 0.02984355948865414 3.5000000000000004 1.0000000180025095e-35 175.25000000000003 30.000000000000004 996057.00000000012 14.500000000000002 1.0000000180025095e-35 26.500000000000004 14.156660079956056 3.3752183914184575 30.500000000000004 219.50000000000003 240.50000000000003 235.50000000000003 78.000000000000014 4007.0000000000005 7031742.0000000009 978.00000000000011 3122.5000000000005 28952.000000000004 235.50000000000003 234.50000000000003 3.0000000000000004 296.50000000000006 249.50000000000003 251.50000000000003 1.0000000180025095e-35 269.50000000000006
decision_type=2 2 2 2 2 2 2 2 2 2 2 2 2 2 2 2 2 2 2 2 2 2 2 2 2 2 2 2 2 2
left_child=1 2 5 10 -5 -1 25 18 -9 -8 11 16 15 -2 -15 -13 -3 21 -4 -12 -21 -18 23 -6 -19 26 28 -28 -7 -29
right_child=13 3 7 4 22 6 9 8 -10 -11 19 12 -14 14 -16 -17 17 24 -20 20 -22 -23 -24 -25 -26 -27 27 29 -30 -31
leaf_value=-0.10604532799876312 -0.10901191930956729 -0.099509148663870298 0.17062150847296931 -0.10174862945164276 -0.11290799742124541 -0.1042067824326199 0.15722025822669899 -0.11406418749879491 0.1691391287369263 -0.072788325827178271 -0.10685440371573605 0.14788599006060396 -0.097332584833574681 0.17624196642759085 -0.10213762902921367 -0.11933127035512232 -0.10533748327262465 -0.10904967379552595 -0.1309122393444756 0.18285297678604695 -0.10560354329182997 0.16719515990100947 -0.11196074886622631 0.17944748800322941 0.074427080462081144 -0.10465873003326823 0.34704424553136431 -0.11146690574862124 0.33271198638735283 0.14186684932047761
leaf_weight=6512.5767607018352 227.35001353174448 14117.475168056786 11514.196719482541 795.39052540808916 116.89013417810202 863.48205748945475 1236.2043917998672 672.3008952960372 614.67802037298679 578.08720656484365 84986.010427847505 1599.6774341762066 895.3134822845459 47704.009725019336 166.63030781596899 161.79232931137085 159.81057710945606 1430.9957724437118 112.88781912624836 613.08510652184486 2727.6187423616648 499.62478026747704 124.59241213649511 1525.4395198076963 283.66150239855051 1855.7408932298422 147.62209689617157 239.3246700912714 43.457198917865753 232.72022078931332
leaf_count=82340 2998 178631 46963 10145 1239 10186 5855 7394 2590 6707 1113110 8201 11197 194577 2138 1326 1856 18261 1065 2518 35472 2088 1441 6229 2153 23427 867 2399 333 1522
internal_value=-0.004608 -0.0683778 0.0498126 -0.0948255 0.0646522 -0.0640967 -0.0115254 0.153094 0.0211974 0.0839327 -0.0986276 -0.0701332 0.0489765 0.173929 0.175273 0.123342 -0.0893217 -0.0287422 0.167694 -0.104805 -0.0526661 0.101148 0.139559 0.15864 -0.0786965 -0.0627291 -0.0117595 0.0929046 -0.0832712 0.0134278
internal_weight=182759 134661 24623.3 110037 2562.31 11709.2 5196.64 12914.1 1286.98 1814.29 107475 19148.4 2656.78 48098 47870.6 1761.47 16491.6 2374.09 11627.1 88326.7 3340.7 659.435 1766.92 1642.33 1714.66 3382.35 1526.61 619.667 906.939 472.045
internal_count=1785228 1585515 191648 1393867 19054 133636 51296 58012 9984 12562 1374813 223713 20724 199713 196715 9527 202989 24358 48028 1151100 37990 3944 8909 7468 20414 38734 15307 4788 10519 3921
is_linear=0
shrinkage=0.1


Tree=7
num_leaves=31
num_cat=0
split_feature=13 37 2 43 21 68 24 65 8 41 6 7 65 46 66 66 9 34 24 35 40 66 2 66 66 4 65 65 18 65
split_gain=177500 37498.5 24331.6 5962.72 2720.44 2366.95 2163 2059.6 1833.4 3883.28 2389.25 1703.26 1571.24 2265.11 1517.85 1066.81 992.22 937.403 1323.21 883.484 3567.35 745.755 726.603 710.747 771.892 708.266 673.576 1087.89 1124.41 672.781
threshold=1271.408630371094 0.02984355948865414 3.5000000000000004 1.0000000180025095e-35 175.25000000000003 30.000000000000004 996057.00000000012 249.50000000000003 14.156660079956056 3.3752183914184575 30.500000000000004 26.500000000000004 274.50000000000006 1.0000000180025095e-35 219.50000000000003 240.50000000000003 7.7942121028900155 78.000000000000014 4007.0000000000005 978.00000000000011 94.016128540039077 28952.000000000004 2.5000000000000004 235.50000000000003 234.50000000000003 372.50000000000006 274.50000000000006 249.50000000000003 1097.5000000000002 30026.500000000004
decision_type=2 2 2 2 2 2 2 2 2 2 2 2 2 2 2 2 2 2 2 2 2 2 2 2 2 2 2 2 2 2
left_child=1 2 5 8 -5 -1 26 -4 9 17 16 29 -9 -14 -2 -16 -11 -3 21 -10 -21 -19 -20 24 -6 -13 27 -7 -29 -8
right_child=14 3 7 4 23 6 11 12 19 10 -12 25 13 -15 15 -17 -18 18 22 20 -22 -23 -24 -25 -26 -27 -28 28 -30 -31
leaf_value=-0.10475901981051959 -0.10808117271598919 -0.097748787664299425 -0.071810770731134052 -0.10015831210960957 -0.11156022035213592 -0.080937216034079329 0.164415696538697 0.16415668169804298 -0.10572380818982433 0.0063131269151881957 -0.095404247397192388 -0.10910595011730491 -0.12641389929241406 0.13076990736201877 0.16392432902057763 -0.10058867048436367 0.1645680832841861 -0.10365314537373732 0.47377811551374571 0.16710822043679691 -0.1038939442756792 0.15319938149715775 -0.084420579527243245 -0.11073492754393272 0.16658622087207839 0.25886254466380543 -0.10142898248193222 0.19309127739305368 -0.10892279674655757 -0.11087681416386873
leaf_weight=5961.5017261505127 207.3956400603056 12992.430808387697 435.9043312817812 730.54805739223957 106.97879959642887 846.50384061783552 1129.2820560336113 10389.645350977778 77679.002117291093 600.63833849132061 825.65926247090101 487.21367210149765 468.75853154063225 1270.9680916070938 46232.914348527789 152.97753211855888 1163.867771320045 146.83299024403095 23.668826475739479 602.56571996212006 2505.234260648489 491.14823143929243 1580.1557926684618 113.9198967218399 1481.0827666074038 58.60035452246666 1777.6800390928984 390.38132192194462 180.16713410615921 96.347867533564568
leaf_count=82340 2998 178631 5058 10145 1239 10519 4766 43413 1113110 4653 11197 6400 4192 5349 194577 2138 4874 1856 145 2494 35496 2088 20269 1441 6229 307 23973 2508 1734 1089
internal_value=-0.00465852 -0.066953 0.0468475 -0.093412 0.0612564 -0.0622811 -0.0112897 0.141754 -0.0972273 -0.0681985 0.0449994 0.0773383 0.149429 0.0614733 0.161845 0.163052 0.110698 -0.0874448 -0.0277276 -0.103632 -0.0513498 0.0940841 -0.0761828 0.130541 0.147849 -0.0695997 -0.0604329 -0.00900372 0.0977216 0.142775
internal_weight=171130 124537 23493 101044 2432.53 10927.7 4966.18 12565.3 98611.2 17824.4 2590.17 1771.44 12129.4 1739.73 46593.3 46385.9 1764.51 15234.2 2241.81 80786.8 3107.8 637.981 1603.82 1701.98 1588.06 545.814 3194.73 1417.05 570.548 1225.63
internal_count=1785228 1585515 191648 1393867 19054 133636 51296 58012 1374813 223713 20724 12562 52954 9541 199713 196715 9527 202989 24358 1151100 37990 3944 20414 8909 7468 6707 38734 14761 4242 5855
is_linear=0
shrinkage=0.1


Tree=8
num_leaves=31
num_cat=0
split_feature=13 37 2 43 21 68 24 8 41 6 65 7 65 69 66 66 21 24 48 2 66 35 9 35 5 4 65 65 65 18
split_gain=152835 33462.5 20667.3 5334.05 2339.57 2163.59 1856.23 1768.34 3450.33 2019.21 1730.82 1441.72 1339.57 1910.32 1279.39 898.352 876.149 4140.76 1005.35 2966.45 1867.1 2051.84 859.498 824.543 3109.82 687.523 652.792 623.585 779.594 796.157
threshold=1271.408630371094 0.02984355948865414 3.5000000000000004 1.0000000180025095e-35 175.25000000000003 30.000000000000004 996057.00000000012 14.156660079956056 3.3752183914184575 30.500000000000004 249.50000000000003 26.500000000000004 274.50000000000006 718.50000000000011 219.50000000000003 240.50000000000003 75.166667938232436 1215.5000000000002 1.0000000180025095e-35 2.5000000000000004 29340.000000000004 22.000000000000004 7.7942121028900155 978.00000000000011 3299.5000000000005 41.500000000000007 234.50000000000003 296.50000000000006 249.50000000000003 1097.5000000000002
decision_type=2 2 2 2 2 2 2 2 2 2 2 2 2 2 2 2 2 2 2 2 2 2 2 2 2 2 2 2 2 2
left_child=1 2 5 7 -5 -1 27 8 16 22 -4 -8 25 -14 -2 -16 -3 18 19 20 21 -18 26 -9 -25 -12 -10 28 -7 -30
right_child=14 3 10 4 -6 6 11 23 9 -11 12 -13 13 -15 15 -17 17 -19 -20 -21 -22 -23 -24 24 -26 -27 -28 -29 29 -31
leaf_value=-0.10354630906467038 -0.10725330363955315 -0.10187669112736418 -0.06838575385938038 -0.098606397741504925 0.12338974229142888 -0.078128836307607072 0.1334968125784447 -0.10467341354430196 0.20997819799632561 -0.093489975481786516 0.15605455403480883 -0.067684056226513953 -0.12142566750610038 0.12088659556676991 0.1542545406568416 -0.099080629493133926 -0.10779933574358319 -0.091069669389209601 -0.098726479902559103 0.13195500596947557 -0.10777301152399264 1.2512681602751963 0.15364193683346888 0.15202679741553091 -0.10345266615653831 -0.14509278733953013 -0.047321753770064617 -0.10195489007075945 0.13622767422400581 -0.10759399450059955
leaf_weight=5454.1608589291573 189.03375443816185 9866.3350107520819 413.16390590369701 670.90502624958754 1623.5222214832902 792.08145128935575 1181.4636149629951 70956.349129080772 124.17196632921696 761.61185523122549 9926.5268742889166 509.96689587086439 441.21317655965686 1239.0101083815098 44315.60066537559 140.42010995745659 13.745535053312777 3525.6112627461553 110.28729099780321 482.30919683724642 19.74201463162899 57.907839089632034 1123.9930735528469 602.10221576690674 2283.2132389545441 76.393935084342957 478.88020899146795 1560.3788834884763 482.4938775151968 185.37641280889511
leaf_count=82340 2998 147233 5058 10145 8909 10519 5855 1113110 630 11197 42952 6707 4266 5275 194577 2138 205 50345 1651 2395 295 865 4874 2548 35442 461 4023 23427 2909 1879
internal_value=-0.00467748 -0.0656582 0.0444342 -0.0920971 0.0584767 -0.0606676 -0.0110328 -0.0959185 -0.0663898 0.0421518 0.132763 0.0728407 0.139877 0.0572573 0.15235 0.153454 -0.0855802 -0.0473851 0.177785 0.230941 0.753307 0.990553 0.101969 -0.102543 -0.0501397 0.153755 0.00565781 -0.0580033 -0.0110283 0.0685517
internal_weight=159608 114963 22262.2 92700.7 2294.43 10165.9 4711.76 90406.3 16564.6 2488.66 12096.3 1691.43 11683.1 1680.22 44645.1 44456 14075.9 4209.6 683.992 573.705 91.3954 71.6534 1727.05 73841.7 2885.32 10002.9 603.052 3020.33 1459.95 667.87
internal_count=1785228 1585515 191648 1393867 19054 133636 51296 1374813 223713 20724 58012 12562 52954 9541 199713 196715 202989 55756 5411 3760 1365 1070 9527 1151100 37990 43413 4653 38734 15307 4788
is_linear=0
shrinkage=0.1


Tree=9
num_leaves=31
num_cat=0
split_feature=13 37 2 43 68 21 12 35 27 24 65 12 7 24 24 5 12 29 1 65 46 66 27 4 66 38 35 5 48 24
split_gain=132560 29891.3 17715 4796.53 1989.48 1968.18 1713.14 2677.73 1643.89 1584.4 1495.04 1375.43 1199.01 1159.48 1737.27 3144.12 2291.7 3394.59 2180.67 1134.64 1710.91 1091.14 940.766 880.558 766.181 755.305 729.885 2952.94 683.851 672.779
threshold=1271.408630371094 0.02984355948865414 3.5000000000000004 1.0000000180025095e-35 30.000000000000004 175.25000000000003 45.071428298950202 486.00000000000006 53136946.000000007 996057.00000000012 -1.0000000180025095e-35 12.600000381469728 26.500000000000004 16.500000000000004 1215.5000000000002 5.0000000000000009 43.035715103149421 517.50000000000011 4810073.0000000009 296.50000000000006 1.0000000180025095e-35 219.50000000000003 11314451.500000002 36.500000000000007 243.50000000000003 1.0000000180025095e-35 978.00000000000011 3299.5000000000005 1.0000000180025095e-35 13250000.000000002
decision_type=2 2 2 2 2 2 2 2 2 2 2 2 2 2 2 2 2 2 2 2 2 2 2 2 2 2 2 2 2 2
left_child=1 2 4 6 -1 -5 7 8 13 -6 -4 -9 -11 -3 15 22 -17 -18 -19 23 -21 -2 25 -12 -23 -15 28 -28 -8 -16
right_child=21 3 10 5 9 -7 26 11 -10 12 19 -13 -14 14 29 16 17 18 -20 20 -22 24 -24 -25 -26 -27 27 -29 -30 -31
leaf_value=-0.10239128878326337 -0.10651562552037637 -0.096836178110604021 -0.10720268047324821 -0.097076509531358851 -0.055612367024065225 0.11342941618313565 -0.10552569744640039 0.16590839204305521 1.5167506602132033 0.12314584510953051 0.14742457583703791 -0.11178470099073382 -0.064464295270353092 0.112221994779554 -0.095804401830823699 -0.099063430043067321 -0.106615484882553 1.6116050335418397 -0.106615484882553 -0.12750940407653519 0.11228752775999598 0.14647913601583523 1.6116050335418397 -0.12783611804197492 -0.10051510350469413 0.46348326808490486 0.15363222657560566 -0.10322351191925892 0.17326598463839785 0.13193626300349978
leaf_weight=4987.9806302450597 172.16882960125804 11908.724669441581 269.44815754145384 616.1443447470665 2856.2181145995855 1591.1834221333265 60049.767122671008 703.02742974087596 6.4673938676714888 1154.1217157021165 9546.6178141832352 239.00105216726661 483.30347166210413 1144.5364827811718 3914.2866672538221 1675.5455871634185 51.157578840851784 27.295681998133659 10.126756221055983 394.76365303993225 1208.0488739460707 42114.747418858111 4.3067813813686362 117.64920278638601 125.96638535708189 64.674709662795067 555.14508710801601 2310.0980104878545 88.112737417221069 134.161327842623
leaf_count=82340 2998 192999 3955 10145 38734 8909 1030979 3366 110 5855 43440 3598 6707 9345 61151 28201 879 469 174 4123 5349 194619 74 1145 2096 385 2385 39030 557 1111
internal_value=-0.0047119 -0.0644392 0.0423537 -0.090817 -0.0589137 0.0546697 -0.0946914 -0.0691002 -0.0772842 -0.0106532 0.125583 0.0954552 0.0677707 -0.0778286 -0.0456122 0.0123686 -0.0728572 0.422849 1.14664 0.13115 0.0532269 0.144719 0.136264 0.144074 0.145743 0.131009 -0.102768 -0.0534573 -0.105117 -0.0882573
internal_weight=148525 106112 21018.2 85093.8 9481.62 2207.33 82886.4 19883.3 18941.3 4493.64 11536.5 942.028 1637.43 18934.8 7026.09 2977.64 1764.13 88.58 37.4224 11267.1 1602.81 42412.9 1213.52 9664.27 42240.7 1209.21 63003.1 2865.24 60137.9 4048.45
internal_count=1785228 1585515 191648 1393867 133636 19054 1374813 301862 294898 51296 58012 6964 12562 294788 101789 39527 29723 1522 643 54057 9472 199713 9804 44585 196715 9730 1072951 41415 1031536 62262
is_linear=0
shrinkage=0.1


Tree=10
num_leaves=31
num_cat=0
split_feature=13 52 2 21 37 37 24 12 46 24 37 22 14 66 65 46 73 1 66 35 40 65 68 4 7 34 65 65 8 4
split_gain=115619 26983.7 15219.5 4065.01 2866.23 2497.27 2162.41 1737.7 6141.82 1665.65 1516.2 1174.07 977.61 939.139 867.305 838.743 773.842 687.05 660.664 637.042 2454.91 635.004 574.818 1850.09 641.363 572.45 570.57 497.782 485.142 485.13
threshold=1271.408630371094 7.5625000000000009 3.5000000000000004 175.25000000000003 54.316350936889656 0.026990905404090885 391549.50000000006 12.600000381469728 1.0000000180025095e-35 4007.0000000000005 3.9532020092010502 535311.28125000012 635.39777523849659 219.50000000000003 300.50000000000006 1.0000000180025095e-35 18699350.000000004 24789.500000000004 240.50000000000003 978.00000000000011 94.016128540039077 296.50000000000006 30.000000000000004 26.500000000000004 181.00000000000003 62.000000000000007 29517.500000000004 -1.0000000180025095e-35 57.511905670166023 853.50000000000011
decision_type=2 2 2 2 2 2 2 2 2 2 2 2 2 2 2 2 2 2 2 2 2 2 2 2 2 2 2 2 2 2
left_child=1 2 3 -1 6 14 9 8 22 15 11 12 28 -2 27 21 -16 -17 -15 -9 -21 -5 -3 -24 -25 -8 -27 -4 -10 -26
right_child=13 7 5 4 -6 -7 25 19 10 -11 -12 -13 -14 18 16 17 -18 -19 -20 20 -22 -23 23 24 29 26 -28 -29 -30 -31
leaf_value=-0.093120421623408084 -0.10585729815093876 -0.1008450538963923 -0.1055097253575395 0.040775752520554737 0.12864667288626383 -0.069610987695913978 -0.1050561235191849 -0.10347463973294571 -0.10688396829087154 -0.10355906264876916 -0.089300080553829778 0.15682573895618468 -0.032289811303226154 0.14013436943834665 -0.13959015507682379 1.5164395791587808 0.086372099925988002 0.145937439348237 -0.096201253532660347 0.13441686186809929 -0.10237214630278504 -0.10374044941495014 0.16225880568149775 -0.098156026525428985 0.34818149031062234 0.11555453314749436 -0.11207179145637856 0.14017793430849212 1.3989990975459508 -0.085086479466024295
leaf_weight=7340.7921644486487 156.7041284814477 7656.4398394934833 83.22414842247963 801.93149549886584 1629.135478425771 675.05200230702758 154.8546137958765 58154.714663330466 2.4487228430807653 2809.1919946707785 270.20959193259478 1255.1062144041061 9.4377934373915178 39741.010735243559 202.12302048876882 3.6968581825494757 605.83121680468321 346.89079939574003 118.63604447990656 551.48910833150148 2124.5711827389896 489.72641176730394 366.47129252552986 1742.4624889418483 58.442037586122751 1354.8982648327947 119.86107623577118 9047.5884025394917 16.934607848525047 46.330490805208683
leaf_count=126307 2998 137271 1170 8580 9912 9256 2467 1089707 41 48042 4790 6642 167 194577 1734 64 2694 1617 2138 2508 39137 8504 1766 28410 425 8721 1287 43413 287 596
internal_value=-0.00474557 -0.0632728 0.0248079 -0.0398594 0.0108498 0.11651 -0.0207084 -0.0945588 -0.0587739 -0.0567888 0.126005 0.171317 0.802364 0.13847 0.129151 0.0232154 0.0298439 0.160389 0.139431 -0.101279 -0.0535741 -0.0140169 -0.0878688 -0.0429884 -0.0837072 0.0778486 0.0970542 0.137939 1.20876 0.15659
internal_weight=137936 97919.9 25664.8 15051 7710.19 10613.8 6081.05 72255.1 11424.3 4451.44 1554.14 1283.93 28.8211 40016.4 9938.77 1642.25 807.954 350.588 39859.6 60830.8 2676.06 1291.66 9870.15 2213.71 1847.24 1629.61 1474.76 9130.81 19.3833 104.773
internal_count=1785228 1585515 273768 215501 89194 58267 79282 1311747 180395 66807 11927 7137 495 199713 49011 18765 4428 1681 196715 1131352 41645 17084 168468 31197 29431 12475 10008 44583 328 1021
is_linear=0
shrinkage=0.1


Tree=11
num_leaves=31
num_cat=0
split_feature=13 52 2 20 35 7 68 12 46 14 76 24 24 65 66 73 35 24 34 66 66 17 68 4 8 4 65 47 2 21
split_gain=101286 24315.9 13184.9 3630.79 2197.11 2168.74 1809.22 1618.33 5300.76 1251.32 886.382 900.099 1077.31 842.253 814.261 700.144 590.923 2178.06 810.675 579.429 572.909 553.635 534.731 1611.29 615.561 490.145 475.636 621.857 451.33 447.28
threshold=1271.408630371094 7.5625000000000009 3.5000000000000004 182.50000000000003 42.000000000000007 1.5000000000000002 22.000000000000004 12.600000381469728 1.0000000180025095e-35 635.39777523849659 10711150.500000002 1215.5000000000002 391549.50000000006 300.50000000000006 219.50000000000003 18699350.000000004 978.00000000000011 223.50000000000003 6156.0000000000009 234.50000000000003 243.50000000000003 1.0000000180025095e-35 30.000000000000004 26.500000000000004 137.02631378173831 712.50000000000011 274.50000000000006 1.0000000180025095e-35 7.5000000000000009 10500383.000000002
decision_type=2 2 2 2 2 2 2 2 2 2 2 2 2 2 2 2 2 2 2 2 2 2 2 2 2 2 2 2 2 2
left_child=1 2 3 -1 13 6 -5 8 22 -10 11 21 -13 28 -2 -15 -9 -18 -19 -7 -16 -8 -3 -24 -25 -26 -23 -28 -4 -17
right_child=14 7 4 5 -6 19 10 16 9 -11 -12 12 -14 15 20 29 17 18 -20 -21 -22 26 23 24 25 -27 27 -29 -30 -31
leaf_value=-0.092027219694045176 -0.10526894873259207 -0.099702937625365237 0.13408667802832544 -0.10378258737529177 -0.084243030355285908 -0.11085795040854876 -0.0050622561383065999 -0.10261802963073147 0.15776986559247755 -0.084769349776639413 0.15722980326927627 -0.0914615902992965 0.049226419247649471 -0.13215924317200403 0.134850968385932 0.10469967373461789 -0.099162917512923165 0.12523016919621568 1.5815281056461947 0.12461979744135479 -0.098084779245155962 0.25435564470462002 0.15495899104899599 -0.10630282467742953 0.18428782601011229 -0.096653467291258968 0.14158214317479131 -0.10466461896272722 -0.087545329279286835 -0.2314470655952009
leaf_weight=6683.1964302919805 142.54376397281885 7003.1921910047531 8581.8288252092898 1773.6852476075292 542.62724483758211 111.89988518133759 578.60193093121052 53037.591666501015 1245.0188997015357 256.55223077535629 408.07871994748712 1385.4756466969848 896.45611742511392 210.34626353159547 37294.763156261295 546.70083357393742 1981.9207334034145 483.86662782356143 3.8529257513582698 1579.3534623906016 105.88752610981464 206.70074378699064 346.39341187849641 1466.1989791207016 143.39590069279075 109.53756257146597 379.44894064217806 140.53568183258176 92.876090809702873 42.673982173204422
leaf_count=124764 2998 137271 43972 33462 8399 1528 7474 1089707 7023 4904 2032 24206 7230 2039 194619 2505 38808 2759 78 9306 2096 1300 1766 26706 939 1786 1836 2363 1166 186
internal_value=-0.00474684 -0.0621734 0.0236735 -0.038496 0.111453 0.00945952 -0.0197337 -0.0935623 -0.0577 0.116331 0.0175792 0.0016927 -0.0361924 0.122661 0.133282 0.0244628 -0.100392 -0.0525764 0.136735 0.10904 0.134191 0.0679242 -0.0865154 -0.0418031 -0.0814493 0.0626209 0.126037 0.0750293 0.131714 0.0803608
internal_weight=127781 90238 24160.5 14143.4 10017.1 7460.24 5768.98 66077.5 10570.3 1501.57 3995.3 3587.22 2281.93 9474.43 37543.2 799.721 55507.2 2469.64 487.72 1691.25 37400.7 1305.29 9068.72 2065.53 1719.13 252.933 726.685 519.985 8674.7 589.375
internal_count=1785228 1585515 273768 215501 58267 90737 79903 1311747 180395 11927 46441 44409 31436 49868 199713 4730 1131352 41645 2837 10834 196715 12973 168468 31197 29431 2725 5499 4199 45138 2691
is_linear=0
shrinkage=0.1


Tree=12
num_leaves=31
num_cat=0
split_feature=13 52 2 21 37 37 24 12 46 39 24 12 10 52 65 48 37 7 46 35 5 65 37 73 68 65 19 65 65 19
split_gain=89050.4 21921.3 11467.3 3240.69 2108.89 1906.08 1544.04 1514.04 2982.03 2564.38 1373.1 1159.92 958.548 728.225 701.172 679.783 674.104 633.336 618.403 613.22 2102.15 587.986 575.271 571.075 473.129 565.389 553.951 401.945 398.688 379.311
threshold=1271.408630371094 7.5625000000000009 3.5000000000000004 154.16666412353518 66.24570465087892 0.026990905404090885 391549.50000000006 45.071428298950202 1.0000000180025095e-35 373.50000000000006 4007.0000000000005 41.041666030883796 34.500000000000007 418.16233825683599 300.50000000000006 1.0000000180025095e-35 0.059354195371270187 52.500000000000007 1.0000000180025095e-35 978.00000000000011 3299.5000000000005 296.50000000000006 3.9532020092010502 18699350.000000004 30.000000000000004 29517.500000000004 812.50000000000011 269.50000000000006 -1.0000000180025095e-35 25982.500000000004
decision_type=2 2 2 2 2 2 2 2 2 2 2 2 2 2 2 2 2 2 2 2 2 2 2 2 2 2 2 2 2 2
left_child=1 2 3 -1 6 14 10 8 -3 11 18 12 22 -2 28 19 -11 -17 21 -9 -21 27 -10 -16 26 -26 -8 -5 -4 -30
right_child=13 7 5 4 -6 -7 24 15 9 16 -12 -13 -14 -15 23 17 -18 -19 -20 20 -22 -23 -24 -25 25 -27 -28 -29 29 -31
leaf_value=-0.090180625433468664 -0.068688202737873891 -0.087428227217468443 -0.10424583072118415 0.0066256342878568009 0.11442428472962368 -0.06460885543523523 0.1169990521868733 -0.10341708229657112 0.16302554829225818 0.13426976188138046 -0.10059290657312499 0.48528772842615081 -0.082060804467038437 0.1299696298581802 -0.13180978492204556 0.12657081219723423 -0.099762696205383083 1.5673110610443393 0.14249178192630696 0.1335621677895085 -0.10060134711812757 -0.10264522325323366 -0.096992060945285008 0.074634217691606997 0.12442278995499317 -0.11134308904951196 -0.10591807768792715 0.19122793576662303 0.13074950469986887 -0.29353313688901217
leaf_weight=6172.7636356949806 185.5061809271574 9185.1251719295979 73.562009453773499 713.75096178427339 1494.8647347912192 604.7941875346005 182.06382549181581 46214.08187328279 1007.0436393022537 138.89884161949158 2383.5289534032345 83.923625662922859 233.41147312521935 34874.315321587026 175.16544191166759 83.676783345639706 1080.4349932298064 3.1666124463081351 322.06350585073233 488.62248209863901 1779.8991047255695 464.41121743246913 92.940553497523069 570.10000690817833 993.86125058680773 113.31183870136738 287.52958419173956 141.29831440001726 7966.766361579299 21.126854315400124
leaf_count=125036 3202 186515 1170 8293 9594 9256 1239 1045497 5771 736 48412 639 4985 196511 1734 501 23760 56 1685 2385 39042 9259 1860 2694 5504 1276 4456 747 43317 96
internal_value=-0.00472784 -0.061132 0.0226906 -0.0371923 0.00889753 0.107121 -0.0192626 -0.092613 -0.0605191 0.0332222 -0.0521223 0.124695 0.101999 0.128919 0.118914 -0.100425 -0.0731032 0.179105 0.0182581 -0.100925 -0.0501643 -0.0120658 0.141056 0.0261121 0.0646191 0.100294 -0.0194919 0.0371315 0.127493 0.129627
internal_weight=118132 83072.2 22681 13269.4 7096.68 9411.51 5601.82 60391.2 11821.8 2636.65 4025.05 1417.32 1333.4 35059.8 8806.72 48569.4 1219.33 86.8434 1641.52 48482.6 2268.52 1319.46 1099.98 745.265 1576.77 1107.17 469.593 855.049 8061.46 7987.89
internal_count=1785228 1585515 273768 215501 90465 58267 80871 1311747 224266 37751 68396 13255 12616 199713 49011 1087481 24496 557 19984 1086924 41427 18299 7631 4428 12475 6780 5695 9040 44583 43413
is_linear=0
shrinkage=0.1


Tree=13
num_leaves=31
num_cat=0
split_feature=13 52 2 20 35 7 68 12 46 39 66 76 65 24 24 17 10 10 40 37 35 5 51 68 73 66 66 68 39 8
split_gain=78442.3 19735.2 10003.9 2887.68 1706.24 1633.62 1478.99 1478.03 2607.68 2195.38 699.979 692.471 688.211 669.03 949.921 667.089 609.508 639.487 779.779 599.065 555.509 1856.59 616.91 524.144 520.183 497.916 463.895 432.23 1530.72 568.777
threshold=1271.408630371094 7.5625000000000009 3.5000000000000004 182.50000000000003 42.000000000000007 1.5000000000000002 22.000000000000004 45.071428298950202 1.0000000180025095e-35 373.50000000000006 219.50000000000003 10711150.500000002 300.50000000000006 3496.5000000000005 391549.50000000006 22562.108398437504 130.50000000000003 126.50000000000001 42.405883789062507 0.059354195371270187 978.00000000000011 3299.5000000000005 1.5000000000000002 30.000000000000004 18699350.000000004 240.50000000000003 234.50000000000003 30.000000000000004 14.500000000000002 137.02631378173831
decision_type=2 2 2 2 2 2 2 2 2 2 2 2 2 2 2 2 2 2 2 2 2 2 2 2 2 2 2 2 2 2
left_child=1 2 3 -1 12 6 -5 8 27 15 -2 13 -4 -8 -15 -10 17 23 -19 -11 22 -22 -9 -17 -14 -12 -7 -3 -29 -30
right_child=10 7 4 5 -6 26 11 20 9 19 25 -13 24 14 -16 16 -18 18 -20 -21 21 -23 -24 -25 -26 -27 -28 28 29 -31
leaf_value=-0.088427977341142869 -0.10488141046129745 -0.09817504762977794 0.1227789394447359 -0.10240291504791332 -0.079853557167765474 -0.11023994709095562 0.053570159025575527 -0.10287723261289244 -0.088372822364350456 0.1297505988852681 0.12669598234755294 0.14625647786128293 -0.12548955975699602 -0.10163632434847919 0.038978468904577866 -0.11499979037906577 -0.10369243780152504 1.8504646308276926 0.34768983921384661 -0.098746092545969014 0.12751624588633978 -0.09966886098189992 0.12369725093210304 0.15804583599988908 0.069603774364629667 -0.093821066180160992 0.11238653793268827 0.15392977525573923 -0.10360344768813512 0.057177443574416856
leaf_weight=5690.0723085217178 131.84584464505315 6354.1515064127743 7601.7071769423783 1500.3631951212883 481.01316993683577 100.02058587223291 1403.6258696429431 42036.520282115787 141.47797121107578 129.83000212907791 32415.492186650634 364.03869936615229 181.44120402634144 1047.0600468739867 887.75636317953467 75.967717587947845 93.877765692770481 3.5786463692784301 98.264604307711124 987.17655538395047 461.99049492180347 1624.8285752758384 120.5154706351459 942.99819456040859 553.8654921874404 102.71777678281069 1457.5871097184718 324.14388004690409 1604.7050286531448 254.98774140328169
leaf_count=124764 2998 146920 45138 33462 8399 1528 15026 1045114 3185 736 194577 2032 2039 22153 7230 1284 2217 76 494 23760 2385 39042 940 5999 2691 2138 9306 1692 34859 3044
internal_value=-0.00470219 -0.0600704 0.0217835 -0.035934 0.103277 0.00824869 -0.0186479 -0.0915773 -0.0587931 0.0316262 0.125067 0.0152923 0.113843 0.0010114 -0.0371177 0.117133 0.141068 0.161569 0.400495 -0.0721879 -0.0997365 -0.0493735 -0.10223 0.137689 0.0214634 0.125999 0.0980907 -0.0849846 -0.0466051 -0.0815583
internal_weight=109174 76523.6 21268.6 12450.5 8818.03 6760.45 5202.84 55255 11011.2 2473.17 32650.1 3702.48 8337.01 3338.44 1934.82 1356.16 1214.69 1120.81 101.843 1117.01 44243.9 2086.82 42157 1018.97 735.307 32518.2 1557.61 8537.99 2183.84 1859.69
internal_count=1785228 1585515 273768 215501 58267 90737 79903 1311747 224266 37751 199713 46441 49868 44409 29383 13255 10070 7853 570 24496 1087481 41427 1046054 7283 4730 196715 10834 186515 39595 37903
is_linear=0
shrinkage=0.1


Tree=14
num_leaves=31
num_cat=0
split_feature=13 52 34 65 14 16 12 46 39 19 16 24 46 34 41 66 66 22 26 35 52 51 10 24 68 68 39 8 4 65
split_gain=69344 17846 8728.86 2483.58 2204.97 1607.52 1382.34 2308.94 1877.22 1005.46 985.29 889.407 766.336 622.916 618.846 606.861 641.595 561.974 533.087 513.007 1650.55 545.565 508.314 493.668 477.834 400.938 1342.17 518.897 418.452 399.986
threshold=1271.408630371094 7.5625000000000009 78.000000000000014 274.50000000000006 503.40409550000004 4972525.2500000009 45.071428298950202 1.0000000180025095e-35 373.50000000000006 91.500000000000014 88.083332061767592 15077.500000000002 1.0000000180025095e-35 42.000000000000007 1107.706237792969 227.50000000000003 235.50000000000003 31933.989257812504 29930214.000000004 978.00000000000011 97.51922988891603 1.5000000000000002 130.50000000000003 1010578.5000000001 38.000000000000007 30.000000000000004 14.500000000000002 131.17424774169925 712.50000000000011 32331.500000000004
decision_type=2 2 2 2 2 2 2 2 2 2 2 2 2 2 2 2 2 2 2 2 2 2 2 2 2 2 2 2 2 2
left_child=1 2 4 11 5 -1 7 25 17 -5 24 -4 15 -14 -2 -12 -17 -9 -10 21 -21 -8 -19 -11 -6 -3 -27 -28 -29 -7
right_child=14 6 3 9 10 29 19 8 18 23 12 -13 13 -15 -16 16 -18 22 -20 20 -22 -23 -24 -25 -26 26 27 28 -30 -31
leaf_value=-0.080512100933340477 -0.036578499086969848 -0.097078391080643089 0.12129830396446646 -0.069824730464026208 -0.096792106041396639 0.11033082237375602 -0.10229271624196389 -0.086615919579364917 -0.097628848915743541 0.073756619189018061 -0.10480018282787462 -0.12516278438116199 0.82028965152232003 0.23118650670833493 0.12318484408381686 0.13008441377251853 -0.11592212993129938 0.15068041096067641 0.12663718405965541 0.12261438335488657 -0.098860180350144419 0.10515902598136302 -0.10311264668588611 -0.12315995390723596 0.51250022091324798 0.14849371327802025 -0.10287567335110924 0.15825163629328506 -0.096093533960962416 -0.11043364823883046
leaf_weight=7527.5052905976772 244.4269950427115 5811.1626756079495 7258.2092440277338 1098.7168312687427 406.41860722377896 588.97558106482029 38242.566905386746 130.69550737738609 902.8770475499332 1384.761431325227 163.32123335823417 149.43570595607162 22.097917497158051 95.607514321804047 30027.206487540156 938.78198568150401 119.51132347807288 1077.4162075035274 120.08925162255764 435.22929405793548 1483.3207908160985 127.19046870619059 85.154691703617573 140.20231752097607 13.292367503046988 303.4718779399991 1461.144274674356 151.1514772772789 113.07330369204283 95.357902761548758
leaf_count=166730 4205 146920 46221 21190 9252 3998 1045114 3158 23773 9553 3038 2705 225 415 195508 5625 1332 7885 723 2425 39002 940 2212 2238 98 1692 34804 1046 2053 1148
internal_value=-0.0046844 -0.0590767 0.020853 0.0867139 -0.0454072 -0.0671718 -0.0907703 -0.0578 0.0299217 0.00310648 0.0561985 0.116326 0.0980951 0.341784 0.121895 0.074615 0.102303 0.109989 -0.0713015 -0.0990818 -0.048618 -0.101605 0.132091 0.0556525 -0.0774956 -0.0837164 -0.0454438 -0.0795551 0.0494062 0.0795686
internal_weight=100718 70446.7 20002.2 10031.3 9970.87 8211.84 50444.5 10156.2 2316.23 2623.68 1759.03 7407.64 1339.32 117.705 30271.6 1221.61 1058.29 1293.27 1022.97 40288.3 1918.55 38369.8 1162.57 1524.96 419.711 7840 2028.84 1725.37 264.225 684.333
internal_count=1785228 1585515 273768 81907 191861 171876 1311747 224266 37751 32981 19985 48926 10635 640 199713 9995 6957 13255 24496 1087481 41427 1046054 10097 11791 9350 186515 39595 37903 3099 5146
is_linear=0
shrinkage=0.1


Tree=15
num_leaves=31
num_cat=0
split_feature=13 52 34 65 14 16 12 46 39 16 19 24 66 47 17 37 35 5 51 66 10 24 65 26 66 66 34 66 65 65
split_gain=61381.2 16132.9 7576.58 2240.07 1907.26 1401.68 1295.25 2064.19 1619.03 851.988 845.753 778.827 608.057 594.614 484.593 475.351 473.754 1463.44 488.497 435.118 431.351 418.944 407.693 398.018 390.796 897.718 648.703 432.201 660.567 1494.29
threshold=1271.408630371094 7.5625000000000009 78.000000000000014 274.50000000000006 503.40409550000004 4972525.2500000009 45.071428298950202 1.0000000180025095e-35 373.50000000000006 88.083332061767592 91.500000000000014 15077.500000000002 219.50000000000003 1.0000000180025095e-35 22562.108398437504 0.059354195371270187 978.00000000000011 3745.5000000000005 1.5000000000000002 240.50000000000003 130.50000000000003 1010578.5000000001 249.50000000000003 17150000.000000004 247.50000000000003 234.50000000000003 62.000000000000007 245.50000000000003 260.50000000000006 258.50000000000006
decision_type=2 2 2 2 2 2 2 2 2 2 2 2 2 2 2 2 2 2 2 2 2 2 2 2 2 2 2 2 2 2
left_child=1 2 4 11 5 24 7 -3 14 -6 23 22 -2 -11 -9 -10 18 -18 -8 -14 -16 -12 -4 -5 25 -1 27 -27 29 -29
right_child=12 6 3 10 9 -7 16 8 15 13 21 -13 19 -15 20 -17 17 -19 -20 -21 -22 -23 -24 -25 -26 26 -28 28 -30 -31
leaf_value=-0.07072790369282124 -0.10451763177457521 -0.082577456801036231 -0.00058573792018690412 -0.080501439935094829 -0.075651282755331284 0.075197314167620877 -0.1017363511991505 -0.084982975891332135 0.12280103411198617 0.11749444244605381 0.06721408928591098 -0.12390865357569897 0.1207223110613922 -0.10112572919249174 0.14179327796000266 -0.096706823984478649 0.11773266121292883 -0.097990211881452322 0.090490031411532112 -0.092678574203207964 -0.10258451242754126 -0.12190248464106651 0.12243775936164543 0.19924596078831522 -0.10160741670565231 -0.020744556173536099 0.33134375732438071 -0.10453626685002837 -0.10408645318192558 2.5471112083834724
leaf_weight=3181.0193279273808 121.16244323551655 7189.8454584218562 281.02724671363831 992.66888023354113 390.73847552761436 652.79932227730751 34782.986003531143 122.31890077143908 112.06245515868068 1124.1744841746986 1368.4884277358651 136.51588533073664 27802.643782541156 139.89113917574286 1033.9921143203974 824.50158147886395 409.61957420781255 1353.8223174512386 132.70584926009178 95.875975836068392 77.652566470205784 128.10299856588244 6496.79424880445 53.605811070650816 3507.5793602205813 223.51077247038484 90.027646254748106 4.5862236768007296 8.9770750403404218 3.9604742825031281
leaf_count=69562 2998 186515 2255 20947 9350 5146 1045114 3185 736 7863 9553 2705 194577 2772 7853 23760 2422 39005 940 2138 2217 2238 43966 243 91360 4765 583 117 238 105
internal_value=-0.0046557 -0.0581128 0.0199877 0.0830592 -0.0439624 -0.0649631 -0.0899784 -0.0567756 0.0286928 0.0534068 0.00280593 0.112574 0.119018 0.0933003 0.103935 -0.0704421 -0.0984517 -0.0478812 -0.101006 0.119989 0.124723 0.0510264 0.117337 -0.0661686 -0.0779974 -0.0544177 0.102299 0.01675 0.494982 1.12422
internal_weight=92843.7 64824 18784.5 9457.2 9327.26 7672.46 46039.5 9360.37 2170.53 1654.8 2542.87 6914.34 28019.7 1264.07 1233.96 936.564 36679.1 1763.44 34915.7 27898.5 1111.64 1496.59 6777.82 1046.27 7019.66 3512.08 331.062 241.035 17.5238 8.5467
internal_count=1785228 1585515 273768 81907 191861 171876 1311747 224266 37751 19985 32981 48926 199713 10635 13255 24496 1087481 41427 1046054 196715 10070 11791 46221 21190 166730 75370 5808 5225 460 222
is_linear=0
shrinkage=0.1


Tree=16
num_leaves=31
num_cat=0
split_feature=13 52 34 65 21 7 12 46 39 68 19 19 66 73 35 40 13 10 39 26 5 68 68 39 8 65 65 65 19 37
split_gain=54442.2 14498.9 6625.21 2038.76 1759.33 1404.75 1275.5 1803.59 1394.43 860.009 715.199 687.639 538.515 468.252 437.291 1304.77 482.775 3247.56 9730.39 423.718 422.706 420.166 418.727 1204.51 509.42 413.665 562.944 552.309 443.164 392.72
threshold=1271.408630371094 7.5625000000000009 78.000000000000014 274.50000000000006 154.16666412353518 1.5000000000000002 45.071428298950202 1.0000000180025095e-35 373.50000000000006 22.000000000000004 91.500000000000014 1395.0000000000002 219.50000000000003 5064594.0000000009 978.00000000000011 102.35271453857423 984.53051757812511 2077.5000000000005 2069.5000000000005 29930214.000000004 188.50000000000003 38.000000000000007 30.000000000000004 14.500000000000002 142.34523773193362 296.50000000000006 210.50000000000003 228.00000000000003 1395.0000000000002 0.082257926464080824
decision_type=2 2 2 2 2 2 2 2 2 2 2 2 2 2 2 2 2 2 2 2 2 2 2 2 2 2 2 2 2 2
left_child=1 2 4 11 21 9 7 22 20 -6 -5 29 -2 25 16 -16 -8 18 -18 -10 -9 -1 -3 -24 -25 26 -11 -28 -29 -4
right_child=12 6 3 10 5 -7 14 8 19 13 -12 -13 -14 -15 15 -17 17 -19 -20 -21 -22 -23 23 24 -26 -27 27 28 -30 -31
leaf_value=-0.090865214352371534 -0.10407017022430619 -0.094997471756523982 0.11891239077977266 -0.063282147443957382 -0.10240242589928106 0.089839677261129222 -0.10227434205075221 0.11577199847522129 -0.095546725461374202 -0.10618325341502854 0.04672155610906354 -0.11650707077208747 0.11758218457300043 0.12683933578059933 0.11377598634812354 -0.097199416100939559 0.082746316605250669 -0.091632741906723297 3.1326050415498514 0.12075672317836759 -0.10331989267690914 0.12285515275990977 0.14639212975531085 -0.1009336067396075 0.057080132060370541 -0.08033001896456593 0.51587644959653189 0.10184758340684022 -0.078599613685830544 -0.022304295029492941
leaf_weight=4391.7835950553417 110.07964729517698 4925.3411487005651 6082.8748702220619 988.16486117430031 1149.9525829236954 1302.9529222324491 31068.788094487041 1084.224597139284 754.5977041926235 239.49932432919741 1470.644540309906 131.73964423313737 25733.621303256601 280.72085214033723 384.26432287320495 1236.1011116467416 59.983394045382738 626.67024596966803 12.670672126114367 102.91397792100906 95.846128540113568 93.955515541136265 294.36854241788387 1243.3334873560816 244.07883705198765 579.361662581563 26.839343931525946 508.59838403761387 185.8307493403554 203.51842119917274
leaf_count=122268 2998 146920 44017 21190 32028 9829 1024342 10634 23773 5320 11791 2716 196715 1941 2464 38963 822 20470 420 723 2621 1230 1692 34895 3008 11450 264 4255 3276 2193
internal_value=-0.00463383 -0.0570704 0.0190557 0.0799396 -0.0426445 0.00326961 -0.0889359 -0.0549379 0.0274582 -0.0346988 0.00251244 0.109602 0.116638 0.00805919 -0.0978402 -0.0471673 -0.100425 -0.0182575 0.614633 -0.0695871 0.0979772 -0.0863888 -0.0799693 -0.0384272 -0.0750041 -0.013591 0.026654 0.0707629 0.0535595 0.114341
internal_weight=85613.3 59769.6 17636.4 8876.94 8759.49 4273.76 42133.2 8744.7 2037.58 2970.8 2458.81 6418.13 25843.7 1820.85 33388.5 1620.37 31768.1 699.324 72.6541 857.512 1180.07 4485.74 6707.12 1781.78 1487.41 1540.13 960.768 721.268 694.429 6286.39
internal_count=1785228 1585515 273768 81907 191861 68363 1311747 224266 37751 58534 32981 48926 199713 26506 1087481 41427 1046054 21712 1242 24496 13255 123498 186515 39595 37903 24565 13115 7795 7531 46210
is_linear=0
shrinkage=0.1


Tree=17
num_leaves=31
num_cat=0
split_feature=13 52 34 65 21 12 46 10 7 68 26 24 68 41 48 35 24 14 10 73 65 68 39 24 68 14 37 24 24 65
split_gain=48432.8 13147.4 5763.7 1877.03 1571.39 1227.3 1611.56 1217.11 1192.31 779.855 738.291 612.969 600.139 531.722 436.628 418.608 1183.85 418.592 464.525 414.5 387.264 386.159 1057.68 470.981 361.949 372.673 357.076 433.899 621.93 353.357
threshold=1271.408630371094 7.5625000000000009 78.000000000000014 274.50000000000006 154.16666412353518 45.071428298950202 1.0000000180025095e-35 129.50000000000003 1.5000000000000002 22.000000000000004 27911.250000000004 15077.500000000002 38.000000000000007 1107.706237792969 1.0000000180025095e-35 978.00000000000011 215.50000000000003 635.39777523849659 126.50000000000001 5064594.0000000009 249.50000000000003 30.000000000000004 14.500000000000002 2998462.0000000005 38.000000000000007 7513.1690195000001 2.7419936656951909 13992.000000000002 539.50000000000011 296.50000000000006
decision_type=2 2 2 2 2 2 2 2 2 2 2 2 2 2 2 2 2 2 2 2 2 2 2 2 2 2 2 2 2 2
left_child=1 2 4 11 24 6 21 10 9 -6 17 20 26 -2 15 -7 -17 -8 -19 29 -4 -3 -23 -24 -1 -26 27 28 -5 -11
right_child=13 5 3 12 8 14 7 -9 -10 19 -12 -13 -14 -15 -16 16 -18 18 -20 -21 -22 22 23 -25 25 -27 -28 -29 -30 -31
leaf_value=-0.08931491036598771 -0.040434138448516732 -0.09383986007654424 -0.0031138837801715511 -0.099200424768627893 -0.10181836313659486 -0.10082478362681005 0.14629240314035671 -0.10231963270510139 0.083562609205077021 0.023425490691098002 0.12440105847551511 -0.12112974426645554 0.074813268490037402 0.11585036910177371 0.10774313837932498 -0.09532220538099731 0.11622884974380621 -0.099644185067720159 0.80338371412159038 0.12373879347756063 0.11717767229525007 0.14214226109971265 -0.097801730625869054 0.063797693279879303 -0.10386187120861792 0.28013097179611929 0.053904477073906026 -0.10549574546500236 0.12215625445628092 -0.077561900964296354
leaf_weight=4039.3690170831978 219.72411175072193 4508.8587349578738 281.18412078917027 248.14421165548265 1046.1875270530581 28861.568758638576 102.06169791147113 535.6943575553596 1262.9099102281034 960.51739560440183 956.50848263688385 115.63281944394112 773.95382551848888 23596.764754980803 103.34135942161083 1145.1443692911416 343.98491587117314 337.26842435263097 5.7943551242351523 260.04443233460188 5552.6747993454337 273.9048840329051 1171.5083782766014 213.17047367244959 47.194817699491978 54.416181609034538 373.06305399909616 755.44812493771315 259.83549853786826 541.98849659226835
leaf_count=122268 4205 146920 2255 4567 32028 1045497 725 18402 9829 13115 8144 2705 4401 195508 557 38486 2941 10374 106 1941 43966 1692 34993 2910 958 272 3176 19172 1665 11450
internal_value=-0.00475966 -0.0562397 0.0182485 0.0767 -0.0412514 -0.0882548 -0.0536715 0.0258902 0.00286161 -0.0334245 0.0748911 0.106861 0.00225674 0.114409 -0.0974585 -0.0981572 -0.0464545 -0.0314988 -0.084392 0.00717172 0.11138 -0.0786636 -0.0374068 -0.0729236 -0.0846259 0.101779 -0.0320578 -0.0574406 0.0140252 -0.013003
internal_weight=78947.9 55131.4 16572.6 8359.94 8212.63 38558.8 8104.77 1937.33 4071.65 2808.74 1401.63 5949.49 2410.44 23816.5 30454 30350.7 1489.13 445.124 343.063 1762.55 5833.86 6167.44 1658.58 1384.68 4140.98 101.611 1636.49 1263.43 507.98 1502.51
internal_count=1785228 1585515 273768 81907 191861 1311747 224266 37751 68363 58534 19349 48926 32981 199713 1087481 1086924 41427 11205 10480 26506 46221 186515 39595 37903 123498 1230 28580 25404 6232 24565
is_linear=0
shrinkage=0.1


Tree=18
num_leaves=31
num_cat=0
split_feature=13 52 34 65 21 12 46 10 37 76 26 19 19 41 48 35 5 16 37 68 39 8 65 14 39 3 4 26 68 12
split_gain=43052.2 11867.6 5045.64 1692.17 1412.31 1157.13 1434.24 1060.11 1059.18 682.374 636.065 543.351 512.688 487.76 389.04 393.987 1057.2 372.2 354.609 354.509 930.825 461.147 349.281 345.259 340.16 324.23 320.854 318.466 314.337 302.349
threshold=1271.408630371094 7.5625000000000009 78.000000000000014 274.50000000000006 154.16666412353518 45.071428298950202 1.0000000180025095e-35 129.50000000000003 54.316350936889656 10711150.500000002 27911.250000000004 1395.0000000000002 91.500000000000014 1107.706237792969 1.0000000180025095e-35 978.00000000000011 3048.5000000000005 10506904.000000002 0.082257926464080824 30.000000000000004 14.500000000000002 126.03125000000001 29000.000000000004 635.39777523849659 6.5000000000000009 9.5000000000000018 712.50000000000011 17150000.000000004 38.000000000000007 5.9642856121063241
decision_type=2 2 2 2 2 2 2 2 2 2 2 2 2 2 2 2 2 2 2 2 2 2 2 2 2 2 2 2 2 2
left_child=1 2 4 11 28 6 19 10 9 24 23 18 27 -2 15 -7 -17 22 -4 -3 -21 -22 -14 -8 -6 -15 -23 -5 -1 -10
right_child=13 5 3 12 8 14 7 -9 29 -11 -12 -13 17 25 -16 16 -18 -19 -20 20 21 26 -24 -25 -26 -27 -28 -29 -30 -31
leaf_value=-0.087709939838909831 -0.036990270869595693 -0.092644472100588016 0.1139651680150367 -0.072715574833046623 -0.06000959239604281 -0.10029672230694545 0.12393415268833262 -0.10191475021784042 0.096318840299098235 0.091679316327731936 0.11745814984140648 -0.11228983045681268 -0.02525007738345246 0.11455274688901379 0.094047384746276233 0.11041219343443823 -0.094672654658261801 -0.23534683102542428 -0.02076762447711071 0.13848731267642553 -0.10011527813543593 0.14193054829934434 0.083808087018522631 -0.082958197517350438 0.11740571905105202 -0.11738544420478754 -0.092316272932312232 0.18150944456690277 0.089502924731677702 -0.11130769391917328
leaf_weight=3718.5007682964206 216.34857926145196 4129.7925928998739 5191.315846554935 831.36065226048231 2243.0628485530615 26245.618267195299 108.06921150907874 486.54457355290651 1081.6820566542447 387.8488983977586 914.0161927267909 113.39750122092664 430.02776227146387 21636.433135405183 106.37443662434816 330.76937402784824 1046.9486247766763 47.573079489171505 202.98371135443449 254.04139783978462 1040.7966263163835 152.06545900553465 926.13352067396045 318.02171662263572 113.53911823220551 60.439361453056335 95.00639221072197 52.379539523273706 102.86198195070028 74.999259859323502
leaf_count=122268 4205 146920 44017 20947 54550 1045497 725 18402 8601 3320 8144 2716 4936 194436 557 2358 39069 203 2193 1692 34711 1132 6652 10480 748 1072 2060 243 1230 1144
internal_value=-0.00472172 -0.055305 0.0175591 0.074315 -0.039731 -0.087401 -0.0525482 0.0245167 0.00259436 -0.031233 0.0704195 0.104341 0.00201864 0.112417 -0.0968254 -0.0975605 -0.0454349 0.0395823 0.108895 -0.077368 -0.0364522 -0.0709603 0.0492266 -0.0304842 -0.0514619 0.113907 0.0518558 -0.0576476 -0.0829398 0.0828563
internal_weight=72659 50745.7 15517.7 7795.17 7722.49 35228.1 7498.35 1826.65 3901.13 2744.45 1340.11 5507.7 2287.47 21913.2 27729.7 27623.3 1377.72 1403.73 5394.3 5671.7 1541.91 1287.87 1356.16 426.091 2356.6 21696.9 247.072 883.74 3821.36 1156.68
internal_count=1785228 1585515 273768 81907 191861 1311747 224266 37751 68363 58618 19349 48926 32981 199713 1087481 1086924 41427 11791 46210 186515 39595 37903 11588 11205 55298 195508 3192 21190 123498 9745
is_linear=0
shrinkage=0.1


Tree=19
num_leaves=31
num_cat=0
split_feature=13 52 21 24 66 12 46 10 1 66 21 52 66 65 66 48 66 65 66 66 5 10 39 1 3 68 39 8 41 37
split_gain=38314.8 10733.6 4414.35 2665.61 1148.72 1092.1 1281.98 925.046 762.639 576.461 526.766 458.944 453.078 380.41 580.95 596.212 504.179 406.564 362.84 1722.81 510.593 709.897 557.834 413.173 335.5 321.121 822.958 415.358 319.375 310.122
threshold=1271.408630371094 7.5625000000000009 154.16666412353518 3082.5000000000005 235.50000000000003 45.071428298950202 1.0000000180025095e-35 129.50000000000003 475.50000000000006 255.50000000000003 1096556.3125000002 418.16233825683599 234.50000000000003 249.50000000000003 234.50000000000003 1.0000000180025095e-35 235.50000000000003 29517.500000000004 227.50000000000003 247.50000000000003 3544.5000000000005 2836.5000000000005 2124.5000000000005 8297370.5000000009 9.5000000000000018 30.000000000000004 14.500000000000002 142.34523773193362 637.29379272460949 0.36911670863628393
decision_type=2 2 2 2 2 2 2 2 2 2 2 2 2 2 2 2 2 2 2 2 2 2 2 2 2 2 2 2 2 2
left_child=1 2 -1 8 10 6 25 9 -4 -8 12 -2 -5 14 15 -10 -16 -15 -7 20 21 22 28 -23 -13 -3 -27 -28 -20 -11
right_child=11 5 3 4 -6 18 7 -9 13 29 -12 24 -14 17 16 -17 -18 -19 19 -21 -22 23 -24 -25 -26 26 27 -29 -30 -31
leaf_value=-0.077348237240344259 -0.067307516517382579 -0.091403558819007455 -0.023110095469198275 -0.061324516655872512 -0.1020295674980108 -0.10241192400254409 0.11003112070047774 -0.10153069585638604 -0.11480034235505475 0.1162892832078208 0.059050222714517542 0.11276361596509615 0.11577792749989831 0.1083290100071829 0.12363660653579428 0.38530556119043746 -0.093119574790699822 -0.10528224234459285 0.087856444677627987 -0.099992403947738603 -0.077595207295361679 0.33482159831259373 -0.10246983310973255 4.2697997263665322 -0.11148876196826418 0.13528894195058305 -0.098537798529859791 0.050458635035107759 0.26551209903565581 -0.089142637572411365
leaf_weight=3705.9371022526175 143.75373673066497 3784.986434943974 605.13753811456263 926.32532821409404 1173.5105229057372 19934.598436668515 899.47535741329193 441.82492896169424 291.0754290483892 98.954516179859638 1384.7492562886328 19904.640980027616 171.1398696154356 5426.7354450467974 636.94178208708763 25.964822322130203 129.05275885388255 90.588060116395354 468.21695380844176 4333.3644943088293 245.1505684517324 0.45743584632873424 129.80643129348755 0.64041018486022949 66.938507482409477 235.02002337574959 958.88298952765763 232.45554330013692 129.09008645638824 285.50078836269677
leaf_count=125754 3202 146920 10123 20252 39505 877004 9955 18402 4441 728 11675 195146 1429 51396 4855 193 1284 2861 7535 186351 10299 20 5629 28 1365 1692 34895 3008 615 8666
internal_value=-0.00466901 -0.0543272 0.016892 0.0490476 -0.0205035 -0.086568 -0.0514269 0.0232759 0.0843345 0.0662242 0.0180393 0.11073 -0.033707 0.0941852 0.0399995 -0.0738429 0.0871181 0.104822 -0.0962259 -0.0729883 0.0472329 0.089256 0.0854194 2.63023 0.112012 -0.0761651 -0.0357282 -0.0694654 0.126251 -0.0362667
internal_weight=66860.9 46745.6 14567.2 10861.2 3655.72 32178.4 6937.1 1725.76 7205.5 1283.93 2482.21 20115.3 1097.47 6600.36 1083.03 317.04 765.995 5517.32 25241.3 5306.73 973.362 728.211 727.113 1.09785 19971.6 5211.34 1426.36 1191.34 597.307 384.455
internal_count=1785228 1585515 273768 148014 72861 1311747 224266 37751 75153 19349 33356 199713 21681 65030 10773 4634 6139 54257 1087481 210477 24126 13827 13779 48 196511 186515 39595 37903 8150 9394
is_linear=0
shrinkage=0.1


Tree=20
num_leaves=31
num_cat=0
split_feature=13 52 66 4 34 66 66 7 65 5 66 70 24 39 65 65 24 48 66 66 34 24 29 41 66 38 11 30 4 38
split_gain=34141.8 9726.7 4030.14 2458.76 1197.34 998.361 3526.43 638.302 594.244 589.554 581.842 547.459 484.59 469.334 439.704 848.816 715.216 546.683 428.668 382.552 342.702 613.521 334.938 314.029 1055.82 410.896 300.887 295.638 724.365 389.175
threshold=1271.408630371094 8.0833334922790545 235.50000000000003 6.5000000000000009 62.000000000000007 219.50000000000003 247.50000000000003 1442.0000000000002 256.50000000000006 3544.5000000000005 234.50000000000003 4262795.7500000009 136.50000000000003 2124.5000000000005 249.50000000000003 296.50000000000006 156132.00000000003 1.0000000180025095e-35 219.50000000000003 235.50000000000003 102.00000000000001 13992.000000000002 2.5000000000000004 2.2293385267257695 234.50000000000003 1.0000000180025095e-35 1355.5000000000002 1.0000000180025095e-35 26.500000000000004 183.00000000000003
decision_type=2 2 2 2 2 2 2 2 2 2 2 2 2 2 2 2 2 2 2 2 2 2 2 2 2 2 2 2 2 2
left_child=1 2 3 4 23 11 7 9 -5 13 14 27 -12 22 17 -16 -17 -6 -2 -20 -4 -22 26 -1 25 -25 -7 -3 -29 -30
right_child=18 5 20 8 10 6 -8 -9 -10 -11 12 -13 -14 -15 15 16 -18 -19 19 -21 21 -23 -24 24 -26 -27 -28 28 29 -31
leaf_value=-0.099489470736402713 -0.10362950094452938 -0.10124671825763219 -0.087274249147446067 0.10398719957449604 -0.10722861324070961 -0.0062369941950974096 -0.092713507234344586 2.1670504035148412 -0.086874479858243162 -0.076384582191850084 1.3482925121812197 0.09614205592746633 0.22123530877038716 -0.08772929505192717 0.10401298514910221 -0.086252629392545702 0.039471530756586645 0.24441485931623863 0.11161907544727157 -0.048143813748655014 0.079380412411628964 -0.10306024074249349 0.13556407301699017 -0.011228460510506168 2.9205739195547946 0.76901928686530585 0.79369931007341354 0.13109240270281972 -0.098819353346515204 0.13949631007726879
leaf_weight=1189.9612361919135 94.143352342769504 20392.384239690378 3073.3080597277731 4872.2432392705232 408.24579226225615 252.76678009517491 5586.412838447839 1.4523984901607025 168.77836082875729 237.51053392328322 3.970452979207038 145.73328167200089 97.371601149439812 130.28607990406454 1155.1444915067405 687.90608960948884 1322.131763746962 49.580342702567577 18196.716050043702 151.12283690273762 370.6020794454962 366.72119857743382 1078.9317398332059 217.51148581318557 1.2558702528476704 6.9655746966600409 4.7912357933819285 185.45775510370731 1014.4405856598169 73.487424170598388
leaf_count=44948 2998 970041 109884 51074 9560 6090 249383 33 5306 10739 61 1882 398 5841 10652 20107 10689 324 194042 2673 3285 13554 11872 5198 40 144 59 1549 42449 353
internal_value=-0.0046526 -0.0533788 0.0151394 0.0479736 -0.000693694 -0.0863192 -0.0542871 0.071562 0.097597 0.0697762 0.029063 -0.0970283 0.265392 0.0934436 0.0224525 0.0357019 -0.00355573 -0.0691473 0.109211 0.110303 -0.0725855 -0.0113598 0.111105 -0.0789764 0.0291593 0.0129828 0.00864386 -0.0983277 -0.0515814 -0.0827216
internal_weight=61537.3 43095.4 13991.7 10181.1 5140.04 29103.7 7292.15 1705.74 5041.02 1704.29 3724.35 21811.5 101.342 1466.78 3623.01 3165.18 2010.04 457.826 18442 18347.8 3810.63 737.323 1336.49 1415.69 225.733 224.477 257.558 21665.8 1273.39 1087.93
internal_count=1785228 1585515 285224 158501 102121 1300291 284017 34634 56380 34601 51791 1016274 459 23862 51332 41448 30796 9884 199713 196715 126723 16839 18021 50330 5382 5342 6149 1014392 44351 42802
is_linear=0
shrinkage=0.1


Tree=21
num_leaves=31
num_cat=0
split_feature=13 52 66 4 34 66 66 65 5 70 41 37 39 46 24 34 76 65 65 18 48 14 66 68 19 5 37 30 4 38
split_gain=30457.7 8780.87 3501.11 2214.28 983.255 959.027 3104.46 531.308 504.779 492.569 403.632 403.403 398.486 379.1 1206.4 359.071 421.965 323.913 468.141 434.717 387.983 328.159 296.877 312.696 291.85 281.876 400.819 274.628 646.148 339.254
threshold=1271.408630371094 8.0833334922790545 247.50000000000003 6.5000000000000009 62.000000000000007 219.50000000000003 247.50000000000003 256.50000000000006 3544.5000000000005 4262795.7500000009 1107.706237792969 177.84494781494143 2124.5000000000005 1.0000000180025095e-35 7262.0000000000009 114.00000000000001 6148422.5000000009 296.50000000000006 249.50000000000003 1097.5000000000002 1.0000000180025095e-35 17.155943830000002 245.50000000000003 38.000000000000007 14810.000000000002 1.0000000180025095e-35 0.36911670863628393 1.0000000180025095e-35 26.500000000000004 183.00000000000003
decision_type=2 2 2 2 2 2 2 2 2 2 2 2 2 2 2 2 2 2 2 2 2 2 2 2 2 2 2 2 2 2
left_child=1 2 3 4 22 9 8 24 12 27 -2 15 -7 -4 -15 16 17 18 20 -20 -6 -19 23 -1 -5 26 -8 -3 -29 -30
right_child=10 5 13 7 11 6 25 -9 -10 -11 -12 -13 -14 14 -16 -17 -18 21 19 -21 -22 -23 -24 -25 -26 -27 -28 28 29 -31
leaf_value=-0.089979991192612685 -0.034320308586255281 -0.10088100504106914 -0.097486501873153969 0.10317588933873562 -0.097020208322327314 0.10433099975137937 0.21597628566558918 -0.08448257873965842 -0.074082215649095381 0.092589305155754906 0.10957720307646333 0.2052288076859009 -0.085760473892595335 0.11167875834662842 -0.10222765782072366 0.063617602782947272 0.12266646363468432 -0.085004791529859125 0.13052112537651472 -0.079473511829320082 0.18232222857294683 0.052623280274979693 0.25308937389022218 0.092844594012270368 -0.11989538177413675 -0.095668616343631163 -0.098675349902709319 0.12936104685248714 -0.098134015999578744 0.12355048830245648
leaf_weight=1323.4946735203266 197.23473713360727 18515.329486737028 2227.9041769243777 4495.68087811023 352.61049118638039 1304.7782418485731 71.249019410461187 161.17066300660372 221.25060625374317 136.66872746311128 16683.448369435966 122.21011281013489 120.45865517295897 406.96545241773129 748.75651706568897 1241.9474484827369 238.01551229692996 835.77396205626428 434.31233589909971 127.52622965909541 57.882828816771507 218.55321377515793 27.768382463604212 100.66766116768122 59.425881441682577 4959.3127864338458 93.759654115885496 169.93996958434582 923.99349351786077 74.606462460011244
leaf_count=53260 4205 970041 85645 50409 9350 18054 630 5467 10739 1882 195508 790 5841 3236 32691 10713 2102 22817 2471 1996 393 1372 451 1209 852 245667 3086 1549 42449 353
internal_value=-0.00465062 -0.0524194 0.0143198 0.0446083 -0.00119574 -0.0855004 -0.053008 0.0939522 0.066449 -0.0966 0.107896 0.0266307 0.0882648 -0.0733783 -0.0269046 0.0204064 -0.00329068 -0.0180834 0.0235464 0.0828565 -0.0576307 -0.0564756 -0.0707428 -0.0770569 0.100266 -0.0913905 0.0371879 -0.0979136 -0.0508959 -0.0815717
internal_weight=56652.7 39772 13180.7 9797.04 5080.76 26591.3 6770.81 4716.28 1646.49 19820.5 16880.7 3628.83 1425.24 3383.63 1155.72 3506.62 2264.67 2026.66 972.332 561.839 410.493 1054.33 1451.93 1424.16 4555.11 5124.32 165.009 19683.9 1168.54 998.6
internal_count=1785228 1585515 285224 163652 106924 1300291 284017 56728 34634 1016274 199713 52004 23895 121572 35927 51214 40501 38399 14210 4467 9743 24189 54920 54469 51261 249383 3716 1014392 44351 42802
is_linear=0
shrinkage=0.1


Tree=22
num_leaves=31
num_cat=0
split_feature=13 52 66 4 66 66 34 65 70 29 65 65 24 46 24 72 48 65 37 68 5 37 4 17 19 30 4 38 24 12
split_gain=27174 7749.93 3070.75 1968.72 1115.19 3112.98 852.387 465.263 443.475 399.803 353.754 794.135 553.471 344.031 1062.05 334.852 327.581 289.267 258.476 342.736 256.191 324.615 261.052 554.986 255.393 255.274 576.475 297.842 245.077 229.259
threshold=1496.0494384765627 8.0833334922790545 247.50000000000003 6.5000000000000009 219.50000000000003 247.50000000000003 62.000000000000007 256.50000000000006 4262795.7500000009 2.5000000000000004 249.50000000000003 296.50000000000006 156132.00000000003 1.0000000180025095e-35 7262.0000000000009 8306.5000000000018 1.0000000180025095e-35 274.50000000000006 71.572998046875014 38.000000000000007 1.0000000180025095e-35 0.36911670863628393 25151.000000000004 517670.18750000006 14810.000000000002 1.0000000180025095e-35 26.500000000000004 183.00000000000003 1083.0000000000002 6.0909090042114267
decision_type=2 2 2 2 2 2 2 2 2 2 2 2 2 2 2 2 2 2 2 2 2 2 2 2 2 2 2 2 2 2
left_child=1 2 3 6 8 9 18 24 25 17 16 28 -13 -4 -15 -11 -8 -6 -1 -20 21 -7 -22 29 -5 -3 -27 -28 -12 -24
right_child=-2 4 13 7 5 20 10 -9 -10 15 11 12 -14 14 -16 -17 -18 -19 19 -21 22 -23 23 -25 -26 26 27 -29 -30 -31
leaf_value=-0.10036164829863169 0.10801042649653947 -0.10052230357727393 -0.096460372648863243 0.10001244851720625 0.1070109939492592 0.18936845188862683 -0.099272533816711861 -0.081600467233884214 0.088899272271929689 0.11164100782995197 0.11783658353159064 -0.083238567750647655 0.033095038670098213 0.10503128745996702 -0.1019600111039719 -0.022391993600359858 0.14692087095437356 -0.076466407565601996 -0.042044473140648429 0.21013753612415109 -0.097286935161687224 -0.097433734827602148 4.0428283028101104 -0.096935418428719528 -0.11558924164316844 0.12778454630798403 -0.097434038713410318 0.11035422529766857 -0.0115794919346692 0.57525652769419688
leaf_weight=887.71967794746161 15181.08067169413 16856.640528613701 2036.2646619603038 4190.0332276336849 122.06903950311244 73.029483564198017 353.67871583066881 150.7240355219692 128.53605766221881 1158.417798589915 1039.0369694661349 602.93718556687236 1271.1981743033975 390.33602786622941 679.19112330488861 222.13481476157904 63.794821806252003 290.22522299923003 404.02904766984284 62.188124157488346 4527.1395735219121 85.864159317687154 0.19298662617802875 33.859843099489808 55.672006919980049 155.56849940493703 841.77018316648901 75.141235440969467 170.31246724911034 15.860298439860342
leaf_count=38457 195396 971689 85645 50409 2341 630 9632 5467 1882 16423 8503 20160 10692 3236 32691 7139 418 10185 16175 288 244818 3086 8 1698 852 1549 42449 353 2599 358
internal_value=-0.00462447 -0.0509091 0.0136963 0.0425797 -0.0833797 -0.0479604 -0.00131883 0.091056 -0.0961856 0.0642683 0.0247388 0.0364351 -0.00433121 -0.0723396 -0.0264162 0.0900747 -0.0616513 -0.0221438 -0.0686975 -0.00840623 -0.0904458 0.0343841 -0.0947793 0.132665 0.0971854 -0.0975125 -0.0502067 -0.0804057 0.0996109 0.616942
internal_weight=52124.6 36943.6 12357.1 9251.32 24586.4 6528.79 4854.9 4396.43 18057.7 1792.85 3500.96 3083.48 1874.14 3105.79 1069.53 1380.55 417.474 412.294 1353.94 466.217 4735.95 158.894 4577.05 49.9131 4245.71 17929.1 1072.48 916.911 1209.35 16.0533
internal_count=1785228 1589832 285224 163652 1304608 286686 106924 56728 1017922 36088 52004 41954 30852 121572 35927 23562 10050 12526 54920 16463 250598 3716 246882 2064 51261 1016040 44351 42802 11102 366
is_linear=0
shrinkage=0.1


Tree=23
num_leaves=31
num_cat=0
split_feature=13 52 67 48 66 66 66 66 65 65 35 11 21 70 24 46 52 4 1 3 70 69 21 20 19 65 65 46 17 30
split_gain=24243.6 6994.91 2707.07 1222.71 1068.11 2760.31 617.28 1270.05 667.051 654.599 491.975 448.017 405.607 401.892 377.672 795.762 366.609 340.445 298.023 511.189 292.728 265.758 280.861 261.043 240.238 272.712 679.322 541.44 494.118 237.706
threshold=1496.0494384765627 8.0833334922790545 2.5000000000000004 1.0000000180025095e-35 219.50000000000003 247.50000000000003 235.50000000000003 219.50000000000003 249.50000000000003 251.50000000000003 34.000000000000007 3.0000000000000004 1024026.6250000001 3741530.0000000005 7262.0000000000009 1.0000000180025095e-35 7.2249999046325692 2488.5000000000005 6754429.5000000009 3.5000000000000004 1742.8252563476565 14599.500000000002 10500383.000000002 28498.000000000004 1395.0000000000002 296.50000000000006 269.50000000000006 1.0000000180025095e-35 1.0000000180025095e-35 1.0000000180025095e-35
decision_type=2 2 2 2 2 2 2 2 2 2 2 2 2 2 2 2 2 2 2 2 2 2 2 2 2 2 2 2 2 2
left_child=1 2 3 6 13 17 7 8 -1 -10 -4 -9 24 29 15 -8 -13 18 19 -6 -20 -14 -23 -21 25 26 -11 -27 -29 -3
right_child=-2 4 10 -5 5 -7 14 11 9 12 -12 16 21 -15 -16 -17 -18 -19 20 23 -22 22 -24 -25 -26 27 -28 28 -30 -31
leaf_value=-0.092651289908362869 0.1067987503445666 -0.10019232077982471 0.1018303342076023 -0.082323546861721289 0.12190059016095833 -0.089480351079763223 -0.094321720281228094 0.13000854341453735 0.12761073549108726 -0.12396276800475979 -0.090223640592955359 0.12023699882256111 0.10331634791176353 0.081357347734871063 -0.10223582364756144 0.10711788194892879 2.6097467629282085 -0.091841478444067523 0.12936309034847218 0.12005355312364055 -0.099445803621247761 0.027540618445118733 -0.20386817616870323 -0.07942067523169552 -0.099739205943831247 -0.10150191712220419 0.12282562270624681 0.26769993235744827 -0.0060293374030411934 -0.049499840092169539
leaf_weight=657.58049097284675 13884.34509588778 15300.319629427046 2956.2104568462819 2096.8253666758537 326.4060411285609 4337.8801342891529 429.38759890012443 849.43017747066915 465.01209461316466 159.64892824366689 139.68424697034061 1.067399371415376 497.59611154533923 127.14061273820698 725.68795657344162 360.96440739370883 1.3268263060599563 137.3826025724411 785.74145860783756 80.175917830318213 60.197444306686521 449.403743468225 59.37816408649087 360.99771891161799 367.27266089618206 597.43376120459288 370.13136203959584 81.237709762528539 350.34080241248012 984.54608155041933
leaf_count=19061 195396 971512 37990 98369 3365 250598 15855 8207 4582 2937 3170 8 4591 2066 35993 3125 41 7457 9026 781 2637 4111 387 12822 10956 24568 3285 514 7474 44344
internal_value=-0.00460336 -0.0499406 0.0130806 -0.0160205 -0.0824742 -0.0467038 0.00562491 0.0228566 -0.000461118 0.0173824 0.093165 0.133859 -9.70881e-05 -0.0957449 -0.0501478 -0.00232154 1.49987 0.0592757 0.0721426 0.027025 0.113081 0.0513538 0.000533704 -0.0431696 -0.0269804 -0.00983747 0.0484561 -0.0398495 0.0454958 -0.0971276
internal_weight=48000.8 34116.4 11615.6 8519.73 22500.8 6088.78 6422.9 4906.86 4055.04 3397.46 3095.89 851.824 2932.44 16412 1516.04 790.352 2.39423 1750.9 1613.52 767.58 845.939 1006.38 508.782 441.174 1926.07 1558.79 529.78 1029.01 431.579 16284.9
internal_count=1785228 1589832 285224 244064 1304608 286686 145695 90722 82466 63405 41160 8256 58823 1017922 54973 18980 49 36088 28631 16968 11663 9089 4498 13603 49734 38778 6222 32556 7988 1015856
is_linear=0
shrinkage=0.1


Tree=24
num_leaves=31
num_cat=0
split_feature=13 12 2 21 65 24 66 66 76 37 12 68 43 1 14 2 1 28 73 3 1 24 21 65 65 43 21 66 24 24
split_gain=21642.2 6323.27 3101.84 1014.26 769.761 663.696 610.914 1676.09 491.273 587.501 524.935 506.475 455.282 2523.99 347.689 296.097 396.113 363.021 283.307 274.716 1209.41 271.727 261.307 248.476 240.288 231.261 226.976 224.85 214.031 270.513
threshold=1496.0494384765627 12.600000381469728 3.5000000000000004 190.12000274658206 249.50000000000003 1083.0000000000002 219.50000000000003 247.50000000000003 10711150.500000002 66.24570465087892 5.9642856121063241 26.000000000000004 1.0000000180025095e-35 13210.000000000002 6384.0632489402806 5.5000000000000009 7765815.5000000009 6707153.5000000009 18699350.000000004 1.0000000180025095e-35 31913.500000000004 1083.0000000000002 10500383.000000002 29517.500000000004 29517.500000000004 1.0000000180025095e-35 6495.2500000000009 219.50000000000003 996057.00000000012 3496.5000000000005
decision_type=2 2 2 2 2 2 2 2 2 2 2 2 2 2 2 2 2 2 2 2 2 2 2 2 2 2 2 2 2 2
left_child=1 2 3 -1 25 14 -3 15 9 11 -11 12 -5 26 23 21 -17 -18 -7 20 -15 -8 -20 -6 28 -4 -14 -2 29 -13
right_child=27 6 4 8 5 18 7 -9 -10 10 -12 24 13 19 -16 16 17 -19 22 -21 -22 -23 -24 -25 -26 -27 -28 -29 -30 -31
leaf_value=-0.070668640935799554 -0.10474078897303847 -0.10146286099154272 -0.11060570806529889 -0.096971163973139707 0.099951710687007547 -0.11747534249143683 0.12080486771694793 -0.097301681103297802 0.10253254709192852 0.07998512578191197 -0.10325778844861751 0.029058757565974827 3.1113779563696986 4.9492528284785067 -0.061034304931793362 -0.095942421358170438 0.12610924547094235 -0.071513931103413392 0.054492895363178417 0.025652517070983691 -0.10165898973229037 -0.086399689132715285 -0.20721951379174999 -0.10559052827013626 -0.1051354956355522 0.038203195260395534 5.6804146424867774 0.10648880318677922 0.066897821897657611 -0.052522676741242218
leaf_weight=4206.2893043793738 50.596152432262897 12652.895161913708 304.14629950281233 1287.9554085545242 3725.1577828200534 203.71526611596346 486.2283173725009 3120.6108747832477 395.00697260908782 943.3200419889763 187.38832836784422 837.70708383712918 1.4623100347816933 0.61367709375917856 145.09079781360924 279.46356151718646 270.77336409315467 141.53905023727566 363.56435934081674 107.12821965478361 2.0837112478911877 72.760699544101954 42.623443426564336 59.757592275738716 212.60529715381563 159.04676201567054 0.44965486414730538 12642.528551407158 457.45077953767031 789.51124492380768
leaf_count=214645 1350 900663 14788 75021 52528 6771 5267 205185 4347 11761 9779 13719 60 31 6591 12157 2994 6434 2511 1236 130 3054 187 2886 7101 1327 27 194046 4211 24421
internal_value=-0.0045725 -0.0490477 -0.000352462 -0.0341226 0.0632915 0.0758205 -0.0903284 -0.0580997 -0.00468879 -0.0134618 0.0496169 -0.0327543 -0.0801726 0.113458 0.0908829 0.0397076 -0.00402934 0.0582689 -0.0212366 0.0507489 1.04746 0.0938341 0.02703 0.0967065 -0.00386302 -0.0595091 3.71556 0.105647 0.00646527 -0.0105238
internal_weight=44149.5 31456.3 14432.1 9428.97 5003.1 4539.91 17024.3 4371.38 5222.68 4827.68 1130.71 3696.97 1399.69 111.738 3930.01 1250.76 691.776 412.312 609.903 109.826 2.69739 558.989 406.188 3784.92 2297.27 463.193 1.91196 12693.1 2084.67 1627.22
internal_count=1785228 1589832 454078 366489 87589 71474 1135754 235091 151844 147497 21540 125957 76505 1484 62005 29906 21585 9428 9469 1397 161 8321 2698 55414 49452 16115 87 195396 42351 38140
is_linear=0
shrinkage=0.1


Tree=25
num_leaves=31
num_cat=0
split_feature=13 12 2 21 65 65 66 66 65 38 37 76 34 24 4 29 28 24 40 24 65 38 8 20 5 17 26 12 10 9
split_gain=19356.6 5745.82 2729.52 863.669 674.117 588.901 587.736 1509.34 515.932 431.435 390.538 501.906 303.665 294.737 280.573 251.46 259.467 251.169 294.157 260.268 245.263 231.187 226.125 218.634 215.671 214.563 203.503 392.236 659.445 284.907
threshold=1496.0494384765627 12.600000381469728 3.5000000000000004 175.25000000000003 249.50000000000003 274.50000000000006 219.50000000000003 247.50000000000003 29000.000000000004 4.0000000000000009 66.24570465087892 10711150.500000002 114.00000000000001 9836.5000000000018 90.500000000000014 2.5000000000000004 8193681.0000000009 3496.5000000000005 2.466666698455811 627.50000000000011 274.50000000000006 183.00000000000003 8.6677703857421893 480019.50000000006 250.50000000000003 28512826.000000004 1803496.2500000002 93.066665649414077 360.50000000000006 184.2541427612305
decision_type=2 2 2 2 2 2 2 2 2 2 2 2 2 2 2 2 2 2 2 2 2 2 2 2 2 2 2 2 2 2
left_child=1 2 3 -1 25 13 -3 15 24 10 11 12 17 -6 -10 20 26 19 -19 -5 -8 -11 -12 -16 -7 -4 29 28 -28 -17
right_child=-2 6 4 9 5 8 7 -9 14 21 22 -13 -14 -15 23 16 -18 18 -20 -21 -22 -23 -24 -25 -26 -27 27 -29 -30 -31
leaf_value=-0.068689689646275212 0.1047047404325554 -0.10131920621496732 -0.0796504208066455 -0.035944684495179652 0.10371191767962007 -0.10187856400818883 0.12240111663767211 -0.096553065456280937 0.0008964131197312401 -0.085431475447083349 0.076276757665137071 0.1000397315688024 0.11315384557028674 -0.1380892324193656 -0.1030288082031145 0.10117570148352129 -0.057198339830519786 -0.086655714794940719 0.007215726553961352 0.062239044358444955 -0.10020348728094726 0.098145436088388896 -0.090314317909738429 0.12304657133669111 0.44435695354841276 0.16245961399097214 0.13152252478503204 0.17217902228365545 2.2215050983162685 -0.057435111643764816
leaf_weight=3871.1643190877512 11583.292199697345 11464.219917532988 395.67155860643834 657.61207381822169 2798.8270423794165 320.95878224540502 65.037525627762079 2844.451677381061 515.40400533936918 803.5559014370665 919.90596635453403 368.07966083474457 152.55009777564555 51.334798379801214 46.776400290429592 544.42318720370531 151.55310140550137 1083.2270040940493 482.5183473220095 458.03626003209502 207.11777563858777 75.003641504794359 89.397211189381778 500.32160906307399 7.3947615269571534 40.335551857948303 3.6406637486070386 75.874028645455837 2.5792900323867798 142.99556174315512
leaf_count=212454 195396 900663 15916 16566 43647 8776 975 205185 8216 50647 10686 4114 1327 1502 2319 7857 5808 50048 8168 7086 9391 352 5041 6965 49 199 23 376 60 5416
internal_value=-0.00464605 -0.0481136 -0.000771508 -0.0330915 0.0611528 0.0733257 -0.0897636 -0.0569537 0.0199824 -0.00601701 0.0072808 -0.00981623 -0.0240846 0.0993568 0.0538404 0.0374451 0.0623989 -0.0318924 -0.0577272 0.00436525 -0.0470072 -0.0697593 0.0615213 0.103717 -0.0895769 -0.0572525 0.0859532 0.234763 0.998196 0.0681818
internal_weight=40723.3 29140 13638.1 8961.05 4677.02 4241.02 15501.9 4037.67 1390.86 5089.89 4211.33 3202.02 2833.94 2850.16 1062.5 1193.22 921.066 2681.39 1565.75 1115.65 272.155 878.56 1009.3 547.098 328.354 436.007 769.513 82.094 6.21995 687.419
internal_count=1785228 1589832 454078 366489 87589 71474 1135754 235091 26325 154035 103036 87309 83195 45149 17500 29906 19540 81868 58216 23652 10366 50999 15727 9284 8825 16115 13732 459 83 13273
is_linear=0
shrinkage=0.1


Tree=26
num_leaves=31
num_cat=0
split_feature=13 6 34 24 41 66 66 34 66 66 35 41 68 5 14 72 8 39 14 65 14 65 65 22 65 22 9 4 22 65
split_gain=17256.9 5268.32 2504.8 830.087 817.533 655.904 1442.22 610.806 428.732 644.977 568.68 392.447 351.276 346.606 421.906 333.28 322.954 544.707 322.691 309.078 289.88 274.332 303.507 321.261 563.351 263.26 236.671 234.028 263.664 230.958
threshold=1496.0494384765627 26.500000000000004 78.000000000000014 2094.0000000000005 1.0000000180025095e-35 219.50000000000003 247.50000000000003 54.000000000000007 235.50000000000003 234.50000000000003 22.000000000000004 2.2293385267257695 38.000000000000007 188.50000000000003 824.75523175000012 3982.5000000000005 156.25833129882815 542.50000000000011 17.155943830000002 249.50000000000003 10270.725215 410.50000000000006 210.50000000000003 1091239.9375000002 255.50000000000003 294217.95312500006 9.83544969558716 25151.000000000004 535311.28125000012 296.50000000000006
decision_type=2 2 2 2 2 2 2 2 2 2 2 2 2 2 2 2 2 2 2 2 2 2 2 2 2 2 2 2 2 2
left_child=1 2 4 19 7 16 13 -1 9 10 20 -10 18 -7 15 -15 -3 -18 -5 -4 25 22 -9 -24 -25 -6 -12 -8 -29 -21
right_child=-2 5 3 12 8 6 27 21 11 -11 26 -13 -14 14 -16 -17 17 -19 -20 29 -22 -23 23 24 -26 -27 -28 28 -30 -31
leaf_value=-0.08461390286712904 0.10364134202688005 -0.10103410490027849 -0.026298447236537337 -0.09440755623151556 -0.090547138375928121 0.13441462713592256 -0.091498135597589125 -0.088623089813008302 0.12493115275888192 0.12257235563767058 -0.10510016638453215 -0.1054055964461687 0.051349395238908281 0.12458029351820328 -0.075355803059661622 -0.051121911210028896 0.089145712971219662 -0.099153670836176433 0.049227203891700884 0.1054641052884632 0.15226813610353437 -0.081400892159177896 0.032111295165749502 -0.049457358404826755 2.8406752245372191 2.329971041776961 0.13058552312458099 0.38335869445452236 -0.089372067489475196 0.033618482116993614
leaf_weight=3008.090634948574 10583.121104747057 10895.41474354174 230.67872107028961 533.4538054401055 73.88989335205406 312.60832632705569 2842.2905222121626 243.91133687179536 91.467562075704336 638.33112756535411 425.42416009958833 386.6712166024372 577.03832491114736 343.1077619548887 337.61593174189329 157.52184487786144 245.23502144869417 411.25371151324362 221.29641780909151 2691.1538661848754 222.38624882977456 411.35855551157147 1075.1023395350203 1.692824320867657 1.1210989188402889 0.4520822623744597 47.348791015334427 22.244111028499901 25.124628061428666 536.66389029473066
leaf_count=196133 195396 925035 2966 22677 3020 3127 215745 10159 872 7566 16028 19741 4231 4151 15872 6928 5544 30814 1226 44005 2463 18084 21492 39 44 18 683 355 1716 9098
internal_value=-0.00459729 -0.0470077 0.00460361 0.0596954 -0.0352176 -0.0848 -0.0501206 -0.0573693 0.020471 0.048257 -0.0133904 -0.0613424 -0.00738683 0.0445491 0.0110353 0.069296 -0.0969298 -0.0288134 -0.0522931 0.0855272 0.0951213 -0.0100839 0.0121103 0.0349043 1.102 -0.0758277 -0.081496 -0.0878243 0.13262 0.0935189
internal_weight=37593.1 27009.9 11417.5 4790.29 6627.25 15592.4 4040.51 4741.28 1885.97 1407.83 769.501 478.139 1331.79 1150.85 838.246 500.63 11551.9 656.489 754.75 3458.5 296.728 1733.19 1321.83 1077.92 2.81392 74.342 472.773 2889.66 47.3687 3227.82
internal_count=1785228 1589832 380545 84203 296342 1209287 247894 245951 50391 29778 22212 20613 28134 30078 26951 11079 961393 36358 23903 56069 5501 49818 31734 21575 83 3038 16711 217816 2071 53103
is_linear=0
shrinkage=0.1


Tree=27
num_leaves=31
num_cat=0
split_feature=13 12 67 21 65 66 66 76 21 1 22 46 24 43 52 26 24 46 65 52 14 2 1 28 34 65 9 34 66 68
split_gain=15402.5 4823.2 2122.77 855.982 741.541 545.241 1216.68 473.805 390.936 342.38 329.636 309.106 287.481 415.831 255.488 227.82 204.837 248.243 201.513 198.92 195.266 191.94 303.694 272.812 191.493 209.714 187.593 184.69 172.857 263.798
threshold=1496.0494384765627 12.600000381469728 2.5000000000000004 175.25000000000003 254.50000000000003 219.50000000000003 247.50000000000003 10711150.500000002 1300.510437011719 814.50000000000011 13410.280273437502 1.0000000180025095e-35 391549.50000000006 1.0000000180025095e-35 659.29397583007824 1515343.0000000002 3496.5000000000005 1.0000000180025095e-35 29517.500000000004 6.9423077106475839 6803.5685125000009 5.5000000000000009 6754429.5000000009 6707153.5000000009 62.000000000000007 296.50000000000006 207.53096771240237 62.000000000000007 257.50000000000006 22.000000000000004
decision_type=2 2 2 2 2 2 2 2 2 2 2 2 2 2 2 2 2 2 2 2 2 2 2 2 2 2 2 2 2 2
left_child=1 2 3 28 -4 -3 21 8 9 11 -6 24 13 16 15 -2 17 -10 -14 -12 -11 26 -23 -24 -5 -26 -7 -9 29 -1
right_child=14 5 4 7 10 6 -8 27 12 20 19 -13 18 -15 -16 -17 -18 -19 -20 -21 -22 22 23 -25 25 -27 -28 -29 -30 -31
leaf_value=-0.080612174238425663 -0.1305134287292499 -0.10107504586644073 -0.067299368564788561 -0.10257800206984875 -0.088378042749827357 0.11110469983700211 -0.09501276734096209 -0.082950387350290575 -0.067445467456475963 0.098520408091233969 -0.090584122716274362 0.14651617107992615 0.020784223245203119 0.058565937839185768 0.10483378059055525 0.093200828812086967 -0.096116719944883702 0.054417447200110838 -0.10552985686151894 0.1041755962198961 -0.068515015330052387 -0.095310471330668944 0.11993147578865915 -0.064640592523516574 0.034532076639169233 -0.095847940800088682 -0.025094928751443663 0.11712343419709188 -0.095342940812953747 -0.012952981715768214
leaf_weight=1185.5117775751278 87.913920242339373 9416.4479231359437 326.75980255287141 249.83248540852219 96.664613600820303 388.90464437007904 2383.2461885949597 51.792580561712384 528.54654215928167 666.80053484532982 53.618433399125934 114.08131984621286 1225.0921962112188 299.6262031532824 9487.7442361786962 94.397619735449553 1096.7439274014905 244.48140910547227 140.8159503499046 2390.408271336928 78.192790326662362 235.34416332840919 217.80779693555087 126.64468185510486 474.42727230396122 166.72313937265426 136.66275324765593 422.64155984576792 1138.5462870690972 1121.313573108986
leaf_count=81777 1757 900663 14667 15754 4715 2967 205185 966 21078 9723 1398 625 16550 4393 192120 1519 73216 3776 5852 44375 3993 12040 3065 6480 6618 7305 5354 5460 79039 52798
internal_value=-0.00457611 -0.0460616 -0.000628674 -0.0240323 0.0745022 -0.0885639 -0.0547938 -0.000447555 -0.0090406 0.0296141 0.0927394 -0.00846679 -0.0281756 -0.0508028 0.102581 -0.0146782 -0.0683289 -0.0289045 0.00776209 0.0999028 0.0809888 0.0319211 -0.00775296 0.0520699 -0.0283108 0.000628385 0.0756888 0.095282 -0.06346 -0.047724
internal_weight=34647.7 24977.7 12072.6 9205.17 2867.45 12905.1 3488.61 5759.8 5285.36 1750.06 2540.69 1005.06 3535.31 2169.4 9670.06 182.312 1869.77 773.028 1365.91 2444.03 744.993 1105.36 579.797 344.452 890.983 641.15 525.567 474.434 3445.37 2306.83
internal_count=1785228 1589832 454078 388923 65155 1135754 235091 175309 168883 44018 50488 30302 124865 102463 195396 3276 98070 24854 22402 45773 13716 29906 21585 9545 29677 13923 8321 6426 213614 134575
is_linear=0
shrinkage=0.1


Tree=28
num_leaves=31
num_cat=0
split_feature=13 12 67 34 47 65 66 66 76 65 65 46 68 22 19 14 52 21 65 65 21 26 52 4 52 65 15 17 29 65
split_gain=13758.1 4415 1862.87 759.11 934.764 657.525 526.483 1096.1 512.114 503.684 760.241 438.315 340.768 292.301 284.512 265.981 231.997 228.886 223.721 520.429 244.804 203.326 189.045 177.303 176.531 178.935 176.249 198.504 167.215 184.385
threshold=1496.0494384765627 12.600000381469728 2.5000000000000004 62.000000000000007 1.0000000180025095e-35 254.50000000000003 219.50000000000003 247.50000000000003 15908847.500000002 296.50000000000006 210.50000000000003 1.0000000180025095e-35 26.000000000000004 13410.280273437502 4.5000000000000009 407.48103302501357 659.29397583007824 10500383.000000002 229.50000000000003 249.50000000000003 2011.7500000000002 1515343.0000000002 512.03192138671886 533.50000000000011 6.9423077106475839 255.50000000000003 262.93301895000008 222856.14062500003 2.5000000000000004 274.50000000000006
decision_type=2 2 2 2 2 2 2 2 2 2 2 2 2 2 2 2 2 2 2 2 2 2 2 2 2 2 2 2 2 2
left_child=1 2 3 4 14 -4 -3 28 9 10 -5 -11 -13 -7 -1 -16 21 26 -12 -20 -21 -2 -6 -24 -15 -26 27 -14 29 -8
right_child=16 6 5 8 22 13 7 -9 -10 11 18 12 17 24 15 -17 -18 -19 19 20 -22 -23 23 -25 25 -27 -28 -29 -30 -31
leaf_value=-0.045456669581492137 -0.13043149848610056 -0.1009673555813962 -0.063092576424306754 -0.10610208764844042 -0.081874716340871678 -0.084494365553765202 0.1006581699559138 -0.094087207194432976 0.11490849107956186 -0.089457002900909188 0.14251485490080537 -0.1016898338947267 -0.11002696162780212 -0.087690094290288095 -0.061658466113601575 0.10501514935549933 0.10415928468847435 -0.19763297632214272 -0.1058281343025006 0.09528256046582334 -0.046871436044233272 0.08990704750903622 1.2866362240167719 0.14930371502593681 1.3210836796124541 0.10159767445468433 0.17646318390166671 0.030213703293035667 0.051427597609243626 -0.098957853576421118
leaf_weight=302.12618516199291 79.595957737416029 8528.980758016929 314.3605120619759 313.92022703960538 3123.0072582615539 91.282701695337892 63.624512461945415 2176.6116367178038 385.22514024283737 914.5016716895625 299.02673972956836 286.75235029775649 111.1591227799654 50.035943410359323 118.51759098563343 498.29961430560797 8637.6435839980841 47.252167090773582 190.14596968330443 843.73035710025579 141.4534932365641 88.3859390206635 1.7923103161156166 5.8269479731097817 1.2038713321089733 2200.1305958805606 73.833643058314919 1096.8381612757221 820.06758096721023 169.68286407645792
leaf_count=9764 1757 900663 14667 15275 233049 4715 975 205185 5200 46242 2921 23059 2805 1398 4101 7758 192120 197 5935 8907 3222 1519 26 216 33 44342 567 19679 19540 9391
internal_value=-0.00450665 -0.0449453 -0.000631236 -0.0228924 -0.0546309 0.0727073 -0.0879459 -0.0535619 0.00443142 -0.00542326 0.0352004 -0.0341334 -0.00282233 0.0909303 0.0340475 0.0729899 0.101896 0.0185085 0.0652865 0.0456381 0.074872 -0.0144974 -0.0806609 0.416843 0.0980429 0.102265 0.0264762 0.0173088 0.0301763 -0.0445212
internal_weight=31975 23169.4 11410.4 8753.41 4049.57 2657.01 11759 3229.99 4703.84 4318.61 1788.28 2530.34 1615.84 2342.65 918.943 616.817 8805.63 1329.08 1474.36 1175.33 985.184 167.982 3130.63 7.61926 2251.37 2201.33 1281.83 1208 1053.37 233.307
internal_count=1785228 1589832 454078 388923 254914 65155 1135754 235091 134009 128809 36260 92549 46307 50488 21623 11859 195396 23248 20985 18064 12129 3276 233291 242 45773 44375 23051 22484 29906 10366
is_linear=0
shrinkage=0.1


Tree=29
num_leaves=31
num_cat=0
split_feature=13 12 67 34 47 65 66 66 76 65 65 46 68 22 34 14 66 66 65 65 65 65 21 52 26 1 4 66 67 24
split_gain=12293.9 4005.85 1633.03 666.067 831.179 581.276 527.363 992.773 449.199 428.307 657.192 402.212 303.742 261.3 245.726 296.165 219.075 217.561 195.849 442.306 235.359 516.495 188.948 159.074 154.173 153.52 150.117 223.417 182.592 149.694
threshold=1496.0494384765627 12.600000381469728 2.5000000000000004 62.000000000000007 1.0000000180025095e-35 254.50000000000003 219.50000000000003 247.50000000000003 10711150.500000002 296.50000000000006 210.50000000000003 1.0000000180025095e-35 26.000000000000004 10351.843750000002 46.000000000000007 407.48103302501357 243.50000000000003 219.50000000000003 229.50000000000003 249.50000000000003 251.50000000000003 269.50000000000006 10500383.000000002 6.9423077106475839 529955.15625000012 4711.0000000000009 408.50000000000006 245.50000000000003 4.5000000000000009 1010578.5000000001
decision_type=2 2 2 2 2 2 2 2 2 2 2 2 2 2 2 2 2 2 2 2 2 2 2 2 2 2 2 2 2 2
left_child=1 2 3 4 14 -4 -3 26 9 10 -5 -11 -13 -7 15 -1 17 -2 -12 -20 -21 -22 24 -15 29 -16 28 -28 -8 -14
right_child=16 6 5 8 -6 13 7 -9 -10 11 18 12 22 23 25 -17 -18 -19 19 20 21 -23 -24 -25 -26 -27 27 -29 -30 -31
leaf_value=-0.062061826503595409 -0.10514280154616701 -0.10086931030597326 -0.058945727268748131 -0.10565118609680164 -0.078777220735309308 -0.093672944464262109 0.093720097045208228 -0.093088838402418245 0.1098531197250464 -0.088484945136456827 0.13489458082867253 -0.10148023263495186 0.043411155242233157 -0.085104857206219658 -0.10364696512074865 0.11454681448171562 -0.098321598445547095 0.1039223313280085 -0.10478429073494816 0.12842343374376144 -0.11241687956396573 0.091879943758883462 -0.18141737153306076 0.099661321553111762 -0.088726424771873216 0.029183937351365541 -0.045977569104512263 0.099837316214782923 -0.073668569790592608 -0.11724543207244141
leaf_weight=123.08711753413081 50.090907430276275 7724.4611680516973 303.41950686648488 285.16606134548783 2899.3832591315731 75.702116621658206 415.34472214523703 1989.554110144265 368.5998118519783 837.91110245324671 284.4386332007125 259.88192878011614 1094.5374320708215 47.684038510546088 164.83346591982991 415.42518390808254 54.635943181812763 7912.0878067947924 173.67880163528025 390.90056643728167 180.2279210370034 394.89356457907706 46.369082927703857 2043.1706243827939 110.52513534389436 184.28993442188948 409.15054929256439 141.39021620899439 77.294736729003489 61.242550380527973
leaf_count=4647 1350 900663 14667 15274 233291 4333 3954 205185 5469 46011 2918 23058 18380 1448 6780 6235 852 193194 5935 4374 3085 4637 197 44707 3563 3961 19761 3069 3122 1108
internal_value=-0.00445277 -0.0438574 -0.000671617 -0.0219696 -0.0528555 0.0706851 -0.0869957 -0.0516593 0.00409006 -0.00537265 0.032917 -0.0325245 -0.00270694 0.0888394 0.0318153 0.0741796 0.101238 0.102607 0.0606635 0.0421375 0.0685522 0.0278587 0.0168481 0.0954475 0.0241081 -0.0335302 0.027355 -0.0085293 0.0674569 0.0348983
internal_weight=29519.4 21502.6 10745.4 8275.39 3787.02 2469.98 10757.2 3032.73 4488.37 4119.77 1709.31 2410.47 1572.56 2166.56 887.636 538.512 8016.81 7962.18 1424.14 1139.7 966.022 575.121 1312.67 2090.85 1266.31 349.123 1043.18 550.541 492.639 1155.78
internal_count=1785228 1589832 454078 388923 254914 65155 1135754 235091 134009 128540 36223 92317 46306 50488 21623 10882 195396 194544 20949 18031 12096 7722 23248 46155 23051 10741 29906 22830 7076 19488
is_linear=0
shrinkage=0.1


Tree=30
num_leaves=31
num_cat=0
split_feature=13 12 67 34 47 66 66 65 76 65 65 19 22 14 34 34 21 52 14 26 39 34 3 19 65 24 65 27 5 68
split_gain=11001.9 3638.69 1431.32 583.283 734.694 518.205 898.496 513.931 393.716 374.862 602.194 345.641 230.864 221.022 262.488 203.774 214.926 199.506 195.366 181.237 172.931 170.031 355.853 162.43 184.189 196.627 159.313 251.855 401.357 243.334
threshold=1496.0494384765627 12.600000381469728 2.5000000000000004 62.000000000000007 1.0000000180025095e-35 219.50000000000003 258.50000000000006 254.50000000000003 15908847.500000002 274.50000000000006 210.50000000000003 91.500000000000014 13410.280273437502 407.48103302501357 46.000000000000007 102.00000000000001 10500383.000000002 615.19284057617199 2641.5659546930306 1584522.2500000002 2920.5000000000005 6156.0000000000009 131.50000000000003 118.50000000000001 229.50000000000003 1083.0000000000002 274.50000000000006 609278.53125000012 146.50000000000003 30.000000000000004
decision_type=2 2 2 2 2 2 2 2 2 2 2 2 2 2 2 2 2 2 2 2 2 2 2 2 2 2 2 2 2 2
left_child=1 2 3 4 13 -3 20 -4 9 10 -5 -11 -9 -1 -15 -13 -17 19 -16 -2 26 -8 -23 -12 -25 -26 -7 28 -28 -29
right_child=17 5 7 8 -6 6 21 12 -10 11 23 15 -14 14 18 16 -18 -19 -20 -21 -22 22 -24 24 25 -27 27 29 -30 -31
leaf_value=-0.067861203244327206 -0.14327781841430573 -0.10077988401054797 -0.054893880845428802 -0.10522775567885048 -0.076742029258141831 0.12449310147601352 -0.10037870570623893 -0.078060896626618997 0.1076963530314302 -0.077870457132005688 0.099040190104768944 -0.03267021193802578 0.093714347452422256 0.10860281193464053 0.071075036604699687 0.057750062029480326 -0.16873532251938253 0.10302373337933804 -0.098945560591656656 0.087834869321035292 -0.098851829728314855 0.68297051280822618 -0.10177604778825233 0.14211918881887362 0.041615163796117904 -0.091534269187723019 0.12502347920991852 -0.093351273014553454 -0.085093397350396033 0.11261171421283839
leaf_weight=181.42734913807362 63.110850566998124 6995.2681624409743 293.75749894417822 259.04989553894848 2689.549383379519 155.80033543612808 1662.8768068263307 81.557222684845328 335.88210266269743 920.01513010449708 613.67792334407568 829.90403077472001 1924.2602412253618 395.41564998310059 127.40543153509498 605.57455729041249 45.014002919197083 7151.6361366435885 143.9392651990056 73.387996811419725 113.25023341923952 8.6135096866637486 17.556159623898566 115.10503639280796 379.50630191154778 156.70457669347525 120.8600074807182 70.119778527878225 366.84675357118249 315.27605323959142
leaf_count=7282 1711 900663 14667 15275 233291 1487 192120 4715 5200 59246 9796 27361 45773 6235 1834 7013 201 192212 6272 1473 8485 70 1585 743 4025 5149 1043 3814 20385 6102
internal_value=-0.00439339 -0.0428497 -0.000692811 -0.0211376 -0.0511505 -0.0861704 -0.0500736 0.0686383 0.00378417 -0.00510914 0.0336785 -0.0297348 0.0867299 0.0299987 0.0566267 0.000177897 0.0420796 0.100738 -0.0191152 -0.0190211 0.0184329 -0.0963984 0.156516 0.0621242 0.0273416 0.002703 0.0313423 0.01472 -0.0330237 0.0751383
internal_weight=27212.3 19924.2 10097.7 7798.17 3537.74 9826.47 2831.2 2299.57 4260.43 3924.55 1524.04 2400.51 2005.82 848.188 666.76 1480.49 650.589 7288.13 271.345 136.499 1142.15 1689.05 26.1697 1264.99 651.316 536.211 1028.9 873.103 487.707 385.396
internal_count=1785228 1589832 454078 388923 254914 1135754 235091 65155 134009 128809 34988 93821 50488 21623 14341 34575 7214 195396 8106 3184 41316 193775 1655 19713 9917 9174 32831 31344 21428 9916
is_linear=0
shrinkage=0.1


Tree=31
num_leaves=31
num_cat=0
split_feature=13 6 4 66 66 66 66 34 66 8 39 17 66 30 5 14 72 4 66 66 5 66 65 66 23 66 34 24 46 35
split_gain=9831.9 3348.48 1331.18 568.798 867.307 458.884 801.37 667.297 401.856 239.175 343.609 234.182 239.331 244.826 204.701 253.834 241.3 197.55 194.772 187.483 179.238 190.813 175.069 178.038 173.273 171.713 164.43 311.205 154.797 185.982
threshold=1496.0494384765627 26.500000000000004 12.500000000000002 219.50000000000003 247.50000000000003 247.50000000000003 234.50000000000003 62.000000000000007 235.50000000000003 148.59027862548831 542.50000000000011 279143.01562500006 227.50000000000003 1.0000000180025095e-35 188.50000000000003 824.75523175000012 3982.5000000000005 25151.000000000004 235.50000000000003 219.50000000000003 1.0000000180025095e-35 28952.000000000004 274.50000000000006 245.50000000000003 14963.500000000002 237.50000000000003 102.00000000000001 13992.000000000002 1.0000000180025095e-35 22.000000000000004
decision_type=2 2 2 2 2 2 2 2 2 2 2 2 2 2 2 2 2 2 2 2 2 2 2 2 2 2 2 2 2 2
left_child=1 2 5 9 14 6 7 28 11 -3 -11 12 13 -4 -5 16 -16 20 19 -2 21 -6 23 25 -17 -8 -7 -28 -1 -30
right_child=18 3 8 4 17 26 22 -9 -10 10 -12 -13 -14 -15 15 24 -18 -19 -20 -21 -22 -23 -24 -25 -26 -27 27 -29 29 -31
leaf_value=-0.091353396686930377 -0.10484856233173463 -0.10060929920821989 -0.054084006056396072 0.11099985535878361 -0.10556036415996449 -0.075047432251887994 0.13723438447252631 0.012362872142495226 -0.098442683140869042 0.075952133499759406 -0.097860224670186458 0.10110624780806872 0.12112627093255196 0.12802257232212891 0.11040427799853442 0.16449989607955862 -0.050388122268842567 0.12732261729340486 -0.062763331682260198 0.10332664798283989 -0.095395523398514245 0.12555393506335941 -0.067582951403547045 0.41484306956913414 -0.097061207843663774 -0.095495402132325061 0.085738981720869328 -0.10146913085283096 0.095724163143961816 -0.10587220266257125
leaf_weight=1077.6082505015656 43.550984488800168 6717.9893435966223 331.2981694592163 259.97334887739271 65.411608324386179 1523.4026690330356 419.12945933453739 2497.8919398710132 133.72912835516036 192.25454003876075 278.49266686430201 1536.8030152674764 191.29630041308701 94.993450889363885 273.94181027170271 28.331851440481842 141.55995858460665 44.223772353958338 72.590236846357584 6515.6335056871176 1736.5752432639711 78.709922050125897 47.939290222711861 21.39273922611028 238.80852075852454 34.297053659334779 194.51249697059393 163.38220236916095 104.51183927245438 81.407783307135105
leaf_count=96104 1350 923117 14525 3127 3403 135516 6696 52173 3739 5785 32491 40641 2395 1642 4151 174 6928 2071 1354 192692 211033 1309 3327 268 15698 1973 2356 12815 1365 5010
internal_value=-0.00433253 -0.0417638 0.00462568 -0.0807602 -0.0431044 -0.0195486 -0.00147007 -0.0175935 0.0697647 -0.0957809 -0.0268747 0.0802059 0.0281974 -0.013504 0.0354863 0.0067282 0.0556229 -0.0815895 0.100142 0.101944 -0.086502 0.0206594 0.114543 0.132931 -0.0693211 0.119631 -0.0607179 0.000276767 -0.0768148 0.00745208
internal_weight=25141.6 18509.9 8453.6 10056.3 2867.54 6165.48 4284.18 3761.42 2288.12 7188.74 470.747 2154.39 617.588 426.292 942.615 682.642 415.502 1924.92 6631.77 6559.18 1880.7 144.122 522.759 474.819 267.14 453.427 1881.3 357.895 1263.53 185.92
internal_count=1785228 1589832 380545 1209287 247894 317603 166916 154652 62942 961393 38276 59203 18562 16167 30078 26951 11079 217816 195396 194042 215745 4712 12264 8937 15872 8669 150687 15171 102479 6375
is_linear=0
shrinkage=0.1


Tree=32
num_leaves=31
num_cat=0
split_feature=13 12 67 66 66 34 47 65 76 65 65 46 68 24 14 34 66 14 66 15 14 37 52 66 66 68 65 65 65 3
split_gain=8788.2 3059.17 1097.1 475.203 751.268 454.928 582.06 422.821 333.609 294.017 488.117 287.835 243.296 202.573 184.189 207.238 178.383 170.477 168.96 163.62 155.778 145.624 234.071 183.361 226.995 1279.09 3035.11 181.067 643.315 508.396
threshold=1496.0494384765627 12.600000381469728 2.5000000000000004 219.50000000000003 258.50000000000006 62.000000000000007 1.0000000180025095e-35 254.50000000000003 10711150.500000002 274.50000000000006 210.50000000000003 1.0000000180025095e-35 26.000000000000004 1215.5000000000002 407.48103302501357 46.000000000000007 235.50000000000003 1918.3810500397351 219.50000000000003 262.93301895000008 3659.5755270000004 6279.4501953125009 352.76069641113287 257.50000000000006 256.50000000000006 30.000000000000004 283.50000000000006 228.00000000000003 260.50000000000006 1.5000000000000002
decision_type=2 2 2 2 2 2 2 2 2 2 2 2 2 2 2 2 2 2 2 2 2 2 2 2 2 2 2 2 2 2
left_child=1 2 5 -3 -5 6 14 -4 9 10 -7 -11 -13 17 -1 -16 18 -9 -2 -14 -17 -8 23 24 27 -26 -27 -23 29 -29
right_child=16 3 7 4 -6 8 21 13 -10 11 -12 12 19 -15 15 20 -18 -19 -20 -21 -22 22 -24 -25 25 26 -28 28 -30 -31
leaf_value=-0.065633677430925588 -0.1043768995898722 -0.10062575735626163 -0.051686036414991511 0.016780530358712065 -0.095526986194012384 -0.10488466141922004 -0.094245055412989401 0.095629219480941025 0.10276412049116737 -0.075832529025970874 0.055299035756656026 -0.1011400256512015 0.0070544749844029643 -0.12169774473711192 0.10187385580831002 0.061478303774322687 -0.057598302174496831 -0.056050654132062172 0.10293615359829066 0.16553152410667382 -0.10098405013689427 -0.10039885473752697 0.45224957585066883 -0.088243958323816943 -0.10093555361749454 8.642289856204437 -0.10104908527628437 0.38267495066888602 -0.076882387765890667 -0.1011869045928088
leaf_weight=164.36767835076898 39.57555552944541 5742.9524846170098 269.70445083174855 1033.5432398924604 1405.7863898104988 225.72183344746009 1340.1396904336289 1607.1219657091424 310.52517232578248 802.30002731690183 1209.9799370868132 207.35940785519779 1152.6295615257695 47.068623146507889 358.50463881064206 119.46931559033692 71.263477535918355 77.679985351394862 5916.8170732446015 69.051174008287489 116.64503388572484 149.35953669343144 9.4313883772119862 526.78237355872989 7.0302132060751301 0.60617575328797091 1.1507065147161482 71.528591372072697 183.15146237704903 31.18105928786099
leaf_count=7282 1350 900663 14667 41316 193775 15274 138312 43839 5469 47250 19710 23058 22681 1431 6235 1920 1354 5218 192692 567 6186 14258 120 56327 766 59 112 2508 17796 3033
internal_value=-0.00426005 -0.0405982 -0.000563835 -0.0849196 -0.0479423 -0.019098 -0.0479545 0.0647818 0.00324203 -0.00518551 0.0301149 -0.0278987 -0.000987371 0.0829194 0.0280633 0.0539635 0.099677 0.0886358 0.101559 0.0160118 -0.0187812 -0.0728198 -0.0435276 -0.0483442 -0.00100605 0.502199 2.91566 -0.0111657 0.0354577 0.235782
internal_weight=23268.4 17240.8 9058.49 8182.28 2439.33 7056.91 3079.35 2001.58 3977.57 3667.04 1435.7 2231.34 1429.04 1731.87 758.987 594.619 6027.66 1684.8 5956.39 1221.68 236.114 2320.36 980.222 970.79 444.008 8.7871 1.75688 435.221 285.861 102.71
internal_count=1785228 1589832 454078 1135754 235091 388923 254914 65155 134009 128540 34984 93556 46306 50488 21623 14341 195396 49057 194042 23248 8106 233291 94979 94859 38532 937 171 37595 23337 5541
is_linear=0
shrinkage=0.1


Tree=33
num_leaves=31
num_cat=0
split_feature=13 6 4 66 66 66 66 34 66 8 39 22 66 4 4 66 46 24 5 1 28 23 5 66 66 65 65 65 65 24
split_gain=7888.06 2732.54 1077.33 539.392 699.607 414.274 628.091 537.606 336.266 215.953 273.229 210.941 232.874 185.936 183.996 165.301 163.809 472.954 163.726 222.744 250.448 206.652 152.878 151.702 150.63 141.762 293.105 260.828 219.651 260.418
threshold=1496.0494384765627 26.500000000000004 12.500000000000002 219.50000000000003 247.50000000000003 247.50000000000003 234.50000000000003 62.000000000000007 235.50000000000003 156.25833129882815 542.50000000000011 611660.90625000012 227.50000000000003 17.500000000000004 25151.000000000004 243.50000000000003 1.0000000180025095e-35 13992.000000000002 188.50000000000003 6754429.5000000009 7398378.0000000009 13520.500000000002 1.0000000180025095e-35 219.50000000000003 28952.000000000004 249.50000000000003 251.50000000000003 269.50000000000006 296.50000000000006 258.50000000000006
decision_type=2 2 2 2 2 2 2 2 2 2 2 2 2 2 2 2 2 2 2 2 2 2 2 2 2 2 2 2 2 2
left_child=1 2 5 9 18 6 7 -1 11 -3 -11 12 13 -4 22 23 -7 -18 -5 21 -21 -20 24 -2 -6 -9 -27 -28 -29 -30
right_child=15 3 8 4 14 16 -8 25 -10 10 -12 -13 -14 -15 -16 -17 17 -19 19 20 -22 -23 -24 -25 -26 26 27 28 29 -31
leaf_value=-0.073988224663533303 -0.10395203854934341 -0.10032883005841629 0.12790052320363993 0.10036799873782221 -0.10541438931082368 -0.08272489564305574 0.1072293319300697 -0.054926055511639343 -0.096264164328982993 0.069964331387687193 -0.096910213317179084 0.10323847384136378 0.11507629291750798 -0.038862635818778406 0.11984583370609435 -0.094217983928993831 0.088112002588210975 -0.10104537294844118 0.15259413642402891 0.12788164115258266 -0.046794661402746449 -0.089795265669293453 -0.093954570318547453 0.10215711134824784 0.10751927835386287 0.11015595473201673 -0.12078577337327163 0.087418723463825343 -0.10068327916841846 0.017021601294434342
leaf_weight=1091.6284931465052 35.948340144939721 5544.1882930109277 81.700908133760095 246.15852872654796 57.824970463756472 1108.0327003137209 471.6609224928543 292.90409107785672 118.23090380802751 173.95354545954615 225.06375022698194 1179.3180270600133 230.33266497030854 368.05273090861738 45.296596654690802 43.817124411463737 241.84392908774316 291.50834559649229 40.561865175142884 210.23278977815062 134.65744833368808 264.76366065256298 1463.4602738129906 5397.8521702103317 78.08137787412852 304.44246770069003 152.97315414343029 340.1607839372009 225.10808232612908 1139.2433852525428
leaf_count=102479 1350 925035 1565 3127 3403 114956 12264 10158 3739 5544 30814 37600 3551 16487 2071 852 3207 32524 250 3212 6809 16680 211033 193194 1309 4291 2363 4356 12940 18065
internal_value=-0.00444131 -0.0396673 0.00372604 -0.078728 -0.0401668 -0.018476 -0.00118392 -0.0156023 0.0672629 -0.095215 -0.0241604 0.0776608 0.0333074 -0.00856894 -0.078904 0.0992336 -0.0608072 -0.0152736 0.0309079 0.00461177 0.0596818 -0.0575943 -0.0845329 0.100794 0.016921 0.0103611 0.0192063 0.00429967 0.0155256 -0.00239885
internal_weight=21599 16121.4 7637.14 8484.24 2541.04 5659.51 4018.12 3546.46 1977.64 5943.21 399.017 1859.4 680.086 449.754 1644.66 5477.62 1641.38 533.352 896.374 650.216 344.89 305.326 1599.37 5433.8 135.906 2454.83 2161.93 1857.49 1704.51 1364.35
internal_count=1785228 1589832 380545 1209287 247894 317603 166916 154652 62942 961393 36358 59203 21603 18052 217816 195396 150687 35731 30078 26951 10021 16930 215745 194544 4712 52173 42015 37724 35361 31005
is_linear=0
shrinkage=0.1


Tree=34
num_leaves=31
num_cat=0
split_feature=13 12 67 66 66 66 66 34 65 65 65 65 65 65 65 65 24 24 46 52 34 65 19 25 34 3 43 14 46 24
split_gain=7058.61 2497.02 864.655 460.957 634.98 401.134 797.901 496.92 350.206 221.229 186.712 199.747 210.738 248.247 238.744 174.072 352.559 172.164 165.537 158.175 157.141 145.625 150.594 144.881 138.897 147.403 137.146 136.202 134.632 365.487
threshold=1496.0494384765627 12.600000381469728 2.5000000000000004 219.50000000000003 258.50000000000006 247.50000000000003 234.50000000000003 62.000000000000007 254.50000000000003 29517.500000000004 210.50000000000003 229.50000000000003 249.50000000000003 251.50000000000003 269.50000000000006 274.50000000000006 156132.00000000003 2094.0000000000005 1.0000000180025095e-35 615.19284057617199 42.000000000000007 410.50000000000006 999856.50000000012 3144441.0000000005 6156.0000000000009 131.50000000000003 1.0000000180025095e-35 1918.3810500397351 1.0000000180025095e-35 4007.0000000000005
decision_type=2 2 2 2 2 2 2 2 2 2 2 2 2 2 2 2 2 2 2 2 2 2 2 2 2 2 2 2 2 2
left_child=1 2 5 -3 -5 6 7 18 26 10 -9 -12 -13 -14 -15 -16 -17 27 -1 23 -20 -18 -23 -2 -6 -26 -4 -10 -7 -30
right_child=19 3 8 4 24 28 -8 9 17 -11 11 12 13 14 15 16 21 -19 20 -21 -22 22 -24 -25 25 -27 -28 -29 29 -31
leaf_value=-0.082379856152693137 -0.16288622965104166 -0.10049557079802723 -0.11068246319129571 0.014664525702538357 -0.099669676999857071 -0.081106448918324733 0.10448644649181993 -0.097278941473701447 0.092343638053658417 -0.10395973216491308 0.11664251980078651 -0.10505715007253516 0.10410019213601288 -0.11695079617222795 0.093217002169167021 -0.068730279407032635 0.11833350968091097 -0.12357413812762702 0.10617396904750026 0.10139334807252105 -0.10545606669878756 0.03448368827764263 -0.091879855830819673 0.080862975027928191 0.35850761847366719 -0.1017949282170596 0.040410508759280636 -0.050847823243910045 0.066442508098394082 -0.099852239015461641
leaf_weight=1170.2829470834695 43.515608210116625 4715.4997381558642 146.08343201037496 981.90913407318294 1146.1779962480068 1092.6688529844396 598.52957417070866 148.35721536446363 1379.7611012980342 176.19127687485889 190.38878804631531 148.73938167421147 290.07406360656023 148.54127790220082 245.22598578315228 475.9988648747094 175.71845719078556 40.506109510548413 95.950543311424553 4875.566409021616 55.311707926914096 734.30956557532772 108.2092514578253 55.467962719500065 13.798493803478779 14.031354335602371 102.03644879721105 69.78750604391098 255.25555199990049 274.07155025284737
leaf_count=129884 1670 900663 13684 41316 192120 117097 15567 11986 43855 12201 2439 5594 4289 2599 3327 30401 2724 1404 1265 192212 4855 6296 1435 1514 70 1585 983 5229 4067 32897
internal_value=-0.00436795 -0.0386147 -0.00107831 -0.0829826 -0.0446777 -0.0181037 -0.00347372 -0.0189944 0.061451 0.0045654 0.0117388 0.018164 0.0101061 0.0179706 0.00473755 0.0151291 0.00231376 0.0797676 -0.0696558 0.0988526 0.0287877 0.035525 0.0182541 -0.0262952 -0.09431 0.126431 -0.0485472 0.0854498 -0.061054 -0.0196605
internal_weight=19968 14993.4 8122 6871.42 2155.92 6383.82 4761.83 4163.3 1738.17 2841.75 2665.56 2517.21 2326.82 2178.08 1888 1739.46 1494.24 1490.05 1321.55 4974.55 151.262 1018.24 842.519 98.9836 1174.01 27.8298 248.12 1449.55 1622 529.327
internal_count=1785228 1589832 454078 1135754 235091 388923 234862 219295 65155 83291 71090 59104 56665 51071 46782 44183 40856 50488 136004 195396 6120 10455 7731 3184 193775 1655 14667 49084 154061 36964
is_linear=0
shrinkage=0.1


Tree=35
num_leaves=31
num_cat=0
split_feature=13 12 23 66 66 24 37 19 66 66 9 65 72 34 68 65 46 65 69 66 37 66 66 39 68 21 34 24 29 66
split_gain=6307.8 2245.49 765.448 464.884 587.149 455.043 391.577 287.704 287.475 695.011 320.224 294.413 226.527 223.511 223.389 252.122 169.095 164.337 199.869 153.673 135.452 133.844 132.214 129.449 124.931 122.978 121.546 121.211 126.879 120.656
threshold=1496.0494384765627 12.600000381469728 1017059.0000000001 219.50000000000003 258.50000000000006 15077.500000000002 0.11074577271938325 5001.0000000000009 247.50000000000003 234.50000000000003 9.9156141281127947 210.50000000000003 14935.500000000002 66.000000000000014 22.000000000000004 229.50000000000003 1.0000000180025095e-35 29517.500000000004 11031.500000000002 235.50000000000003 234.24199676513675 227.50000000000003 219.50000000000003 2920.5000000000005 38.000000000000007 10500383.000000002 5750.0000000000009 1751.0000000000002 1.5000000000000002 235.50000000000003
decision_type=2 2 2 2 2 2 2 2 2 2 2 2 2 2 2 2 2 2 2 2 2 2 2 2 2 2 2 2 2 2
left_child=1 2 7 -3 23 12 17 8 9 10 11 -1 -4 14 21 -16 -10 18 -7 22 -18 -13 -2 27 -17 -20 -6 28 -5 -11
right_child=19 3 5 4 26 6 -8 -9 16 29 -12 13 -14 -15 15 24 20 -19 25 -21 -22 -23 -24 -25 -26 -27 -28 -29 -30 -31
leaf_value=-0.093738381722230757 -0.103878444065141 -0.10043666411755901 0.09083714881229403 -0.0529933189132481 -0.099565799566393609 0.08426638675329054 -0.10163721817852388 -0.091001397355534475 -0.080053249798009887 0.13454560753612418 -0.099926144073714515 -0.098678247021846563 -0.042566114957912349 0.052140087412538207 0.13371044743437221 -0.025058171700245831 -0.078652262813195317 -0.10511379370245787 0.01301969994714007 -0.057985008616061956 0.095954876610146622 0.19101375305301069 0.10195310828293301 -0.097725643823379421 0.12685504682392115 -0.13721789052416852 0.10725097327344378 -0.095675322963963236 0.053753889931011545 0.017962687316271556
leaf_weight=329.87318602297455 31.428505031391978 4269.1361692617647 1354.2651042668149 133.12219284009188 1038.1568551915698 482.56444741832092 305.8391733285971 581.09560710424557 865.33121025841683 381.8277896232903 433.11809190735221 335.45338148530573 140.4931976981461 733.07374470494688 137.42349234782159 705.9223471195437 74.558539744932204 84.672119223047048 344.77295082621276 62.029530953615904 109.94126310152933 16.744854838587344 4430.3051309362054 95.124256400857121 58.63128368370235 64.710246266331524 29.216008591465652 76.108569833450019 680.68382075149566 115.66372977569699
leaf_count=19675 1350 900663 46810 8474 191965 8753 35533 55110 103066 6965 55445 46246 9097 13722 2688 27474 3952 5470 4974 1354 2248 829 192692 8485 277 765 1810 4528 19829 4979
internal_value=-0.00430676 -0.0375247 -0.00110373 -0.0816338 -0.0425229 0.0408041 -0.00289379 -0.024961 -0.0160313 -0.00132651 -0.0210014 -0.00624878 0.0782985 0.00827404 -0.0173659 0.00900633 -0.0615217 0.0280256 0.0406631 0.09833 0.0253941 -0.0849052 0.100503 0.0131538 -0.0134084 -0.0107222 -0.0939048 0.0250059 0.0362922 0.107441
internal_weight=18501.3 13977.5 7655.98 6321.55 2052.41 2777.32 1282.56 4878.66 4297.56 3247.73 2750.24 2317.12 1494.76 1987.25 1254.18 901.977 1049.83 976.72 892.048 4523.76 184.5 352.198 4461.73 985.039 764.554 409.483 1067.37 889.915 813.806 497.492
internal_count=1785228 1589832 454078 1135754 235091 111402 55495 342676 287566 178300 166356 110911 55907 91236 77514 30439 109266 19962 14492 195396 6200 47075 194042 41316 27751 5739 193775 32831 28303 11944
is_linear=0
shrinkage=0.1


Tree=36
num_leaves=31
num_cat=0
split_feature=13 6 4 66 66 66 66 34 66 8 39 22 66 66 66 4 35 37 35 66 4 67 28 65 5 4 66 46 24 76
split_gain=5641.62 2031.17 756.333 491.177 507.058 289.529 394.917 379.134 261.906 186.386 210.481 183.378 177.252 163.17 141.39 140.948 140.932 132.609 273.689 129.567 125.25 169.909 143.054 169.113 124.162 121.329 119.785 117.289 340.358 110.707
threshold=1496.0494384765627 26.500000000000004 12.500000000000002 219.50000000000003 247.50000000000003 247.50000000000003 234.50000000000003 62.000000000000007 235.50000000000003 148.59027862548831 542.50000000000011 611660.90625000012 227.50000000000003 235.50000000000003 235.50000000000003 25151.000000000004 30.000000000000004 2274.0200195312505 30.000000000000004 245.50000000000003 408.50000000000006 6.5000000000000009 1437974.5000000002 29000.000000000004 1.0000000180025095e-35 692.50000000000011 227.50000000000003 1.0000000180025095e-35 13992.000000000002 10711150.500000002
decision_type=2 2 2 2 2 2 2 2 2 2 2 2 2 2 2 2 2 2 2 2 2 2 2 2 2 2 2 2 2 2
left_child=1 2 5 9 20 6 7 17 11 -3 -11 12 16 -8 26 24 -4 -1 -19 -15 21 -5 -22 -24 25 -6 -2 -7 -29 -9
right_child=14 3 8 4 15 27 13 29 -10 10 -12 -13 -14 19 -16 -17 -18 18 -20 -21 22 -23 23 -25 -26 -27 -28 28 -30 -31
leaf_value=-0.090640422327444126 -0.097699155994070377 -0.10018770144764033 0.034790037930050977 0.095148368174233222 -0.086103811115224582 -0.077350337571858621 0.13168997374708 0.0035696526184779867 -0.092544047175918659 0.063568631111507998 -0.095785955653029886 0.10197032904205501 0.11004109936912493 -0.060298930070732004 -0.052980451458739392 0.093664065310029174 -0.092165267061003864 0.11535080808625303 -0.10578431224720375 0.15860190994120368 -0.076787217770260333 -0.1132319000145387 -0.085512579943565536 0.086111689393154917 -0.091638718385694581 0.1115091146231213 0.10171842709007833 0.078476730200845668 -0.10078362598226541 0.11103131942453792
leaf_weight=674.43427039636299 30.349040707573295 4122.886356042698 255.67977553373203 316.85562501568347 61.550070739816874 876.97798795532435 288.64054358005524 2144.7254760423675 100.79941921168938 153.49073816463351 180.19218133343384 909.61149061936885 186.18020956218243 99.666378045454621 61.149308040738106 47.830706477165222 132.88494442775846 105.52006075158715 119.18391750194132 37.106453342363238 186.68979813484475 44.642312431707978 80.876596352085471 197.91017691371962 1133.2955671423115 62.739557340275496 4017.5023922137916 206.91264161933213 216.99736649543047 100.35281249694526
leaf_count=88761 1428 923117 8372 3962 2975 114956 5980 49909 3739 5785 32491 37600 3551 5764 1354 2071 9680 2709 11009 520 12642 2671 5456 5347 211033 1737 192614 3207 32524 2264
internal_value=-0.00423803 -0.0364247 0.0034406 -0.0754836 -0.0360126 -0.0160863 -0.00136773 -0.0136024 0.0634387 -0.0943697 -0.0224845 0.0740311 0.0298136 0.089058 0.0979433 -0.0748247 -0.00862731 -0.0684733 -0.00194017 -0.000911157 0.025254 0.069415 -0.0090423 0.0363231 -0.081233 0.0136483 0.100223 -0.0564741 -0.0132857 0.00837308
internal_weight=17153.6 13044.6 6455.67 6588.96 2132.39 4870.52 3569.63 3144.22 1585.16 4456.57 333.683 1484.36 574.745 425.413 4109 1305.42 388.565 899.138 224.704 136.773 826.975 361.498 465.477 278.787 1257.59 124.29 4047.85 1300.89 423.91 2245.08
internal_count=1785228 1589832 380545 1209287 247894 317603 166916 154652 62942 961393 38276 59203 21603 12264 195396 217816 18052 102479 13718 6284 30078 6633 23445 10803 215745 4712 194042 150687 35731 52173
is_linear=0
shrinkage=0.1


Tree=37
num_leaves=31
num_cat=0
split_feature=13 12 23 66 66 24 37 19 66 66 52 66 72 46 65 69 12 65 65 66 52 15 26 21 65 65 65 65 46 65
split_gain=5041.01 1858.06 585.688 439.857 494.426 362.559 321.323 250.763 234.295 348.798 299.283 273.725 179.933 171.086 136.559 164.648 135.959 117.797 1254.33 2837.87 1021.67 262.393 114.901 106.684 106.377 122.415 214.004 205.649 291.407 119.726
threshold=1496.0494384765627 12.600000381469728 1017059.0000000001 219.50000000000003 260.50000000000006 15077.500000000002 0.11074577271938325 5001.0000000000009 256.50000000000006 219.50000000000003 3.0416666269302373 237.50000000000003 14935.500000000002 1.0000000180025095e-35 29517.500000000004 11031.500000000002 1438.2543945312502 235.50000000000003 237.50000000000003 255.50000000000003 8.0833334922790545 21505.376342043 1515343.0000000002 10500383.000000002 210.50000000000003 251.50000000000003 269.50000000000006 274.50000000000006 1.0000000180025095e-35 249.50000000000003
decision_type=2 2 2 2 2 2 2 2 2 2 2 2 2 2 2 2 2 2 2 2 2 2 2 2 2 2 2 2 2 2
left_child=1 2 7 -3 -5 12 14 8 9 10 24 -11 -4 -10 15 -7 22 -13 19 -19 -21 -22 -2 -17 -1 29 -27 -28 -29 -26
right_child=16 3 5 4 -6 6 -8 -9 13 11 -12 17 -14 -15 -16 23 -18 18 -20 20 21 -23 -24 -25 25 26 27 28 -30 -31
leaf_value=-0.10620896007527958 -0.16575695522901809 -0.10033335748471206 0.086956270626250665 0.011365290297414156 -0.09293636468665234 0.078540316326523044 -0.10146035777428582 -0.088648153140627448 -0.090423632720338834 0.1122447979182658 -0.05989114783360943 -0.10191504011629118 -0.0378892801401014 0.025444258752553628 -0.1048355990261045 0.011735702335154877 0.10044043311050239 -0.10216604210727545 -0.0088413190603346108 -0.10074564927867882 3.7500692493473098 7.7111753903564058 0.071722474028290933 -0.13358600405962726 -0.015075412096382333 -0.12495025290493132 0.099856309482951155 -0.081656039783525841 0.055220242115864772 0.10271110668223021
leaf_weight=74.326940062921494 35.279522515833378 3503.3004359423649 1165.4327809098177 927.94312886334956 890.75457478454337 446.29160562343895 255.03777602128685 510.74698170414194 576.23203628975898 412.61218748195097 1059.5866204653867 102.50011704815552 128.13443886302412 163.61920253606513 74.062308188527822 341.3311019600369 3649.019480317831 2.6361741237342349 159.15941505553201 0.25563814584165845 0.20773934200406052 0.85763755161315203 48.221867958083749 59.292322845198214 128.73197420546785 124.28835406061262 215.49975467426702 312.34059673640877 309.83214100403711 261.79818679532036
leaf_count=4984 1668 900663 46810 41978 193113 8753 35533 55110 77677 12242 118366 13952 9097 5761 5470 4974 192131 268 15251 37 24 89 1597 765 3345 3694 2977 22334 2281 4284
internal_value=-0.00414727 -0.0352446 -0.000942576 -0.0796195 -0.0397192 0.0380563 -0.00212886 -0.0227559 -0.0141365 -0.00229223 -0.0196314 0.0612735 0.0745897 -0.0647993 0.0253781 0.0367652 0.0975533 -0.017906 0.0348841 1.79353 5.57653 6.93879 -0.0286131 -0.00977193 0.0102665 0.0166674 -0.0025015 0.0156666 -0.0134938 0.0638847
internal_weight=15939.3 12206.8 6884.81 5322 1818.7 2469.58 1176.02 4415.23 3904.48 3164.63 2486.4 678.229 1293.57 739.851 920.977 846.915 3732.52 265.617 163.117 3.95719 1.32102 1.06538 83.5014 400.623 1426.82 1352.49 961.961 837.672 622.173 390.53
internal_count=1785228 1589832 454078 1135754 235091 111402 55495 342676 287566 204128 162265 41863 55907 83438 19962 14492 195396 29621 15669 418 150 113 3265 5739 43899 38915 31286 27592 24615 7629
is_linear=0
shrinkage=0.1


Tree=38
num_leaves=31
num_cat=0
split_feature=13 12 66 66 23 66 66 72 65 68 66 66 24 15 9 17 23 72 20 66 41 34 66 22 3 16 16 34 65 66
split_gain=4545.11 1623.31 578.786 449.828 625.487 362.855 391.176 283.817 248.019 219.788 167.079 327.557 295.514 153.922 166.736 147.934 147.292 227.335 182.557 137.459 135.402 151.383 129.889 116.516 116.437 115.02 118.506 113.959 107.126 105.288
threshold=1496.0494384765627 45.071428298950202 247.50000000000003 234.50000000000003 1017059.0000000001 227.50000000000003 257.50000000000006 14935.500000000002 29517.500000000004 22.000000000000004 16386.000000000004 29340.000000000004 13992.000000000002 431.51638845000008 9.9156141281127947 250945.25781250003 1573136.0000000002 6990.5000000000009 28498.000000000004 237.50000000000003 3.3752183914184575 66.000000000000014 235.50000000000003 425.32472229003912 1.0000000180025095e-35 9652241.0000000019 10506904.000000002 5750.0000000000009 255.50000000000003 227.50000000000003
decision_type=2 2 2 2 2 2 2 2 2 2 2 2 2 2 2 2 2 2 2 2 2 2 2 2 2 2 2 2 2 2
left_child=1 2 3 4 9 -3 16 8 28 23 -4 12 -12 15 20 -11 18 -18 -7 -5 21 -15 29 -1 -25 -9 -27 -8 -6 -2
right_child=22 5 10 19 7 6 27 25 -10 13 11 -13 -14 14 -16 -17 17 -19 -20 -21 -22 -23 -24 24 -26 26 -28 -29 -30 -31
leaf_value=-0.089467611852662526 -0.096611544948782282 -0.10040014125613941 -0.08745844834328001 0.11096108483935802 -0.015920609534582228 0.056951033896129877 -0.099070367369592127 -0.10342466418119962 -0.10248683999101163 -0.087775109254171438 0.095381945264815499 -0.10409324847424113 -0.098977754248007463 -0.012535904106910299 -0.097633674691290251 0.009087850343315336 0.11618087204136721 -0.045485364172097975 -0.088958929034577805 -0.0094170276151505396 0.11076842159360761 0.077281082289677103 -0.05124891924137695 0.0232021761677585 -0.10054804953548353 0.034472089403941995 -0.13487251424314362 0.10209756068897598 0.089298352499704942 0.10122117344308267
leaf_weight=676.43465714529157 27.122362678870559 3090.570185526507 863.7972637549974 532.11102368216962 105.51303901569918 138.0639019459486 718.34049346321262 124.45038425293751 78.58354730438441 378.72635563486256 271.52353464625776 273.01062077656388 109.88884479692206 725.42881377274171 123.92780136386864 270.13414474623278 232.88452337635681 138.83651704527438 226.29972082190216 115.43837819783948 156.88902887632139 253.13628958817571 58.06391873024404 228.91491899453104 113.84496470005251 279.88284854823723 48.481445058248937 29.308881405275315 1166.7593569932505 3309.3039964549243
leaf_count=108542 1428 878660 118142 12376 4266 1570 178440 10272 6533 29477 7381 39455 19626 31422 19548 2366 4864 8085 18371 5005 3663 7260 1354 10842 8973 2493 552 1808 49840 192614
internal_value=-0.00461506 -0.034694 -0.00405794 0.0113329 0.000633967 -0.0808854 -0.0402368 0.0469566 0.0699231 -0.0279066 -0.0585838 -0.020471 0.0393849 -0.00788173 0.0125042 -0.047449 0.0115112 0.0557991 -0.033671 0.0895013 0.0245251 0.0106981 0.0970324 -0.0653992 -0.0179005 -0.0215583 0.00946915 -0.0911843 0.0805723 0.099613
internal_weight=14865.7 11471.2 6896.88 5378.66 4731.11 4574.3 1483.73 1803.67 1350.86 2927.44 1518.22 654.423 381.412 1908.24 1259.38 648.861 736.085 371.721 364.364 647.549 1135.45 978.565 3394.49 1019.19 342.76 452.815 328.364 747.649 1272.27 3336.43
internal_count=1785228 1589832 498034 313430 296049 1091798 213138 73956 60639 222093 184604 66462 27007 93736 61893 31843 32890 12949 19941 17381 42345 38682 195396 128357 19815 13317 3045 180248 54106 194042
is_linear=0
shrinkage=0.1


Tree=39
num_leaves=31
num_cat=0
split_feature=13 12 66 66 23 66 66 72 65 9 34 65 65 46 66 66 18 65 40 37 35 18 24 10 14 20 28 66 52 66
split_gain=4064.4 1477.47 509.577 385.79 537.638 348.873 355.18 247.459 216.58 196.63 209.313 188.318 190.844 155.324 149.38 262.512 696.528 3737.76 199.508 146.349 206.184 141.579 132.041 126.459 177.15 197.698 133.018 122.964 120.478 118
threshold=1496.0494384765627 45.071428298950202 247.50000000000003 234.50000000000003 1017059.0000000001 227.50000000000003 257.50000000000006 14935.500000000002 29517.500000000004 9.9156141281127947 62.000000000000007 210.50000000000003 274.50000000000006 1.0000000180025095e-35 1148.0000000000002 1187.5000000000002 96.500000000000014 1375.0000000000002 92.891811370849624 2274.0200195312505 30.000000000000004 116950.50000000001 4964.0000000000009 360.50000000000006 549.74966210000014 28498.000000000004 8193681.0000000009 237.50000000000003 615.19284057617199 29340.000000000004
decision_type=2 2 2 2 2 2 2 2 2 2 2 2 2 2 2 2 2 2 2 2 2 2 2 2 2 2 2 2 2 2
left_child=1 2 3 4 9 -3 23 8 -6 10 19 -12 22 -14 -4 16 17 -16 29 -1 -21 -15 -13 -7 26 -26 -25 -5 -2 -17
right_child=28 5 14 27 7 6 -8 -9 -10 -11 11 12 13 21 15 18 -18 -19 -20 20 -22 -23 -24 24 25 -27 -28 -29 -30 -31
leaf_value=-0.085979324452966049 -0.034031793544322432 -0.10035999868444495 -0.092797407027939191 0.1062437920542193 0.077182797054430152 -0.11059296537560846 -0.090437067296541052 -0.020484151759269202 -0.10227112385624455 -0.097495316862577161 -0.10557772272850979 0.056054612192818036 -0.07948625492062622 0.21035600832526016 -0.10054836279196547 -0.016861917870942347 0.024584338305557056 14.714576440234133 0.13936071712351494 0.098618508764396706 -0.094284651994643226 -0.0029255259838428167 -0.077136704814468771 0.12682550565258471 0.082856394460356628 -0.078589492270651776 -0.021561719842684748 -0.0085356612672887276 0.099637401262931538 -0.1032098897987308
leaf_weight=566.32348403800279 68.971510717645288 2797.5253889921587 642.6175247374922 501.77204019669443 1199.5724207966123 76.493818132206798 682.27169634890743 432.04819668643177 71.247690355638042 340.95996133121662 144.72680333140306 807.7877738783136 304.92005283245817 34.643215896561742 0.80486480658873805 452.49462648504414 3.1178503709379584 0.21599533641710877 62.567789285909384 120.15517916274257 102.82515183393843 306.3654497852549 81.985691964626312 204.19379899185151 114.99926598323509 222.79477065429091 85.792924859561026 114.66502617928199 3014.5231170039624 243.38969501550309
leaf_count=92275 3184 878660 98698 12376 54106 3332 180248 13317 6533 58314 13659 14965 19299 202 151 45122 193 40 1155 3510 13351 2524 3994 3625 1321 19837 4775 5005 192212 39245
internal_value=-0.00452819 -0.0336323 -0.0039261 0.0106885 0.000554016 -0.0800311 -0.039015 0.0448946 0.0671218 -0.0263099 -0.0164824 0.00346957 0.0137464 -0.0276282 -0.0572797 -0.0273497 0.766906 3.03406 -0.0316838 -0.0589601 0.00966314 0.0187418 0.0437821 0.0108006 0.0255921 -0.0236265 0.082925 0.0848934 0.0966475 -0.0470626
internal_weight=13802.8 10719.3 6535.21 5130 4513.56 4184.07 1386.55 1702.87 1270.82 2810.69 2469.73 1680.43 1535.7 645.929 1405.21 762.591 4.13871 1.02086 758.452 789.304 222.98 341.009 889.773 704.275 627.781 337.794 289.987 616.437 3083.49 695.884
internal_count=1785228 1589832 498034 313430 296049 1091798 213138 73956 60639 222093 163779 54643 40984 22025 184604 85906 384 191 85522 109136 16861 2726 18959 32890 29558 21158 8400 17381 195396 84367
is_linear=0
shrinkage=0.1


Tree=40
num_leaves=31
num_cat=0
split_feature=13 12 34 66 66 47 65 65 46 68 24 24 24 65 65 43 65 6 5 5 14 26 65 34 34 4 41 3 68 14
split_gain=3640.99 1335.1 464.096 398.589 364.937 304.253 299.34 286.681 233.598 245.988 195.076 192.545 162.858 141.848 180.078 169.222 140.707 134.416 126.363 117.155 117.01 115.382 113.953 113.496 104.093 102.967 116.985 99.5001 88.7261 125.025
threshold=1496.0494384765627 12.600000381469728 62.000000000000007 219.50000000000003 266.50000000000006 1.0000000180025095e-35 296.50000000000006 249.50000000000003 1.0000000180025095e-35 22.000000000000004 1561.5000000000002 1083.0000000000002 1010578.5000000001 229.50000000000003 210.50000000000003 1.0000000180025095e-35 410.50000000000006 446.50000000000006 11632.500000000002 11593.500000000002 407.48103302501357 1515343.0000000002 404.50000000000006 5750.0000000000009 46.000000000000007 3663.5000000000005 3.2393932342529301 131.50000000000003 38.000000000000007 17.155943830000002
decision_type=2 2 2 2 2 2 2 2 2 2 2 2 2 2 2 2 2 2 2 2 2 2 2 2 2 2 2 2 2 2
left_child=1 2 5 -3 -5 20 7 13 12 -10 -11 25 -8 14 15 -4 22 -16 19 21 -1 -2 -14 -6 -22 26 -9 -25 29 -12
right_child=18 3 6 4 23 -7 8 11 9 10 28 -13 16 -15 17 -17 -18 -19 -20 -21 24 -23 -24 27 -26 -27 -28 -29 -30 -31
leaf_value=-0.06851316005112397 -0.17087580207712499 -0.10020016404995465 -0.10604721744337074 0.0078612830135645594 -0.099170108134854107 -0.068743978439809922 -0.097467083541824873 0.08316059515106311 -0.094729197223509795 0.086901479048475949 -0.090048951317450776 -0.044383589046492339 -0.13555313154267354 -0.10470200714760032 0.10472431991686174 0.057188690538405619 -0.10751883809282087 -0.10475109229989317 -0.10195732469371371 0.10144142383250195 0.091532124094750242 0.089378278284271404 0.1414204841347351 0.26936246465793573 -0.019081747989961689 0.95093463003581558 -0.10908277294404145 -0.10172393888721024 0.033064835082113872 0.016576028428403663
leaf_weight=105.0295402542688 31.684642012231052 2607.3949133623391 169.48101784242317 848.34416413446888 649.86345539521426 1344.8906914686522 420.50900337750863 1274.8063462115824 193.44805504288524 374.01639264868572 197.35276110004634 139.28538588387892 18.084233949892223 133.05592438182794 206.82652061013505 101.56658351421356 54.345910875126719 35.958456795662642 31.910721499472857 2710.5881819054484 233.23677266994491 36.843595258891582 83.166136735584587 16.05748053081334 133.92610143497586 1.3538484973832954 32.459797311574221 13.13702998170629 429.25583039224148 248.36992336949334
leaf_count=7284 1756 900663 20381 42690 190631 233291 45306 46044 25625 10880 14015 4728 647 6038 3717 1354 4456 7163 561 191683 6246 1396 1570 71 8106 30 1458 1699 4227 1512
internal_value=-0.00471738 -0.0328193 -0.00240843 -0.0764367 -0.0358707 -0.0444977 0.0161846 0.0426656 -0.0112966 0.0102023 0.0264544 0.0673927 -0.0651252 -0.0126802 0.0111487 -0.0448797 0.0222808 0.0736993 0.0959049 0.0981768 0.0245603 -0.0309525 0.0919505 -0.0905049 0.0511847 0.0792898 0.0783871 0.10238 0.000615845 -0.0306343
internal_weight=12876.2 10065.2 5930.43 4134.8 1527.4 1817.08 4113.34 2094.79 2018.55 1442.44 1248.99 1447.91 576.105 646.889 513.833 271.048 155.596 242.785 2811.03 2779.12 472.192 68.5282 101.25 679.058 367.163 1308.62 1307.27 29.1945 874.979 445.723
internal_count=1785228 1589832 454078 1135754 235091 254927 199151 90913 108238 56259 30634 52260 51979 38653 32615 21735 6673 10880 195396 194835 21636 3152 2217 192401 14352 47532 47502 1770 19754 15527
is_linear=0
shrinkage=0.1


Tree=41
num_leaves=31
num_cat=0
split_feature=13 12 20 66 66 24 66 6 47 66 66 76 65 68 66 65 65 35 3 7 65 17 24 5 26 34 68 73 14 20
split_gain=3256.47 1193.1 410.088 398.211 337.476 277.028 186.33 178.563 169.193 163.678 210.833 136.758 130.236 128.583 121.155 120.176 117.794 117.19 115.626 115.192 103.974 138.357 115.815 101.225 120.033 101.05 100.144 95.8736 95.2259 92.5238
threshold=1496.0494384765627 12.600000381469728 435.50000000000006 219.50000000000003 266.50000000000006 1083.0000000000002 235.50000000000003 28.500000000000004 1.0000000180025095e-35 247.50000000000003 234.50000000000003 10711150.500000002 249.50000000000003 22.000000000000004 234.50000000000003 256.50000000000006 274.50000000000006 30.000000000000004 8.5000000000000018 338.00000000000006 229.50000000000003 250945.25781250003 1010578.5000000001 9807.5000000000018 1515343.0000000002 5750.0000000000009 30.000000000000004 5064594.0000000009 746527.10785000015 480019.50000000006
decision_type=2 2 2 2 2 2 2 2 2 2 2 2 2 2 2 2 2 2 2 2 2 2 2 2 2 2 2 2 2 2
left_child=1 2 9 -3 -5 7 11 12 26 10 13 20 14 -1 -4 -14 17 -12 23 -15 -7 27 -23 24 -2 -6 -9 -22 -18 -28
right_child=18 3 5 4 25 6 -8 8 -10 -11 16 -13 15 19 -16 -17 28 -19 -20 -21 21 22 -24 -25 -26 -27 29 -29 -30 -31
leaf_value=-0.087276282856029383 -0.1903942519779914 -0.10015875748266363 -0.072536168460591674 0.0070620209297219683 -0.098980991248077355 0.053759394501860992 -0.09303091915849028 -0.072042797909079012 -0.092611054507361748 -0.086576207039409853 -0.08998535344788805 0.10089645932201011 0.096634579760815145 -0.019196695977780082 0.059215895806709919 0.032966200902122815 -0.086579653254066968 0.14958054152696018 -0.099495205720578184 0.36670006888933959 -0.073530777537162667 0.01918278639343576 -0.11330901388770157 0.10116112888930014 0.095443341736202794 0.093520357533548731 -0.074489115494011895 0.17189436928759655 1.1361982431166031 0.1107407257517255
leaf_weight=364.95963304000907 26.304791654925793 2360.1947879439685 132.38430923200212 849.83885163697414 589.08853186829947 231.30046006827615 242.43996753380634 61.254334981553257 168.47627872414887 544.59129347073031 24.094765213318169 126.47094448609278 777.02008007350378 769.02377078705467 147.6259396164678 479.35518920980394 45.036994749680161 133.86259657051414 29.985135366208851 7.8139321431517592 421.01244479604065 683.51425758353435 73.024739335756749 2458.7558949412778 33.276532528921962 28.59242746187374 33.144826274598017 16.542399553582072 0.64601913001388211 144.6792703922838
leaf_count=69527 1700 900663 4481 42690 190631 14254 42608 2852 28137 107446 1187 3637 42022 54578 4227 14859 3252 3444 617 68 40667 8293 2361 191704 1375 1770 2419 228 33 3498
internal_value=-0.00461424 -0.0316525 -0.00235924 -0.0747253 -0.033821 0.0168341 -0.0115007 0.0429879 -0.0158574 -0.0403214 -0.0215988 0.00123629 0.0585977 -0.0383165 -0.00307435 0.0723427 0.0721359 0.113037 0.0957159 -0.0153151 -0.00760625 -0.019493 0.00639405 0.0980402 -0.0307522 -0.0900701 0.0382302 -0.0642521 -0.0692879 0.0762155
internal_weight=12004.3 9455.99 5628.27 3827.71 1467.52 3738.25 1794.31 1943.94 407.555 1890.03 1345.44 1551.87 1536.39 1141.8 280.01 1256.38 203.64 157.957 2548.32 776.838 1425.39 1194.09 756.539 2518.34 59.5813 617.681 239.078 437.555 45.683 177.824
internal_count=1785228 1589832 454078 1135754 235091 214543 112048 102495 36906 239535 132089 69440 65589 124173 8708 56881 7916 4631 195396 54646 65803 51549 10654 194779 3075 192401 8769 40895 3285 5917
is_linear=0
shrinkage=0.1


Tree=42
num_leaves=31
num_cat=0
split_feature=12 12 66 5 66 23 66 66 35 72 4 34 65 66 66 24 18 65 65 24 66 37 35 67 19 11 65 48 16 16
split_gain=2909.19 1144.88 380.909 379.567 297.665 380.214 291.316 358.448 231.827 216.775 176.226 171.288 164.015 159.427 252.935 213.274 132.863 112.58 144.728 128.395 105.374 103.804 145.964 103.164 94.0965 93.4088 88.1616 86.4664 85.7938 98.4381
threshold=1438.2543945312502 45.071428298950202 247.50000000000003 11632.500000000002 234.50000000000003 1881231.0000000002 234.50000000000003 235.50000000000003 978.00000000000011 14935.500000000002 30.500000000000004 62.000000000000007 29517.500000000004 16386.000000000004 29340.000000000004 13992.000000000002 4046658.0000000005 210.50000000000003 296.50000000000006 248.50000000000003 235.50000000000003 2274.0200195312505 30.000000000000004 17.500000000000004 93.500000000000014 1355.5000000000002 255.50000000000003 1.0000000180025095e-35 9652241.0000000019 10506904.000000002
decision_type=2 2 2 2 2 2 2 2 2 2 2 2 2 2 2 2 2 2 2 2 2 2 2 2 2 2 2 2 2 2
left_child=1 2 4 -2 5 10 25 -8 -9 12 11 21 -7 23 15 -15 -10 -13 24 -20 -6 -1 26 -4 -19 -3 -23 -26 -11 -30
right_child=3 6 13 -5 20 9 7 8 16 28 -12 17 -14 14 -16 -17 -18 18 19 -21 -22 22 -24 -25 27 -27 -28 -29 29 -31
leaf_value=-0.081463292433964801 0.10149571819650816 -0.10143165683813898 -0.094264392870539476 -0.095806474150353579 0.1138456368512859 0.07771867241854935 0.091362980603288457 -0.088012026436930874 0.10396148099492331 -0.10131674942320708 -0.087156607638749439 -0.10417621971297507 -0.10189139823637738 0.088981638059930576 -0.10389060471926202 -0.098171165418246054 -0.10092093147030652 0.077598109662827569 -0.10093785990526694 0.0028757611024788545 0.024277182440545293 -0.1025434595481237 -0.091996057538812306 0.15711378107892257 -0.0013156354678302902 0.19335416714316492 0.13408284295155867 0.13817945402298776 0.029452242111754456 -0.13112179514634237
leaf_weight=457.40961895440705 2299.159088791348 2141.0671340818517 635.58892635121811 101.82264302507974 330.014474558644 914.85017002280802 183.74966050265357 683.20855083712377 113.2273251991719 96.924414724810049 368.27180647547357 88.519115265458822 53.833865096094087 238.38324832334183 192.42638553725556 81.778332548448816 43.93241016054526 350.43924294272438 166.93201899481937 416.080086146947 218.18976833834313 19.530710317660123 81.120755208889022 16.756104683270678 496.16563697019592 10.803404119098557 81.239686168264598 48.806458078324795 266.36309989029542 44.565557426540181
leaf_count=88527 193268 872453 117606 21310 9992 48935 4106 178256 5384 10272 74125 5344 6352 7381 39455 19626 11897 10270 13804 10037 7389 1385 11336 536 10922 520 1456 239 2493 552
internal_value=-0.0044866 -0.0309987 -0.00405106 0.0931284 0.00914433 -0.000436609 -0.0790583 -0.0351572 -0.0628213 0.0419873 -0.0231198 -0.0124306 0.067737 -0.0550149 -0.0132813 0.0411775 0.0466887 0.00536708 0.0119259 -0.0268489 0.0781967 -0.0560531 0.00784707 -0.0878075 0.0371725 -0.0999517 0.0882214 0.0111772 -0.0191701 0.00643709
internal_weight=11241.2 8840.18 5664.19 2400.98 4499.26 3951.05 3175.99 1024.12 840.368 1376.54 2574.52 2206.24 968.684 1164.93 512.588 320.162 157.16 1566.94 1478.42 583.012 548.204 639.301 181.891 652.345 895.411 2151.87 100.77 544.972 407.853 310.929
internal_count=1785228 1570650 498034 214578 313430 296049 1072616 199643 195537 68604 227445 153320 55287 184604 66462 27007 17281 50616 45272 23841 17381 102704 14177 118142 21431 872973 2841 11161 13317 3045
is_linear=0
shrinkage=0.1


Tree=43
num_leaves=31
num_cat=0
split_feature=12 12 5 66 66 66 66 23 35 72 4 34 66 66 24 65 18 37 35 66 26 3 65 65 24 52 11 19 16 16
split_gain=2602.52 1041.19 342.335 335.677 277.544 310.269 253.328 324.996 205.589 186.975 158.972 151.552 143.584 225.8 183.612 142.32 114.479 102.636 114.938 102.04 89.0814 88.5533 81.581 127.219 122.262 98.1447 80.4435 78.7812 77.1026 83.2766
threshold=1438.2543945312502 45.071428298950202 11632.500000000002 247.50000000000003 234.50000000000003 235.50000000000003 234.50000000000003 1881231.0000000002 978.00000000000011 14003.500000000002 30.500000000000004 54.000000000000007 16386.000000000004 29340.000000000004 13992.000000000002 29517.500000000004 4046658.0000000005 2274.0200195312505 30.000000000000004 235.50000000000003 291611.93750000006 19.500000000000004 296.50000000000006 210.50000000000003 248.50000000000003 7.5625000000000009 1355.5000000000002 93.500000000000014 9652241.0000000019 10506904.000000002
decision_type=2 2 2 2 2 2 2 2 2 2 2 2 2 2 2 2 2 2 2 2 2 2 2 2 2 2 2 2 2 2
left_child=1 3 -2 6 26 -6 7 10 -7 15 11 17 21 14 -14 -9 20 -1 -19 -8 -10 -5 23 25 -24 -13 -3 -25 -11 -30
right_child=2 4 -4 12 5 8 19 9 16 28 -12 22 13 -15 -16 -17 -18 18 -20 -21 -22 -23 24 27 -26 -27 -28 -29 29 -31
leaf_value=-0.087632715906723641 0.10126729586276406 -0.10139776738491429 -0.094137044586252522 -0.093123564446439405 0.084992753652101433 -0.086298550828159182 0.11091804658403581 0.073797627901635229 -0.10144578944715932 -0.099656179197104344 -0.085329926334467926 -0.1032435216586287 0.082984199376019072 -0.10377161336978724 -0.097866732923655303 -0.10173922873419219 -0.10062419233602055 0.079452321446651084 -0.090009479845149468 0.021647447489658293 0.13852982302396541 0.13418328402936458 -0.10003027632133876 0.071442708333771782 0.002275134677949534 0.16687492940769477 0.16700858764802592 0.010438206582743963 0.027136819702424597 -0.12458635758899102
leaf_weight=364.95870418287814 2084.8240879515652 1937.9327555159107 93.685705713694915 581.88381826180193 178.07825128780678 629.85557173914276 306.09788111411035 869.2403618034441 18.665918414713815 89.357038161484525 340.00336768478155 115.04845466697589 230.4818732268177 174.30427785497159 74.214865381829441 48.780054253526032 39.863113974221051 94.431193014606833 69.466889622155577 220.11835472285748 90.307527117431164 17.658904741983861 162.1294449667912 346.1284159142524 417.92921140813269 15.232001746771855 11.230909477453677 545.01639164285734 260.5001038860064 42.009807798080146
leaf_count=83694 193268 872453 21310 117621 4106 178256 9992 48907 2969 10296 74125 7401 7381 39455 19626 6352 11897 2671 10842 7389 2415 521 15678 10845 10273 674 520 11242 2493 556
internal_value=-0.00440105 -0.0299583 0.092864 -0.00392584 -0.078199 -0.0340884 0.00856892 -0.000480175 -0.0613209 0.0397861 -0.0218312 -0.0116967 -0.0538154 -0.0129951 0.0389344 0.0644703 0.044381 -0.0581107 0.00762729 0.0735758 0.0974247 -0.0864285 0.00363049 0.020639 -0.0263198 -0.0716621 -0.0998512 0.0341329 -0.018041 0.00606689
internal_weight=10469.4 8290.93 2178.51 5384.99 2905.93 956.77 4306.45 3780.23 778.692 1309.89 2470.34 2130.34 1078.54 479.001 304.697 918.02 148.837 528.857 163.898 526.216 108.973 599.543 1601.48 1021.43 580.059 130.28 1949.16 891.145 391.867 302.51
internal_count=1785228 1570650 214578 498034 1072616 199643 313430 296049 195537 68604 227445 153320 184604 66462 27007 55259 17281 97207 13513 17381 5384 118142 56113 30162 25951 8075 872973 22087 13345 3049
is_linear=0
shrinkage=0.1


Tree=44
num_leaves=31
num_cat=0
split_feature=12 12 5 66 66 66 66 23 35 69 9 66 66 24 65 19 65 35 65 46 65 65 18 66 51 22 26 4 67 21
split_gain=2326.87 948.829 308.773 295.022 262.725 269.241 214.975 276.844 181.557 161.316 146.891 129.285 201.503 157.772 125.706 114.472 158.277 112.345 114.205 139.561 174.327 230.732 102.622 97.4602 87.2774 85.8742 79.5535 77.5089 76.7943 72.4587
threshold=1438.2543945312502 45.071428298950202 12744.500000000002 247.50000000000003 234.50000000000003 235.50000000000003 234.50000000000003 1881231.0000000002 978.00000000000011 14599.500000000002 9.9156141281127947 16386.000000000004 29340.000000000004 13992.000000000002 29517.500000000004 5001.0000000000009 210.50000000000003 74.000000000000014 256.50000000000006 1.0000000180025095e-35 296.50000000000006 269.50000000000006 4046658.0000000005 235.50000000000003 1.0000000180025095e-35 10510050.500000002 291611.93750000006 12.500000000000002 17.500000000000004 10500383.000000002
decision_type=2 2 2 2 2 2 2 2 2 2 2 2 2 2 2 2 2 2 2 2 2 2 2 2 2 2 2 2 2 2
left_child=1 3 -2 6 -3 -6 7 10 -7 14 15 28 13 -13 -9 16 -1 18 27 20 21 -20 26 -8 -21 -11 -10 -18 -5 -27
right_child=2 4 -4 11 5 8 23 9 22 25 -12 12 -14 -15 -16 -17 17 -19 19 24 -22 -23 -24 -25 -26 29 -28 -29 -30 -31
leaf_value=-0.081869604622523295 0.10093907631585027 -0.099748979065637774 -0.094330969236636447 -0.091878415850929929 0.078767138493772537 -0.084449669789521675 0.10771887635788027 0.071657733476895011 -0.10132253594464075 -0.097233588578729518 -0.095527931265267846 0.077006033854106981 -0.10365104292408128 -0.097542431166485297 -0.10159949348559438 -0.069253510571052154 0.026052449091827919 -0.10514286274113503 -0.12699600955526955 0.20183791880724031 -0.096431405980958285 0.065172906148912538 -0.10030378892221688 0.019318779015177621 0.026210502494868716 0.028728880350238069 0.13671569256376648 0.10728958297267309 0.11555615958893538 -0.12109343235471481
leaf_weight=223.25170902581885 1892.4182549547404 1765.5690561437514 84.598134810570627 533.36724566563134 173.20448424108326 581.7717210049741 284.78371679037809 798.16061066882685 16.909124627476558 95.121901719132438 235.4350219881162 223.89883695915341 157.89133921451867 67.364590720739216 44.195643375627697 303.17982673668303 408.1260235006921 83.311540830414742 85.775272648083046 30.826600286178291 270.19355749548413 230.05865994864143 36.179165813140571 221.88743435707875 344.61364213982597 276.7219633446075 82.743185208644718 164.90092442068271 18.464929513866082 36.543159374035895
leaf_count=29584 193348 872973 21230 117606 4106 178256 9992 46501 2969 10849 58593 7381 39455 19626 6352 44035 16705 16894 1899 213 42321 3828 11897 7389 6427 4202 2415 6946 536 700
internal_value=-0.00431 -0.0288864 0.0925833 -0.00379958 -0.0774104 -0.0331357 0.00798717 -0.000528737 -0.0601451 0.0375616 -0.0205488 -0.0525143 -0.0126793 0.0366358 0.0625675 -0.0123162 -0.00293989 0.00795214 0.0140924 -0.00696872 -0.0374636 0.012983 0.0439523 0.0690057 0.0406309 -0.0140168 0.0963251 0.0494302 -0.0849374 0.0112517
internal_weight=9771.47 7794.45 1977.02 5138.07 2656.38 890.808 4137.09 3630.42 717.603 1250.74 2379.67 1000.99 449.155 291.263 842.356 2144.24 1841.06 1617.81 1534.49 961.468 586.027 315.834 135.831 506.671 375.44 408.387 99.6523 573.027 551.832 313.265
internal_count=1785228 1570650 214578 498034 1072616 199643 313430 296049 195537 68604 227445 184604 66462 27007 52853 168852 124817 95233 78339 54688 48048 5727 17281 17381 6640 15751 5384 23651 118142 4902
is_linear=0
shrinkage=0.1


Tree=45
num_leaves=31
num_cat=0
split_feature=12 12 5 66 66 66 67 66 6 6 68 34 66 66 24 66 25 34 65 65 65 65 65 65 24 46 17 65 17 75
split_gain=2080.66 860.634 279.062 258.662 248.363 233.298 186.956 186.259 169.657 272.392 166.283 157.223 116.354 179.785 135.377 100.811 98.41 91.3371 88.8505 150.015 124.24 118.762 148.094 89.1969 114.087 116.773 116.459 97.1424 109.026 80.4752
threshold=1438.2543945312502 45.071428298950202 11632.500000000002 247.50000000000003 234.50000000000003 235.50000000000003 2.5000000000000004 219.50000000000003 550.50000000000011 640.50000000000011 22.000000000000004 102.00000000000001 16386.000000000004 29340.000000000004 13992.000000000002 235.50000000000003 7902718.5000000009 114.00000000000001 210.50000000000003 229.50000000000003 245.50000000000003 251.50000000000003 269.50000000000006 274.50000000000006 156132.00000000003 1.0000000180025095e-35 1.0000000180025095e-35 410.50000000000006 250945.25781250003 7313087.5000000009
decision_type=2 2 2 2 2 2 2 2 2 2 2 2 2 2 2 2 2 2 2 2 2 2 2 2 2 2 2 2 2 2
left_child=1 3 -2 6 -3 -6 7 10 -7 29 17 -8 -5 14 -14 -9 -13 -1 -12 -20 -21 -22 -23 -24 25 -25 -27 -26 -29 -10
right_child=2 4 -4 12 5 8 11 15 9 -11 18 16 13 -15 -16 -17 -18 -19 19 20 21 22 23 24 27 26 -28 28 -30 -31
leaf_value=-0.072982682238260155 0.10077688581142907 -0.099488471468137218 -0.090803368230008494 -0.083326053514677159 0.072727048753502332 -0.099712315778735586 0.077371750801425651 0.089515284951309296 0.14633161521088642 -0.092186688257670929 -0.10339283638062186 -0.07319010083661949 0.071122312141181102 -0.10352839806853893 -0.097195523931956768 -0.012224956981232261 0.05694661250949995 0.10293332150190278 0.097490221569274421 -0.1074051296817721 0.073027078920710239 -0.11701771169282993 0.067489209340410902 -0.083764637406492426 0.10387038600461894 0.089511318298026152 -0.097644557727785963 -0.10807859112583672 0.014328048355067272 -0.081394015761482905
leaf_weight=514.58390168205369 1714.9570427329745 1601.5300520997262 79.559692754643038 508.76090632321575 169.05828296206892 401.26790934521705 590.38853872043546 298.71198980300687 104.32273219199851 138.60383682092652 81.634549300069921 138.98925350583158 218.47860185941681 143.02679580578115 61.160787782631814 144.50718358391896 99.856337089906447 31.310412006801926 155.29464299278334 110.96862367726862 206.20507916714996 114.83710701833479 176.92749426700175 306.68189660669304 104.32259288849309 95.976749014575034 50.870439943857491 81.809444246580824 658.16146291512996 18.229785760398954
leaf_count=122262 193268 872973 21310 118142 4106 130134 41654 13890 6114 52992 17094 15061 7381 39455 19626 6394 8283 1591 2987 7856 4217 3365 3042 42668 2724 1428 7220 4996 6698 6297
internal_value=-0.00422256 -0.0278603 0.0922832 -0.00369312 -0.0764671 -0.0321255 0.00745427 -0.00372163 -0.058885 0.00384632 -0.0136199 0.0496762 -0.0511111 -0.0123341 0.034309 0.0563439 -0.0187827 -0.0628928 -0.00107245 0.0029783 -0.00471915 0.0016262 -0.0076361 0.000881322 -0.00819909 -0.0486525 0.0246772 0.0135313 0.000795058 0.112457
internal_weight=9120.99 7326.48 1794.52 4893.46 2433.01 831.483 3962.04 3132.8 662.424 261.156 2689.58 829.234 931.427 422.666 279.639 443.219 238.846 545.894 2143.69 2062.06 1906.76 1795.79 1589.59 1474.75 1297.82 453.529 146.847 844.294 739.971 122.553
internal_count=1785228 1570650 214578 498034 1072616 199643 313430 248432 195537 65403 228148 64998 184604 66462 27007 20284 23344 123853 104295 87201 84214 76358 72141 68776 65734 51316 8648 14418 11694 12411
is_linear=0
shrinkage=0.1


Tree=46
num_leaves=31
num_cat=0
split_feature=12 12 5 66 66 68 66 22 38 66 68 28 36 24 23 66 66 24 65 76 65 65 65 65 65 67 66 65 65 65
split_gain=1859.96 782.907 251.607 232.283 225.536 210.289 165.534 219.146 187.888 162.489 136.158 126.359 127.793 170.265 122.173 103.724 160.402 116.061 96.4587 106.79 90.1991 116.116 109.574 116.065 124.957 85.2162 83.9405 83.8261 95.96 147.196
threshold=1438.2543945312502 45.071428298950202 11632.500000000002 234.50000000000003 247.50000000000003 30.000000000000004 234.50000000000003 611660.90625000012 4.0000000000000009 266.50000000000006 22.000000000000004 1437974.5000000002 4.4547269344329843 311.50000000000006 7674.5000000000009 16386.000000000004 29340.000000000004 13992.000000000002 29000.000000000004 8015906.5000000009 210.50000000000003 229.50000000000003 249.50000000000003 251.50000000000003 269.50000000000006 88.500000000000014 235.50000000000003 296.50000000000006 404.50000000000006 410.50000000000006
decision_type=2 2 2 2 2 2 2 2 2 2 2 2 2 2 2 2 2 2 2 2 2 2 2 2 2 2 2 2 2 2
left_child=1 4 -2 -3 6 -5 7 10 18 11 -1 14 -13 -14 -7 -6 17 -17 -9 -20 -12 -22 -23 -24 -25 -11 -8 -26 -29 -30
right_child=2 3 -4 5 15 9 26 8 -10 25 20 12 13 -15 -16 16 -18 -19 19 -21 21 22 23 24 27 -27 -28 28 29 -31
leaf_value=-0.055589305134894434 0.10050428677973236 -0.09920201658540917 -0.088690542839232625 -0.097507668503164113 -0.081225187692563219 0.11627645267251002 0.10192845755180398 -0.080653855588521728 0.093297559493483742 -0.094484102106729917 -0.10273212526969155 0.094912697180140351 -0.10069341630047945 3.2540266065204531 -0.10305264881009878 0.065403517479146578 -0.10340338453041141 -0.096823131212379884 0.066517733609485 -0.03040713147694428 0.083629014244223476 -0.1010607833138318 0.074846233424981756 -0.11423769756609535 0.050998822445287112 0.16800681094495479 0.017270106397731477 -0.10804675353535374 0.14659113855391637 -0.01635621889139743
leaf_weight=665.08853159833234 1555.7582606372889 1453.1025446238928 73.618011935381219 296.27467033383437 471.65657669095526 37.602303803199902 251.21573840361089 110.99284607660957 386.65376798529178 146.55776571074966 84.879104791907594 200.0839497265406 0.30745171499438484 0.29786365851759911 78.243839984061196 214.0688493619673 129.56465743540321 55.542881514877081 254.41295153240208 205.48563902440947 160.94824698613957 111.67344810836948 188.25663952948526 104.27553113875911 250.72749615646899 13.507742962334303 219.414270730922 97.827681226306595 60.641272209584713 645.97575125354342
leaf_count=133792 193268 872973 21310 107429 118142 517 9992 9994 36314 74057 19630 7646 55 10 9854 7381 39455 19626 10790 4210 3800 8544 3506 3321 5164 75 7389 12602 1787 42595
internal_value=-0.00413394 -0.0268403 0.0919561 -0.0756431 -0.00357476 -0.0313494 0.00694837 -0.000902143 0.0394724 0.00977725 -0.0172125 0.0512986 0.0993018 1.5501 -0.031861 -0.0494754 -0.0119606 0.0319831 0.00301764 0.0232111 -0.00224429 0.00301966 -0.00587038 0.00201728 -0.00980777 -0.0723328 0.0624596 0.00051233 -0.0152232 -0.00237222
internal_weight=8524.66 6895.28 1629.38 2225.98 4669.3 772.876 3798.47 3327.84 957.545 476.601 2370.29 316.535 200.689 0.605315 115.846 870.833 399.176 269.612 570.891 459.899 1705.21 1620.33 1459.38 1347.7 1159.45 160.066 470.63 1055.17 804.445 706.617
internal_count=1785228 1570650 214578 1072616 498034 199643 313430 296049 61308 92214 234741 18082 7711 65 10371 184604 66462 27007 24994 15000 100949 81319 77519 68975 65469 74132 17381 62148 56984 44382
is_linear=0
shrinkage=0.1


Tree=47
num_leaves=31
num_cat=0
split_feature=12 12 5 66 66 68 65 66 67 34 66 66 25 23 25 66 66 24 11 48 66 65 3 35 67 68 22 43 65 65
split_gain=1661.11 715.908 227.227 215.324 196.479 185.996 145.809 139.513 125.195 139.722 115.824 123.59 105.579 98.4067 93.7358 92.3145 143.131 99.4732 88.735 86.1218 99.6901 83.7922 77.1555 77.1445 76.3449 75.2968 105.353 91.2455 81.6604 93.4455
threshold=1438.2543945312502 45.071428298950202 12744.500000000002 234.50000000000003 247.50000000000003 30.000000000000004 29517.500000000004 285.50000000000006 2.5000000000000004 114.00000000000001 219.50000000000003 1.0000000180025095e-35 4800730.5000000009 7674.5000000000009 7902718.5000000009 16386.000000000004 29340.000000000004 13992.000000000002 1355.5000000000002 1.0000000180025095e-35 245.50000000000003 255.50000000000003 19.500000000000004 110.00000000000001 88.500000000000014 22.000000000000004 425.32472229003912 1.0000000180025095e-35 210.50000000000003 229.50000000000003
decision_type=2 2 2 2 2 2 2 2 2 2 2 2 2 2 2 2 2 2 2 2 2 2 2 2 2 2 2 2 2 2
left_child=1 4 -2 18 6 -5 8 12 10 21 11 25 13 -7 -11 22 17 -17 -3 23 -21 -10 -6 -12 -9 26 -1 -28 -27 -30
right_child=2 3 -4 5 15 7 -8 24 9 14 19 -13 -14 -15 -16 16 -18 -19 -20 20 -22 -23 -24 -25 -26 28 27 -29 29 -31
leaf_value=-0.075660362631323599 0.10009303907420866 -0.10126119856925196 -0.089080478204006053 -0.096364289690631294 -0.087693302673654744 0.11288260084285853 -0.096650329600935614 -0.096535872524339567 -0.032728075187338578 -0.084393411238509963 0.10048846342472065 -0.099573577592031934 0.092567872914734659 -0.087063685656075529 0.051659579028139238 0.059910421547913872 -0.10327590529865734 -0.096422219628284331 0.18454491161513387 -0.050287149081652119 0.1359640603739124 0.08826711762401146 0.1232326370512305 -0.11305626163405853 0.15823065806305786 -0.1029300712603663 0.0081186536734148204 0.29537912116098503 0.086586895099872496 0.0031613236338355563
leaf_weight=270.55084404745139 1413.5044229004998 1307.8461497449316 66.481470540515147 271.10477717337199 420.16808006793872 34.966237097978592 132.09978255361784 129.40901148144621 65.121984705561772 113.04804998915642 237.71555211953819 138.56093483162113 189.65044972929172 83.147643078002147 91.729254784528166 210.52478197356686 117.37244368717074 50.455904584494419 10.954037841642274 125.71671700431034 37.253728084266186 472.63487931864802 18.088911728002131 18.213313101790845 12.938398484140633 66.45867799653206 84.254283836344257 12.7280027102679 146.15903162537143 1649.772547987639
leaf_count=85162 193348 872453 21230 107429 117621 518 28302 71993 2852 13862 9970 25191 8308 11321 8209 7381 39455 19626 520 9451 501 39273 521 233 74 16870 10963 69 2475 60047
internal_value=-0.00404497 -0.025759 0.0915953 -0.0748618 -0.00339272 -0.0309293 0.00649812 0.0084826 0.0103582 0.0468463 0.000638138 -0.00793463 0.0463455 -0.0278719 -0.023449 -0.0477474 -0.0115611 0.0296863 -0.0988873 0.0491091 -0.00771163 0.0736147 -0.0789874 0.0852914 -0.0733794 -0.00224045 -0.0436052 0.0458189 0.00592267 0.00995078
internal_weight=7998.63 6518.64 1479.99 2040.02 4478.63 721.217 3662.02 450.112 3529.92 742.534 2787.38 2368.48 307.764 118.114 204.777 816.61 378.353 260.981 1318.8 418.899 162.97 537.757 438.257 255.929 142.347 2229.92 367.533 96.9823 1862.39 1795.93
internal_count=1785228 1570650 214578 1072616 498034 199643 313430 92214 285128 64196 220932 200777 20147 11839 22071 184604 66462 27007 872973 20155 9952 42125 118142 10203 72067 175586 96194 11032 79392 62522
is_linear=0
shrinkage=0.1


Tree=48
num_leaves=31
num_cat=0
split_feature=13 65 65 66 24 68 22 66 67 35 47 10 37 10 68 65 19 67 76 21 6 41 19 73 34 1 65 65 24 65
split_gain=1481.69 660.723 311.319 235.1 231.899 206.737 182.832 177.553 151.189 130.228 105.05 239.766 101.207 100.658 92.4157 77.2609 73.822 73.7492 72.5676 80.815 71.4798 71.1798 69.9068 64.2238 307.348 75.7562 61.7564 81.8888 99.4731 60.0422
threshold=1730.037780761719 -1.0000000180025095e-35 296.50000000000006 247.50000000000003 227.50000000000003 22.000000000000004 883606.65625000012 219.50000000000003 5.5000000000000009 30.000000000000004 1.0000000180025095e-35 130.50000000000003 364.26617431640631 126.50000000000001 22.000000000000004 294.50000000000006 271.50000000000006 2.5000000000000004 10500032.500000002 10500383.000000002 427.50000000000006 2.2293385267257695 71.500000000000014 5093776.0000000009 62.000000000000007 20016601.500000004 404.50000000000006 410.50000000000006 1010578.5000000001 228.00000000000003
decision_type=2 2 2 2 2 2 2 2 2 2 2 2 2 2 2 2 2 2 2 2 2 2 2 2 2 2 2 2 2 2
left_child=1 -1 3 6 10 12 7 9 18 15 11 13 -6 14 -4 23 29 -13 19 22 -8 -16 -7 -3 25 -25 -24 -28 -29 -9
right_child=-2 2 4 -5 5 8 20 16 -10 -11 -12 17 -14 -15 21 -17 -18 -19 -20 -21 -22 -23 26 24 -26 -27 27 28 -30 -31
leaf_value=-0.099652592122377676 0.096681389393017209 0.0015540882006759413 -0.1092111724202854 -0.068179157167906707 -0.097419493208786248 -0.054561788397252758 0.096484922863078679 0.041595396250755652 0.13651634440584898 -0.090953981229827618 -0.093898514027215579 -0.00316323432231337 0.088532513940239033 0.13525180209685114 -0.06122676450596827 0.17675178244496859 -0.076484915863170369 -0.092951433267308536 0.10732076300788765 -0.12239227778842002 -0.099906151863103532 0.061553466468191931 -0.10797377928439662 2.8941678053851261 0.091788930792669393 1.0558748112654104 0.18913275921870584 0.025391989050170895 -0.12302911837534458 0.12878313652859449
leaf_weight=964.3650377393933 1225.8160079270601 1040.7465966885211 61.402376612648368 277.20168066548649 269.4257759640459 165.27080688124988 412.97527622699272 139.82673779781908 94.650270383805037 149.87215747893788 535.43249743957858 111.50559115561191 32.836113908444531 67.631047964561731 64.74124023783952 26.625889936694875 28.721865584840998 509.32704108580947 65.278655796078965 52.399938121670857 19.403509230702184 174.43986302986741 38.072658424498513 0.46690065274014791 11.672670500352979 0.43122029490768909 28.405198886874132 736.97002894000616 48.103277456248179 181.52469042688608
leaf_count=727801 187243 80738 7143 78670 109828 36822 44637 8975 5498 28993 140197 20895 871 664 5663 426 1868 254780 2866 3014 3514 6945 4000 24 458 16 229 15514 2448 4488
internal_value=-0.0039224 -0.0234671 -0.00972236 0.0181591 -0.0306111 -0.00312618 0.0300528 0.0142838 0.015094 -0.00360205 -0.0582211 -0.0389067 -0.0772187 0.0250258 0.000225082 0.00852046 0.0771172 -0.0768249 0.00496383 -0.00128531 0.0876716 0.0283195 0.0049557 0.00426788 0.228945 2.01154 0.016507 0.022333 0.0162979 0.0908459
internal_weight=7535.54 6309.73 5345.36 2289.47 3055.89 1531.41 2012.27 1579.89 1229.15 1229.82 1524.48 989.047 302.262 368.215 300.583 1079.94 350.073 620.833 1134.5 1069.22 432.379 239.181 1016.82 1053.32 12.5708 0.898121 851.551 813.479 785.073 321.351
internal_count=1785228 1597985 870184 252807 617377 181090 174137 125986 70391 110655 436287 296090 110699 20415 19751 81662 15331 275675 64893 62027 48151 12608 59013 81236 498 40 22191 18191 17962 13463
is_linear=0
shrinkage=0.1


Tree=49
num_leaves=31
num_cat=0
split_feature=12 65 66 65 5 46 5 22 66 35 37 5 10 66 24 65 66 66 4 65 1 16 25 66 65 65 24 28 19 65
split_gain=1328.88 591.057 233.062 218.635 193.785 182.797 187.813 128.322 153.3 113.83 100.035 95.8932 111.721 104.06 92.8209 80.0528 78.2065 173.392 85.7838 70.3865 69.9376 72.4768 69.9223 68.234 81.4292 63.5373 62.6573 67.6084 55.2748 55.1483
threshold=1438.2543945312502 -1.0000000180025095e-35 247.50000000000003 296.50000000000006 11632.500000000002 1.0000000180025095e-35 3544.5000000000005 883606.65625000012 219.50000000000003 30.000000000000004 0.02014200855046511 3509.0000000000005 130.50000000000003 245.50000000000003 1010578.5000000001 410.50000000000006 28952.000000000004 29000.000000000004 25151.000000000004 404.50000000000006 114860.00000000001 99.416667938232436 7902718.5000000009 235.50000000000003 258.50000000000006 294.50000000000006 1010578.5000000001 565276.50000000012 432.50000000000006 65529.000000000007
decision_type=2 2 2 2 2 2 2 2 2 2 2 2 2 2 2 2 2 2 2 2 2 2 2 2 2 2 2 2 2 2
left_child=1 -1 3 7 -2 14 11 8 9 25 -9 12 20 -14 -5 19 18 28 -4 -16 21 -7 26 -10 -25 -3 27 -22 -18 -23
right_child=4 2 16 5 -6 6 -8 10 23 -11 -12 -13 13 -15 15 -17 17 -19 -20 -21 22 29 -24 24 -26 -27 -28 -29 -30 -31
leaf_value=-0.09958172515743649 0.099693521261871573 0.0034294440927148361 -0.077988275167656579 -0.094723838444565958 -0.084536089402945158 -0.027696552578331226 -0.099276136636751347 0.10095267567753496 0.10193797779625119 -0.089228346333552255 -0.062129055942626521 0.12074274880459951 -0.07958061162495042 0.10725551954802276 -0.14828725461267719 -0.10718726469618166 0.071263523247912713 -0.073631638094823315 0.10027537281925276 0.13268558377330159 0.011620548127845914 0.13234434780398358 0.086295424138717658 -0.06099228002721694 0.12310118630259517 0.16047340885079578 -0.12180772572395566 -0.093440809740727937 1.1511543893560929 -0.12207284315870477
leaf_weight=872.26915655727498 1169.4748284460511 1056.8584154036362 687.77107958508714 410.99155206454452 60.025926589500159 50.470065814908594 185.89969414914958 299.74944953527302 236.49822053452954 137.82950299710501 43.010090885916725 71.296304635470733 234.46457826299593 34.152182918973267 10.826342689804731 34.563216045615263 133.88427455385681 188.22203779662959 28.09758682269603 50.522737751714885 653.23603842593729 117.86757647036575 93.62385436007753 67.108274829573929 37.427697626873851 26.406071218661964 43.505778114777058 67.58871654770337 0.47567206621169944 9.1838348377495986
leaf_count=727568 193268 81232 286810 99097 21310 4330 102773 33587 11695 28939 8264 2329 71367 2490 312 6053 7893 67344 1471 1568 8561 1308 6030 2924 700 426 1225 3401 6 947
internal_value=-0.00385312 -0.0236111 -0.0103882 0.000636794 0.0906992 -0.0218763 -0.00493641 0.0250799 0.0129222 -0.00363313 0.0804889 0.00781469 0.00164078 -0.0558261 -0.0740519 0.0145288 -0.0525697 -0.0116884 -0.0709915 0.083102 0.0165485 0.0736821 0.00472681 0.0721994 0.00491991 0.00725761 -0.00526464 0.00176938 0.0750866 0.113954
internal_weight=7113.3 5883.8 5011.53 3973.08 1229.5 2068.19 1561.29 1904.89 1562.13 1221.09 342.76 1375.39 1304.09 268.617 506.904 95.9123 1038.45 322.582 715.869 61.3491 1035.48 177.521 857.954 341.034 104.536 1083.26 764.331 720.825 134.36 127.051
internal_count=1785228 1570650 843082 479558 214578 311791 204761 167767 125916 110597 41851 101988 99659 73857 107030 7933 363524 75243 288281 1880 25802 6585 19217 15319 3624 81658 13187 11962 7899 2255
is_linear=0
shrinkage=0.1


Tree=50
num_leaves=31
num_cat=0
split_feature=12 65 3 5 65 76 65 27 72 66 66 9 4 65 65 24 66 19 65 66 21 34 3 76 1 65 14 65 65 65
split_gain=1184.32 545.263 208.316 174.578 149.962 141.928 132.11 199.626 259.889 107.869 119.214 114.996 141.203 89.2176 82.4185 102.742 80.5374 79.985 76.7554 70.5194 68.4431 92.5518 57.3575 55.5637 55.1777 54.5148 265.418 1085.15 510.665 162.187
threshold=1438.2543945312502 -1.0000000180025095e-35 3.5000000000000004 11632.500000000002 29517.500000000004 8229407.5000000009 29000.000000000004 394328.06250000006 14003.500000000002 247.50000000000003 234.50000000000003 9.9156141281127947 12.500000000000002 228.00000000000003 1023.5000000000001 1215.5000000000002 237.50000000000003 37012.500000000007 229.50000000000003 245.50000000000003 10500383.000000002 106.00000000000001 5.5000000000000009 8015906.5000000009 5764343.5000000009 1445.0000000000002 68965.517240689675 1214.5000000000002 1268.0000000000002 1120.5000000000002
decision_type=2 2 2 2 2 2 2 2 2 2 2 2 2 2 2 2 2 2 2 2 2 2 2 2 2 2 2 2 2 2
left_child=1 -1 4 -2 5 9 -4 -8 24 10 11 12 20 -14 -11 25 -12 -15 -19 -18 21 -3 -10 -23 -9 26 -16 29 -29 -28
right_child=3 2 6 -5 -6 -7 7 8 22 14 16 -13 13 17 15 -17 19 18 -20 -21 -22 23 -24 -25 -26 -27 27 28 -30 -31
leaf_value=-0.099507490115533337 0.099297660954004996 -0.015869375773406358 -0.08809377654720299 -0.081905385386362939 -0.10198955169139451 0.08398630084910326 -0.10232141084500526 0.0032951997911811609 0.07683302033444761 -0.079371288988342781 0.09086549608695553 -0.079515505861945265 -0.046194057959786414 0.094177261235299459 0.075505025273700288 -0.095685300153239464 -0.080303607246042227 0.10106390540986161 -0.14592455380694477 0.088713391505728614 -0.13985918349545379 0.063902864983074237 -0.098183785201718859 -0.0095699317796412442 0.12834946532790734 0.01223559270636238 -0.10034906166344702 12.449053776806586 3.9512170010769108 2.3037948886259421
leaf_weight=789.82143239595462 1062.1961912573315 1431.5570232110331 481.0339075018419 55.970613425364718 136.45251019684656 213.05374229210429 177.65923796675634 45.291697797132656 21.937002277118154 275.54390944412444 259.77187262428924 170.12367415253539 71.400335036916658 323.52588209451642 34.435084358396125 81.481736013898626 62.48063532076776 22.009865388274193 29.374325287761167 40.809524605050683 37.568065341562033 276.47918607201427 127.90367222437635 163.97427830658853 159.66561533755157 153.12722964971908 1.7901795030338687 0.095622114371508249 0.27150457771494985 0.33276368340011675
leaf_count=727568 193268 111537 208277 21310 40111 20193 83842 8488 1442 103077 10336 59344 3689 30115 2349 35037 4336 241 501 550 619 8188 77243 1652 10475 20477 677 36 116 134
internal_value=-0.00371845 -0.0225139 -0.00984265 0.0902274 0.000937337 0.00478602 -0.0501088 -0.0157922 0.0275358 -0.000124682 0.00758536 -0.000115818 0.0056178 0.0562579 -0.0408408 -0.00174131 0.0611665 0.0757695 -0.0401297 -0.0135257 -0.0062179 -0.00353595 -0.0725609 0.03655 0.100715 0.0385356 0.147601 1.14461 6.16457 0.276492
internal_weight=6707.14 5588.97 4799.15 1118.17 3785.66 3649.21 1013.49 532.457 354.798 3436.15 2889.07 2526.01 2355.89 446.31 547.078 271.534 363.062 374.91 51.3842 103.29 1909.58 1872.01 149.841 440.453 204.957 190.052 36.9252 2.49007 0.367127 2.12294
internal_count=1785228 1570650 843082 214578 453315 413204 389767 181490 97648 393011 231108 215886 156542 34546 161903 58826 15222 30857 742 4886 121996 121377 78685 9840 18963 23789 3312 963 152 811
is_linear=0
shrinkage=0.1


Tree=51
num_leaves=31
num_cat=0
split_feature=12 11 66 3 65 68 21 22 66 35 66 66 66 3 24 23 35 37 29 65 43 21 37 46 18 16 24 19 2 18
split_gain=1071.21 508.828 195.399 187.096 150.46 162.509 126.157 119.139 128.271 110.713 77.8118 77.3216 149.565 87.9301 73.6299 71.7537 69.4611 68.7443 103.663 66.4308 108.275 142.907 76.2325 65.3086 172.173 82.2957 60.7796 60.3519 63.5222 59.2515
threshold=1356.5380859375002 23.500000000000004 247.50000000000003 8.5000000000000018 274.50000000000006 22.000000000000004 149979.50000000003 883606.65625000012 234.50000000000003 30.000000000000004 219.50000000000003 28952.000000000004 29340.000000000004 30.500000000000004 13992.000000000002 208292.00000000003 30.000000000000004 13.327624320983888 199.50000000000003 210.50000000000003 1.0000000180025095e-35 803.35714721679699 2274.0200195312505 1.0000000180025095e-35 15022.500000000002 99.416667938232436 217.50000000000003 3661.0000000000005 4.5000000000000009 3853932.5000000005
decision_type=2 2 2 2 2 2 2 2 2 2 2 2 2 2 2 2 2 2 2 2 2 2 2 2 2 2 2 2 2 2
left_child=1 2 4 -2 7 17 23 8 9 19 15 13 14 -4 -13 -8 -10 -6 -19 20 -1 -22 27 -7 25 -25 -17 28 -21 -15
right_child=3 -3 11 -5 5 6 10 -9 16 -11 -12 12 -14 29 -16 26 -18 18 -20 22 21 -23 -24 24 -26 -27 -28 -29 -30 -31
leaf_value=-0.10385203510310469 0.098880541111976139 -0.099973925915445738 -0.084960866959760559 -0.086797971623425507 -0.10638214827166269 -0.079720276697339901 1.1215346321341877 0.080068754702172298 -0.090097684550538806 -0.086253285376486688 0.071098456125663095 0.072067257091992215 -0.10442123066334695 0.11909534659734725 -0.094221240650194812 -0.096764110968966977 0.090868790841546282 -0.082710926185493028 0.10226358052480961 0.010981001000924237 -0.11088924395458018 0.24313690476909247 0.13864583194017363 -0.021983386423501217 -0.084789956963896726 0.14576264696130989 0.0088118536365112791 -0.047465084026052248 0.098483357284345527 -0.073799962631610649
leaf_weight=114.09001894050743 980.376321961754 730.68126636557281 547.80397497452941 57.447465807490516 258.49846093577798 262.26787686150055 0.57239975431002577 292.07450558803976 23.357696997001767 144.0996371343499 203.71596925379708 156.78232854907401 106.39478462340776 37.782289621187374 32.075009483029135 58.567010461527389 230.70151876634918 86.519135434296913 46.623774268082343 560.1652898961911 21.354403839679435 24.464912389172241 49.758006169111468 49.068256842438132 139.68559603550239 72.398529895930551 790.88072490924969 144.35028678458184 97.386815042700619 27.525230041239411
leaf_count=31430 194053 742467 256921 26673 115215 44189 68 39388 1205 34166 10909 4019 54588 1225 16313 33242 10649 37016 3338 20444 3731 127 2357 4318 35250 442 23374 17918 6446 13747
internal_value=-0.00431706 -0.0224791 -0.010113 0.0886025 0.000163341 -0.01866 -0.00434319 0.0219398 0.00989637 -0.0042468 0.01559 -0.0516387 -0.00959569 -0.0718851 0.0438253 0.00228689 0.0742311 -0.0763142 -0.0179368 0.00743514 -0.0517051 0.0781406 0.0185394 -0.0444723 -0.00907371 0.0779992 0.00153269 0.0110868 0.0239405 0.0377956
internal_weight=6347.47 5309.65 4578.96 1037.82 3670.6 1968.8 1577.16 1701.8 1409.73 1155.67 1053.74 908.364 295.252 613.111 188.857 850.02 254.059 391.641 133.143 1011.57 159.909 45.8193 851.66 523.42 261.152 121.467 849.448 801.902 657.552 65.3075
internal_count=1785228 1564502 822035 220726 475222 307361 151792 167861 128473 116619 67593 346813 74920 271893 20332 56684 11854 155569 40354 82453 35288 3858 47165 84199 40010 4760 56616 44808 26890 14972
is_linear=0
shrinkage=0.1


Tree=52
num_leaves=31
num_cat=0
split_feature=12 65 66 65 68 5 46 22 66 24 35 39 66 66 67 37 29 25 72 19 36 65 65 17 19 17 5 65 47 65
split_gain=953.87 454.476 188.358 146.132 146.682 141.972 110.676 96.8559 97.3034 88.8077 85.6232 85.342 71.894 133.863 77.4128 67.2068 86.9783 67.1672 102.273 89.6286 94.4088 63.8328 70.2368 63.7735 62.5755 62.5227 62.4315 59.196 95.1066 57.6565
threshold=1438.2543945312502 -1.0000000180025095e-35 247.50000000000003 296.50000000000006 22.000000000000004 11632.500000000002 1.0000000180025095e-35 883606.65625000012 219.50000000000003 156132.00000000003 30.000000000000004 30.500000000000004 28952.000000000004 29000.000000000004 15.500000000000002 11.603990554809572 217.50000000000003 5877576.0000000009 14003.500000000002 16.500000000000004 136.97290039062503 410.50000000000006 404.50000000000006 222856.14062500003 186.50000000000003 731237.50000000012 11593.500000000002 228.00000000000003 1.0000000180025095e-35 269.50000000000006
decision_type=2 2 2 2 2 2 2 2 2 2 2 2 2 2 2 2 2 2 2 2 2 2 2 2 2 2 2 2 2 2
left_child=1 -1 3 7 15 26 9 8 10 -6 29 -9 14 -14 -4 -5 -17 19 -19 -8 23 22 -11 -21 27 -16 -2 28 -10 -3
right_child=5 2 12 4 6 -7 17 11 24 21 -12 -13 13 -15 25 16 -18 18 -20 20 -22 -23 -24 -25 -26 -27 -28 -29 -30 -31
leaf_value=-0.099352464970096546 -0.12647735705737548 -0.0065831558279833115 -0.085464187688443743 -0.10823196377457792 -0.09455666058462657 -0.077088370270154277 -0.078806508627262739 0.098564261583580712 0.086858549399470283 -0.13703403052066063 -0.085154039039757864 -0.059584326342074959 0.068846765999481932 -0.071096789291525714 0.10862293662255096 -0.076833291219766342 0.09820775129230977 0.10211606486444819 -0.041118531143269167 -0.10352484694702564 0.10360888477181113 -0.10785045415856796 0.14274758291335293 0.0057395373902916101 -0.06735637167027668 -0.069803606383980157 0.10149870006297988 0.11793337302540703 -0.10411964771020472 0.048935274052787914
leaf_weight=649.43563421303406 12.181325735058634 785.21602325548884 511.57740694230597 233.61104541778332 210.58024196629412 48.694266199367121 134.94622215366689 235.65884056943469 78.909152240958065 11.197898200247435 112.72203186142724 39.898924580134917 122.01869077642914 155.4102601839113 40.053866094094701 84.272256087337155 42.807933343923651 157.71414756291779 72.888419645838439 58.137985421402846 93.704565069521777 23.908616148750298 45.155017985031009 657.88250836543739 33.719255417352542 38.531541669042781 865.53970933007076 153.83348759030923 38.946216356009245 245.55372291989625
leaf_count=727568 459 76030 260546 116173 46838 21310 40844 33582 6282 399 28939 8269 7899 67344 2718 38815 2831 10777 30558 5783 1115 4204 1577 11877 2190 25017 192809 4271 2576 5628
internal_value=-0.00418733 -0.0212416 -0.0097617 0.000443073 -0.0192657 0.0891142 -0.00521088 0.0213216 0.0109863 -0.0604419 -0.0024064 0.0756654 -0.0515323 -0.00954687 -0.0712692 -0.0763951 -0.0178694 0.00845699 0.0568427 -0.00335439 0.00922022 0.029064 0.0871521 -0.00313229 0.0611305 0.0211379 0.0983348 0.077077 0.0237483 0.00664265
internal_weight=5994.71 5068.29 4418.86 3551.26 1826.81 926.415 1466.12 1724.46 1448.9 290.842 1143.49 275.558 867.592 277.429 590.163 360.691 127.08 1175.27 230.603 944.671 809.725 80.2615 56.3529 716.02 305.408 78.5854 877.721 271.689 117.855 1030.77
internal_count=1785228 1570650 843082 479558 311791 214578 153972 167767 125916 53018 110597 41851 363524 75243 288281 157819 41646 100954 41335 59619 18775 6180 1976 17660 15319 27735 193268 13129 8858 81658
is_linear=0
shrinkage=0.1


Tree=53
num_leaves=31
num_cat=0
split_feature=12 65 66 5 65 68 21 22 66 37 65 65 65 66 66 67 72 25 24 37 29 5 19 10 16 46 36 34 14 65
split_gain=851.654 418.743 164.38 128.511 125.435 134.402 98.4596 90.3121 93.8266 77.0851 70.2607 94.4925 69.7825 66.5264 108.23 75.3409 62.7717 120.899 60.4646 60.0075 76.9659 56.1675 55.731 55.6828 55.4767 125.209 62.2574 54.6054 69.5896 54.2598
threshold=1438.2543945312502 -1.0000000180025095e-35 247.50000000000003 11632.500000000002 274.50000000000006 22.000000000000004 149979.50000000003 883606.65625000012 219.50000000000003 0.02014200855046511 269.50000000000006 256.50000000000006 210.50000000000003 16386.000000000004 29340.000000000004 15.500000000000002 14003.500000000002 4180583.0000000005 13992.000000000002 11.603990554809572 162.50000000000003 11593.500000000002 271.50000000000006 2638.0000000000005 2624.6608886718755 1.0000000180025095e-35 9958.5131835937518 62.000000000000007 2103337.0410000007 228.00000000000003
decision_type=2 2 2 2 2 2 2 2 2 2 2 2 2 2 2 2 2 2 2 2 2 2 2 2 2 2 2 2 2 2
left_child=1 -1 4 21 7 19 24 8 10 -9 11 12 -3 15 18 -4 17 -8 -15 -6 -21 -2 29 -5 25 -7 -27 28 -14 -10
right_child=3 2 13 23 5 6 16 9 22 -11 -12 -13 27 14 -16 -17 -18 -19 -20 20 -22 -23 -24 -25 -26 26 -28 -29 -30 -31
leaf_value=-0.099260869510444757 -0.12238205296355105 -0.059667747119249076 -0.087485569519913653 0.42967702505773153 -0.10611248530173839 -0.068053587236101235 0.0087789533342094959 0.099256114796083802 0.02315866761641304 -0.054427405288447729 0.055526706341167104 -0.11915412017671151 -0.072858564532666467 0.04929536153499936 -0.10454524726762345 0.021750319037497523 -0.019887249156326718 0.11295404823411387 -0.094672671144892181 -0.079743060574258978 0.084771426173196149 0.10146223285705486 -0.07736994588796739 -0.098211742007886377 -0.086344916060031987 0.12563820685419974 -0.022641349732586892 0.025914186750401216 0.18327128669594608 0.11578886080144146
leaf_weight=588.14913400862133 11.372390582226215 177.39411069988273 436.3112987561326 2.0939881650847374 215.79905320366379 180.2947056092089 509.31353812216548 213.84770986821968 111.39541805256158 38.515685072634369 170.98114578123204 78.60698293033056 111.16106668894645 179.99438171181828 90.238859651202802 73.822256531333551 372.65077719953842 142.59175887820311 34.814677576476242 76.078367915644776 45.412047097168397 783.43998871720396 26.188412419753149 43.676411098218523 178.11969742621295 68.990433430939447 48.027901915949769 504.85941483336501 11.726816818001678 146.27520418353379
leaf_count=727568 459 40217 251293 19 116597 32390 18816 33567 8973 8203 3731 4111 41473 10487 54901 26939 41386 10328 19904 37740 4360 192809 1809 21291 48227 1303 4262 17635 529 3901
internal_value=-0.00402264 -0.020185 -0.00922484 0.0888764 0.000372679 -0.0174271 -0.00460167 0.0209284 0.0105834 0.0758009 -0.00315138 -0.014504 -0.00428687 -0.049587 -0.0126444 -0.0716779 0.012851 0.0315653 0.0259621 -0.0744644 -0.018249 0.0982594 0.0616172 -0.0740609 -0.0422121 -0.0157722 0.0647797 0.0113631 -0.0484169 0.0757432
internal_weight=5672.14 4831.56 4243.41 840.583 3428.23 1837.28 1499.99 1590.95 1338.59 252.363 1054.73 883.748 805.141 815.181 305.048 510.134 1024.56 651.905 214.809 337.289 121.49 794.812 283.859 45.7704 475.433 297.313 117.018 627.747 122.888 257.671
internal_count=1785228 1570650 843082 214578 479558 315409 156712 164149 122379 41770 107696 103965 99854 363524 85292 278232 70530 29144 30391 158697 42100 193268 14683 21310 86182 37955 5565 59637 42002 12874
is_linear=0
shrinkage=0.1


Tree=54
num_leaves=31
num_cat=0
split_feature=12 65 66 5 65 68 65 65 22 65 46 39 66 35 66 66 66 67 37 29 65 24 18 10 65 5 48 66 36 20
split_gain=760.202 385.667 143.274 117.631 106.911 119.354 93.6375 81.1063 79.5228 71.2119 79.6426 69.7711 67.0956 70.7988 62.6893 59.968 113.064 63.5196 59.5731 64.7684 58.8467 54.144 53.3133 54.6549 52.1532 50.3623 45.6275 51.3557 132.148 45.247
threshold=1438.2543945312502 -1.0000000180025095e-35 247.50000000000003 14244.500000000002 296.50000000000006 22.000000000000004 404.50000000000006 29517.500000000004 883606.65625000012 410.50000000000006 1.0000000180025095e-35 30.500000000000004 219.50000000000003 30.000000000000004 235.50000000000003 28952.000000000004 29340.000000000004 15.500000000000002 10.420085906982424 162.50000000000003 294.50000000000006 13992.000000000002 3853932.5000000005 23.500000000000004 258.50000000000006 11593.500000000002 1.0000000180025095e-35 234.50000000000003 8817.0507812500018 272.50000000000006
decision_type=2 2 2 2 2 2 2 2 2 2 2 2 2 2 2 2 2 2 2 2 2 2 2 2 2 2 2 2 2 2
left_child=1 -1 4 25 8 18 -7 9 12 -8 -11 -10 13 20 26 17 21 -4 -6 -20 -3 29 -19 -24 -16 -2 -14 -28 -29 -17
right_child=3 2 15 -5 5 6 7 -9 11 10 -12 -13 14 -15 24 16 -18 22 19 -21 -22 -23 23 -25 -26 -27 27 28 -30 -31
leaf_value=-0.099162037727583863 -0.11807045286711476 0.0023743935351157961 -0.081719639655034926 -0.079618007522829867 -0.10819835374602363 -0.10330122952384857 0.13548832705207667 -0.096395021870402442 0.095922554422786604 -0.088449350251410444 0.011144219844922136 -0.053299646101494513 0.11914739694580379 -0.082221757848482305 -0.061983693629206062 -0.088324677487559955 -0.10465999540394735 0.10429621777786331 -0.076669120926247517 0.076938480596776826 0.15737619641337192 -0.092886123217889818 0.36499061800906546 -0.096654613511315782 0.088373823576948118 0.10103866411911749 -0.088352706249172339 0.028975309837388198 0.71945448526911882 0.083131633906934593
leaf_weight=532.68357432604535 10.646979452576486 978.20437765389215 439.98039748750307 39.400903039553668 190.37501788121881 90.24856489233207 42.549377867486328 78.622354522754904 198.32622903864831 86.687605780665763 1088.6501851293142 37.212701154872775 130.96582381566986 99.400361257256009 67.279377917991951 17.50641620811075 81.566293335170485 36.556052132509649 70.919506184523925 44.783322358969599 25.122417823411524 26.562799300998449 2.7604365246370426 36.140921031939797 35.106655988376588 712.46392222360009 26.859314534114674 25.384011909365658 3.111545041203498 127.40850378933828
leaf_count=727568 459 81232 260546 21158 115145 15556 1835 31437 33582 24124 81020 8269 8293 28939 2924 814 54901 2270 38175 4499 426 16313 25 25440 700 192961 2764 612 26 3215
internal_value=-0.00386308 -0.0191278 -0.00869975 0.0886443 0.000307107 -0.0172858 -0.00481119 0.00204459 0.0186122 0.0083995 0.00379865 0.072347 0.00951608 -0.00171988 0.0524323 -0.047609 -0.00774021 -0.0671818 -0.0738049 -0.0172146 0.0062555 0.0383613 0.0175861 -0.0638963 -0.0104283 0.0978125 0.0869751 0.0108578 0.104372 0.0624189
internal_weight=5383.49 4620.97 4088.29 762.512 3319.81 1692.84 1386.76 1296.51 1626.97 1217.89 1175.34 235.539 1391.43 1102.73 288.707 768.482 253.044 515.438 306.078 115.703 1003.33 171.478 75.4574 38.9014 102.386 723.111 186.321 55.3549 28.4956 144.915
internal_count=1785228 1570650 843082 214578 479558 311791 153972 138416 167767 106979 105144 41851 125916 110597 15319 363524 75243 288281 157819 42674 81658 20342 27735 25465 3624 193420 11695 3402 638 4029
is_linear=0
shrinkage=0.1


Tree=55
num_leaves=31
num_cat=0
split_feature=12 0 65 37 71 25 5 43 34 19 35 65 65 47 66 14 65 65 1 10 47 29 1 65 14 4 28 34 37 16
split_gain=678.375 355.534 130.968 115.951 151.085 154.874 106.676 88.4362 95.5403 88.1734 83.7885 92.3819 135.282 161.311 137.015 475.959 415.075 2188.9 83.0141 73.6494 72.3624 71.5743 65.6754 56.6189 64.0411 59.2371 56.1528 54.7993 52.5421 54.5176
threshold=1438.2543945312502 11.500000000000002 29517.500000000004 0.0668475776910782 14599.500000000002 7026296.5000000009 11632.500000000002 1.0000000180025095e-35 62.000000000000007 812.50000000000011 74.000000000000014 228.00000000000003 274.50000000000006 1.0000000180025095e-35 16386.000000000004 193586.49167819551 237.50000000000003 235.50000000000003 10308.500000000002 5914.5000000000009 1.0000000180025095e-35 9430.5000000000018 23.500000000000004 210.50000000000003 1.0000000180025095e-35 30.500000000000004 5000475.0000000009 22.000000000000004 30.021916389465336 99.416667938232436
decision_type=2 2 2 2 2 2 2 2 2 2 2 2 2 2 2 2 2 2 2 2 2 2 2 2 2 2 2 2 2 2
left_child=1 2 3 7 5 9 -2 8 -1 10 11 21 14 28 18 -16 17 -17 27 26 -7 -5 -18 -10 -25 -26 -12 -13 -14 -30
right_child=6 -3 -4 4 -6 20 -8 -9 23 -11 19 12 13 -15 15 16 22 -19 -20 -21 -22 -23 -24 24 25 -27 -28 -29 29 -31
leaf_value=-0.064695822083645355 0.098098168142499401 -0.099865689819955805 -0.10256862975786452 -0.073909942769102357 -0.084424296376288149 0.11709288229554951 -0.069920569594570423 0.15227327441310406 -0.1080803875807177 -0.097766572528038248 -0.072352198946157062 0.010733920928874766 0.0014491725505303881 -0.091341698705042634 -0.048886975607055898 -0.10052031354278351 2.8446567758422012 16.257712190303081 -0.080147289068156741 3.6653214229282511 -0.096697010732943484 0.086686565405140747 -0.10047590259038611 0.0081183498288654229 0.080498866349199616 0.00093637785736658599 0.085561076143287979 0.13374449164785254 -0.027035693874202727 0.1078530591582979
leaf_weight=153.6066021049628 652.08199261547998 474.66605977358995 142.01702717837179 217.51506209408399 316.12169530725805 125.60671909461962 40.112084826338105 45.184633533353917 34.82395501609426 128.17871954216389 273.47886642138474 49.599663992703427 396.8543626726605 168.59684672267758 1.9110573518555605 0.24716868996620167 0.1018622760893777 0.12226282386109233 29.505612182954792 0.053097108844666674 18.115458463202231 31.809812424064148 0.29499266715720296 1092.9757502700668 281.05390823143534 140.28884747304255 24.538757956237532 134.20394092553761 41.293300457531586 109.19998766190838
leaf_count=58403 193268 726297 83555 66272 216658 11756 21310 769 6246 31172 121137 5887 42052 75752 1062 48 25 30 8611 5 3102 4424 81 35489 39512 17163 3004 4922 4213 3003
internal_value=-0.00370619 -0.0180855 -0.00827626 -0.00476639 -0.0207962 -0.00931047 0.0883616 0.0141927 0.0105286 -0.0182026 -0.0113086 0.000646357 0.0151112 -0.00581561 0.0844784 0.795403 2.90099 5.31321 0.0755553 -0.0586861 0.0901457 -0.0534204 0.655463 0.0179875 0.0208867 0.054008 -0.0593496 0.10055 0.0205286 0.0708414
internal_weight=5124.16 4431.97 3957.3 3815.28 2067.35 1751.23 692.194 1747.93 1702.75 1607.51 1479.33 1181.26 931.931 715.944 215.987 2.67734 0.766286 0.369432 213.309 298.071 143.722 249.325 0.396855 1549.14 1514.32 421.343 298.018 183.804 547.348 150.493
internal_count=1785228 1570650 844353 760798 603216 386558 214578 157582 156813 371700 340528 216382 145686 125020 20666 1246 184 78 19420 124146 14858 70696 106 98410 92164 56675 124141 10809 49268 7216
is_linear=0
shrinkage=0.1


Tree=56
num_leaves=31
num_cat=0
split_feature=12 0 66 65 68 22 24 47 66 3 8 9 65 65 65 66 66 13 37 24 29 67 66 65 76 21 6 43 3 16
split_gain=614.729 326.729 147.439 88.6477 103.65 87.0013 73.0516 66.2278 61.1495 60.43 57.5167 59.0441 56.0145 89.2911 54.307 54.0979 79.7306 53.5695 53.423 50.8593 49.5532 48.5322 48.38 59.5313 44.3579 58.9482 44.0053 43.4518 108.129 55.5252
threshold=1646.1402587890627 11.500000000000002 247.50000000000003 274.50000000000006 22.000000000000004 967514.75000000012 191.50000000000003 1.0000000180025095e-35 219.50000000000003 7.5000000000000009 91.723808288574233 228.82295227050784 269.50000000000006 256.50000000000006 210.50000000000003 28952.000000000004 29340.000000000004 557.60513305664074 10.420085906982424 1083.0000000000002 236.50000000000003 5.5000000000000009 235.50000000000003 258.50000000000006 10500032.500000002 10500383.000000002 427.50000000000006 1.0000000180025095e-35 1.0000000180025095e-35 868.05767822265636
decision_type=2 2 2 2 2 2 2 2 2 2 2 2 2 2 2 2 2 2 2 2 2 2 2 2 2 2 2 2 2 2
left_child=1 2 3 5 18 8 7 -6 12 -2 15 -12 13 14 27 -4 -17 -11 -5 -14 -20 24 -10 -24 25 -8 -7 -1 29 -29
right_child=9 -3 10 4 6 26 21 -9 22 17 11 -13 19 -15 -16 16 -18 -19 20 -21 -22 -23 23 -25 -26 -27 -28 28 -30 -31
leaf_value=-0.10317565300904302 0.099103813398068286 -0.099837652242039499 -0.089521479089131772 -0.10521574334542948 -0.0080888983414723926 0.085696523454439941 0.007403237865239172 -0.090044238926735479 0.083085345619901996 0.42335375415875814 0.076310780387153415 -0.048497419105817619 0.071826634631538544 -0.1200060301994068 0.010331591594189915 0.022254575818937 -0.11847812962878308 -0.10884110130617544 -0.062868500876898506 -0.090591115726115001 0.0811554024462669 0.12481100426081176 -0.060361352872641695 0.11794184898122993 0.10137189597978652 -0.11752799886251547 -0.099882267844715975 -0.13872302877833617 -0.10204672094660652 0.21274898590515787
leaf_weight=86.561093930969946 556.79692009941209 430.54945224977564 341.86997196621815 170.57689899206161 266.18592569680186 219.73200314847054 869.49707040778594 156.61698507220717 169.6628935218323 2.0698581641190712 64.664439042506274 91.594497765880078 144.26046216557734 71.811640047992114 602.39781578927068 126.67247209721245 59.009643067256548 21.933428969699889 72.406422765518073 22.253987463191152 35.652060612628702 36.221525644010399 63.333943982608616 26.585423694457859 47.232339058886282 39.483446357655339 13.566466336080337 5.5166050074622062 41.522698357061017 24.266252213157713
leaf_count=32330 186714 726530 221385 117331 67021 44977 42574 38529 11527 15 18606 62173 3403 4113 60090 19753 45382 11774 41471 328 2576 5606 2929 235 3341 2929 3498 308 7658 122
internal_value=-0.00415755 -0.0172013 -0.00800578 0.00103879 -0.0146151 0.018817 -0.003639 -0.0384472 0.00841683 0.0924065 -0.0501374 0.0031518 -0.00282326 -0.0134183 -0.00335039 -0.0659215 -0.0224702 -0.0629487 -0.0703647 0.0501202 -0.0153503 0.0111902 0.0516565 -0.0076445 0.00688624 0.00197659 0.074905 -0.055559 0.00224506 0.147647
internal_weight=4880.5 4299.7 3869.15 3185.34 1693.87 1491.47 1415.24 422.803 1258.17 580.8 683.811 156.259 998.591 832.076 760.264 527.552 185.682 24.0033 278.635 166.514 108.058 992.434 259.582 89.9194 956.213 908.981 233.298 157.867 71.3056 29.7829
internal_count=1785228 1586725 860195 492896 321378 171518 160000 105550 123043 198503 367299 80779 108352 104621 100508 286520 65135 11789 161378 3731 44047 54450 14691 3164 48844 45503 48475 40418 8088 430
is_linear=0
shrinkage=0.1


Tree=57
num_leaves=31
num_cat=0
split_feature=12 0 66 65 66 66 4 6 18 6 9 4 66 29 3 24 2 8 66 9 21 41 25 2 52 66 66 3 70 65
split_gain=548.496 300.535 130.33 84.6753 69.049 102.517 77.0204 62.1671 78.7676 62.8628 79.721 116.679 89.7307 78.9378 55.0201 46.1328 44.3087 96.7899 114.323 497.317 121.286 41.9765 40.0473 54.7507 39.636 52.6834 39.4933 36.1041 35.6299 35.4425
threshold=1646.1402587890627 11.500000000000002 285.50000000000006 29517.500000000004 28952.000000000004 29340.000000000004 25151.000000000004 688.50000000000011 67350000.000000015 594.50000000000011 11.731310844421388 12.500000000000002 234.50000000000003 10.500000000000002 7.5000000000000009 13992.000000000002 6.5000000000000009 122.02631759643556 245.50000000000003 190.71306610107425 48202.306640625007 831.33386230468761 1074820.0000000002 14.500000000000002 6.9423077106475839 219.50000000000003 235.50000000000003 3.5000000000000004 3741530.0000000005 16385.000000000004
decision_type=2 2 2 2 2 2 2 2 2 2 2 2 2 2 2 2 2 2 2 2 2 2 2 2 2 2 2 2 2 2
left_child=1 2 3 7 6 15 -4 8 9 10 11 22 28 -14 -2 27 -15 -18 -19 -20 -21 -16 29 -24 25 -13 -11 -6 -12 -1
right_child=14 -3 4 -5 5 -7 -8 -9 -10 26 12 24 13 16 21 -17 17 18 19 20 -22 -23 23 -25 -26 -27 -28 -29 -30 -31
leaf_value=-0.0061953282178668851 0.098855850966816872 -0.099806726378813632 -0.09846900469926935 -0.094791114636805618 0.073469714726434349 -0.11807001876638529 0.094010603384653668 -0.077202382611799125 0.11013140113232156 -0.11276663084072858 -0.093531901404603546 -0.10772057635902035 -0.081166281870766133 0.083399759610984933 0.34651995196569851 -0.092282935965462734 -0.10465398845789997 0.14583312866794779 9.0964030919342154 4.7314654828713021 0.07513776224865687 -0.10786771682313659 -0.074687296185963911 1.7941710820431684 0.067839931412958465 0.062866415638820783 0.14423306686101778 -0.11059910333904568 0.092327380542864226 0.027527035883884027
leaf_weight=1555.8079487812938 505.01238440047018 389.69197882490698 283.91621849694639 91.556686557712965 118.31277178239543 63.1769295585691 22.431632505613379 94.261648546205834 69.968424222315662 6.8725400003604582 205.89292322460096 32.487170210923068 71.303692210640293 103.8972329358221 2.262907826225276 24.663501796138007 39.324959630728699 10.508619968546551 0.076109071960673513 0.062089415267109871 0.56483007752103731 20.017462028888986 81.140875266632065 0.15706396708264847 367.60607525805244 40.89300425775582 46.011131248611491 11.710796897183171 10.85840814601397 389.73902596055996
leaf_count=160103 186714 726530 233193 54194 3573 55196 1428 55535 9498 7684 157578 2474 16250 3473 14 16313 4896 318 27 27 152 11775 15018 4 47505 2042 3288 457 1600 8369
internal_value=-0.00397663 -0.0162308 -0.00752999 -8.94529e-09 -0.0537688 -0.010732 -0.0843751 0.00277503 0.00526048 0.00278423 0.000820838 0.00782908 -0.0382653 0.00586111 0.0920709 0.0331067 0.0460426 -0.0307594 0.228427 1.463 0.536295 -0.0617178 -0.00231334 -0.0710767 0.0544453 -0.0126566 0.110834 0.0568912 -0.0842211 0.000560058
internal_weight=4660.19 4132.89 3743.2 3218.99 524.212 217.864 306.348 3127.43 3033.17 2963.2 2910.32 2467.83 442.489 225.738 527.293 154.687 154.434 50.5366 11.2116 0.703029 0.626919 22.2804 2026.84 81.2979 440.986 73.3802 52.8837 130.024 216.751 1945.55
internal_count=1785228 1586725 860195 550035 310160 75539 234621 495841 440306 430808 419836 235515 184321 25143 198503 20343 8893 5420 524 206 179 11789 183494 15022 52021 4516 10972 4030 159178 168472
is_linear=0
shrinkage=0.1


Tree=58
num_leaves=31
num_cat=0
split_feature=12 0 66 65 66 9 66 4 65 65 19 65 66 2 6 65 24 65 65 40 66 66 67 14 3 9 65 65 1 12
split_gain=496.191 271.454 138.719 74.1282 71.5471 171.198 88.7203 79.2379 66.4623 96.6834 79.3893 76.5163 91.6715 71.5601 59.3382 59.2967 55.907 65.8331 59.0097 53.6373 51.0885 93.1676 58.2149 50.3956 49.9501 48.887 47.544 54.5357 124.333 45.2308
threshold=1646.1402587890627 11.500000000000002 247.50000000000003 29517.500000000004 234.50000000000003 14.146553516387941 235.50000000000003 12.500000000000002 249.50000000000003 251.50000000000003 962.00000000000011 269.50000000000006 227.50000000000003 3.5000000000000004 585.50000000000011 228.00000000000003 36954.500000000007 229.50000000000003 228.00000000000003 43.211111068725593 28952.000000000004 29340.000000000004 15.500000000000002 1.0000000180025095e-35 7.5000000000000009 3.3752183914184575 235.50000000000003 237.50000000000003 133.50000000000003 15.683333396911623
decision_type=2 2 2 2 2 2 2 2 2 2 2 2 2 2 2 2 2 2 2 2 2 2 2 2 2 2 2 2 2 2
left_child=1 2 3 4 5 7 -6 8 10 -10 -1 12 13 25 19 -12 18 -18 -9 26 22 -22 -4 -15 -2 -11 -8 28 -28 -24
right_child=24 -3 20 -5 6 -7 14 16 9 11 15 -13 -14 23 -16 -17 17 -19 -20 -21 21 -23 29 -25 -26 -27 27 -29 -30 -31
leaf_value=-0.096524223209771956 0.098576194142409285 -0.099773868709657709 -0.088187981444220465 -0.09267381954149323 0.079380730487228476 -0.083428833608694949 -0.10777320794191703 -0.037232765592124795 0.070610082277826877 -0.095280484619287509 0.077294817505210181 0.0033632602292481962 0.13474208204772106 -0.94764583085539766 0.098877714015621593 -0.069677078044663207 0.08890365573617981 -0.14061644963989023 0.076357588743482474 -0.096089445051094471 0.03141954369055578 -0.11983977504147217 0.19118538262555596 -0.22965103515435228 -0.060525401683952477 0.3617732166147416 0.87348851577683451 0.023334356097766587 -0.10475053116974427 -0.024769802614967369
leaf_weight=154.32000418176176 458.18690659827553 352.71826486027567 342.35769330844414 82.368145527958404 254.33542961603962 242.23050362191861 27.6063874787651 53.905402599542867 191.27834068995435 130.48238113615662 63.822816854401026 1160.1695286668837 18.976175715215504 1.6081889152992506 46.293546236003749 48.16994790523313 20.452643579454161 32.127119156648405 301.70537742995657 72.237121570156887 146.74247631023172 56.36159945174586 12.024560534977352 2.4930109884589911 20.620829221559688 2.3829702109796917 2.4484012536704531 108.02410927298479 2.7682722979225218 50.137818660179619
leaf_count=28243 186714 726530 262601 52409 20242 203020 1255 3740 5870 22221 7074 68054 444 23 3496 6993 427 1304 49136 13039 20343 55196 123 104 11789 70 42 5469 221 29036
internal_value=-0.0044546 -0.0160236 -0.00788097 0.000889937 0.00351318 -0.00367079 0.0374131 0.00518382 -0.00395817 0.0041782 -0.0500118 -0.00547674 -0.0712438 -0.0997824 -0.00373859 0.0140798 0.0449083 -0.051337 0.0591389 -0.0260325 -0.0514769 -0.0105551 -0.0720232 -0.511196 0.0917242 -0.0870831 0.00989808 0.0385846 0.354378 0.0170041
internal_weight=4459.36 3980.55 3627.83 3020.21 2937.84 2424.12 513.713 2181.89 1773.7 1507.39 266.313 1316.11 155.943 136.967 259.378 111.993 408.191 52.5798 355.611 213.084 607.624 203.104 404.52 4.1012 478.808 132.865 140.847 113.241 5.21667 62.1624
internal_count=1785228 1586725 860195 492896 440487 396723 43764 193703 139096 96786 42310 90916 22862 22418 23522 14067 54607 1731 52876 20026 367299 75539 291760 127 198503 22291 6987 5732 263 29159
is_linear=0
shrinkage=0.1


Tree=59
num_leaves=31
num_cat=0
split_feature=12 0 66 66 9 4 22 4 65 65 19 65 66 14 65 65 27 10 52 65 4 52 5 65 28 40 48 14 24 70
split_gain=442.328 249.368 120.433 114.722 166.169 66.4932 58.9001 56.6823 53.726 85.6963 71.8018 61.4553 77.328 50.7139 51.0426 49.0769 48.5787 54.6441 47.5291 46.4562 50.6244 46.4179 45.509 45.4111 51.2851 78.0173 49.0977 40.9021 38.1527 37.2135
threshold=1646.1402587890627 11.500000000000002 237.50000000000003 234.50000000000003 14.146553516387941 12.500000000000002 1091239.9375000002 1655.5000000000002 249.50000000000003 251.50000000000003 962.00000000000011 269.50000000000006 227.50000000000003 12.005528545000002 256.50000000000006 228.00000000000003 2143381.3750000005 19.000000000000004 6.9423077106475839 228.00000000000003 1020.5000000000001 4.1428570747375497 12744.500000000002 251.50000000000003 5000475.0000000009 43.211111068725593 1.0000000180025095e-35 4219.9868094616313 128729.50000000001 3741530.0000000005
decision_type=2 2 2 2 2 2 2 2 2 2 2 2 2 2 2 2 2 2 2 2 2 2 2 2 2 2 2 2 2 2
left_child=1 2 3 4 5 8 13 21 10 -10 -1 12 -11 -7 19 -12 27 -18 -13 -15 -21 -4 -2 -5 25 26 -25 -9 29 -6
right_child=22 -3 7 23 28 6 -8 16 9 11 15 18 -14 14 -16 -17 17 -19 -20 20 -22 -23 -24 24 -26 -27 -28 -29 -30 -31
leaf_value=-0.094880492590135576 0.098310144019931725 -0.099738750958392561 -0.027073558641401263 0.098837799777002522 -0.10088358138376692 -0.14674003414209896 0.088769585691989353 0.110973844004182 0.065678564401531109 -0.095944369844463306 0.069318376302359735 0.0045608758866837627 0.11773087829733826 -0.035138725249612979 -0.083927059530957207 -0.066401707203378069 0.34375068139151371 -0.10354234298676737 -0.10122812870185732 0.094885419366662435 -0.12213374613174602 -0.083229294253198027 -0.056173664607572539 0.11382862767428376 0.088519799876508154 -0.089402024389359486 -0.079262479352189386 -0.02694396178181821 0.07420290429518743 0.086783599991502022
leaf_weight=141.93273082317319 415.60781952179968 319.25949572757236 276.02856796499691 141.86280574486591 227.05865827406524 19.122334111190867 153.15249329071958 54.792957806843333 185.39396963187028 128.16655260697007 64.038578047940973 1152.9103641844704 19.515594322234392 52.747563057288062 37.246058216784149 45.626133436220698 2.9332490419037631 39.657484650437254 44.09389120771084 121.67143055109773 11.790518591413273 315.37458895825876 19.986178972118068 50.171065114904195 81.570163061493076 66.101592780905776 17.854950751643628 35.393207795044873 14.633974554686572 11.08202290831832
leaf_count=28243 186702 726530 113948 15211 230681 3388 35045 9111 5870 22418 7074 56846 444 3849 5792 6993 39 44116 26724 8296 2657 197895 11801 996 3742 6469 1057 19490 1897 1904
internal_value=-0.00426569 -0.0151224 -0.00743011 0.00200824 -0.00577306 0.00313643 0.0402159 -0.0437632 -0.00509934 0.0019423 -0.0479228 -0.00684511 -0.0677081 0.00956137 0.022937 0.0128519 0.0152815 -0.072737 0.00066394 0.0443121 0.0757131 -0.0570194 0.091222 0.0548943 0.025993 -0.0120329 0.0631475 0.0568485 -0.0825196 -0.0921504
internal_weight=4266.78 3831.18 3511.92 2787.74 2430.18 2177.41 395.73 724.18 1781.68 1530.08 251.597 1344.69 147.682 242.578 223.456 109.665 132.777 42.5907 1197 186.21 133.462 591.403 435.594 357.561 215.698 134.128 68.026 90.1862 252.775 238.141
internal_count=1785228 1586725 860195 475596 448121 213639 59027 384599 154612 112302 42310 106432 22862 23982 20594 14067 72756 44155 83570 14802 10953 311843 198503 27475 12264 8522 2053 28601 234482 232585
is_linear=0
shrinkage=0.1


Tree=60
num_leaves=31
num_cat=0
split_feature=12 0 66 65 19 25 18 65 65 46 16 22 65 66 66 67 22 76 68 37 5 24 37 65 66 13 70 16 52 65
split_gain=394.237 228.811 104.863 61.4095 85.698 57.6727 79.4668 56.6558 65.574 69.5345 57.9186 55.2392 51.6032 46.1769 84.6788 48.5159 42.3734 45.202 47.6129 79.4695 41.5003 40.0997 38.6028 48.615 47.806 35.8726 35.5844 34.223 73.3185 66.4119
threshold=1646.1402587890627 11.500000000000002 247.50000000000003 296.50000000000006 8.5000000000000018 7026296.5000000009 7169698.5000000009 404.50000000000006 410.50000000000006 1.0000000180025095e-35 14875.575195312502 967514.75000000012 294.50000000000006 28952.000000000004 29340.000000000004 15.500000000000002 700.38925170898449 8015906.5000000009 30.000000000000004 2.7419936656951909 12744.500000000002 13992.000000000002 56873.314453125007 16385.000000000004 235.50000000000003 557.60513305664074 15495.006347656252 7491.5000000000009 7.0625000000000009 274.50000000000006
decision_type=2 2 2 2 2 2 2 2 2 2 2 2 2 2 2 2 2 2 2 2 2 2 2 2 2 2 2 2 2 2
left_child=1 2 3 11 5 -5 -7 -6 -9 22 -11 12 27 15 21 -4 -12 18 19 -18 -2 -15 -10 -24 -25 -22 -17 29 -29 -1
right_child=20 -3 13 4 7 6 -8 8 9 10 16 -13 -14 14 -16 26 17 -19 -20 -21 25 -23 23 24 -26 -27 -28 28 -30 -31
leaf_value=0.021014034130876044 0.097960518777410494 -0.099701038416286913 -0.08436953003166231 -0.083530233404273832 -0.097526157626031215 0.11601546445206234 -0.07873530136114916 0.13620707921253825 -0.088654963990791202 0.075932734351712494 -0.056593823422780722 0.067201284420931179 0.1487582077478864 0.053412645785540162 -0.12277659486426731 0.075765940374271673 -0.10824962778725318 -0.029742066757016801 0.059363072193594914 0.024495161242918919 0.3173219654772319 -0.091517319149004073 -0.10234319760373389 -0.10054223990186872 1.6229011104264253 -0.10316500296474895 -0.084536096822621004 -0.071090546587173356 0.02569908512500841 -0.12279972995437333
leaf_weight=820.45544305781368 377.33386581891682 288.98180944725755 300.10871467777361 241.7761479644978 57.192392662895145 39.455405745044118 44.67701590427896 36.580146611901 95.467560697346926 111.56288076838246 116.97601681863307 182.2671640146873 25.521244093775749 122.04408162331674 47.800952348887222 36.503986393741798 56.786130171327386 217.20732625227538 222.30894768072176 219.12590844003716 2.3055545378010747 22.630850468878634 0.83366981660947093 0.24671486427541822 0.46298800106160343 16.907110125641339 22.31185666291276 158.38840438862098 154.70653913618298 33.418242380430456
leaf_count=67017 186702 726530 262601 119638 16881 6568 47414 1815 50193 7279 2968 48561 502 4030 55196 6479 13750 26172 14594 10254 15 16313 132 82 13 11786 22680 30836 26460 1767
internal_value=-0.0040687 -0.0142881 -0.00700025 0.000759368 -0.013518 -0.0587154 0.0125966 -0.000536986 0.0046108 -1.35125e-05 0.00827184 0.0159289 0.00809208 -0.0469018 -0.00738407 -0.0680935 -0.000796399 0.00832675 0.0249235 -0.00282537 0.0906607 0.0307419 -0.0806344 0.415491 1.02378 -0.0527058 0.0149552 0.00501575 -0.0232648 0.0153856
internal_weight=4072.35 3675.8 3386.82 2835.42 1460.66 325.909 84.1324 1134.75 1077.56 1040.98 943.967 1374.76 1192.49 551.4 192.476 358.925 832.404 715.428 498.221 275.912 396.547 144.675 97.0109 1.54337 0.709703 19.2127 58.8158 1166.97 313.095 853.874
internal_count=1785228 1586725 860195 492896 317753 173620 53982 144133 127252 125437 75017 175143 126582 367299 75539 291760 67738 64770 38598 24004 198503 20343 50420 227 95 11801 29159 126080 57296 68784
is_linear=0
shrinkage=0.1


Tree=61
num_leaves=31
num_cat=0
split_feature=12 0 66 65 66 9 66 4 65 19 65 65 66 6 22 14 65 24 24 40 65 3 18 36 65 24 65 17 19 19
split_gain=351.477 209.943 91.4527 57.6707 54.0565 129.06 66.7495 53.2095 49.934 65.8665 64.265 59.9822 65.275 45.6657 44.0138 43.2321 41.9209 41.1381 79.8694 40.6142 43.4664 37.7379 36.0576 67.845 35.6218 42.9614 36.2751 79.1704 43.5312 39.8563
threshold=1646.1402587890627 11.500000000000002 247.50000000000003 29517.500000000004 234.50000000000003 14.146553516387941 235.50000000000003 12.500000000000002 249.50000000000003 693.50000000000011 251.50000000000003 269.50000000000006 227.50000000000003 585.50000000000011 1091239.9375000002 12.005528545000002 228.00000000000003 245.50000000000003 1083.0000000000002 43.211111068725593 258.50000000000006 7.5000000000000009 28920.500000000004 1.0551176667213442 274.50000000000006 1215.5000000000002 25442.000000000004 731237.50000000012 98.500000000000014 570.50000000000011
decision_type=2 2 2 2 2 2 2 2 2 2 2 2 2 2 2 2 2 2 2 2 2 2 2 2 2 2 2 2 2 2
left_child=1 2 3 4 5 7 22 8 9 -1 -10 12 -12 19 15 -9 -11 -4 -19 20 -8 -2 -6 -24 25 -13 28 -28 -26 -30
right_child=21 -3 17 -5 6 -7 13 14 10 16 11 24 -14 -15 -16 -17 -18 18 -20 -21 -22 -23 23 -25 26 -27 27 -29 29 -31
leaf_value=-0.097553104512060396 0.097511115046017116 -0.099660351734865385 -0.065284472647130123 -0.090195556206369876 0.12883429538430108 -0.079950493208544485 -0.056627499789865157 -0.15260659483608521 0.059837196803293018 0.057388563705882606 -0.094145796470745571 0.06627802177137114 0.10061170294422446 0.091255367566556653 0.084327489255032695 0.023651371890399051 -0.065004526529910303 0.051920381770662175 -0.084512963142278075 -0.091847964477323379 0.057030408607512885 -0.052466712378572845 0.09483806654872802 -0.045961066272470937 -0.078132890282907347 -0.097623068604307472 0.089765562587323391 -0.0089002263046165809 0.017959761690524181 -0.040918310972631135
leaf_weight=121.02496112108929 343.00586365233175 261.58302931615617 342.93366777989104 68.199548692762619 76.473782869288698 201.09778419596842 60.16246305918321 14.926795610925181 178.04613434849307 69.158361442096066 119.6189813517849 139.32097131223418 20.100950798485428 42.402157530887052 134.3650634388905 205.46367689489853 47.004439702664968 101.43949031727971 74.363086687895702 59.870459137542639 76.346953646978363 17.640176211745711 95.430192581610754 53.358221357921138 104.8075109855854 18.066247493261471 114.0927446486312 283.1751139999833 272.51331102679251 198.87551352137234
leaf_count=27383 186714 726530 280861 52409 6735 203020 2962 810 5870 7608 22418 3496 444 3496 35009 18788 7319 20431 66007 13039 4025 11789 10716 2791 24070 308 2972 4030 11961 21217
internal_value=-0.0038883 -0.0134329 -0.00658259 0.000624404 0.0029136 -0.0035174 0.0339798 0.0040151 -0.00339256 -0.0459255 0.00357152 -0.00431303 -0.0661268 -0.00285745 0.0392164 0.0117136 0.00786308 -0.0451214 -0.00578983 -0.0231782 0.00693907 0.0901753 0.0730281 0.0443449 0.00332424 0.0474641 -0.00381217 0.0194359 -0.019841 -0.00688047
internal_weight=3914.87 3554.22 3292.64 2773.9 2705.7 2241.66 464.044 2040.56 1685.81 237.188 1448.62 1270.57 139.72 238.782 354.756 220.39 116.163 518.736 175.803 196.38 136.509 360.646 225.262 148.788 1130.85 157.387 973.464 397.268 576.196 471.389
internal_count=1785228 1586725 860195 492896 440487 396723 43764 193703 139096 42310 96786 90916 22862 23522 54607 19598 14927 367299 86438 20026 6987 198503 20242 13507 68054 3804 64250 7002 57248 33178
is_linear=0
shrinkage=0.1


Tree=62
num_leaves=31
num_cat=0
split_feature=12 0 65 70 76 66 74 8 19 65 65 65 65 19 17 18 22 76 36 16 35 66 9 25 26 35 5 13 76 65
split_gain=312.913 192.396 81.9987 72.9395 70.1509 56.0241 52.2984 46.3879 43.8639 41.3568 104.511 62.1204 94.1923 74.7255 70.8267 61.0876 83.4148 81.8743 57.0172 49.8347 50.234 48.449 42.3291 40.0537 47.8616 45.2192 44.9952 41.4073 39.8836 40.619
threshold=1646.1402587890627 11.500000000000002 29517.500000000004 1.0000000180025095e-35 10045841.000000002 29340.000000000004 6469182.7500000009 404.62500000000006 608365.00000000012 210.50000000000003 1.0000000180025095e-35 274.50000000000006 25442.000000000004 126.50000000000001 317833.62500000006 15022.500000000002 237740.33593750003 8015906.5000000009 10118.072265625002 868.05767822265636 1.0000000180025095e-35 234.50000000000003 17.691479682922367 7026296.5000000009 9645.5415039062518 422.00000000000006 3122.5000000000005 1072.4131469726565 5308886.5000000009 229.50000000000003
decision_type=2 2 2 2 2 2 2 2 2 2 2 2 2 2 2 2 2 2 2 2 2 2 2 2 2 2 2 2 2 2
left_child=1 2 3 4 5 9 8 -6 -5 10 19 13 14 22 18 -14 -17 23 -13 -1 -21 -22 -11 24 27 -26 -27 -18 29 -15
right_child=-2 -3 -4 6 7 -7 -8 -9 -10 11 -12 12 15 28 -16 16 17 -19 -20 20 21 -23 -24 -25 25 26 -28 -29 -30 -31
leaf_value=-0.097149841185409785 0.089483005113692768 -0.099616310334205746 -0.099919380940511726 -0.098905209516835096 0.089776623830136071 -0.13172355951178391 0.055934021031461424 -0.11344721222004023 4.2906803302224823 0.055966293486966773 -0.10840824632810611 -0.0083759723924823719 0.1085371036488636 0.054419113405478385 -0.10922549460342466 -0.071496780748350267 0.057981652922686977 -0.027046174014280402 -0.078527482191030604 0.18273603310847017 -0.1018536317734913 0.071241050314010512 -0.091425687211367901 0.11565449988720894 -0.060376401475475197 1.005479271933454 -0.00885716452307477 1.2410859964350109 0.13505507699821934 -0.023743158454101118
leaf_weight=27.147716762789059 328.80385954389931 236.78959777514683 90.662874714878853 125.18330448082997 121.01193971376051 33.567326419375604 26.748846619506367 12.381124421837738 0.022768750786780312 462.2673529950298 118.47359497676371 601.68204551559757 65.865672028681729 79.529767334985081 106.05967281636549 110.60530491822283 180.13994954101508 193.87281170181814 143.49002312812081 23.693922290578485 23.8627163375495 50.161809613578953 20.342014239315176 81.84536944256979 55.983189584803768 0.80440102936699875 0.95833042188314721 0.29630882805213232 19.46727149860817 405.40124647060293
leaf_count=5373 198503 726530 85907 147641 27373 43935 8094 7236 2 56582 63554 100663 3178 2336 75371 36512 12499 7238 66345 310 5564 8052 15937 8032 25153 50 896 11 4888 41463
internal_value=-0.00369222 -0.0126546 -0.00618239 -0.00343285 6.02091e-05 -0.00330865 -0.0709909 0.070914 -0.098107 -0.0017536 -0.0411281 0.00203559 -0.0105059 0.0216241 -0.0327666 0.0169416 0.00728121 0.0242364 -0.0218843 0.0227076 0.0560059 0.0154419 0.0497537 0.0553034 0.0345652 -0.044674 0.454023 0.0599245 -0.00529029 -0.0109244
internal_weight=3747.12 3418.32 3181.53 3090.87 2938.91 2805.52 151.955 133.393 125.206 2771.95 243.34 2528.61 1541.6 987.008 851.232 690.371 624.506 513.9 745.172 124.866 97.7184 74.0245 482.609 320.028 238.182 57.7459 1.76273 180.436 504.398 484.931
internal_count=1785228 1586725 860195 774288 618551 583942 155737 34609 147643 540007 82853 457154 335948 121206 242379 93569 90391 53879 167008 19299 13926 13616 72519 46641 38609 26099 946 12510 48687 43799
is_linear=0
shrinkage=0.1


Tree=63
num_leaves=31
num_cat=0
split_feature=13 0 65 70 76 66 74 8 16 65 65 65 65 19 22 23 18 21 17 16 9 37 34 41 35 66 65 19 14 65
split_gain=279.976 176.109 73.5554 67.2764 60.1546 52.4815 49.2806 40.0993 37.7571 39.9204 95.0181 45.0412 90.3822 64.7642 63.6778 58.3763 46.8302 79.003 60.5317 43.3425 43.3004 42.027 56.544 49.2722 41.6271 42.3416 37.1093 36.8362 35.68 63.1477
threshold=1730.037780761719 11.500000000000002 29517.500000000004 1.0000000180025095e-35 10045841.000000002 29340.000000000004 6469182.7500000009 404.62500000000006 10506904.000000002 210.50000000000003 1.0000000180025095e-35 274.50000000000006 25442.000000000004 3661.0000000000005 120428.96484375001 59238.000000000007 9754.5000000000018 149979.50000000003 731237.50000000012 868.05767822265636 2.8575892448425297 2274.0200195312505 78.000000000000014 3.2393932342529301 1.0000000180025095e-35 234.50000000000003 249.50000000000003 19.500000000000004 100884.71246674102 1445.0000000000002
decision_type=2 2 2 2 2 2 2 2 2 2 2 2 2 2 2 2 2 2 2 2 2 2 2 2 2 2 2 2 2 2
left_child=1 2 3 4 5 8 -5 -6 9 10 19 13 14 21 15 -13 -14 -18 -19 -1 -15 22 -11 26 -21 -26 -24 -23 -7 -30
right_child=-2 -3 -4 6 7 28 -8 -9 -10 11 -12 12 16 20 -16 -17 17 18 -20 24 -22 27 23 -25 25 -27 -28 -29 29 -31
leaf_value=-0.094810430504054646 0.089426329897184034 -0.099568464591768102 -0.098030381773605846 -0.097937366815173829 0.084593023267000786 -0.10188712488190313 0.053479389194483501 -0.11363788682908738 -0.093967574471596704 -0.0029752024607991936 -0.10863705958401935 -0.05058251155868082 0.10464417997771035 -0.058382787861691501 -0.10389595229511911 0.0063937159330672766 -0.066367425961804824 0.098442441104229325 0.011044152672727571 0.16959129846413457 0.22684109171661182 0.011214335880520249 -0.15488535201186288 -0.094889800226746854 -0.10169116187998282 0.066694286221420054 0.077284545313957079 0.11035495458077943 -1.1253840189865292 -0.1002865486884411
leaf_weight=25.216902945772745 297.12042711651884 214.35397115614614 84.175166959961643 116.97121927316766 116.40268161060521 27.000764291762611 26.333571194554679 11.185114547814008 43.52810469182441 418.7940019054513 106.97458220331464 323.32375009586394 60.309979959856719 121.80513934831833 100.25985833705636 405.17082120041596 105.23247708569397 100.20012147893431 378.94437406043289 23.036671737674624 5.5657690541411275 57.508811037811029 7.1037558116950086 19.641067982563982 21.625638000376057 48.25635780004086 223.02032799669541 107.59670178966553 0.97546535157016423 1.5651315986178813
leaf_count=5416 187243 726530 87853 151745 27648 40239 8238 7236 1224 30887 63553 131896 2868 26308 77460 35966 39186 8870 43602 309 392 5536 82 13581 5566 8055 37472 6451 1263 2553
internal_value=-0.0035526 -0.0119188 -0.00583408 -0.00325025 9.97293e-05 -0.00303388 -0.0701131 0.0672149 -0.00158513 -7.31529e-05 -0.040363 0.00365235 -0.00733279 0.0204946 -0.029177 -0.0188937 0.0207483 0.0120899 0.0293211 0.0214608 -0.0459193 0.0306415 0.0194837 0.0571418 0.0530152 0.0145858 0.0701176 0.0758227 -0.135599 -0.493874
internal_weight=3599.2 3302.08 3087.72 3003.55 2860.24 2732.66 143.305 127.588 2703.12 2659.59 225.11 2434.48 1473.44 961.036 828.754 728.495 644.687 584.377 479.144 118.136 127.371 833.665 668.559 249.765 92.9187 69.882 230.124 165.106 29.5414 2.5406
internal_count=1785228 1597985 871455 783602 623619 588735 159983 34884 544680 543456 82899 460557 339848 120709 245322 167862 94526 91658 52472 19346 26700 94009 82022 51135 13930 13621 37554 11987 44055 3816
is_linear=0
shrinkage=0.1


Tree=64
num_leaves=31
num_cat=0
split_feature=12 0 66 66 9 10 10 51 5 76 66 16 41 17 20 66 66 14 65 65 65 14 16 65 2 73 19 24 4 65
split_gain=247.044 160.746 66.134 81.9445 110.699 44.2198 78.2958 38.1875 38.1235 37.3476 39.4313 38.6055 34.5216 32.8956 54.0912 32.5047 64.041 31.6353 259.873 622.978 2231.74 3402.4 4559.94 80.8872 31.0056 41.8842 31.9276 30.8018 29.9504 32.7687
threshold=1646.1402587890627 11.500000000000002 237.50000000000003 234.50000000000003 14.146553516387941 1182.5000000000002 975.50000000000011 1.5000000000000002 12744.500000000002 8229407.5000000009 1.0000000180025095e-35 10506904.000000002 196.4765548706055 250945.25781250003 61724.500000000007 28952.000000000004 29340.000000000004 100884.71246674102 1445.0000000000002 235.50000000000003 245.50000000000003 425384.06277630402 61.166666030883796 1214.5000000000002 6.5000000000000009 10404947.000000002 28351.000000000004 13992.000000000002 25151.000000000004 1214.5000000000002
decision_type=2 2 2 2 2 2 2 2 2 2 2 2 2 2 2 2 2 2 2 2 2 2 2 2 2 2 2 2 2 2
left_child=1 2 3 4 7 6 15 9 -2 11 -11 12 -1 -8 -15 28 27 -18 19 -19 21 22 -21 -22 26 -26 -5 -17 29 -4
right_child=8 -3 5 24 -6 -7 13 -9 -10 10 -12 -13 -14 14 -16 16 17 18 -20 20 23 -23 -24 -25 25 -27 -28 -29 -30 -31
leaf_value=0.0022488792115315749 0.09626617496870328 -0.099516365904402659 -0.03696810398420021 0.072582952121415342 -0.078917345595554772 -0.099877856703561585 -0.10023273018429069 -0.088823340265122383 -0.054835987574475692 0.10830448465469632 -0.098393812084007104 -0.09066251150758356 0.14420301815017003 2.2030607114195178 0.15942272234243532 0.051748653420766511 -0.10185737694585806 -0.10135249784870998 -0.10021517810887495 -138.60728423864904 -0.10017756213395138 -0.10026061009530128 -0.10001865468880713 -6.5053941671263544 -0.085626512146378078 0.13152744540073127 -0.10242338260381348 -0.089260918532054478 0.10914700675508515 -0.10938556294170654
leaf_weight=1753.4589048263733 262.24240341759287 194.05203326593619 191.85264418340375 238.15754209127044 185.78514672536403 91.409962680627359 5.4297485593706361 45.304438910301542 17.832948846073123 58.829538391379174 10.946593982400371 44.506353808334097 17.300512336776592 0.13012958114268514 27.40880294109229 109.27635664463742 23.684651649295123 0.22650863521266673 2.4333476513274945 0.0057700007309904322 0.056541395199019462 0.010745106599642895 0.0040419974102405831 0.030271051451563835 32.201334563724231 12.265187443816101 10.901785949245093 18.049678810406476 10.794632691540754 92.664406913259882
leaf_count=173839 186702 726530 105801 22931 234482 132835 5222 20405 11801 13514 1591 4082 208 11 4130 3931 36088 1027 4878 19 166 7 23 2 2187 1737 620 16302 358 73799
internal_value=-0.00338837 -0.011325 -0.0055882 0.00167543 -0.00519263 -0.0361093 -0.0240172 0.00190296 0.0866452 0.00408345 0.0758773 0.0013238 0.00363579 0.124725 0.16908 -0.0349367 0.00234537 -0.139238 -0.459178 -3.07535 -9.34935 -38.9766 -81.55 -2.33364 0.0511897 -0.025729 0.0649226 0.0317592 -0.0543506 -0.0605538
internal_weight=3457.25 3177.18 2983.13 2409.66 2116.13 573.468 482.058 1930.35 280.075 1885.04 69.7761 1815.27 1770.76 32.9687 27.5389 449.09 153.778 26.4519 2.76723 0.333878 0.10737 0.0205571 0.009812 0.0868124 293.526 44.4665 249.059 127.326 295.312 284.517
internal_count=1785228 1586725 860195 475596 448121 384599 251764 213639 198503 193234 15105 178129 174047 9363 4141 242401 62443 42210 6122 1244 217 49 42 168 27475 3924 23551 20233 179958 179600
is_linear=0
shrinkage=0.1


Tree=65
num_leaves=31
num_cat=0
split_feature=13 0 65 70 76 74 65 65 65 46 15 19 19 17 16 68 65 73 35 26 16 35 66 2 37 23 65 65 22 65
split_gain=218.686 148.454 64.6928 53.345 46.4215 45.6695 34.968 84.1594 48.8031 73.6723 61.7905 57.3226 54.7093 50.0118 43.383 43.9613 42.9962 40.0547 38.7548 47.74 36.5095 35.5983 35.7117 34.6395 47.4526 32.707 35.3212 88.0529 40.6182 56.1489
threshold=1730.037780761719 11.500000000000002 64245.500000000007 1.0000000180025095e-35 10200392.500000002 6469182.7500000009 210.50000000000003 1.0000000180025095e-35 274.50000000000006 1.0000000180025095e-35 431.51638845000008 999856.50000000012 3661.0000000000005 22562.108398437504 99.416667938232436 38.000000000000007 229.50000000000003 5415552.0000000009 486.00000000000006 291611.93750000006 868.05767822265636 1.0000000180025095e-35 234.50000000000003 4.5000000000000009 846.38308715820324 506261.00000000006 269.50000000000006 251.50000000000003 2602.0700683593755 249.50000000000003
decision_type=2 2 2 2 2 2 2 2 2 2 2 2 2 2 2 2 2 2 2 2 2 2 2 2 2 2 2 2 2 2
left_child=1 2 3 4 6 -5 7 20 12 11 13 -10 23 -11 15 -12 -14 -18 -15 -20 -1 -22 -23 24 25 26 27 28 -8 -30
right_child=-2 -3 -4 5 -6 -7 8 -9 9 10 14 -13 16 18 -16 -17 17 -19 19 -21 21 22 -24 -25 -26 -27 -28 -29 29 -31
leaf_value=-0.092787453623208505 0.087027003382963708 -0.099459487155917903 -0.12180613495111658 -0.097070107304836256 0.063622707879518264 0.051048377184025787 0.019111045344960949 -0.10863683247715016 -0.070571496929246802 -0.093107511308567287 -0.095904281424063639 0.049682249708428605 0.05441955151134055 -0.0064822414009000177 0.10282263269360964 0.11873699600501486 -0.088704334308353741 0.18092350574848573 -0.080519758338624792 0.13594698798221741 0.15717923092287137 -0.10160077552461987 0.060476767466696051 0.082723061308071943 0.066589109514749098 0.079222975890784683 0.044503119836901618 -0.097593389425210675 -0.12747106244664583 -1.0598310358966532
leaf_weight=23.192630341087352 250.11088801897131 175.68099623476155 46.519000547152245 100.45107596910384 110.0477616332646 26.257970690901857 259.0760651328892 99.233390633555246 273.49265370510693 63.700020586809842 26.958600341400597 46.358731346466811 35.672549039707519 914.37826305828639 92.856644422805402 14.769974950700997 95.76285907626152 5.8459915003040797 13.662157325743463 40.068401205295231 22.346120227361098 19.655457886838121 44.087042713421397 101.96805402869359 169.60860898849933 54.850571720831795 121.57515803771093 100.24633533437736 7.1234695953316978 0.71032120694871981
leaf_count=5509 187243 726530 57841 152723 33356 8269 19171 72997 160114 32469 5820 5011 1165 172536 4524 117 25912 223 13409 8378 311 5567 8126 33178 13833 16378 1328 12601 500 89
internal_value=-0.00292849 -0.0101718 -0.00481904 -0.002932 -1.64664e-05 -0.0663754 -0.00266203 -0.0419674 0.000698684 -0.0106258 0.00103309 -0.0531421 0.0183701 -0.00727951 0.0647624 -0.0199313 -0.0400318 -0.0731915 -0.00163217 0.0809056 0.0185722 0.0485729 0.010499 0.0282056 0.020411 0.00600255 -0.00221502 -0.0176846 0.0123276 -0.212012
internal_weight=3356.27 3106.16 2930.48 2883.96 2757.25 126.709 2647.2 208.515 2438.69 1486.25 1166.39 319.851 952.44 1031.81 134.585 41.7286 137.281 101.609 968.109 53.7306 109.281 86.0886 63.7425 815.159 713.191 543.582 488.731 367.156 266.91 7.83379
internal_count=1785228 1597985 871455 813614 652622 160992 619266 92510 526756 402378 237253 165125 124378 226792 10461 5937 27300 26135 194323 21787 19513 14004 13693 97078 63900 50067 33689 32361 19760 589
is_linear=0
shrinkage=0.1


Tree=66
num_leaves=31
num_cat=0
split_feature=12 11 5 5 65 5 3 3 76 65 43 65 19 19 16 2 21 39 24 19 16 34 66 66 66 37 39 22 66 51
split_gain=195.593 147.379 64.5223 60.4068 48.2528 45.7188 42.4109 83.9922 47.9917 36.2188 78.255 36.0063 49.3662 99.3573 50.1557 43.0071 38.8455 36.1569 36.2533 35.125 33.2501 32.6811 55.4675 806.509 31.9402 31.3582 30.3198 30.1083 28.9041 28.472
threshold=1356.5380859375002 23.500000000000004 3544.5000000000005 11632.500000000002 64245.500000000007 3509.0000000000005 3.5000000000000004 14.500000000000002 8229407.5000000009 210.50000000000003 1.0000000180025095e-35 229.50000000000003 1395.0000000000002 995049.00000000012 10506904.000000002 4.5000000000000009 1501864.5000000002 6.5000000000000009 748.50000000000011 215137.00000000003 868.05767822265636 22.000000000000004 1187.5000000000002 946.50000000000011 243.50000000000003 1.4428698420524599 394.50000000000006 26112979.000000004 234.50000000000003 1.5000000000000002
decision_type=2 2 2 2 2 2 2 2 2 2 2 2 2 2 2 2 2 2 2 2 2 2 2 2 2 2 2 2 2 2
left_child=1 2 4 24 5 6 8 -8 9 10 -1 17 15 -14 16 29 -15 18 -11 -20 -12 22 23 -6 -2 -22 -17 -9 -27 -13
right_child=3 -3 -4 -5 21 -7 7 27 -10 11 20 12 13 14 -16 26 -18 -19 19 -21 25 -23 -24 -25 -26 28 -28 -29 -30 -31
leaf_value=-0.10599731781874365 0.098116557032348534 -0.099811918713280157 -0.074612689195481516 -0.064661803666711634 -0.10017542148226868 0.11499927538743911 -0.070805546632545291 0.067404059247680864 0.073032134617017117 -0.087862182643599615 -0.090107673437552521 0.0065878594365897537 -0.087805319340174146 0.08948493609254532 -0.11947020537218248 0.078379047866645513 -0.00055877448007389313 0.10554222797678581 0.093286987997890577 -0.12481877628467442 0.14903853787337862 -0.11484282794017503 -0.10012136542952177 -22.5451687161816 -0.14660043170787784 -0.10126705931134279 -0.072307426017393484 1.7330609437974429 0.056463647049873888 -0.095989393315859539
leaf_weight=95.712482793416712 245.09166202545748 173.24834114863188 126.21044818003429 26.990907712664921 0.1597465261293135 34.121740451402729 196.78430476580252 53.097139240533579 93.071811365836766 27.165024230416748 21.408323228228255 1182.6014883210119 173.58116770730703 57.181050603452604 30.577616845548619 126.64665799349314 295.52494896177086 67.058978507586289 42.169428049470298 8.9511740815360081 22.885534397209994 29.307904941291781 0.28656475117895752 0.017792299273423851 5.452109982375986 16.454626742372056 14.926786100404568 0.10874353838153084 39.524214537115768 27.692884589137975
leaf_count=80320 193804 742467 201835 26799 191 3055 132903 24802 18645 3037 5388 199972 54858 3148 2671 21974 6573 2836 461 114 354 30276 364 35 123 4607 7717 4 7378 8517
internal_value=-0.00278799 -0.0103229 -0.00475244 0.0774786 -0.00143402 5.36187e-07 -0.00151268 -0.0406656 0.00266456 -0.000246127 -0.0413201 0.00367285 1.93652e-05 -0.025038 0.00338808 0.010341 0.0140392 0.0516521 0.00549023 0.0550969 0.0204157 -0.128027 -0.960614 -2.34953 0.0927912 0.0504182 0.0624914 0.0708084 0.0100997 0.00424078
internal_weight=3234.01 2956.48 2783.23 277.535 2657.02 2627.25 2593.12 249.99 2343.13 2250.06 195.985 2054.08 1908.73 556.865 383.284 1351.87 352.706 145.345 78.2856 51.1206 100.273 29.772 0.464104 0.177539 250.544 78.8644 141.573 53.2059 55.9788 1210.29
internal_count=1785228 1564502 822035 220726 620200 589334 586279 157709 428570 409925 98047 311878 305430 67250 12392 238180 9721 6448 3612 575 17727 30866 590 226 193927 12339 29691 24806 11985 208489
is_linear=0
shrinkage=0.1


Tree=67
num_leaves=31
num_cat=0
split_feature=12 0 65 70 74 76 8 5 12 36 65 65 65 46 19 15 17 16 65 19 20 24 65 25 76 35 20 37 4 27
split_gain=173.89 123.863 47.1098 43.4366 37.29 35.022 31.2436 30.5611 29.4368 28.9444 30.1676 70.5707 34.3437 73.6167 49.527 44.4748 46.3359 46.0973 43.4935 38.2529 48.4711 44.0593 67.4258 36.9567 46.3638 41.1757 47.9438 35.9342 69.2779 214.821
threshold=1646.1402587890627 11.500000000000002 29517.500000000004 1.0000000180025095e-35 6469182.7500000009 10200392.500000002 404.62500000000006 12744.500000000002 15.683333396911623 0.11049315333366395 210.50000000000003 1.0000000180025095e-35 300.50000000000006 1.0000000180025095e-35 158872.50000000003 431.51638845000008 22562.108398437504 99.416667938232436 294.50000000000006 126.50000000000001 725.50000000000011 1083.0000000000002 229.50000000000003 7026296.5000000009 7095652.0000000009 74.000000000000014 76552.500000000015 19.70074558258057 1158.5000000000002 43169.439453125007
decision_type=2 2 2 2 2 2 2 2 2 2 2 2 2 2 2 2 2 2 2 2 2 2 2 2 2 2 2 2 2 2
left_child=1 2 3 5 -5 9 -7 -2 -6 -1 11 -11 18 14 -14 16 -15 -17 19 -12 -21 -22 -23 25 -25 27 -27 -18 -29 -30
right_child=7 -3 -4 4 8 6 -8 -9 -10 10 12 -13 13 15 -16 17 23 -19 -20 20 21 22 -24 24 -26 26 -28 28 29 -31
leaf_value=-0.094265901766742863 0.094698588796533062 -0.099330326296180049 -0.089054003540207635 -0.095722709492162827 0.11615367530617425 0.075800549864510111 -0.11608865336605573 -0.048561856014820562 -0.1170621420480048 0.016880066706751771 0.034679092252208076 -0.1092014988855029 -0.084274424519220584 -0.09342455176075648 0.044526265554156161 -0.037683392613390272 0.00099971461123003042 0.099002146195708296 0.1500823277320438 -0.041885242570781578 0.072116484768408082 0.075609195547348046 -0.055465723405844561 0.099742856887103964 -0.092116103739678837 0.13083066059241741 -0.069291713081539891 0.11565461255045176 -0.10010844778569378 5.0636788807170428
leaf_weight=33.519015597382804 199.95167517149821 144.14713602479605 63.980318806341529 84.454915972994058 17.256886014016349 91.788135968265124 9.3494464375544322 16.088922119524796 7.8852301445149342 98.034131870772399 443.69452836122218 81.134585213272658 174.66113254519587 55.623174952517729 36.00910942335031 34.654339253611397 673.49878561824153 85.668538344762055 23.874324576245272 211.95222645779722 106.52875595557271 60.324494248605333 112.31165704119485 67.802815221526544 15.469108567718648 13.077247365625224 141.55522740297602 17.50505862096907 0.26294091256568108 0.11615232567419298
leaf_count=6805 186702 726530 85907 147643 1870 25426 7102 11801 6224 19453 73619 72991 125349 31570 4409 5900 47691 3549 1165 19859 11111 737 18932 12457 15064 2456 111959 689 249 9
internal_value=-0.00252658 -0.00896112 -0.00424479 -0.00223364 -0.0638965 0.000377251 0.0580618 0.0840297 0.043011 -0.00196831 -0.000707504 -0.0402146 0.00240446 -0.00808367 -0.062259 0.00224277 -0.00476865 0.0596352 0.0168006 0.0133967 -0.00583069 0.0215432 -0.00966403 0.000537913 0.0641019 -0.00571859 -0.0523674 0.00471473 0.144618 1.48205
internal_weight=3122.18 2906.14 2761.99 2698.01 109.597 2588.41 101.138 216.041 25.1421 2487.28 2453.76 179.169 2274.59 1315.9 210.67 1105.23 984.911 120.323 958.686 934.812 491.117 279.165 172.636 929.287 83.2719 846.015 154.632 691.383 17.8842 0.379093
internal_count=1785228 1586725 860195 774288 155737 618551 32528 198503 8094 586023 579218 92444 486774 361351 129758 231593 222144 9449 125423 124258 50639 30780 19669 190574 27521 163053 114415 48638 947 258
is_linear=0
shrinkage=0.1


Tree=68
num_leaves=31
num_cat=0
split_feature=12 0 66 66 9 66 66 66 14 18 36 38 6 51 6 40 65 5 5 4 4 65 19 65 65 8 65 22 34 24
split_gain=154.734 112.628 43.89 36.9562 85.2361 35.2997 34.5893 41.2053 31.5652 31.1685 49.4647 30.7676 30.6027 29.9976 28.2122 31.0105 35.4526 27.7796 28.2461 27.3818 26.2776 33.5141 46.9689 41.6585 45.6458 58.0958 39.4225 37.6717 58.534 31.7657
threshold=1646.1402587890627 11.500000000000002 247.50000000000003 234.50000000000003 11.731310844421388 235.50000000000003 28952.000000000004 29000.000000000004 272992.76915000001 28920.500000000004 1.0551176667213442 1.0000000180025095e-35 544.50000000000011 1.5000000000000002 585.50000000000011 43.211111068725593 258.50000000000006 11632.500000000002 11593.500000000002 11622.500000000002 12.500000000000002 249.50000000000003 1395.0000000000002 251.50000000000003 269.50000000000006 3.0499999523162846 255.50000000000003 21515.191406250004 134.00000000000003 36954.500000000007
decision_type=2 2 2 2 2 2 2 2 2 2 2 2 2 2 2 2 2 2 2 2 2 2 2 2 2 2 2 2 2 2
left_child=1 2 3 4 13 9 8 -8 12 -5 -11 -9 -4 20 15 16 -7 18 -2 -19 21 22 -1 27 25 -25 -27 -23 -29 -22
right_child=17 -3 6 5 -6 14 7 11 -10 10 -12 -13 -14 -15 -16 -17 -18 19 -20 -21 29 23 -24 24 -26 26 -28 28 -30 -31
leaf_value=-0.087772561284654646 -0.16303429127717098 -0.09925564333484993 -0.095819391974890714 0.12479168452490919 -0.07376754290019015 -0.050488485298889621 0.052765761844746954 -0.10832607359412788 0.036322085966269173 0.086670133968929031 -0.048697649963181121 0.040186285605775834 -0.0086447173440127346 -0.086000481754058611 0.083803632165678224 -0.086620523891743184 0.059483980295108478 -0.11485111686592031 0.10012813596768114 0.19003673100194815 0.047572623171009971 0.056763040614283403 0.014716357663563185 -0.11906165030210364 0.0041848323280102217 -0.092822589628789309 0.10171007425246015 -1.1455171238318671 0.099046350857737372 -0.050712677602621263
leaf_weight=99.544599684479635 4.1744175723288199 130.52302835856972 152.8941006008765 55.876969973905943 162.66585938177013 52.490713651059195 76.877823413524311 40.340681145469716 30.351877995175784 68.742085414472967 44.447646821266972 21.32347192074667 54.668537655190448 38.037726121605374 34.401361251890194 44.896258130902424 66.392317158170044 12.389510563647493 177.67571337654954 3.8644466069526962 222.30488532935851 158.59486661897972 81.182255526306108 70.067042372887954 1028.1522152853431 16.854171529877931 27.277128047891892 0.66701407730579265 0.87183856568299234 38.592404398907092
leaf_count=16726 66 726530 205508 6745 237284 2962 7899 58246 17120 10725 2843 9394 69132 20402 3657 13790 4053 11041 186578 818 48762 5551 13217 6653 79618 9379 5492 16 215 4806
internal_value=-0.00253593 -0.00853925 -0.00413512 0.00102054 -0.00447341 0.0301146 -0.0357993 0.00392286 -0.0589303 0.0636812 0.0335136 -0.0569705 -0.072859 0.00185143 0.00147908 -0.015813 0.0109276 0.0828918 0.0940872 -0.0423628 0.00376742 -0.0013806 -0.0417347 0.00421875 -0.00247712 -0.0624561 0.0274162 0.0519853 -0.440408 0.0330341
internal_weight=3017.14 2819.04 2688.52 2312.06 1944.81 367.247 376.456 138.542 237.915 169.067 113.19 61.6642 207.563 1782.15 198.181 163.779 118.883 198.104 181.85 16.254 1744.11 1483.21 180.727 1302.48 1142.35 114.198 44.1313 160.134 1.53885 260.897
internal_count=1785228 1586725 860195 492896 448121 44775 367299 75539 291760 20313 13568 67640 274640 210837 24462 20805 7015 198503 186644 11859 190435 136867 29943 106924 101142 21524 14871 5782 231 53568
is_linear=0
shrinkage=0.1


Tree=69
num_leaves=31
num_cat=0
split_feature=12 11 5 5 5 3 3 76 16 65 43 16 37 66 65 30 39 65 24 19 19 65 46 2 20 65 68 21 14 24
split_gain=138.503 113.777 47.0232 45.9911 36.6078 33.0969 65.8389 30.2195 27.5065 28.2098 60.8806 27.2597 27.951 26.5145 25.9762 32.091 28.8646 31.2338 28.8928 24.3887 103.636 33.4827 72.6315 35.7451 51.8735 56.0346 36.379 32.4814 29.5098 25.9758
threshold=1356.5380859375002 23.500000000000004 3544.5000000000005 11632.500000000002 3509.0000000000005 3.5000000000000004 14.500000000000002 8229407.5000000009 10506904.000000002 210.50000000000003 1.0000000180025095e-35 868.05767822265636 1.4428698420524599 243.50000000000003 229.50000000000003 1.0000000180025095e-35 6.5000000000000009 228.00000000000003 627.50000000000011 1395.0000000000002 995049.00000000012 274.50000000000006 1.0000000180025095e-35 4.5000000000000009 47.500000000000007 249.50000000000003 30.000000000000004 1501864.5000000002 6515.8060690000011 1972.5000000000002
decision_type=2 2 2 2 2 2 2 2 2 2 2 2 2 2 2 2 2 2 2 2 2 2 2 2 2 2 2 2 2 2
left_child=1 2 4 13 5 7 -7 8 9 10 -1 -12 -13 -2 16 19 18 -18 -11 21 -21 23 -23 24 26 -26 -16 -22 -27 -24
right_child=3 -3 -4 -5 -6 6 -8 -9 -10 14 11 12 -14 -15 15 -17 17 -19 -20 20 27 22 29 -25 25 28 -28 -29 -30 -31
leaf_value=-0.1062972601609586 0.096873632746044144 -0.099637383427156195 -0.068799878899162878 -0.057083756838252189 0.11328441881356666 -0.066953088019927096 0.063479663529269231 0.05925960303282634 -0.084441829566087312 -0.085726479274674583 -0.088882868840617482 0.1407731970294909 0.0037936640159448539 -0.14197228106925933 0.013661760220417183 -0.10747071034527339 -0.16932693268632534 0.125773926339732 0.049764404395465339 -0.084710054149537195 0.085272638558825262 -0.058795316647393681 0.039454264617867836 0.096054845182109286 -0.10918352380975566 0.019437831112299655 0.11767135927180297 0.00089547437382099201 -0.13127855228142263 -0.0055636093707301486
leaf_weight=74.296362851287768 187.18508875384578 130.48720832816616 107.09204659858369 23.565877618806553 27.658899761663633 178.59548151539639 49.405551435789675 86.512432554096449 38.815402626205469 22.974529956045444 19.581114369939314 21.145900484989397 50.405549672053894 4.7661417136550872 60.603274929697363 26.94003555017116 3.8701439555734387 48.955335870210547 49.972478563140612 153.16478818995529 54.171713156247279 183.96299455982967 229.5507945073623 67.613451299403096 42.273051875674355 312.79494942296878 75.550509971784777 289.11197205475764 13.554032097250454 290.22774875976029
leaf_count=80315 193804 742467 201835 26799 3123 151730 25736 19344 4634 3026 5388 354 11985 123 6591 18112 129 2428 568 55401 3148 111875 22475 17367 3215 20096 3155 5874 5392 38739
internal_value=-0.00239855 -0.00853608 -0.00392636 0.074757 -0.00111558 -0.00241022 -0.0386896 0.00132243 -0.00103127 0.000517294 -0.03911 0.0156648 0.0442758 0.0909431 0.00392223 0.000851414 0.0478587 0.104154 0.00709179 0.00249772 -0.0163085 0.00981384 -0.00479454 0.0277746 0.0186286 -0.000854043 0.0713758 0.0142106 0.0131782 0.0143177
internal_weight=2924.8 2709.29 2578.8 215.517 2471.71 2444.05 228.001 2216.05 2129.54 2090.72 165.429 91.1326 71.5515 191.951 1925.29 1799.52 125.772 52.8255 72.947 1772.58 496.448 1276.13 703.742 572.389 504.776 368.622 136.154 343.284 326.349 519.779
internal_count=1785228 1564502 822035 220726 620200 617077 177466 439611 420267 415633 98042 17727 12339 193927 317591 311440 6151 2557 3594 293328 64423 228905 173089 55816 38449 28703 9746 9022 25488 61214
is_linear=0
shrinkage=0.1


Tree=70
num_leaves=31
num_cat=0
split_feature=12 0 65 70 74 18 68 14 4 65 22 66 19 8 37 37 67 66 14 66 19 36 19 12 66 48 66 66 65 65
split_gain=123.339 93.6914 40.3491 33.1848 32.2967 26.3188 25.5349 58.1481 57.9133 44.0702 39.5256 44.8363 49.0277 32.3318 31.6525 54.9642 47.7095 33.1456 35.3319 32.1765 92.1706 562.87 25.236 24.8525 24.4258 39.6734 30.4651 46.8797 71.9914 410.738
threshold=1646.1402587890627 11.500000000000002 64245.500000000007 16.925988197326664 6469182.7500000009 83228832.500000015 30.000000000000004 1.0000000180025095e-35 234.50000000000003 210.50000000000003 1017.4846801757814 237.50000000000003 50189.500000000007 2322.0000000000005 234.24199676513675 5.1475954055786142 4.5000000000000009 288.50000000000006 12050000.000000002 275.50000000000006 71.500000000000014 13015.245605468752 3.5000000000000004 15.683333396911623 227.50000000000003 1.0000000180025095e-35 255.50000000000003 256.50000000000006 237.50000000000003 245.50000000000003
decision_type=2 2 2 2 2 2 2 2 2 2 2 2 2 2 2 2 2 2 2 2 2 2 2 2 2 2 2 2 2 2
left_child=1 2 3 5 -5 6 7 -1 10 -8 24 12 -12 -10 15 16 -11 19 -19 22 -21 -22 -16 -6 -9 -26 -27 28 -28 -30
right_child=-2 -3 -4 4 23 -7 9 8 13 14 11 -13 -14 -15 17 -17 -18 18 -20 20 21 -23 -24 -25 25 26 27 -29 29 -31
leaf_value=-0.10747837965713802 0.081643797537561569 -0.099085196746225526 -0.11402255137048381 -0.094330599360224324 0.11302116585341429 0.077343293245333442 -0.11179030539595794 -0.043063257220994959 -0.094271283281557317 0.0056568631229126538 0.036975286208987414 -0.10369047320738843 -0.13548018528819203 0.12823597923142574 -0.021650162381601133 -0.072418792713943386 0.10632554990321619 -0.056641595388786374 -1.8176039069652454 0.2417991112966684 -0.10007339778488983 23.102331925642503 0.08422654291842667 -0.11629140563653671 0.064006634570295304 -0.11430272506275357 0.011765237480957005 -0.1220263526202031 4.4832327567105557 0.24262288936764725
leaf_weight=62.131230016835161 164.90254921319138 107.15667501477583 32.687246382050489 70.17226693869452 15.613003713195214 43.261151810394949 30.459961748121714 226.30731438085786 94.011506938652019 1077.8964559191372 395.92345373735589 26.795091966341715 17.201142789970618 7.0179151560732853 27.646944765554508 87.050669103264227 49.227820239510038 21.357882294818413 0.11454869576846149 0.29225968770333466 0.054636953369481489 0.012929696589708328 121.21544109474053 6.7780062238452947 68.684860427327294 32.175999283703277 16.021232161641823 13.869829906689118 0.23999905085656692 4.7286325724271592
leaf_count=33700 198503 726530 55903 148324 1867 14161 33724 92171 131213 100131 56409 27903 480 855 6930 49210 9919 27579 37 443 90 21 12108 6026 14115 12203 3341 17516 217 3599
internal_value=-0.00227462 -0.00748464 -0.00363379 -0.0021998 -0.0609639 4.44568e-05 -0.00136034 -0.0139027 -0.00746404 0.00719225 0.00152476 0.0216643 0.0297948 -0.078815 0.00980925 0.00414074 0.0100536 0.0501302 -0.0660358 0.066846 1.01134 4.33999 0.064563 0.0436057 -0.0229479 0.0105934 -0.0441339 0.0206329 0.1149 0.447456
internal_weight=2821.01 2656.11 2548.95 2516.26 92.5633 2423.7 2380.44 965.108 902.977 1415.33 801.948 439.92 413.125 101.029 1384.87 1214.17 1127.12 170.695 21.4724 149.222 0.359826 0.0675666 148.862 22.391 362.028 135.721 67.0357 34.8597 20.9899 4.96863
internal_count=1785228 1586725 860195 804292 156217 648075 633914 393722 360022 240192 227954 84792 56889 132068 206468 159260 110050 47208 27616 19592 554 111 19038 7893 143162 50991 36876 24673 7157 3816
is_linear=0
shrinkage=0.1


Tree=71
num_leaves=31
num_cat=0
split_feature=5 11 5 5 66 66 3 66 66 19 36 5 24 66 17 39 14 66 66 66 66 35 17 48 1 66 3 10 76 48
split_gain=113.723 81.6915 77.6234 53.2433 37.9259 36.2213 51.1104 37.545 77.4043 379.924 29784.3 32.1083 30.0717 29.6893 28.3186 25.8147 25.1372 23.4661 45.1591 28.9144 28.3563 28.9836 27.9309 48.9805 176.311 24.9412 35.6423 31.7509 24.0567 37.686
threshold=11593.500000000002 23.500000000000004 11632.500000000002 3544.5000000000005 250.50000000000003 28952.000000000004 16.500000000000004 266.50000000000006 288.50000000000006 71.500000000000014 13015.245605468752 3509.0000000000005 248.50000000000003 29000.000000000004 1.0000000180025095e-35 2021.5000000000002 11839.883770000002 234.50000000000003 1.0000000180025095e-35 219.50000000000003 227.50000000000003 30.000000000000004 1.0000000180025095e-35 1.0000000180025095e-35 15626.500000000002 237.50000000000003 4.5000000000000009 975.50000000000011 8229407.5000000009 1.0000000180025095e-35
decision_type=2 2 2 2 2 2 2 2 2 2 2 2 2 2 2 2 2 2 2 2 2 2 2 2 2 2 2 2 2 2
left_child=1 3 -2 4 11 6 7 14 9 -9 -11 15 -4 -7 -6 17 -15 18 28 -20 22 -22 23 -21 -25 26 -19 -27 -1 -30
right_child=2 -3 12 -5 5 13 -8 8 -10 10 -12 -13 -14 16 -16 -17 -18 25 19 20 21 -23 -24 24 -26 27 -28 -29 29 -31
leaf_value=0.00053108382041588606 0.10347755504461185 -0.090782464205270544 -0.084605543751611029 -0.087599284815827447 0.023067675272073783 0.046695326985467467 0.086687249941384381 -0.14139462164199321 -0.10798010828438476 -0.10006621344825906 -168.14795766042357 0.11512435517558597 0.1335669826549242 -0.10891572863667875 -0.10297250115505285 -0.11621820294762118 0.037876613033216232 0.066223349683431465 -0.097527196766799606 0.092203278130922606 0.051729989690419934 -0.098174604271827129 0.044152532011200632 4.411822537242478 -0.10018195126903168 -0.036599947515620478 -0.10493665635465295 0.14497905515728329 0.098541418734958308 -0.12449911631026025
leaf_weight=1554.9621550281149 152.67962129147782 117.0648144669176 36.60657713926048 76.123066328902496 40.385243782715406 71.906746936263517 19.549912088594283 3.8087087502353745 76.74304894245067 0.68712257468723681 0.010711227644456756 24.842052179708844 7.6354188059194703 31.063704538100865 31.911878696031636 18.696160264677019 18.6812287050343 154.49088635394583 75.343767913669581 0.78928195894696063 18.331149344099686 43.517258528037928 30.593657701159827 0.13293361244723201 0.24849731230642647 75.351094348879997 13.206385780009439 11.041042045020729 50.744101673510158 8.9049330369452928
leaf_count=222499 193068 743018 68580 158832 26537 7877 6634 3562 121781 1753 42 2333 1502 48578 17321 11247 9206 13234 84844 10 742 4847 4862 9 143 7639 2023 2796 15127 4582
internal_value=-0.00355789 -0.00917156 0.0696807 -0.00527535 -0.00263777 -0.03621 -0.0655981 -0.0849874 -0.131632 -0.534414 -2.67948 0.00211688 -0.0469527 0.00560588 -0.0325663 0.000751682 -0.0537893 0.00182492 -0.00222553 -0.0514152 -0.0143022 -0.0537446 0.062496 0.541857 1.47231 0.0302568 0.0527443 -0.0133939 0.00292179 0.065244
internal_weight=2766.05 2569.13 196.922 2452.07 2375.94 294.748 173.097 153.547 81.2496 4.50654 0.697834 2081.2 44.242 121.652 72.2971 2056.35 49.7449 2037.66 1783.57 168.957 93.6128 61.8484 31.7644 1.17071 0.381431 254.089 167.697 86.3921 1614.61 59.649
internal_count=1785228 1522078 263150 779060 620228 243291 177630 170996 127138 5357 1795 376937 70082 65661 43858 374604 57784 363357 337665 95457 10613 5589 5024 162 152 25692 15257 10435 242208 19709
is_linear=0
shrinkage=0.1


Tree=72
num_leaves=31
num_cat=0
split_feature=5 0 5 5 51 5 51 65 10 13 12 5 4 10 10 5 3 3 76 65 43 16 66 15 37 34 40 16 66 7
split_gain=99.3772 76.3072 70.5416 49.0506 36.2662 29.5871 29.2823 27.0645 22.1862 21.4671 18.9165 17.9429 17.3753 17.0972 32.3728 31.8382 32.5396 26.3654 23.1934 23.8858 51.5501 23.228 22.0635 20.4773 19.8326 62.531 41.4547 30.6297 26.3698 22.5012
threshold=11593.500000000002 11.500000000000002 11632.500000000002 3544.5000000000005 1.5000000000000002 3509.0000000000005 1.0000000180025095e-35 64245.500000000007 2036.5000000000002 917.74447631835949 155.029411315918 476.50000000000006 2877.5000000000005 1397.5000000000002 975.50000000000011 370.50000000000006 14.500000000000002 4.5000000000000009 8229407.5000000009 210.50000000000003 1.0000000180025095e-35 10506904.000000002 235.50000000000003 0.15256474250000004 146.35931396484378 62.000000000000007 837.67907714843761 67.416667938232436 288.50000000000006 36.500000000000007
decision_type=2 2 2 2 2 2 2 2 2 2 2 2 2 2 2 2 2 2 2 2 2 2 2 2 2 2 2 2 2 2
left_child=1 3 -2 4 5 7 12 8 9 13 -5 -6 -4 14 15 16 17 18 19 20 -1 24 -22 -23 25 26 -21 28 -26 -30
right_child=2 -3 6 10 11 -7 -8 -9 -10 -11 -12 -13 -14 -15 -16 -17 -18 -19 -20 21 22 23 -24 -25 27 -27 -28 -29 29 -31
leaf_value=-0.10983883875533001 0.10341616750076568 -0.098890766243623737 -0.082809627577076189 0.11042439857562013 -0.095847122644888885 0.11351014318470221 -0.10895276825801577 -0.11439624012509181 -0.13684083452489607 0.27411883496372969 -0.099617671842239366 0.031884646912835039 0.14254615225763304 -0.093019747364850344 0.12255307520238963 -0.084772575273637379 0.14633350340672135 -0.088810271287895717 0.055326322763890545 -0.075799067975165502 0.036059293621500427 -0.1177512494182246 -0.10514297468710183 0.058391611333182228 0.0096351812190675276 0.0054396977158594761 4.094770401164932 0.059891775740002977 -0.12063572529327556 -1.4198282176012549
leaf_weight=60.09044292626686 138.22832338658918 88.878362653245858 5.2033430078299707 4.5813133287447263 58.619859594440641 22.782744726981036 26.346244008309441 20.861315185202784 11.780185923489624 2.8690357959349049 66.911009333765833 13.537243478713206 9.9899884678743529 19.418234847398708 21.774905799873522 43.406569566694088 15.450281284152878 32.417350784133305 78.699996553928941 103.94952676244429 66.858515575790079 27.859084130148403 13.260835510351169 8.6489588129334134 122.49015042415704 1450.3101669895113 0.023838678695027649 150.05655783147085 14.44652748377484 0.13455052002609669
leaf_count=73585 193068 726387 9020 1717 28485 3119 57634 30750 7434 610 157729 597 3428 32053 9682 56106 3490 20716 21852 88096 13900 3113 4335 217 23133 159992 37 30392 24504 47
internal_value=-0.00275689 -0.00788097 0.0690763 -0.00455394 -0.00208162 0.000120133 -0.0451942 -0.00102051 3.35119e-05 0.000755862 -0.0861579 -0.0718836 0.0653673 0.000404052 0.00122497 1.75724e-05 0.00173364 0.000684394 0.002068 -8.89165e-06 -0.0398237 0.00296378 0.0126884 -0.076022 0.00452976 6.92188e-05 -0.0748429 0.0286756 -0.00549781 -0.132624
internal_weight=2699.89 2520.12 179.768 2431.24 2359.75 2287.59 41.5396 2264.81 2243.95 2232.17 71.4923 72.1571 15.1933 2229.3 2209.88 2188.1 2144.7 2129.25 2096.83 2018.13 140.21 1877.92 80.1194 36.508 1841.41 1554.28 103.973 287.128 137.071 14.5811
internal_count=1785228 1522078 263150 795691 636245 607163 70082 604044 573294 565860 159446 29082 12448 565250 533197 523515 467409 463919 443203 421351 91820 329531 18235 3330 326201 248125 88133 78076 47684 24551
is_linear=0
shrinkage=0.1


Tree=73
num_leaves=31
num_cat=0
split_feature=5 0 5 5 51 5 51 65 10 13 12 5 66 34 10 10 5 3 35 76 65 43 37 34 16 66 66 65 24 52
split_gain=88.4769 69.5407 64.1966 43.1942 31.6514 26.3796 25.9514 24.3976 20.0167 16.879 16.4491 16.2258 15.7241 15.2504 14.8347 27.0999 27.9105 28.3142 23.4245 18.3164 20.0652 46.8996 21.3219 57.5722 27.3434 21.297 49.8648 249.68 31.9822 47.8663
threshold=11593.500000000002 11.500000000000002 11632.500000000002 3544.5000000000005 1.5000000000000002 3509.0000000000005 1.0000000180025095e-35 64245.500000000007 2036.5000000000002 917.74447631835949 155.029411315918 476.50000000000006 29340.000000000004 2602.0000000000005 1397.5000000000002 975.50000000000011 370.50000000000006 14.500000000000002 138.00000000000003 8229407.5000000009 210.50000000000003 1.0000000180025095e-35 846.38308715820324 62.000000000000007 67.416667938232436 1039.5000000000002 1187.5000000000002 1375.0000000000002 48.500000000000007 7.2249999046325692
decision_type=2 2 2 2 2 2 2 2 2 2 2 2 2 2 2 2 2 2 2 2 2 2 2 2 2 2 2 2 2 2
left_child=1 3 -2 4 5 7 13 8 9 12 -5 -6 14 -4 15 16 17 18 19 20 21 -1 23 -22 25 -24 27 -27 -28 -30
right_child=2 -3 6 10 11 -7 -8 -9 -10 -11 -12 -13 -14 -15 -16 -17 -18 -19 -20 -21 22 -23 24 -25 -26 26 28 -29 29 -31
leaf_value=-0.11038462193713468 0.10333695576685231 -0.09877235608221889 -0.045919084253743053 0.094436031398073203 -0.093894441885794697 0.11179744477174364 -0.10787213433898209 -0.11410126378649726 -0.1367113572726194 0.2396741566449157 -0.097594728551170906 0.028980366573383622 -0.10159141644797304 0.15752788446289534 -0.09059868649183328 0.11470435065699036 -0.082340284260651223 0.14197915960466564 -0.089906372714068816 0.050075138980583758 -0.073793194137152199 0.011636124761934936 0.0058574364160971677 0.0038340768416398837 0.060916620118208503 -0.10007071752801576 -0.12143814554499666 -10.369897941992036 -0.10007580846515743 -8.144643645294229
leaf_weight=52.527224725738051 125.16543432962499 80.512131376359321 7.0428986282640818 4.8080680865386958 54.089625890646857 20.914924044904183 24.066364803453325 18.922489139479694 10.668889772372493 2.9490011830202993 61.736111431135214 13.411510193720458 15.050202724945846 7.7267566594964592 17.54875833177357 21.021408090979094 39.812275690885144 14.387759299483148 27.836799752287334 77.693706507488969 102.10184041301545 78.684881299879635 127.04847901626727 1486.5537411031837 135.56463090344914 0.13421677466067095 5.8800304361957387 0.02874286929727532 0.018264952523168065 0.012430069666152121
leaf_count=64302 193068 726387 11860 1717 28485 3119 57634 30750 7434 610 157729 597 42686 588 29827 9503 54037 3488 18151 22408 88986 18067 32633 155984 20491 289 4313 38 31 16
internal_value=-0.00263985 -0.00736261 0.0684866 -0.00428252 -0.00200684 1.26062e-05 -0.0438334 -0.00103373 -6.80307e-05 0.000593162 -0.0837198 -0.069481 0.000272961 0.0605144 0.000974005 0.00171479 0.000609162 0.00217542 0.00121487 0.00244247 0.000581442 -0.0372116 0.00325133 -0.00115498 0.0293044 -0.00288787 -0.185821 -1.91147 -0.138245 -3.35776
internal_weight=2633.92 2469.92 164.001 2389.41 2322.86 2255.36 38.836 2234.45 2215.52 2204.85 66.5442 67.5011 2201.91 14.7697 2186.86 2169.31 2148.29 2108.47 2094.08 2066.25 1988.55 131.212 1857.34 1588.66 268.687 133.122 6.07369 0.16296 5.91073 0.030695
internal_count=1785228 1522078 263150 795691 636245 607163 70082 604044 573294 565860 159446 29082 565250 12448 522564 492737 483234 429197 425709 407558 385150 82369 302781 244970 57811 37320 4687 327 4360 47
is_linear=0
shrinkage=0.1


Tree=74
num_leaves=31
num_cat=0
split_feature=18 11 65 13 28 25 28 24 75 25 6 9 66 76 9 28 65 16 15 34 9 21 39 6 8 6 5 39 35 28
split_gain=77.9811 65.8316 33.9688 33.2547 27.572 51.0712 28.5877 25.2298 75.0152 104.883 25.1108 23.6019 37.6706 22.893 22.2525 29.1046 27.906 19.3791 21.1944 20.5831 18.7681 17.6252 26.1889 22.4687 18.4636 44.3042 97.6894 18.1274 18.2391 17.4242
threshold=80712021.000000015 23.500000000000004 64245.500000000007 2118.589477539063 7398378.0000000009 8584085.5000000019 10273106.000000002 192.50000000000003 5242672.0000000009 41445137.000000007 5343.5000000000009 10.274557590484621 234.50000000000003 8229407.5000000009 7.7942121028900155 565276.50000000012 228.00000000000003 10506904.000000002 0.15256474250000004 22.000000000000004 526.90859985351574 8206.1665039062518 394.50000000000006 535.50000000000011 152.13809204101565 1415.5000000000002 3710.5000000000005 193.50000000000003 94.000000000000014 5000475.0000000009
decision_type=2 2 2 2 2 2 2 2 2 2 2 2 2 2 2 2 2 2 2 2 2 2 2 2 2 2 2 2 2 2
left_child=1 2 3 4 5 11 -6 -8 9 -9 -5 13 -13 14 15 17 -16 19 -19 -1 -2 -14 27 29 25 -25 -27 -23 -29 -24
right_child=20 -3 -4 10 6 -7 7 8 -10 -11 -12 12 21 -15 16 -17 -18 18 -20 -21 -22 22 23 24 -26 26 -28 28 -30 -31
leaf_value=-0.038946658723213318 0.096275410574352627 -0.088633745729931712 -0.1161896422260609 0.087842457042591623 -0.10115918678472524 0.11511350390433893 -0.062650383634097528 -0.10021850633803527 0.060056392452202838 9.2164048360814519 1.433991890668572 -0.086759476264161653 0.080788221478533956 0.085382606890272578 -0.29571077055367662 -0.084627083550815455 0.1105212193118536 -0.12109726722101291 0.065292567290757234 0.0053686652077818689 -0.10776772549266339 -0.070499423330731253 -0.10401497346413302 0.11819995585732473 -0.032433237998274266 7.4382448455153281 -0.10004594188769536 0.09138157007700759 -0.12891498489237416 0.069434633178857313
leaf_weight=111.78649192512262 92.512035029139952 90.577075168645933 25.67226277705231 37.402267007390037 55.765161259056185 38.174540069638169 32.060304027349048 0.027647111041008254 28.312861043552402 0.021464731005835347 0.13908675033599038 80.68262125922783 21.637122830439608 32.490289041874348 1.7988842875201978 40.376812435482861 28.202228075242601 24.665520393988118 8.1054089089739119 1679.4471150864385 4.7388431390136239 11.837311976036288 52.736426765186479 9.307710344393854 19.881941408384591 0.026523249922321024 0.048858756039408036 37.947552792800707 4.1714119448588454 6.506223201591637
leaf_count=60243 130802 734326 55712 64667 144254 8629 39049 58 9352 3 4 132830 8547 13580 21 14431 7464 2871 217 272559 5311 2064 55205 3616 15145 2 138 1751 1159 1218
internal_value=-0.00150768 -0.00495252 -0.00178012 -0.000537442 -0.00204437 0.000452111 -0.0495262 -0.0018729 0.0668298 3.97169 0.0928298 -0.00156347 -0.0308126 0.00215225 0.000724773 -0.00065008 0.0861633 0.00120886 -0.0749965 0.00260305 0.0863328 -0.0033055 -0.0160775 -0.0495537 0.0221334 0.137755 2.55231 0.0388356 0.0695637 -0.0849662
internal_weight=2577.06 2479.81 2389.23 2363.56 2326.02 2209.83 116.187 60.4223 28.362 0.0491118 37.5414 2171.66 244.784 1926.87 1894.38 1864.38 30.0011 1824 32.7709 1791.23 97.2509 164.101 142.464 88.5077 29.265 9.38309 0.075382 53.9563 42.119 59.2426
internal_count=1785228 1649115 914789 859077 794406 601690 192716 48462 9413 61 64671 593061 221675 371386 357806 350321 7485 335890 3088 332802 136113 88845 80298 75324 18901 3756 140 4974 2910 56423
is_linear=0
shrinkage=0.1


Tree=75
num_leaves=31
num_cat=0
split_feature=75 0 28 25 9 9 66 65 76 25 8 69 66 8 40 20 9 29 16 15 65 41 48 43 19 65 3 36 65 16
split_gain=69.1408 59.7106 32.5098 49.0161 29.6152 36.3594 34.4204 22.7476 22.4926 23.6481 20.996 20.9083 18.3004 22.2861 21.3592 26.9945 19.07 34.3666 17.7856 18.6766 18.5293 26.9642 23.8038 50.9973 47.0157 49.9912 151.234 29.5571 23.8623 20.2517
threshold=81602776.000000015 11.500000000000002 7398378.0000000009 8584085.5000000019 10.274557590484621 7.7942121028900155 234.50000000000003 228.00000000000003 8229407.5000000009 1074820.0000000002 156.25833129882815 374147.67187500006 247.50000000000003 167.86110687255862 43.211111068725593 28498.000000000004 243.66501617431643 826.50000000000011 10506904.000000002 0.15256474250000004 249.50000000000003 196.4765548706055 1.0000000180025095e-35 1.0000000180025095e-35 67.500000000000014 245.50000000000003 1.0000000180025095e-35 336.08738708496099 210.50000000000003 868.05767822265636
decision_type=2 2 2 2 2 2 2 2 2 2 2 2 2 2 2 2 2 2 2 2 2 2 2 2 2 2 2 2 2 2
left_child=1 2 3 4 5 8 -6 -7 9 18 -4 -12 14 -14 -8 -16 17 -15 20 -20 21 22 23 -1 -24 27 -27 -26 -29 -25
right_child=-2 -3 10 -5 6 7 12 -9 -10 -11 11 -13 13 16 15 -17 -18 -19 19 -21 -22 -23 24 29 25 26 -28 28 -30 -31
leaf_value=-0.096092608400470292 0.085495338436835377 -0.098498394716897475 -0.078314097993562079 0.11201334328444892 -0.085323061698459879 -0.24608188637394288 0.095978557026267716 0.10399500305032885 0.080137113482654898 -0.078221595824512991 -0.11984303606813536 0.068550660130089397 -0.08483475217224544 0.12310806042790526 0.13266009964564193 -0.033332266229122741 -0.016473228067558666 1.059674251322946 -0.11705437386321654 0.061292794952858234 0.0070411416583455585 0.1019269233988835 -0.058207005734479914 -0.086113420465168927 -0.032216661368900681 3.5440245491156896 -0.10051913816287668 -0.10026595744371863 0.12166603110597927 0.036421744949552907
leaf_weight=102.20159440923499 88.029504422498576 66.04952014794253 87.15683717597858 38.785802987789793 84.936633216435439 1.9356519311550062 26.940292102284729 45.182202820142265 34.983411376786535 38.631113532916061 8.0244501574852638 22.157004514287109 48.877365930560472 5.2290615012316293 11.579139493405817 63.659988221159438 18.585719809998409 0.4235298382845939 23.968116123141957 7.7769190829130812 1462.0910524461044 17.538683302635036 63.622305775243149 17.13634350591019 27.392388486114214 0.16452202945947547 0.36973416955152061 5.4435318234318393 44.044956799443753 63.347674691176508
leaf_count=23725 134511 717555 165691 11827 163880 13 784 47488 20404 13510 20806 15634 82072 428 9147 20405 19962 26 4192 227 243657 828 29846 5449 5372 6 226 12556 1547 13454
internal_value=-0.00157124 -0.00471467 -0.00210342 0.000567088 -0.00138346 0.00283332 -0.0330756 0.0896135 0.000691095 -0.0007922 -0.0534217 0.0184618 -0.00775991 -0.0459563 0.0195719 -0.0077864 0.0324435 0.193282 0.000837786 -0.0733628 0.00214396 -0.0188373 -0.0253801 -0.0492061 0.00548169 0.0578232 1.0218 0.0511243 0.0972544 0.010332
internal_weight=2526.27 2438.24 2372.19 2254.85 2216.06 1955.83 260.232 47.1179 1908.71 1873.73 117.338 30.1815 175.295 73.1157 102.179 75.2391 24.2383 5.65259 1835.1 31.745 1803.35 341.262 323.723 182.686 141.037 77.4151 0.534256 76.8809 49.4885 80.484
internal_count=1785228 1650717 933162 731031 719204 422500 296704 47501 374999 354595 202131 36440 132824 102488 30336 29552 20416 454 341085 4419 336666 93009 92181 42628 49553 19707 232 19475 14103 18903
is_linear=0
shrinkage=0.1


Tree=76
num_leaves=31
num_cat=0
split_feature=12 11 5 5 51 5 39 65 39 4 3 5 68 14 10 10 39 75 19 65 37 37 52 6 40 37 65 65 48 65
split_gain=62.3309 63.3508 32.4556 25.9097 26.1124 21.4082 20.4908 20.0195 16.9603 16.8984 16.7714 98.6704 14.5918 54.027 32.3114 41.4897 46.5102 36.3156 35.4387 31.2201 44.8963 37.5444 26.7342 57.3588 40.5966 26.1793 22.881 496.675 108.647 40.6302
threshold=1270.8191528320315 23.500000000000004 11632.500000000002 4195.5000000000009 1.5000000000000002 9807.5000000000018 1316.5000000000002 64245.500000000007 1376.5000000000002 12992.000000000002 11.500000000000002 5286.5000000000009 30.000000000000004 1.0000000180025095e-35 130.50000000000003 127.50000000000001 23.500000000000004 5176979.5000000009 14810.000000000002 210.50000000000003 846.38308715820324 3.9532020092010502 86.51666641235353 698.50000000000011 65.205261230468764 0.026990905404090885 1375.0000000000002 1445.0000000000002 1.0000000180025095e-35 283.50000000000006
decision_type=2 2 2 2 2 2 2 2 2 2 2 2 2 2 2 2 2 2 2 2 2 2 2 2 2 2 2 2 2 2
left_child=1 3 5 4 7 8 10 12 -2 -4 11 -5 13 -1 15 16 17 18 -15 -14 21 22 -21 24 -24 -19 29 28 -28 -22
right_child=2 -3 9 6 -6 -7 -8 -9 -10 -11 -12 -13 19 14 -16 -17 -18 25 -20 20 26 -23 23 -25 -26 -27 27 -29 -30 -31
leaf_value=-0.10505427698674033 0.10679022921238999 -0.098896905076914232 -0.10270615307910479 -0.10013693668131257 -0.066563762818971736 0.10276542474431241 -0.10170954502015855 -0.11295997733266235 -0.13165619982945792 0.13043321499365942 0.056914919302206025 11.75556625273866 -0.11315624971363106 0.005727055470867542 -0.10023727205194727 0.12752906521617255 -0.089519824012016191 0.10977269235137488 -0.079623731880435103 0.0030315447686245188 0.077959719680411141 -0.067978566411732874 1.6053318434794406 -0.1101456557482188 0.083080190896961698 -0.11063914508810498 -0.10396783952092636 0.071683941068421755 2.9251468408060504 -0.061188247975218595
leaf_weight=54.158605575136107 4.9626369587422214 70.141396434274156 15.06714530613681 0.041849613713565215 58.76898999723926 97.451838259112264 42.188576499960618 15.308130828128922 7.4778549925467814 3.9172393807457402 8.553700754491727 0.0084347898882697336 20.778908014406397 571.31541310754835 32.006378765894624 25.578907606162829 56.115989096654971 47.087254639191087 53.175686790084001 961.72580819770519 79.502047480185894 68.450175207144639 0.17552156490273674 17.741107208879839 93.641142982640304 6.0851494438684304 0.14026867563370515 32.410948540242515 0.75984314459492452 28.509237634710189
leaf_count=33687 152 742344 31210 89 29072 193053 149341 33085 1136 1184 6603 24 37567 124461 100417 684 52528 22311 21396 86486 4886 40519 8 11632 23153 2425 96 6298 49 29332
internal_value=-0.00157111 -0.00529324 0.0661375 -0.00240634 -0.000793084 0.0869955 -0.0730261 0.000992538 -0.0365375 -0.0546002 0.0676196 1.88856 0.00180413 -0.00842758 -0.00181474 0.00233369 -0.00203051 0.00521431 -0.0015406 0.00843929 0.0104085 0.0038273 0.00840682 0.0547464 0.0859282 0.0845483 0.0635776 0.136033 2.45311 0.0412321
internal_weight=2473.25 2344.37 128.877 2274.23 2223.44 109.892 50.7926 2164.67 12.4405 18.9844 8.60399 0.0502844 2149.36 845.523 791.365 759.358 733.779 677.664 624.491 1303.84 1283.06 1141.73 1073.28 111.558 93.8167 53.1724 141.322 33.3111 0.900112 108.011
internal_count=1785228 1558493 226735 816149 660092 194341 156057 631020 1288 32394 6716 113 597935 357909 324222 223805 223121 170593 145857 240026 202459 161798 121279 34793 23161 24736 40661 6443 145 34218
is_linear=0
shrinkage=0.1


Tree=77
num_leaves=31
num_cat=0
split_feature=5 5 29 0 69 5 39 3 51 51 65 12 39 12 37 5 66 65 13 76 10 65 19 65 65 65 19 65 19 24
split_gain=57.8624 80.1552 120.678 50.4829 47.2731 47.2625 37.2031 165.662 21.5687 20.3498 18.6151 17.4466 34.9475 161.797 16.0242 13.2625 12.7006 11.5941 29.8063 29.0567 26.5571 31.3431 45.8232 41.3329 30.3721 52.4652 71.2594 26.5595 23.7662 39.7485
threshold=11593.500000000002 4507.5000000000009 89711.000000000015 11.500000000000002 2374975.0000000005 11632.500000000002 969.50000000000011 11.500000000000002 1.5000000000000002 1.0000000180025095e-35 29517.500000000004 155.029411315918 1316.5000000000002 569.52777099609386 6279.4501953125009 476.50000000000006 29340.000000000004 25442.000000000004 73.343425750732436 8015906.5000000009 127.50000000000001 300.50000000000006 8.5000000000000018 294.50000000000006 383.50000000000006 410.50000000000006 570.50000000000011 285.50000000000006 96.500000000000014 1215.5000000000002
decision_type=2 2 2 2 2 2 2 2 2 2 2 2 2 2 2 2 2 2 2 2 2 2 2 2 2 2 2 2 2 2
left_child=1 3 6 8 -4 -2 7 -3 10 -7 16 -8 13 -13 -12 -10 17 18 20 28 21 23 -23 27 -24 -26 -27 -1 29 -19
right_child=5 2 4 -5 -6 9 11 -9 15 -11 14 12 -14 -15 -16 -17 -18 19 -20 -21 -22 22 24 -25 25 26 -28 -29 -30 -31
leaf_value=0.0072865652907800425 0.10326169428846535 -3.2356432365603944 -0.10313567151398038 -0.098202456767014959 -3.1717157774800011 0.059585130954210877 0.10272539481252548 -0.1749110065713706 -0.088602897141964343 -0.10566471969988507 -0.10644724226383083 -0.099670799361275 -0.11271760408484831 -2.299421371776222 0.068543742997315693 0.02723997969595824 -0.10129945010964142 0.028845942247752061 -0.10201127525380332 -0.015330233747848129 0.086032877218303078 -0.10260496651948717 -0.091430585555572319 0.13665541521547209 0.12877495987387869 0.010576996859810013 -0.086913593749351592 -0.11822972786612043 0.060376726353490257 -0.10172927608985448
leaf_weight=930.50370398080042 87.198663740040502 0.20982061382528527 0.069130251009481891 55.307084107756964 0.18337745478493161 12.337594034710493 3.2448754569923031 1.1248943531609255 43.771068755708257 18.819114268539124 27.578396511875575 1.693954752801804 29.643382274523901 0.41659798978071183 6.4583703624991591 12.765167466553974 11.996615450687385 134.86683721243753 29.466842595968046 198.72850297563855 34.684656268131221 61.902083046228768 43.079903663658683 24.466460059738893 28.094387225712126 317.84531569031572 98.120103560453572 17.169619808264542 161.73725310576265 28.18510103814333
leaf_count=203887 193068 21 86 726312 13 12448 1309 1960 28485 57634 59031 3770 98985 29 4725 616 41339 49274 92560 30072 5215 43701 31010 1671 4466 52357 15230 3732 6336 15886
internal_value=-0.00270201 -0.00620596 -0.153042 -0.00383597 -2.33162 0.0654884 -0.137901 -0.656066 -0.00147588 -0.0402282 0.000123774 -0.11814 -0.14071 -0.533875 -0.0732432 -0.062447 0.00130122 0.00188488 -0.00237602 0.0147879 -0.000489013 -0.00246181 -0.0215622 0.00832565 -0.0112639 -0.00348662 -0.0124196 0.0050125 0.0332162 0.00627476
internal_weight=2421.67 2303.31 36.586 2266.73 0.252508 118.355 36.3335 1.33471 2211.42 31.1567 2154.88 34.9988 31.7539 2.11055 34.0368 56.5362 2120.85 2108.85 1585.33 523.518 1555.87 1521.18 549.042 972.14 487.14 444.06 415.965 947.673 324.789 163.052
internal_count=1785228 1522078 106173 1415905 99 263150 106074 1981 689593 70082 660492 104093 102784 3799 63756 29101 596736 555397 453829 101568 361269 356054 146764 209290 103063 72053 67587 207619 71496 65160
is_linear=0
shrinkage=0.1


Tree=78
num_leaves=31
num_cat=0
split_feature=5 12 5 65 28 18 51 51 6 28 6 8 40 4 47 9 41 8 65 76 16 26 65 48 43 65 36 52 19 65
split_gain=50.7578 53.8021 43.171 40.6672 35.4524 30.8804 24.8306 17.8155 15.5954 15.3533 14.7919 14.4854 32.6665 19.1411 22.5023 20.3434 17.9361 17.92 17.7849 17.1194 28.8279 21.3102 19.9892 32.9612 42.7903 35.1333 26.3146 23.4859 20.7315 19.2949
threshold=11593.500000000002 45.071428298950202 11632.500000000002 29000.000000000004 1437974.5000000002 7169698.5000000009 1.5000000000000002 1.0000000180025095e-35 6.5000000000000009 22424.500000000004 709.50000000000011 163.56696319580081 359.03125000000006 30.500000000000004 1.0000000180025095e-35 145.34040832519534 3.3752183914184575 2322.0000000000005 29517.500000000004 8229407.5000000009 10506904.000000002 570675.40625000012 249.50000000000003 1.0000000180025095e-35 1.0000000180025095e-35 210.50000000000003 48.428852081298835 7.5625000000000009 67.500000000000014 235.50000000000003
decision_type=2 2 2 2 2 2 2 2 2 2 2 2 2 2 2 2 2 2 2 2 2 2 2 2 2 2 2 2 2 2
left_child=1 6 -2 8 9 10 11 -4 -3 -5 -6 13 -13 16 15 -15 18 -14 19 20 21 22 23 24 -1 -25 -27 -26 29 -28
right_child=2 3 7 4 5 -7 -8 -9 -10 -11 -12 12 17 14 -16 -17 -18 -19 -20 -21 -22 -23 -24 25 27 26 28 -29 -30 -31
leaf_value=-0.10054803502218919 0.1030991651566467 -0.013851837529556946 0.052935890427940627 0.11798576148247325 0.097694848663882131 -0.061805024855886084 -0.080395050935420237 -0.10372728048487921 -0.10675613731290019 -0.120852455006892 -0.091609140734887129 0.093080738379953801 -0.097343444667787396 0.017266896799046642 -0.088351165228797574 -0.10232038326587285 0.050609862662281305 0.12248670306504894 -0.10859228239629654 0.06184611989317787 -0.12470855682259854 -0.096757494243845873 0.0071595586641114628 -0.11503302144837009 -0.034881443820103185 -0.068986883098825419 -0.10576041597284754 0.089081352280920109 0.11304655222600445 0.062825699014053424
leaf_weight=84.442595293287013 79.018976526494953 21.958043835518765 12.490233726486624 2.9953942769498125 43.194948393247614 22.822086917512024 38.075807644632732 17.33068575226207 102.00748898632719 26.529093736899995 4.5637734921911024 47.391981038883387 18.18088162682216 73.664271291214391 51.782487649335962 17.629384156723972 73.735902243304736 4.6583202848923966 14.884749190785213 45.297247633425286 18.467055409681052 22.028196259328979 1353.8920836901341 16.461437276568176 47.17648314453254 16.889226519881049 10.280858159560013 22.607654024279327 44.079374303510122 19.987359284172271
leaf_count=21219 193068 1422 12448 3015 8833 56408 28274 57634 881231 69017 4142 5578 14721 27386 64993 14059 10453 827 23847 15403 760 6057 203523 37198 12301 4655 1095 3021 1832 808
internal_value=-0.00229726 -0.00550174 0.0644094 -0.0520168 -0.00460886 0.0338806 -0.000396622 -0.0381103 -0.0903 -0.0966212 0.0796052 0.00112369 0.0457357 -0.000496929 -0.0356938 -0.00582617 0.00231603 -0.0525065 0.000241455 0.00119347 -0.000465271 0.000935598 0.00226743 -0.02302 -0.052664 0.019431 0.0436918 0.00527823 0.0692885 0.00556399
internal_weight=2374.52 2265.68 108.84 224.071 100.105 70.5808 2041.61 29.8209 123.966 29.5245 47.7587 2003.54 70.2312 1933.31 143.076 91.2937 1790.23 22.8392 1716.49 1701.61 1656.31 1637.85 1615.82 261.925 154.227 107.698 91.2368 69.7841 74.3476 30.2682
internal_count=1785228 1522078 263150 1024068 141415 69383 498010 70082 882653 72032 12975 469736 21126 448610 106438 41445 342172 15548 331719 307872 292469 291709 285652 82129 36541 45588 8390 15322 3735 1903
is_linear=0
shrinkage=0.1


Tree=79
num_leaves=31
num_cat=0
split_feature=18 0 28 25 9 66 9 75 65 29 65 4 68 35 68 66 40 20 6 8 72 9 28 76 16 18 23 16 34 65
split_gain=46.3282 39.3722 26.4618 32.4641 23.7174 26.1114 25.7641 22.1041 19.6899 15.6273 15.5955 15.3486 14.6454 14.624 14.2788 14.0531 15.6782 20.7834 15.1886 14.7345 13.8646 13.4363 13.1871 12.7576 13.8491 14.0945 13.5053 34.5978 36.2528 27.5366
threshold=80712021.000000015 11.500000000000002 7398378.0000000009 8584085.5000000019 10.274557590484621 234.50000000000003 7.7942121028900155 10311505.000000002 228.00000000000003 563951.00000000012 29000.000000000004 26.500000000000004 30.000000000000004 246.00000000000003 30.000000000000004 247.50000000000003 43.211111068725593 28498.000000000004 535.50000000000011 2322.0000000000005 507229.00000000006 526.90859985351574 5000475.0000000009 8229407.5000000009 10506904.000000002 13135490.500000002 506261.00000000006 6842.4499511718759 106.00000000000001 1268.0000000000002
decision_type=2 2 2 2 2 2 2 2 2 2 2 2 2 2 2 2 2 2 2 2 2 2 2 2 2 2 2 2 2 2
left_child=1 2 3 4 6 11 9 -4 -8 23 20 -6 -12 -14 -5 16 -7 -18 22 -17 -9 -2 -19 24 26 -26 27 28 29 -1
right_child=21 -3 7 14 5 15 8 10 -10 -11 12 -13 13 -15 -16 19 17 18 -20 -21 -22 -23 -24 -25 25 -27 -28 -29 -30 -31
leaf_value=-0.0066854334064016321 0.090913424671889398 -0.09775980309504044 -0.10172523803168516 -0.08447757528106066 0.16524321953759569 0.089436178873690736 -0.22150848937478107 -0.10400726490470738 0.10224813124850758 -0.084320829537271574 -0.15734277863111068 -0.092923462031482773 0.1018253097410601 -0.12398452571726554 0.12115768886986392 -0.060755699200402281 0.13184337187109071 -0.088004555274529259 0.05696371101056668 0.11538392931103195 0.084209489452163458 -0.10846660188095628 0.06041210487269956 0.065319394294823849 0.055135491682233667 -0.11571027802048604 0.013300075808953777 -0.035536977050928675 0.083355724667004957 0.055373705865096469
leaf_weight=734.69938441221473 62.795700311296969 44.460290299233748 48.201176064158972 3.8133844568110353 2.3853684131462947 21.949098908342407 1.9859992422861967 19.34808526845109 34.697506227064878 21.678678018288338 3.1856188858982959 66.584724628621188 20.84840931642248 3.3254692073169272 29.490310038083408 56.668953788008437 9.0987003027694282 34.138152319064829 14.495581132563528 5.1836465083761132 4.9061351119453311 3.572279758314834 7.2597753995796657 30.404521254764404 6.4445362985570709 19.26033180263039 594.83666306371742 284.22660288057523 54.838052722625434 79.206963621136879
leaf_count=144321 130802 717354 153324 1720 1206 784 13 31706 47487 6505 1748 162653 2667 8493 10095 101667 9147 18634 1016 258 3965 5311 625 20145 227 4062 74707 78507 5912 40167
internal_value=-0.00216605 -0.00458685 -0.0027151 -0.000338721 -0.00190701 -0.0331337 0.00174446 -0.0530294 0.0847204 7.71411e-05 -0.0075531 -0.0839946 0.0442024 0.0707619 0.0976118 -0.00955831 0.0163632 -0.00831498 -0.0311309 -0.0459941 -0.0659348 0.0801817 -0.0619774 0.0010914 -9.7052e-06 -0.0728771 0.00106195 -0.0052519 0.00465645 -0.000646021
internal_weight=2323.99 2257.62 2213.16 2113.35 2080.04 217.764 1862.28 99.8149 36.6835 1825.6 51.6137 68.9701 27.3595 24.1739 33.3037 148.794 86.9413 64.9922 55.8935 61.8526 24.2542 66.368 41.3979 1803.92 1773.51 25.7049 1747.81 1152.97 868.744 813.906
internal_count=1785228 1649115 931761 729858 718043 295990 422053 201903 47500 374553 48579 163859 12908 11160 11815 132131 30206 29422 20275 101925 35671 136113 19259 368048 347903 4289 343614 268907 190400 184488
is_linear=0
shrinkage=0.1


Tree=80
num_leaves=31
num_cat=0
split_feature=5 5 0 5 24 65 51 65 12 66 10 3 3 12 13 72 10 5 26 39 39 6 6 6 3 69 6 35 13 37
split_gain=40.9823 44.1601 37.7551 36.4872 15.6234 14.76 14.4637 13.693 13.6494 12.1176 10.3968 10.1534 21.9936 14.7336 20.4319 55.0991 17.7124 13.6812 25.8449 17.4595 11.6171 15.5011 27.5557 15.2794 14.1678 12.4264 12.895 11.5529 15.0839 16.8928
threshold=11593.500000000002 4195.5000000000009 11.500000000000002 11632.500000000002 248.50000000000003 64245.500000000007 1.5000000000000002 235.50000000000003 155.029411315918 29340.000000000004 469.50000000000006 14.500000000000002 6.5000000000000009 15.683333396911623 27.644988059997562 14978.500000000002 975.50000000000011 3509.0000000000005 1054950.7500000002 2021.5000000000002 1789.5000000000002 389.50000000000006 340.50000000000006 517.50000000000011 5.5000000000000009 7523024.2500000009 611.50000000000011 106.00000000000001 3.4820507764816289 8.8977003097534197
decision_type=2 2 2 2 2 2 2 2 2 2 2 2 2 2 2 2 2 2 2 2 2 2 2 2 2 2 2 2 2 2
left_child=1 2 5 -2 -5 6 9 10 -3 11 -8 12 17 14 -13 -16 -15 19 -19 20 21 22 27 -23 -24 26 -25 28 -1 -30
right_child=3 8 -4 4 -6 -7 7 -9 -10 -11 -12 13 -14 16 15 -17 -18 18 -20 -21 -22 23 24 25 -26 -27 -28 -29 29 -31
leaf_value=0.0010935510909279673 0.10296518675784622 0.061740266912705566 -0.097587302031206538 -0.070197506160486173 0.12934502975867124 -0.11042558572666655 -0.04576593084711697 -0.099699792446069191 -0.13383344371418052 -0.101031148981993 0.097730289314635094 0.12737475834729226 -0.085289788600692862 -0.1009464067342245 4.1099736089902184 -0.10055187026270734 0.10579264822876165 -0.12991568433711129 0.14281057168389644 -0.11316091502558184 0.15494343977739239 -0.10991873267255202 0.12486359330653635 0.08344991302608204 -0.49461442980882703 1.3383389757954074 -0.059399916670401169 -0.075793300154949117 -0.052772171423454244 0.10286507339996452
leaf_weight=1806.5521448539139 66.124988015828421 3.9984305798570849 41.301263962533994 22.236912741031123 4.7644734809582578 12.265058759502152 14.082151131475259 28.12467676655433 33.191902894671784 11.59770827979264 7.8715150016942053 12.639282799791545 29.362344305754959 8.6824243777955434 0.047465550014749947 0.09002700618293602 7.9282868518057503 4.4427495101626873 15.947419708296364 13.294288746052187 4.942730446913628 24.483030110168329 21.587616755074126 10.321694101723557 0.37561529116646752 0.069142362975980087 16.295980194168806 19.089816125728248 9.2234107677068078 28.594248877561768
leaf_count=375765 193068 1496 726297 68580 1502 33448 16852 11673 118039 45365 368 3345 69338 15365 3 45 10470 11995 1994 14666 1340 25509 3122 3103 757 3 10433 13573 4955 2759
internal_value=-0.0020021 -0.00476934 -0.00289984 0.0629667 -0.0349876 -0.00104459 -0.000404417 -0.0535006 -0.112807 0.000895451 0.00568482 0.00147664 0.00062117 0.0598299 0.140564 1.35302 -0.00226993 0.00189827 0.0833871 0.00104828 0.00183031 0.00143952 0.00291341 -0.0528679 0.114269 -0.000528331 -0.00400619 0.00160094 0.002402 0.0649065
internal_weight=2279.53 2186.4 2149.21 93.1264 27.0014 2107.91 2095.65 50.0783 37.1903 2045.57 21.9537 2033.97 2004.58 29.3875 12.7768 0.137493 16.6107 1975.22 20.3902 1954.83 1941.54 1936.59 1885.42 51.1698 21.9632 26.6868 26.6177 1863.46 1844.37 37.8177
internal_count=1785228 1522078 1402543 263150 70082 676246 642798 28893 119535 613905 17220 568540 539312 29228 3393 48 25835 469974 13989 455985 441319 439979 400931 39048 3879 13539 13536 397052 383479 7714
is_linear=0
shrinkage=0.1


Tree=81
num_leaves=31
num_cat=0
split_feature=18 0 28 25 28 9 66 9 65 65 4 29 68 3 24 72 17 52 24 19 24 76 22 34 73 14 65 19 65 65
split_gain=37.4131 32.372 21.1847 26.1001 19.4009 18.9401 22.5895 21.1448 16.5822 15.7547 13.2905 13.214 12.5898 13.1975 12.1826 12.1814 12.3415 24.682 25.4661 22.2651 20.8682 23.9558 20.5995 29.8491 19.8913 19.3428 18.9869 13.2346 27.184 50.9416
threshold=80712021.000000015 11.500000000000002 7398378.0000000009 8584085.5000000019 10273106.000000002 10.274557590484621 234.50000000000003 7.7942121028900155 228.00000000000003 29000.000000000004 26.500000000000004 563951.00000000012 30.000000000000004 9.5000000000000018 3496.5000000000005 7015703.5000000009 279143.01562500006 7.0625000000000009 39090.000000000007 85.500000000000014 1010578.5000000001 8015906.5000000009 13410.280273437502 106.00000000000001 5064594.0000000009 17.155943830000002 255.50000000000003 5001.0000000000009 410.50000000000006 404.50000000000006
decision_type=2 2 2 2 2 2 2 2 2 2 2 2 2 2 2 2 2 2 2 2 2 2 2 2 2 2 2 2 2 2
left_child=1 2 3 5 -4 7 10 11 -9 -6 -7 15 -11 -14 -5 16 22 19 26 -18 21 -21 23 24 27 -24 -19 -1 29 -29
right_child=-2 -3 4 14 9 6 -8 8 -10 12 -12 -13 13 -15 -16 -17 17 18 -20 20 -22 -23 25 -25 -26 -27 -28 28 -30 -31
leaf_value=-0.0013265932084586274 0.077537750099201191 -0.097273089264749424 -0.10487253673442179 0.11109785774535906 -0.067709239751024566 0.15978610450143294 -0.0083626796939603315 -0.1975410172693485 0.099373724022419674 -0.14537431524309988 -0.09033876396335333 -0.080620396609820719 0.10026893004918369 -0.11415348076248849 -0.149292388612278 -0.10586919707971412 -0.071799824045335844 -0.11901147042418143 -0.15944837140687368 0.040516646146356486 -0.10807048837340671 -0.011310485574473748 -0.14489376930645279 0.072535491800323468 0.10934267965675544 -0.021396994134046415 0.096732862950340448 -0.033088510349576793 -0.098509893615199837 0.16022672326613427
leaf_weight=1006.4829656444815 57.78795327397529 36.57218096741417 37.536680653982103 27.092139769215468 24.504227266881571 2.2032480352208941 135.98900712754835 2.0037544601073014 30.690938628613367 3.1022899585766508 59.333487420092297 20.088054050007486 19.782133883360078 3.3576684591098447 1.9243844529564729 10.614410875306929 34.086193458017078 4.3506839915498849 4.6083856274344717 198.58466817651788 13.798078015432109 161.89330773007532 18.910036829838646 53.12089089123765 15.259288192843085 38.51124801547121 65.374110524389835 99.656628906326631 44.678962884674576 15.791387367178684
leaf_count=198172 136113 717354 145797 11413 37951 1206 132131 13 47487 2783 162653 6505 3201 12171 402 246 27777 1422 261 14079 2080 1713 3038 5965 1743 4229 46457 37939 22753 174
internal_value=-0.00188357 -0.00397937 -0.00239486 -0.000344038 -0.0503662 -0.00168614 -0.0311114 0.00147525 0.0811768 -0.0100483 -0.0813833 3.22362e-05 0.0437942 0.0691555 0.0938287 0.000939519 0.00157819 0.015222 0.0682232 0.00557433 0.012621 0.0172407 -0.00351756 -0.000795277 -0.00409124 -0.0620671 0.0832709 -0.00557496 -0.0322782 -0.00664617
internal_weight=2247.69 2189.9 2153.33 2065.05 88.283 2036.03 197.526 1838.5 32.6947 50.7463 61.5367 1805.81 26.2421 23.1398 29.0165 1785.72 1775.11 482.695 74.3332 408.362 374.276 360.478 1292.41 1234.99 1181.87 57.4213 69.7248 1166.61 160.127 115.448
internal_count=1785228 1649115 931761 729858 201903 718043 295990 422053 47500 56106 163859 374553 18155 15372 11815 368048 367802 93789 48140 45649 17872 15792 274013 266746 260781 7267 47879 259038 60866 38113
is_linear=0
shrinkage=0.1


Tree=82
num_leaves=31
num_cat=0
split_feature=13 12 14 20 6 6 51 8 20 6 17 8 40 35 13 39 9 48 21 41 67 10 9 65 65 65 65 8 37 19
split_gain=33.1317 51.0767 22.8317 25.0918 18.2148 36.3291 17.0653 12.9759 12.0974 134.599 15.84 11.7541 26.7853 14.3745 14.4483 15.6754 27.0239 13.7892 12.824 11.5689 11.5296 14.9153 11.3021 14.7822 12.576 22.3713 37.2103 24.9477 29.6438 23.37
threshold=882.29016113281261 45.071428298950202 549.74966210000014 28498.000000000004 580.50000000000011 640.50000000000011 1.5000000000000002 147.02381134033206 20300637.000000004 580.50000000000011 517670.18750000006 163.56696319580081 359.03125000000006 106.00000000000001 7.2883107662200937 30.500000000000004 95.497531890869155 1.0000000180025095e-35 98845.500000000015 151.9515075683594 2.5000000000000004 360.50000000000006 7.7942121028900155 228.00000000000003 249.50000000000003 260.50000000000006 269.50000000000006 4.024752378463746 20654.105468750004 2626.0000000000005
decision_type=2 2 2 2 2 2 2 2 2 2 2 2 2 2 2 2 2 2 2 2 2 2 2 2 2 2 2 2 2 2
left_child=1 6 -2 -4 20 -6 11 -5 -9 -10 -11 13 -13 14 15 22 -17 19 -16 -18 21 -3 24 -24 -1 29 -27 -28 -29 -26
right_child=2 4 3 7 5 -7 -8 8 9 10 -12 12 -14 -15 18 16 17 -19 -20 -21 -22 -23 23 -25 25 26 27 28 -30 -31
leaf_value=-0.019259709239670336 0.09928179696059318 -0.098983612200045007 0.094160764205561506 -0.067505576677766674 0.094157444613603494 -0.08930911294470624 -0.07254647829129883 0.08193715126496659 14.781341039954865 1.9862990528108808 -0.10057264548862764 0.087232833210035221 -0.054370811944546231 -0.062000458073872944 0.097287599308540709 -0.10403039907901333 0.055691008685576596 0.59466599783663243 -0.086159322816086681 -0.097220484758384407 -0.12538227790574005 -0.003087629663993769 -0.17666371811947404 0.10575947720797517 0.035877036992422999 -0.11131977812303528 0.0035389264568432169 -0.12091640256004932 0.075868640476026442 -0.042146486707784321
leaf_weight=268.10145377781396 52.798034932937298 37.43742054471295 20.792237964851665 30.405669256120746 19.702411403331098 23.867694877069198 32.061845098083722 3.9423134246171676 0.0067257314949528127 0.047810278832912445 0.15202574280556291 43.363478291023057 19.305151017179014 37.149412754024524 25.413642843443089 37.268501551109694 20.173149584115897 0.42147013165231229 4.4828857268112179 6.5556950719546867 40.159461811849724 28.61733586858827 2.0681707350595415 17.835599608137272 309.22140528296495 30.70190158431069 1006.8998927980377 32.544961479209825 10.009455265646386 43.830542281051748
leaf_count=90094 144836 663078 52922 46415 13374 92929 28274 4686 9 1 521 5592 15549 24655 2265 62389 5375 25 6767 4381 239634 28789 44 2793 51934 2669 130090 39212 8318 17608
internal_value=-0.00173807 -0.00452142 0.0522379 0.00736039 -0.0607928 -0.0063455 -0.000193328 -0.0448693 0.121024 0.867011 0.398706 0.00101782 0.0436117 -0.000422954 0.000837047 -0.000317258 -0.0487483 0.0271359 0.0697803 0.0181869 -0.0831276 -0.057438 0.00149534 0.0764133 0.000618869 0.00433743 -0.00280534 0.000369267 -0.0746295 0.0261906
internal_weight=2205.34 2097.19 108.145 55.3468 149.784 43.5701 1947.41 34.5545 4.14888 0.206562 0.199836 1915.35 62.6686 1852.68 1815.53 1785.63 64.4188 27.1503 29.8965 26.7288 106.214 66.0548 1721.21 19.9038 1701.31 1433.21 1080.16 1049.45 42.5544 353.052
internal_count=1785228 1535838 249390 104554 1037804 106303 498034 51632 5217 531 522 469760 21141 448619 423964 414932 72170 9781 9032 9756 931501 691867 342762 2837 339925 249831 180289 177620 47530 69542
is_linear=0
shrinkage=0.1


Tree=83
num_leaves=31
num_cat=0
split_feature=13 0 70 12 65 8 17 27 74 22 15 18 68 14 2 48 1 75 3 65 37 37 67 1 66 36 66 23 46 19
split_gain=30.5855 27.3586 19.324 25.4164 16.8062 16.6831 16.2111 176.995 693.916 24.416 414.188 14.3777 12.3449 44.8474 33.0632 26.8238 28.6039 24.6514 27.1928 23.3433 22.8931 27.071 22.7965 19.9969 26.0293 47.3602 44.7453 23.8227 21.3879 19.948
threshold=2118.589477539063 11.500000000000002 16.925988197326664 30.575187683105472 64245.500000000007 35.67424392700196 2565692.2500000005 3552670.8750000005 12825.734375000002 3764136.0000000005 1.3104193425883852 80712021.000000015 30.000000000000004 1.0000000180025095e-35 5.5000000000000009 1.0000000180025095e-35 49.500000000000007 5101397.0000000009 1.0000000180025095e-35 210.50000000000003 234.24199676513675 5.1475954055786142 3.5000000000000004 5055342.5000000009 227.50000000000003 10118.072265625002 237.50000000000003 1017059.0000000001 1.0000000180025095e-35 14810.000000000002
decision_type=2 2 2 2 2 2 2 2 2 2 2 2 2 2 2 2 2 2 2 2 2 2 2 2 2 2 2 2 2 2
left_child=1 2 4 5 11 -4 7 9 -9 -5 -11 12 13 -1 15 17 -17 23 -19 -14 21 22 -21 24 25 27 -26 29 -28 -15
right_child=-2 -3 3 6 -6 -7 -8 8 -10 10 -12 -13 19 14 -16 16 -18 18 -20 20 -22 -23 -24 -25 26 -27 28 -29 -30 -31
leaf_value=-0.10885336811273183 0.090096545503171269 -0.096781565914429296 -0.071896784806721167 -0.22643959247781831 -0.10913072975087967 0.10127917850675622 -0.10691073456125118 -29.664860143305624 -0.079466060641872227 -44.391269157588361 -0.10001796433790072 0.066905296896832112 -0.11437374162631267 0.0060453050747256917 -0.07489455408677434 0.038341529329459112 -0.091532822383217666 0.13282585105915107 -0.094989023566410438 0.0028330498769906474 0.043583140461714624 -0.06469885798948867 0.087739804649330871 -0.11672133774628196 0.10096030010137205 -0.10041466054302127 -0.11439744867314082 0.091744702261414346 0.03249079986319299 -0.085045034818259035
leaf_weight=43.924993401200368 35.471513667755062 31.004486714737141 11.699784631506192 2.8966554726903304 14.200217703196129 10.605462617706506 20.771434603016132 0.010103039432578842 0.036820906434513745 0.0022499371698357909 0.034279690891708015 31.655838422477245 16.056441334334295 360.5745176882337 62.041774529616987 24.161282470644124 56.882034183055765 28.14145336447109 6.4381798711183356 947.25389391116494 149.61519071815746 57.903697343581371 32.713696981658927 13.512715763175946 66.815180675403099 45.82286641158862 17.798375517098123 30.519906986639398 22.373675053451734 25.758571441190725
leaf_count=33700 140077 726530 7356 11408 56955 3812 138308 27 285 8 310 49420 33724 51996 110665 13807 45086 21515 5409 97899 47565 54281 13201 22726 14717 31438 13194 17579 9279 12951
internal_value=-0.00199792 -0.00353071 -0.0021541 -0.0662141 -0.000717796 0.0104431 -0.138203 -0.356314 -6.4494 -0.258839 -2.82801 3.6868e-05 -0.00101714 -0.0106051 -0.004933 0.00127843 -0.0528136 0.00837477 0.0904103 0.00539397 0.00701339 0.00174165 0.00566744 0.00351044 0.0063624 -0.00391657 0.0508148 0.00669105 -0.0325886 -2.80992e-05
internal_weight=2166.7 2131.23 2100.22 46.0568 2054.16 22.3052 23.7515 2.98011 0.0469239 2.93319 0.0365296 2039.96 2008.31 804.766 760.841 698.799 81.0433 617.755 34.5796 1203.54 1187.49 1037.87 979.968 583.176 569.663 462.676 106.987 416.853 40.1721 386.333
internal_count=1785228 1645151 918621 161514 757107 11168 150346 12038 312 11726 318 700152 650732 404062 370362 259697 58893 200804 26924 246670 212946 165381 111100 173880 151154 113964 37190 82526 22473 64947
is_linear=0
shrinkage=0.1


Tree=84
num_leaves=31
num_cat=0
split_feature=12 5 11 5 5 67 20 34 65 20 19 23 65 3 20 66 29 65 66 67 38 65 24 19 6 20 65 43 19 20
split_gain=26.8381 33.6132 30.0031 16.212 14.4124 14.3058 12.7867 12.636 11.1535 10.9207 33.7491 32.3895 29.3647 23.2265 29.5329 25.8278 22.5517 20.0202 19.5789 18.3627 16.7181 35.8391 16.393 25.1997 17.8543 15.9065 15.8673 51.6016 15.0878 14.9528
threshold=1270.8191528320315 4262.5000000000009 23.500000000000004 14244.500000000002 9807.5000000000018 76.500000000000014 1066.5000000000002 854.00000000000011 64245.500000000007 498.50000000000006 324.50000000000006 1057.5000000000002 228.00000000000003 1.5000000000000002 46.500000000000007 1187.5000000000002 195.50000000000003 235.50000000000003 1029.5000000000002 1.5000000000000002 4.0000000000000009 256.50000000000006 36413.000000000007 2997970.0000000005 516.50000000000011 907.50000000000011 254.50000000000003 1.0000000180025095e-35 3.5000000000000004 208.50000000000003
decision_type=2 2 2 2 2 2 2 2 2 2 2 2 2 2 2 2 2 2 2 2 2 2 2 2 2 2 2 2 2 2
left_child=1 2 8 4 6 -5 -2 -3 9 10 12 25 16 14 15 18 -1 -15 -14 29 28 22 26 -24 -25 -11 27 -22 -13 -16
right_child=3 7 -4 5 -6 -7 -8 -9 -10 11 -12 20 13 17 19 -17 -18 -19 -20 -21 21 -23 23 24 -26 -27 -28 -29 -30 -31
leaf_value=-0.10143072997513247 0.10083814811978549 -0.13483278005440083 -0.094962262606520811 -0.1235690792502004 0.10067350042508101 0.11847587819997732 -0.12934830652181087 -0.0036760253538416368 -0.10895587804257566 0.017180965349257501 -0.076024239370620972 -0.040591398779194286 0.037524879776626906 0.036762925978370005 -0.032651703796582325 -0.11911657528869329 0.073359069549100653 -0.10127526189486025 0.22251090426481418 -0.20326012649641487 -0.12669997212836712 -0.10752090712058256 -0.10227590463788015 0.11155651371466627 -0.14323625292855691 0.08437799856377147 0.092048463105741607 0.1252963753843491 -0.00072713129311088908 0.021837351848028971
leaf_weight=45.089712356548489 4.1998724620168684 26.588393906595229 34.187438261757279 8.0538599048268207 50.535925317866472 3.5043455754166635 5.6727628173393896 10.14973919413819 9.4332083701278844 71.007491809665225 70.429237090043898 105.69874737276768 231.02979438936291 15.000800836511173 125.5694628628612 10.37156614550622 8.8265148757527623 35.070906171086122 5.8667981975313515 5.0773396710283114 15.172716484863484 16.905792672299867 16.582299110599706 15.582306456402877 3.3396718613803378 69.908380303255399 73.340891295982146 17.496369777596556 932.9468086294346 84.086900118585618
leaf_count=64581 858 134443 741445 28059 193354 4034 430 19173 33555 7884 35813 92537 52792 14587 21494 21706 2555 14611 443 5121 11464 20247 6958 1014 51 6547 40224 204 197457 11587
internal_value=-0.00170192 -0.00380427 -0.00207855 0.0583234 0.0790844 -0.0501832 -0.0314257 -0.0985978 -0.000477883 4.03982e-05 -0.0107431 0.00516964 -0.00261983 0.00477115 0.0117825 0.0353437 -0.0728163 -0.0599209 0.0421061 -0.0153485 -0.000168595 0.030091 0.0465306 -0.0122809 0.0665864 0.0505174 0.0662274 0.00826007 -0.00478396 -0.0107978
internal_weight=2126.73 2054.76 2018.02 71.9668 60.4086 11.5582 9.87264 36.7381 1983.83 1974.4 636.419 1337.98 565.99 512.074 462.002 247.268 53.9162 50.0717 236.897 214.734 1197.07 158.42 141.514 35.5043 18.922 140.916 106.01 32.6691 1038.65 209.656
internal_count=1785228 1558493 1404877 226735 194642 32093 1288 153616 663432 629877 245290 384587 209477 142341 113143 74941 67136 29198 53235 38202 370156 80162 59915 8023 1065 14431 51892 11668 289994 33081
is_linear=0
shrinkage=0.1


Tree=85
num_leaves=31
num_cat=0
split_feature=13 0 65 18 5 27 5 5 12 9 66 28 22 68 76 16 30 65 65 28 76 24 19 24 76 1 2 37 27 10
split_gain=24.4404 22.5383 15.2148 13.3326 17.0754 20.0558 14.7028 11.2273 75.6899 10.1959 9.66229 9.55085 8.97516 10.2892 9.93135 12.9108 12.1882 10.6629 9.28557 20.2313 19.5656 17.3032 16.3435 29.7997 15.0009 21.7895 14.1029 17.8555 15.9281 14.5562
threshold=2118.589477539063 11.500000000000002 64245.500000000007 80712021.000000015 4195.5000000000009 1010434.3437500001 9807.5000000000018 9053.0000000000018 1849.5039062500002 526.90859985351574 29340.000000000004 2195964.0000000005 17600875.000000004 38.000000000000007 10500032.500000002 10506904.000000002 1.0000000180025095e-35 228.00000000000003 16385.000000000004 565276.50000000012 8015906.5000000009 1010578.5000000001 96.500000000000014 1215.5000000000002 6017062.5000000009 5937265.5000000009 4.5000000000000009 0.1740372106432915 8620.1049804687518 127.50000000000001
decision_type=2 2 2 2 2 2 2 2 2 2 2 2 2 2 2 2 2 2 2 2 2 2 2 2 2 2 2 2 2 2
left_child=1 2 3 4 10 6 7 11 -9 -5 12 -6 14 -14 15 18 17 -17 19 24 21 22 23 -20 25 26 28 -28 -1 -29
right_child=-2 -3 -4 9 5 -7 -8 8 -10 -11 -12 -13 13 -15 -16 16 -18 -19 20 -21 -22 -23 -24 -25 -26 -27 27 29 -30 -31
leaf_value=-0.0061219333805295649 0.088159750487345132 -0.096102457906778738 -0.11091354912962828 0.082899879807043136 -0.12498316300109553 -0.13696705054852701 0.054791137894148682 -0.100122048313788 -8.960823272906671 -0.10914535134274844 -0.10077971313899446 0.10139715146809447 -0.082774614769168586 -0.76293502176735928 0.060787310919193364 -0.82357958956130028 0.039188292520658224 -0.11560933381369086 0.026211287061162016 -0.079320150209886586 -0.014296684269551441 -0.23307392641182703 0.054029487451489902 -0.10008163248933233 0.077936455122531292 -0.095548538545612544 0.076519315464504759 -0.094387651340847728 0.053932507294099423 0.046532838827819965
leaf_weight=1205.9675437841236 29.907988401711918 25.618972300322639 12.680681124750206 28.01861050826847 9.7943776566303224 20.133417210675141 16.492079630079388 0.076283400732791828 0.011035149917006493 3.0671475197013924 9.5762137166002486 2.3015945828083213 8.6862862332582118 0.22825712872872905 26.837827452007332 0.215780953352806 6.35232398482185 15.084139451078954 119.42218215656476 34.431533546632636 169.28900860642898 2.5081732944963724 147.36125313881348 22.14840343326432 23.245791440829635 25.013851664796675 49.271986100873619 14.272774923527324 45.84340062920819 15.068572520518499
leaf_count=273880 140077 726530 57907 44218 37697 112515 25610 552 1 5306 46592 804 12813 4 11163 4 1839 1238 58750 62555 25906 1414 19381 16231 15929 9880 13526 23861 9585 29460
internal_value=-0.00158916 -0.0028928 -0.00171844 -0.00103321 -0.00204851 -0.060466 -0.0067535 -0.0900642 -1.21992 0.0639513 -0.000579403 -0.081908 -8.25542e-05 -0.10019 0.00038168 -0.000473587 -0.0772503 -0.125594 0.000413567 -0.00360593 0.0127419 0.0284478 0.030718 0.00645304 -0.00171503 -0.00308105 -0.00134253 0.0397422 -0.00392264 -0.0220164
internal_weight=2088.93 2059.02 2033.4 2020.72 1989.63 48.8088 28.6754 12.1833 0.0873186 31.0858 1940.83 12.096 1931.25 8.91454 1922.33 1895.5 21.6522 15.2999 1873.84 1413.12 460.729 291.44 288.932 141.571 1378.68 1355.44 1330.42 78.6133 1251.81 29.3413
internal_count=1785228 1645151 918621 860714 811190 177179 64664 39054 553 49524 634011 38501 587419 12817 574602 563439 3081 1242 560358 438676 121682 95776 94362 74981 376121 360192 350312 66847 283465 53321
is_linear=0
shrinkage=0.1


Tree=86
num_leaves=31
num_cat=0
split_feature=12 5 11 5 21 23 5 51 20 3 3 5 28 39 39 6 6 14 1 66 66 4 6 20 3 1 65 68 65 66
split_gain=21.8833 26.1249 24.596 14.5 11.6315 13.8376 11.3263 10.0044 9.54671 9.11114 16.9429 13.3965 16.9895 14.0871 13.5213 13.1377 21.8521 15.1959 19.9577 14.2945 58.2552 13.3725 11.834 10.0894 10.0786 9.82368 37.9359 24.66 16.3291 16.9846
threshold=1270.8191528320315 4262.5000000000009 23.500000000000004 11632.500000000002 568773.15625000012 1184155.0000000002 9807.5000000000018 1.0000000180025095e-35 1066.5000000000002 14.500000000000002 6.5000000000000009 3509.0000000000005 3267879.0000000005 2021.5000000000002 1789.5000000000002 389.50000000000006 340.50000000000006 146368.92990731701 45.500000000000007 1244.5000000000002 1311.5000000000002 18.500000000000004 517.50000000000011 111014036.50000001 5.5000000000000009 83.500000000000014 235.50000000000003 30.000000000000004 332.50000000000006 1148.0000000000002
decision_type=2 2 2 2 2 2 2 2 2 2 2 2 2 2 2 2 2 2 2 2 2 2 2 2 2 2 2 2 2 2
left_child=1 2 9 6 5 -3 8 -5 -2 10 11 13 -13 14 15 16 17 25 21 -20 -21 -19 -17 -11 -18 26 -1 -28 -29 -30
right_child=3 4 -4 7 -6 -7 -8 -9 -10 23 -12 12 -14 -15 -16 22 24 18 19 20 -22 -23 -24 -25 -26 -27 27 28 29 -31
leaf_value=-0.099570390825769017 0.097957147464838912 -0.111320092287559 -0.093848134119218871 0.078325400560082248 -0.15555022004607985 0.071394472563574798 0.10267368735624947 -0.10846226802638304 -0.10751771891425616 0.083567197607350596 -0.080400337159776986 -0.11405982987267667 0.14028724468311163 -0.11273157421915317 0.14090234862564852 -0.10884355669565873 0.11881894297495593 0.01976447918413398 -0.069218529914574542 -6.5219558556930117 -0.30056421721296733 -0.12350880352381816 -0.0076450237638698076 -0.090137137456452077 -0.37460061140833556 -0.00043433719541966745 -0.094222251501114518 0.085801027789217901 -0.032126220746496181 0.1375240599117816
leaf_weight=20.497084668131478 3.9465751381722765 9.9949408637017871 28.59481714143044 4.5111194453966146 15.326458019794599 7.0817047516839002 41.390914873161961 7.8697102742899006 5.2948916471541452 22.563165179883075 26.653290644286244 3.278675787056275 13.196389125485437 11.19666105154465 6.7639430887647896 20.980603085841722 18.422012833720149 56.504344183066088 53.977339484292187 0.015174818843660343 1.841678527659077 7.3634944478726529 25.722090056544403 3.925614252621016 0.42348626854436489 1517.8883616656622 11.252844610838975 80.126758531958316 27.66516683216976 7.5014335044761529
leaf_count=20428 858 41900 741445 1670 104358 7358 193053 30724 430 13362 82553 13121 2064 15981 1724 31837 4298 22335 40957 11 4814 10655 24412 18044 1010 320004 7551 3491 17830 6950
internal_value=-0.00141867 -0.00324791 -0.00178031 0.0566044 -0.0923084 -0.0355482 0.0803252 -0.0404037 -0.0197695 -0.000421694 -0.00122894 -0.000109256 0.08967 -0.000901015 -0.000226721 -0.000742664 0.000613362 -0.000517787 -0.0349319 -0.0786032 -0.351407 0.00324612 -0.0531072 0.0578244 0.107731 0.00195645 0.0266359 0.047078 0.0608691 0.0040621
internal_weight=2061.77 1998.76 1966.35 63.0132 32.4031 17.0766 50.6324 12.3808 9.24147 1937.76 1911.27 1884.62 16.4751 1868.14 1856.95 1850.18 1803.48 1784.63 119.702 55.8342 1.85685 63.8678 46.7027 26.4888 18.8455 1664.93 147.043 126.546 115.293 35.1666
internal_count=1785228 1558493 1404877 226735 153616 49258 194341 32394 1288 663432 632026 549473 15185 534288 518307 516583 460334 455026 78772 45782 4825 32990 56249 31406 5308 376254 56250 35822 28271 24780
is_linear=0
shrinkage=0.1


Tree=87
num_leaves=31
num_cat=0
split_feature=75 0 65 28 28 25 65 39 35 28 21 13 51 22 76 72 6 37 12 5 5 34 37 2 48 37 65 37 14 43
split_gain=19.6843 17.8712 14.6793 10.9221 18.6808 16.7121 13.6675 10.6077 14.0308 14.9029 17.6225 13.1872 11.7612 11.0539 11.2248 15.9082 10.4154 9.40458 9.18786 9.58945 11.8202 13.5021 20.0039 28.4518 8.63924 8.58648 33.4777 27.1922 17.0416 20.0671
threshold=81602776.000000015 11.500000000000002 64245.500000000007 7398378.0000000009 12026852.000000002 8584085.5000000019 29000.000000000004 5091.0000000000009 74.000000000000014 5000475.0000000009 34207.333984375007 7.2883107662200937 1.5000000000000002 11923046.000000002 9706170.5000000019 1912353.0000000002 698.50000000000011 0.67954218387603771 1396.9926757812502 2556.0000000000005 1352.0000000000002 198.00000000000003 0.80098792910575878 7.5000000000000009 1.0000000180025095e-35 846.38308715820324 228.00000000000003 3.9532020092010502 12655.508910000002 1.0000000180025095e-35
decision_type=2 2 2 2 2 2 2 2 2 2 2 2 2 2 2 2 2 2 2 2 2 2 2 2 2 2 2 2 2 2
left_child=1 2 3 5 -5 7 16 8 11 18 -11 12 13 14 25 -16 -6 -12 19 20 -10 -22 23 -23 -2 27 -27 28 29 -1
right_child=24 -3 -4 4 6 -7 -8 -9 9 10 17 -13 -14 -15 15 -17 -18 -19 -20 -21 21 22 -24 -25 -26 26 -28 -29 -30 -31
leaf_value=0.0010760386302343815 0.080940613149337468 -0.095165730434359996 -0.11244210994433512 -0.10196958375876986 -0.10316812003676945 0.083495242755793883 0.066123595335397634 0.077174370718284535 -0.065576475623467398 0.18632975617662281 0.083433361013590945 0.066265818815079494 -0.095784782980234046 -0.1069124145101603 0.080226469915674337 1.0432334027248362 0.066236688625410878 -0.10555472830321902 0.047229288604016421 -0.11949155971378378 -0.025745624941817404 2.7989100232566821 0.14106699121785676 -0.10037018829003873 -0.11167269475596586 -0.091787903940906329 0.027781523527323729 -0.056541025161625784 -0.067775702707026139 0.10678002678891929
leaf_weight=1267.3919749115412 36.858940246715065 20.665004005244555 11.894895493142483 28.517703840692477 13.035471648611294 23.877590252605387 18.597316473784829 17.332434266350901 50.581736213896875 6.1326394124262178 4.550336947104368 30.226414684120755 12.820792691903987 9.5533604633965279 12.988632307111398 0.17383414134383279 5.0296697188296084 6.2494608553315629 8.6973205376307288 20.976053009719408 11.26918118512185 0.068899646110366031 4.4873432287386095 0.066532549975818256 2.4856813555088584 25.864624161024324 247.35823477155049 88.588244988663064 35.381693300965708 18.21794430159207
leaf_count=168348 131846 717555 56286 153502 24869 11502 11453 60553 51397 3798 441 9159 9448 1060 8618 7 9462 4035 22656 90615 7518 12 1184 332 2665 48943 73775 61357 41345 1487
internal_value=-0.00127493 -0.0026525 -0.00168692 -0.00101751 -0.0412689 0.000361256 0.00594682 -0.00069519 -0.00142018 -0.0355585 0.0509485 0.00078754 -0.000364255 0.000353044 0.00095727 0.0929447 -0.0560027 -0.0259274 -0.0507932 -0.060542 -0.0419402 0.0332904 0.177206 1.37461 0.0687719 0.000237767 0.0164625 -0.00290712 0.000689676 0.00257393
internal_weight=2039.94 2000.6 1979.93 1968.04 65.1802 1902.86 36.6625 1878.98 1861.65 113.08 16.9324 1748.57 1718.34 1705.52 1695.97 13.1625 18.0651 10.7998 96.1471 87.4497 66.4737 15.892 4.62278 0.135432 39.3446 1682.8 273.223 1409.58 1320.99 1285.61
internal_count=1785228 1650717 933162 876876 199286 677590 45784 666088 605535 181988 8274 423547 414388 404940 403880 8625 34331 4476 173714 151058 60443 9046 1528 344 134511 395255 122718 272537 211180 169835
is_linear=0
shrinkage=0.1


Tree=88
num_leaves=31
num_cat=0
split_feature=13 0 65 65 65 65 65 68 37 24 65 22 29 48 65 65 66 16 65 66 14 65 12 19 67 66 65 16 36 18
split_gain=17.4314 16.8407 12.1647 9.67107 42.4509 39.1384 31.9902 26.8717 44.0564 27.1082 22.6186 17.9779 16.9635 16.6301 30.8675 1095.16 428.619 97.3303 54.3326 33.311 40.6832 21.6666 19.3948 16.1858 18.7002 13.9195 13.4057 17.715 32.455 23.0225
threshold=2118.589477539063 11.500000000000002 64245.500000000007 300.50000000000006 404.50000000000006 410.50000000000006 294.50000000000006 22.000000000000004 10.420085906982424 1010578.5000000001 285.50000000000006 1091239.9375000002 16014860.000000002 1.0000000180025095e-35 1268.0000000000002 1214.5000000000002 1120.5000000000002 69.708332061767592 1120.5000000000002 255.50000000000003 300053.59056806006 1540.5000000000002 45.071428298950202 2.5000000000000004 9.5000000000000018 255.50000000000003 1023.5000000000001 4905.1025390625009 8207.9497070312518 191410.00000000003
decision_type=2 2 2 2 2 2 2 2 2 2 2 2 2 2 2 2 2 2 2 2 2 2 2 2 2 2 2 2 2 2
left_child=1 2 3 6 -5 -6 10 8 -7 23 11 -1 -11 22 15 18 17 -17 -15 -20 -21 25 -10 -9 26 -16 -25 28 -28 -29
right_child=-2 -3 -4 4 5 7 -8 9 13 12 -12 -13 -14 14 21 16 -18 -19 19 20 -22 -23 -24 24 -26 -27 27 29 -30 -31
leaf_value=0.0014112531279664045 0.083763692534339323 -0.094860200847074166 -0.10953385283809008 -0.089972474152470505 0.13336207556150423 -0.10645097363697205 0.12269810747031223 -0.068963335582635649 0.063788878924023337 -0.12274124074721476 -0.11728503546364544 0.052119600227733424 0.10191962429523867 -0.078601932675096353 -0.10308437319415276 -7.4420380792353775 -2.461861299519136 -12.52906318522813 -0.10057673364464675 0.26333474280088154 1.8870298659697262 -0.10029270659836778 -0.08711887373195365 -0.083006327638781352 0.12692997729337827 0.32998706110770354 0.11163379963606804 -0.11316641318314667 -0.0073119509574942967 0.0047237707933249929
leaf_weight=797.00756762049195 23.85151160544774 19.437682980453246 10.334273228812433 58.630392071327606 20.7882576447264 64.439558621655038 23.203132456731737 28.7376765877558 43.544720532374356 25.472528443657215 15.174470061177997 76.639844769628553 3.8718009626609264 4.6220491588514383 1.0147719299129661 0.079571182664949336 0.16404041719215456 0.071325263968901709 0.30374149918497995 0.27471492672339082 0.35209410474635661 5.2584812261629565 10.587158770518725 16.75942874017403 12.884128222438447 2.762763704326062 43.220179845531604 17.003682959231924 48.886338489916014 642.35266494849782
leaf_count=183247 140077 726530 57907 50672 2336 221813 1982 55682 15092 4075 3917 102938 202 6271 256 16 15 25 122 82 38 10366 47391 16490 5805 146 4341 15579 14014 97801
internal_value=-0.00121804 -0.00223462 -0.00132276 -0.000753398 -0.00728671 -0.00240685 0.00678321 -0.00530858 -0.0469856 0.00132025 0.0037572 0.00585959 -0.0930986 0.00852109 -0.085018 -0.263612 -6.00011 -9.84656 0.0617554 0.758911 1.1754 0.0309519 0.0342742 0.00474148 0.00745315 0.21365 0.00544936 0.00742214 0.0485023 0.00168358
internal_weight=2017.73 1993.88 1974.44 1964.11 1052.08 993.452 912.025 972.663 133.475 839.188 888.822 873.647 29.3443 69.0354 14.9036 5.86754 0.314937 0.150896 5.5526 0.930551 0.626809 9.03602 54.1319 809.844 781.106 3.77754 768.222 751.463 92.1065 659.356
internal_count=1785228 1645151 918621 860714 568630 517958 292084 515622 301633 213989 290102 286185 4277 79820 17337 6569 56 41 6513 242 120 10768 62483 209712 154030 402 148225 131735 18355 113380
is_linear=0
shrinkage=0.1


Tree=89
num_leaves=31
num_cat=0
split_feature=0 12 5 5 21 23 66 24 66 66 65 37 66 65 65 66 66 41 34 24 66 66 65 52 65 15 14 65 16 19
split_gain=15.8285 15.4279 20.8324 12.1671 10.9946 10.4025 9.82067 31.0151 26.5518 24.2896 23.5382 15.1543 14.7899 15.0682 21.6676 21.0132 14.4981 22.4905 28.3743 23.5419 20.2524 26.1042 17.1344 16.4413 38.24 37.3203 106.508 16.2611 22.894 30.3423
threshold=11.500000000000002 1270.8191528320315 4262.5000000000009 11632.500000000002 568773.15625000012 1184155.0000000002 234.50000000000003 15077.500000000002 1.0000000180025095e-35 237.50000000000003 252.50000000000003 0.081179033964872374 219.50000000000003 255.50000000000003 257.50000000000006 227.50000000000003 245.50000000000003 2.2293385267257695 198.00000000000003 12826.000000000002 288.50000000000006 255.50000000000003 274.50000000000006 8.0833334922790545 258.50000000000006 49281.521959691359 600175.55635000009 1120.5000000000002 99.416667938232436 114.50000000000001
decision_type=2 2 2 2 2 2 2 2 2 2 2 2 2 2 2 2 2 2 2 2 2 2 2 2 2 2 2 2 2 2
left_child=1 2 6 -3 5 -4 8 9 -1 -8 -11 -9 -10 -14 -15 -16 -12 19 -19 20 21 22 -18 -23 25 -25 -27 -26 -29 -30
right_child=-2 3 4 -5 -6 -7 7 11 12 10 16 -13 13 14 15 -17 17 18 -20 -21 -22 23 -24 24 27 26 -28 28 29 -31
leaf_value=0.00061296788293956832 -0.094347900321072667 0.078661169316967344 -0.10365306826716519 -0.038714285426794705 -0.15513981738599156 0.062520240984911588 0.057919468786685718 0.068780259741278035 -0.093981786334713643 -0.049380595781450279 -0.043336241495728456 -0.10676169990243384 -0.094821993664164619 0.1232135282238484 0.059180789646435819 -0.090235986973345381 0.11251689499032698 -0.097734369384214065 0.041167025659982925 1.3899802805843549 0.027261214132645095 0.10701938030996719 -0.085079392894781017 0.57825924160365749 0.044991558360512093 6.6904506801183077 -0.10016961185947526 0.30648142619532986 2.3895504848792828 0.59286164370892358
leaf_weight=1369.2623880326562 17.678728395501821 41.856471902638987 8.4055904870715725 11.193092537374467 12.713096557451056 6.8267065414413546 128.05249936479947 5.9417687098939487 45.092046360906579 61.470203055826971 28.599446272142814 28.537595647467242 19.809653224860085 12.359503519197458 15.986617752743767 22.887378461891785 14.249133538367454 23.977936067068384 38.034663135100345 0.13393660511792305 58.40112995574831 6.285336769734668 6.3415044253633814 0.14738499329541799 2.0681275198439835 0.044177833595313132 0.048404522240161896 5.0754983296210412 0.12027968874463102 0.43011563128675334
leaf_count=236163 726530 193544 41824 32382 104277 7295 16575 2654 117812 56011 5012 54428 5420 132 4860 3496 300 44797 66043 42 47611 5708 8052 74 3477 17 36 549 32 75
internal_value=-0.000146092 0.000697409 -0.000771464 0.0538958 -0.0864817 -0.0291787 0.000493594 0.0142361 -0.00328075 0.0226138 0.00419301 -0.0765109 -0.0491886 -0.0207578 0.00787948 -0.0287895 0.0220949 0.03414 -0.0125409 0.0651518 0.0632482 0.123624 0.0516612 0.227831 0.323539 1.56666 3.14013 0.284768 0.372911 0.985498
internal_weight=1992.03 1974.35 1921.3 53.0496 27.9454 15.2323 1893.36 407.959 1485.4 373.48 245.427 34.4794 116.135 71.0432 51.2335 38.874 183.957 155.358 62.0126 93.345 93.2111 34.81 20.5906 14.2193 7.93399 0.239967 0.0925824 7.69402 5.62589 0.550395
internal_count=1785228 1058698 832772 225926 153396 49119 679376 311493 367883 254411 237836 57082 131720 13908 8488 8356 181825 176813 110840 65973 65931 18320 8352 9968 4260 127 53 4133 656 107
is_linear=0
shrinkage=0.1


Tree=90
num_leaves=31
num_cat=0
split_feature=75 0 65 70 70 66 72 3 13 13 3 35 22 10 27 37 76 67 1 8 16 30 9 26 8 22 66 3 41 19
split_gain=14.296 13.1777 11.9226 9.25308 17.8463 145.118 832.736 15.7485 8.79194 14.5616 12.1263 17.5166 13.0846 9.9023 9.35421 12.0233 10.0666 8.48796 10.6959 8.6024 8.10485 10.0664 7.93598 7.80386 8.14888 7.53476 7.23005 7.50102 22.3681 21.7409
threshold=81602776.000000015 11.500000000000002 64245.500000000007 22485.630859375004 20989.254882812504 110.50000000000001 50806.500000000007 6.5000000000000009 882.29016113281261 460.15167236328131 14.500000000000002 94.000000000000014 11923046.000000002 975.50000000000011 8620.1049804687518 2.7419936656951909 10045841.000000002 2.5000000000000004 14177160.000000002 137.02631378173831 10506904.000000002 1.0000000180025095e-35 526.90859985351574 311683.71875000006 2322.0000000000005 12058.291992187502 29340.000000000004 1.5000000000000002 3.0135749578475957 570.50000000000011
decision_type=2 2 2 2 2 2 2 2 2 2 2 2 2 2 2 2 2 2 2 2 2 2 2 2 2 2 2 2 2 2
left_child=1 2 3 4 8 6 -6 -5 9 10 11 12 14 -13 16 -16 20 -10 19 -19 26 -22 -2 24 -12 -17 27 -1 -29 -30
right_child=22 -3 -4 7 5 -7 -8 -9 17 -11 23 13 -14 -15 15 25 -18 18 -20 -21 21 -23 -24 -25 -26 -27 -28 28 29 -31
leaf_value=0.0039044634937351942 0.077558460407980645 -0.093572964496287811 -0.11117468318177837 0.067444658525841319 -0.10036283055660694 -0.10047007850486177 49.876060392893578 -0.10860891637779131 0.074394285162040052 -0.078235390202993874 -0.079987610023566968 -0.068180979552869544 -0.10768835833136514 0.095249397495528604 -0.10302807294255803 0.01919342742960372 0.079088850370566774 -0.10315549189841461 0.11870169559547357 0.093004786863646605 -0.12719114092321343 0.034748595778812556 -0.10907376083349361 0.1155642030703973 0.10741135905408608 0.099720071434913168 -0.10047109318308756 -0.095681286860703513 0.0075157766011234766 -0.069065060503389564
leaf_weight=1329.0222856914784 31.1412081183189 15.550483095874368 9.7983892555234871 6.9986279168925334 0.019979372356828118 0.16048241307544231 0.0040019104999373658 18.543960643148637 30.373166450526732 24.074097191257579 5.4735305944504962 51.218176199091658 11.034465038297638 3.9967107373968238 5.0497162113933873 23.247497642929375 16.046409316950303 10.048558127789876 4.5544360102218961 2.8753247799322716 10.80915158278731 5.9523526779230442 2.4582368717237832 14.814645080989065 4.0280000564525835 23.230795398209011 7.1021158696457851 29.846347071644686 234.4992761652793 44.032084526515973
leaf_count=337157 129399 717555 56286 4412 218 1025 36 136879 70801 101549 8159 58117 4970 1320 10471 1598 7560 19932 14351 3472 1208 1878 5112 8935 82 6012 37646 17064 20863 1161
internal_value=-0.000768345 -0.00188704 -0.00114709 -0.000584725 0.000222609 0.983774 8.23952 -0.0603705 0.000126682 -0.000971787 5.05548e-05 -0.000899623 0.000860132 -0.0563511 0.00155295 0.0435203 0.00026369 0.0424452 -0.0130748 -0.0595135 -0.000497695 -0.069683 0.0639039 0.0701953 -0.000543246 0.0594423 0.000207473 0.00064416 -0.0134068 -0.00459063
internal_weight=1976 1942.41 1926.85 1917.06 1891.51 0.184464 0.0239813 25.5426 1891.33 1843.48 1819.4 1795.09 1739.87 55.2149 1728.84 51.528 1677.31 47.8515 17.4783 12.9239 1661.26 16.7615 33.5994 24.3162 9.50153 46.4783 1644.5 1637.4 308.378 278.531
internal_count=1785228 1650717 933162 876876 735585 1279 254 141291 734306 625750 524201 507025 447588 59437 442618 18081 424537 108556 37755 23404 416977 3086 134511 17176 8241 7610 413891 376245 39088 22024
is_linear=0
shrinkage=0.1


Tree=91
num_leaves=31
num_cat=0
split_feature=70 70 73 66 23 66 72 40 66 5 3 5 0 5 3 51 39 10 35 28 12 13 16 51 29 29 22 76 43 37
split_gain=86.7937 2009.12 23502 66037.4 103721 4756.71 62098 124883 181766 17.426 15.3823 12.8239 12.4217 10.3425 11.8295 9.98312 9.05243 14.2138 16.9501 8.81768 11.8907 8.65857 18.7308 9.44155 8.31248 14.1447 7.88469 11.0054 9.49058 8.0643
threshold=15495.006347656252 22485.630859375004 58201024.000000007 66.500000000000014 62322331.000000007 110.50000000000001 50806.500000000007 24.672042846679691 31.500000000000004 11593.500000000002 6.5000000000000009 11607.500000000002 11.500000000000002 5687.5000000000009 14.500000000000002 1.0000000180025095e-35 2124.5000000000005 1786.5000000000002 94.000000000000014 5000475.0000000009 701.61248779296886 3.4820507764816289 41676.833984375007 1.5000000000000002 586.50000000000011 7757.5000000000009 11923046.000000002 10045841.000000002 1.0000000180025095e-35 846.38308715820324
decision_type=2 2 2 2 2 2 2 2 2 2 2 2 2 2 2 2 2 2 2 2 2 2 2 2 2 2 2 2 2 2
left_child=9 2 5 4 -4 6 -2 -8 -9 12 -3 -11 13 14 16 -13 17 18 21 -18 -21 23 -23 26 -20 -26 27 29 -28 -1
right_child=1 10 3 -5 -6 -7 7 8 -10 11 -12 15 -14 -15 -16 -17 19 -19 24 20 -22 22 -24 -25 25 -27 28 -29 -30 -31
leaf_value=-0.0029569539110604818 -0.10017964883808034 0.065207881517456462 -1389.9055016793948 -0.10001696526079994 -0.10000639132339342 -0.1002920223558168 -0.10038715904420391 -0.10000435440265856 -1871.1637986409178 0.10508382780978064 -0.10392565358458748 0.067106524124505865 -0.093187439160382593 -0.097408076332647031 0.077833870777488601 -0.096394573703067019 -0.11860384395690644 0.10493082058644265 -0.07697349947124589 -0.10534930947666912 0.16780069531927244 0.091249868416421701 -0.062546520692487839 -0.093742580164023814 0.058416705074538604 -0.097872253857948677 -0.10051748099513234 0.075951768354459659 0.10773551628282454 0.0158053820469507
leaf_weight=1385.0471076567965 0.067258475984892097 7.7626764704127771 0.0010073352004837943 0.0057412813239352545 0.0011500235286803218 0.49074509091224172 0.0038418113254010638 0.0010095835950778569 0.0010689106456993639 26.848958885264356 17.498781765309893 7.8771261256932465 14.670916933249826 11.019158886232388 19.206251717225314 7.1008543038751668 12.532702778746172 12.736358931608263 42.746781348362617 3.319829759622734 3.0651082638541993 27.81883367622504 11.070070643912912 10.733668387551004 14.588736399953406 9.6022017310827419 14.066157178896903 19.375174524793692 2.5914820319740093 274.48167781631628
leaf_count=281000 1027 5437 49 147 20 4383 1 32 38 188931 137758 9193 724926 32162 13433 27289 23272 7539 119549 11802 1467 9072 16689 10665 12069 8938 5373 9279 193 123495
internal_value=-0.00255255 -0.184635 -6.04618 -177.346 -649.042 -3.64686 -27.4305 -337.921 -962.335 -0.000115986 -0.0519521 0.0637272 -0.00152987 -0.000812316 -0.000240971 -0.0104071 -0.00105426 -0.000340838 -0.00108073 -0.0698735 0.0257772 0.00081339 0.0474704 -0.000249989 -0.0504638 -0.00361967 0.000341861 0.00102111 -0.0681189 0.000146287
internal_weight=1956.33 25.8333 0.571823 0.00789864 0.00215736 0.563924 0.0731788 0.00592031 0.00207849 1930.5 25.2615 41.8269 1888.67 1874 1862.98 14.978 1843.78 1824.86 1812.12 18.9176 6.38494 1745.18 38.8889 1706.3 66.9377 24.1909 1695.56 1678.9 16.6576 1659.53
internal_count=1785228 148892 5697 216 69 5481 1098 71 70 1636336 143195 225413 1410923 685997 653835 36482 640402 603861 596322 36541 13269 455766 25761 430005 140556 21007 419340 413774 5566 404495
is_linear=0
shrinkage=0.1


Tree=92
num_leaves=31
num_cat=0
split_feature=0 75 65 66 28 28 25 65 6 41 9 29 18 38 7 14 65 24 51 66 37 65 19 20 23 19 34 65 65 24
split_gain=11.4313 11.7829 10.371 7.76441 7.04194 13.74 11.7071 8.74501 8.55843 6.91301 6.62793 6.5575 7.34368 6.6119 10.8211 7.46854 18.5049 12.3782 11.0669 13.3675 9.54633 29.5218 11.8801 9.52214 34.8073 25.4249 16.4436 14.3401 31.8155 17.1616
threshold=11.500000000000002 81602776.000000015 64245.500000000007 29340.000000000004 7398378.0000000009 12026852.000000002 8584085.5000000019 29000.000000000004 698.50000000000011 411.37707519531256 526.90859985351574 563951.00000000012 5903010.0000000009 498.50000000000006 223.00000000000003 146368.92990731701 1120.5000000000002 704.50000000000011 1.0000000180025095e-35 1455.5000000000002 846.38308715820324 228.00000000000003 30.500000000000004 725.50000000000011 1057.5000000000002 324.50000000000006 66.000000000000014 296.50000000000006 294.50000000000006 248.50000000000003
decision_type=2 2 2 2 2 2 2 2 2 2 2 2 2 2 2 2 2 2 2 2 2 2 2 2 2 2 2 2 2 2
left_child=1 2 3 4 6 -6 11 8 -7 -10 -3 13 -13 14 15 20 17 -17 -18 -20 23 -22 -23 25 -25 27 -27 28 -1 -29
right_child=-2 10 -4 -5 5 7 -8 -9 9 -11 -12 12 -14 -15 -16 16 18 -19 19 -21 21 22 -24 24 -26 26 -28 29 -30 -31
leaf_value=0.0011029338124275128 -0.092561291310892621 0.07675426048380643 -0.10974498751861538 -0.10065886339409386 -0.098281696043884453 -0.097997346169004629 0.076679083278590035 0.059720354891128161 0.15342194233006226 -0.10495853880390787 -0.11056920619218424 -0.085139530065700839 0.11884289124380931 -0.12797536425036299 0.086780730301153436 -0.045143731499697526 -0.064396532405930046 0.6351622927772731 0.10354789361137728 -0.12646997288141973 -0.10145508360675713 -0.016540833254117281 0.050582123004834702 0.064742412821156198 -0.0012030953237269105 -0.074817924256323776 0.12332365970773283 -0.091943171117827724 0.19336727469264348 0.16182707326247395
leaf_weight=216.60034851155081 13.436877785478826 26.732180043210978 8.7244466667709712 7.7028845937591077 21.198258364773981 10.386884012114932 20.19975837080483 15.345405937204443 3.0481018549016889 1.5682609918494561 2.0324418420386783 15.163009560663342 1.9974296835862322 3.9835357167467 14.586593510677629 101.04006172068327 7.223921891768323 0.26816308144043333 21.510118927658066 2.8627966294916396 17.0185183580179 33.083119020300103 129.90733942407149 86.712155583998538 1039.9810481124059 76.824366054802937 4.4298789729364207 26.029654992550807 8.9629412303911504 2.9688203315818091
leaf_count=23528 726530 120424 56286 54578 145233 24721 11311 11360 1198 8213 5112 6862 125 106 1928 54534 15584 149 18569 823 25339 11828 25161 17283 350951 35448 30 30470 52 1492
internal_value=-0.000645505 -4.94337e-06 -0.000966981 -0.00046501 -5.51206e-05 -0.0365068 0.00097088 0.00664245 -0.0476459 0.0656455 0.0635184 0.000126508 -0.0613965 0.000715007 0.0010014 0.000296648 -0.0225042 -0.043343 0.0443106 0.0765304 0.00214159 0.0238719 0.0369578 -0.000533023 0.00387218 -0.0153129 -0.0640155 0.000232642 0.00874271 -0.0659626
internal_weight=1941.53 1928.09 1899.33 1890.6 1882.9 51.5469 1831.35 30.3487 15.0032 4.61636 28.7646 1811.15 17.1604 1793.99 1790.01 1775.42 132.905 101.308 31.5968 24.3729 1642.52 180.009 162.99 1462.51 1126.69 335.816 81.2542 254.562 225.563 28.9985
internal_count=1785228 1058698 933162 876876 822298 190725 631573 45492 34132 9411 125536 620262 6987 613275 613169 611241 89659 54683 34976 19392 521582 62328 36989 459254 368234 91020 35478 55542 23580 31962
is_linear=0
shrinkage=0.1


Tree=93
num_leaves=31
num_cat=0
split_feature=13 0 65 66 66 66 24 66 13 10 66 66 66 65 66 66 18 48 25 1 19 1 19 19 66 1 36 65 65 14
split_gain=10.8271 10.099 8.53969 7.01599 6.21161 20.2709 18.2061 11.1232 30.8104 153.325 19.7469 11.3982 26.7825 24.3425 19.0441 20.0422 17.0135 16.173 15.8122 14.6112 13.0705 12.3201 11.2271 17.7261 50.0071 281.428 414.388 11.1338 18.6445 12.5055
threshold=2118.589477539063 11.500000000000002 64245.500000000007 29340.000000000004 28952.000000000004 1455.5000000000002 13992.000000000002 1120.5000000000002 917.74447631835949 2325.5000000000005 285.50000000000006 234.50000000000003 235.50000000000003 235.50000000000003 1.0000000180025095e-35 219.50000000000003 28920.500000000004 1.0000000180025095e-35 99437.500000000015 6145183.0000000009 33.500000000000007 177.50000000000003 131.50000000000003 67.500000000000014 269.50000000000006 75.500000000000014 14319.890625000002 1120.5000000000002 1268.0000000000002 340.03814735331906
decision_type=2 2 2 2 2 2 2 2 2 2 2 2 2 2 2 2 2 2 2 2 2 2 2 2 2 2 2 2 2 2
left_child=1 2 3 4 5 7 -6 10 -9 -10 11 14 16 -14 -1 -16 -13 18 20 -18 -17 -22 23 27 -25 26 -26 -15 -29 -30
right_child=-2 -3 -4 -5 6 -7 -8 8 9 -11 -12 12 13 22 15 17 19 -19 -20 -21 21 -23 -24 24 25 -27 -28 28 29 -31
leaf_value=0.00063938581348056429 0.078157028762307346 -0.091839289035235 -0.1072618706186616 -0.10060235893826758 0.053988274643113038 -0.094733169313944723 -0.084259905330813956 0.10250177599494542 -9.0783338579054806 -0.100291120180282 -0.078731784548311784 0.11564901931426204 -0.1166186908985186 -0.031182487871054765 -0.095280136070385268 0.015105185861886647 -0.015265228223114859 -0.088507946811308386 -0.0455069590205332 0.088802439758115304 0.30432489801472573 0.080719541278088808 -0.06802921822494247 0.073020183292728413 25.099295880474159 -0.10007988530056199 -0.10007370575442859 0.2394145890066729 -0.078824389895181798 0.039923962275865595
leaf_weight=1350.5068163925812 17.291492750700854 12.249043528345281 7.496959377905795 6.9510601568206303 55.025313374670077 22.807362473351986 11.519991743278295 14.51556481517756 0.021816508317974548 0.14848709656689607 31.749146066968933 37.185255041462518 16.990371929849061 59.477220076891172 43.521358528500514 18.705996647724536 32.283573397435248 18.763819614585373 21.570424239089334 23.176846095853669 3.5873825687449408 7.8689471053367015 17.014556797857949 33.990125625550718 0.011905058578121408 0.1232417643404915 0.014442112238612026 3.9776125530099185 11.223642315302639 42.261307784347991
leaf_count=231521 140077 726530 57907 54574 4009 59323 16308 5362 21 1522 149630 7182 23049 11878 177083 2493 6843 4028 14984 45435 29 476 6075 5405 38 252 20 166 6175 26833
internal_value=-0.000616149 -0.00133126 -0.000745455 -0.00032182 4.93413e-05 -0.00105293 0.0300554 0.000141573 0.0868128 -1.25041 -0.000575924 0.000848312 0.0194221 -0.00254854 -0.00267398 -0.0419198 0.0633142 -0.00897755 0.0198687 0.0282245 0.0666217 0.150738 0.00898128 0.0176542 0.0810491 1.90542 11.2863 -0.000853492 0.0305388 0.015005
internal_weight=1922.03 1904.74 1892.49 1884.99 1878.04 1811.5 66.5453 1788.69 14.6859 0.170304 1774 1742.25 277.73 185.084 1464.52 114.018 92.6457 70.4966 51.7328 55.4604 30.1623 11.4563 168.094 151.079 34.1397 0.149589 0.0263472 116.94 57.4626 53.485
internal_count=1785228 1645151 918621 860714 806140 785823 20317 726500 6905 1543 719595 569965 139351 79891 430614 199093 59460 22010 17982 52278 2998 505 56842 50767 5715 310 58 45052 33174 33008
is_linear=0
shrinkage=0.1


Tree=94
num_leaves=31
num_cat=0
split_feature=13 13 14 70 52 20 20 18 65 23 66 66 19 36 16 66 66 23 68 35 20 65 65 65 48 20 65 65 1 24
split_gain=10.7454 15.4384 13.1973 12.9175 68.269 11.0656 9.6031 28.5961 27.172 23.0783 20.4369 204.593 1162.62 10255.6 12917.9 17440.4 450.529 16.9091 21.1305 19.1363 13.1853 12.6575 42.7955 26.7258 26.4726 24.9372 22.9576 35.6738 41.882 25.9104
threshold=882.29016113281261 460.15167236328131 549.74966210000014 3060792.5000000005 577.04333496093761 28498.000000000004 498.50000000000006 327.50000000000006 228.00000000000003 1057.5000000000002 266.50000000000006 285.50000000000006 69.500000000000014 12678.320312500002 77.366668701171889 269.50000000000006 275.50000000000006 46.500000000000007 30.000000000000004 34.000000000000007 907.50000000000011 229.50000000000003 254.50000000000003 256.50000000000006 1.0000000180025095e-35 15042.000000000002 404.50000000000006 410.50000000000006 239070.00000000003 1010578.5000000001
decision_type=2 2 2 2 2 2 2 2 2 2 2 2 2 2 2 2 2 2 2 2 2 2 2 2 2 2 2 2 2 2
left_child=1 6 -2 5 -5 -4 7 8 -1 20 17 12 -12 -14 15 -15 -17 19 -19 -10 -8 -11 -23 24 25 -24 -25 28 -28 -29
right_child=2 -3 3 4 -6 -7 9 -9 10 21 11 -13 13 14 -16 16 -18 18 -20 -21 -22 22 23 26 -26 -27 27 29 -30 -31
leaf_value=-0.093248616002084173 0.096152804870065139 -0.078901037804109522 0.089024309976669866 -8.2038741380593034 -0.092942850527813176 -0.034531753843674094 0.012454212494139451 -0.060670981806026272 0.033411673768557318 0.029995801758249892 -0.10038583219072242 -0.029396296182868292 -0.10008425025721901 -0.10007169654174952 -0.10005944101115882 -357.2988222775943 -290.37639410177366 -0.11217862064433981 -0.0021535399501039728 -0.089102328287347501 0.076493691695732877 -0.083247962632583605 -0.14057843169567169 -0.05637434426802132 -0.17222436371059838 0.082041439267505081 1.010754984430446 0.00093661206782791123 0.11380191449989306 -0.097581193268600833
leaf_weight=30.742216359692577 24.838771092778693 26.1868245941032 10.465689203227162 0.012047162116686091 0.074863554033981941 23.579509455234017 66.116619014389471 100.17789300732636 228.01245784848464 116.17159418973745 0.74915490558486553 23.198672236102787 0.11006769080995582 0.0028629483422264457 0.0076645964290946722 0.0019596932401348965 0.0020669958202788052 19.255800155811812 186.67517803237206 13.504406504431243 62.584169886043128 65.091219270759552 5.389117317783529 78.278935662343656 4.8928662766411426 75.879868376521699 0.53693297832797071 693.01660844859839 17.093232155191799 27.765442592579348
leaf_count=259518 144836 208604 52922 9 333 51290 8430 492054 39249 126831 955 37758 168 5 13 20 30 22346 15710 8881 5961 22872 2312 24447 302 47212 28 201977 1723 8432
internal_value=-0.00132131 -0.00266694 0.0406978 0.000341834 -1.21724 0.00345009 -0.00156719 -0.0118871 -0.00215704 0.00355901 0.00378196 -0.0859751 -1.58814 -10.5316 -89.4211 -188.789 -322.946 0.00861084 -0.0124416 0.0265613 0.0435951 -0.00119387 -0.00493722 0.000708596 0.0536784 0.067279 -0.00487978 0.000579152 0.141119 -0.00285842
internal_weight=1900.41 1841.44 58.9709 34.1321 0.0869107 34.0452 1815.26 602.44 502.263 1212.82 471.52 24.0724 0.873777 0.124622 0.0145542 0.00688964 0.00402669 447.448 205.931 241.517 128.701 1084.12 967.944 902.853 86.1619 81.269 816.691 738.412 17.6302 720.782
internal_count=1785228 1535838 249390 104554 342 104212 1327234 876707 384653 450527 125135 38949 1191 236 68 55 50 86186 38056 48130 14391 436136 309305 286433 49826 49524 236607 212160 1751 210409
is_linear=0
shrinkage=0.1


Tree=95
num_leaves=31
num_cat=0
split_feature=5 5 5 0 29 51 23 48 16 40 19 36 65 65 34 65 65 19 65 15 46 66 65 68 24 76 65 65 67 1
split_gain=10.6452 14.4856 13.573 8.61073 8.00895 6.75516 5.9909 17.9155 17.1114 19.7626 18.8705 33.9303 80.43 46.4122 17.8543 17.1396 28.4204 173.315 384.634 477.452 42.3706 19.1718 16.773 26.5434 23.9243 21.0462 16.7007 23.6006 34.6915 17.7119
threshold=9807.5000000000018 11632.500000000002 4262.5000000000009 11.500000000000002 1585.5000000000002 1.0000000180025095e-35 506261.00000000006 1.0000000180025095e-35 6038.6354980468759 2.466666698455811 36510.000000000007 48.428852081298835 229.50000000000003 228.00000000000003 106.00000000000001 1120.5000000000002 1445.0000000000002 247.50000000000003 1375.0000000000002 4893.1660085000012 1.0000000180025095e-35 1187.5000000000002 410.50000000000006 22.000000000000004 1010578.5000000001 8015906.5000000009 251.50000000000003 255.50000000000003 2.5000000000000004 1140.5000000000002
decision_type=2 2 2 2 2 2 2 2 2 2 2 2 2 2 2 2 2 2 2 2 2 2 2 2 2 2 2 2 2 2
left_child=2 4 3 6 -2 -3 8 22 14 10 -10 -12 13 -13 15 26 17 21 -19 -20 -18 -17 -8 -24 25 -25 -1 28 -28 -29
right_child=1 5 -4 -5 -6 -7 7 -9 9 -11 11 12 -14 -15 -16 16 20 18 19 -21 -22 -23 23 24 -26 -27 27 29 -30 -31
leaf_value=0.010615795360033785 0.098076786968370452 0.043054864349030206 -0.089948471758874771 -0.090554663671139457 1.042351848256146 -0.089627792827484926 0.044017865365648771 -0.065877485495661706 -0.1132852244134977 -0.011460136224011985 -0.044065366737884082 -0.10453705145174591 0.10235251562198365 2.3009251734996456 0.060434315314255596 0.12880496656778861 -0.077550800700182013 -0.10061302473853265 0.70044773357089407 9.6850118782510002 0.089191147652656538 -0.15326417905421258 -0.099587355874026784 0.028758294537570169 -0.092037240518550112 -0.014613446555984089 -0.095032802960284296 -0.0067166653621370826 -0.92309013655700234 -0.092586602357455916
leaf_weight=320.46522822628651 23.001952487823242 7.6407318814554994 17.16981480570189 10.583936812154205 0.090173280358611829 7.7081206217959704 123.72793564056883 31.896520954082007 42.091685072782099 249.95591780503091 21.283974031506663 0.11070267349714358 2.2453546571196057 0.29121495224535465 50.9358940068214 18.053431799104608 29.883874208852149 0.41039958003966504 0.12483001541113481 0.11241005407646298 31.098888472666658 2.7807920395844112 24.022248271879107 303.29032760485097 22.819082093450561 177.27921795604107 26.372033554650788 304.34776059126102 0.51584076869767059 26.07878770411844
leaf_count=86582 198666 12448 110335 726298 257 57634 69270 13334 23592 133737 15917 65 253 11 19624 3495 45016 92 25 20 1080 225 99838 46673 1973 28949 8384 74432 117 6886
internal_value=-0.000364497 0.0517172 -0.00145379 -0.000619295 0.101764 -0.0235777 -9.34564e-05 0.00729671 -0.00457175 -0.0243132 -0.0729738 -0.00207165 0.335556 1.63837 0.00311816 -0.000721991 0.0423241 0.141236 1.75227 4.95755 0.00748125 0.0911565 0.0108812 0.00310751 0.00800822 0.0127587 -0.00595936 -0.0208251 -0.110919 -0.0134939
internal_weight=1876.39 38.441 1837.95 1820.78 23.0921 15.3489 1810.19 683.035 1127.16 315.979 66.0229 23.9312 2.64727 0.401918 811.18 760.244 82.4646 21.4819 0.64764 0.23724 60.9828 20.8342 651.139 527.411 503.389 480.57 677.78 357.314 26.8879 330.427
internal_count=1785228 269005 1516223 1405888 198923 70082 679590 260037 419553 173575 39838 16246 329 76 245978 226354 49953 3857 137 45 46096 3720 246703 177433 77595 75622 176401 89819 8501 81318
is_linear=0
shrinkage=0.1


Tree=96
num_leaves=31
num_cat=0
split_feature=13 13 36 20 19 23 65 29 23 65 65 35 68 66 20 20 19 65 65 65 65 24 1 65 65 46 19 34 34 24
split_gain=9.65477 12.3403 10.9052 8.35061 36.1436 18.4369 18.0615 16.9689 16.215 21.1198 17.3732 13.8557 13.6573 12.4395 11.607 10.7386 12.1376 9.83791 9.57296 36.059 21.4102 23.5925 23.697 18.1043 28.616 22.2294 15.5934 13.7913 20.4014 13.1614
threshold=882.29016113281261 460.15167236328131 1.0551176667213442 498.50000000000006 311.50000000000006 1057.5000000000002 228.00000000000003 195.50000000000003 46.500000000000007 296.50000000000006 294.50000000000006 34.000000000000007 30.000000000000004 1187.5000000000002 907.50000000000011 4.5000000000000009 33.500000000000007 16385.000000000004 229.50000000000003 254.50000000000003 256.50000000000006 36413.000000000007 15626.500000000002 404.50000000000006 410.50000000000006 1.0000000180025095e-35 1499617.0000000002 146.00000000000003 66.000000000000014 1010578.5000000001
decision_type=2 2 2 2 2 2 2 2 2 2 2 2 2 2 2 2 2 2 2 2 2 2 2 2 2 2 2 2 2 2
left_child=1 3 -2 4 6 14 7 -1 11 10 12 13 -10 15 -5 16 17 -8 -7 27 21 22 -21 29 -25 -26 -27 28 -20 -22
right_child=2 -3 -4 5 -6 18 8 -9 9 -11 -12 -13 -14 -15 -16 -17 -18 -19 19 20 23 -23 -24 24 25 26 -28 -29 -30 -31
leaf_value=-0.091749533848242665 0.083209839275643793 -0.073389188552167944 -0.0063663049249571852 0.010488889348880221 -0.079421579211464421 0.025825126654498855 -0.01991302174846591 0.073875542129815494 -0.12224519099442598 -0.093263150126116925 0.15177559458104267 -0.063086835146275486 -0.0034025367141122934 -0.090955654669659602 0.071672509727762443 0.085569864362760983 0.039910561787830701 0.11910710251647415 -0.063559998531515977 -0.13078840190954202 -0.074275393867605649 -0.056075230670610321 0.095017191730477457 0.13076220871425739 -0.097497134295231103 0.0028266935060273146 -0.10898915379229193 0.037412968199354628 -0.21069131770645488 0.026741025357871706
leaf_weight=36.568194493484555 28.210941897624771 24.354819053922256 26.225171229108973 65.293117065612932 69.065545660166208 117.08878023773559 70.973945426819995 7.4453158840242386 10.29636445682584 31.461975115691445 6.8532980795716858 18.940427784120402 158.92736858743592 8.8318934084583969 59.046092178031358 30.281035522450111 135.19029610012763 5.4836414126156674 40.601171718415571 5.04397680547845 57.134032137600002 16.726442675709222 59.133761350434725 16.484268089716352 23.813800218485767 678.10058144763104 12.705669911141738 8.8120789657800724 12.273118824690753 16.658412201271858
leaf_count=479337 158511 208604 90879 8430 251138 126831 22542 2573 5920 30953 55 26754 4478 22162 5961 5721 22980 2094 11611 2355 22439 4794 42677 1751 39520 169793 1096 5988 5273 2008
internal_value=-0.00143699 -0.00268932 0.0400556 -0.00172156 -0.011444 0.00310581 -0.00243702 -0.0637324 0.00321595 -0.0177967 -0.00431217 0.0193855 -0.0106335 0.0256148 0.0395437 0.0298703 0.0219013 -0.00994231 -0.00115002 -0.00448356 0.000664535 0.0497019 0.0772703 -0.00426445 0.000500263 -0.00250451 0.000770118 -0.078409 -0.0977119 -0.0514713
internal_weight=1858.03 1803.59 54.4361 1779.23 590.319 1188.92 521.254 44.0135 477.24 207.539 176.077 269.701 169.224 250.761 124.339 241.929 211.648 76.4576 1064.58 947.487 885.801 80.9042 64.1777 804.897 731.104 714.62 690.806 61.6864 52.8743 73.7924
internal_count=1785228 1535838 249390 1327234 876707 450527 625569 481910 143659 41406 10453 102253 10398 75499 14391 53337 47616 24636 436136 309305 286433 49826 45032 236607 212160 210409 170889 22872 16884 24447
is_linear=0
shrinkage=0.1


Tree=97
num_leaves=31
num_cat=0
split_feature=5 5 5 0 67 68 20 19 23 65 29 23 65 65 68 65 65 68 65 68 65 18 14 19 21 20 14 17 19 19
split_gain=8.93354 12.3435 11.0014 6.91777 6.59699 5.84086 5.45391 29.7035 15.273 13.1418 14.7551 13.5266 18.8468 14.0708 12.1337 15.4217 12.838 11.918 11.1259 18.3722 14.1845 108.621 10.8366 10.1777 40.1932 9.9775 9.86013 35.0571 63.786 85.1785
threshold=9807.5000000000018 11632.500000000002 5687.5000000000009 11.500000000000002 39.500000000000007 30.000000000000004 498.50000000000006 311.50000000000006 1057.5000000000002 228.00000000000003 195.50000000000003 46.500000000000007 296.50000000000006 294.50000000000006 30.000000000000004 274.50000000000006 1375.0000000000002 30.000000000000004 1445.0000000000002 38.000000000000007 1540.5000000000002 83.500000000000014 5.7758246300000016 213.50000000000003 215.25000000000003 907.50000000000011 9.2744829055000029 1775539.8750000002 2.5000000000000004 3.5000000000000004
decision_type=2 2 2 2 2 2 2 2 2 2 2 2 2 2 2 2 2 2 2 2 2 2 2 2 2 2 2 2 2 2
left_child=2 -2 3 6 -3 -6 7 9 25 10 -1 14 13 17 22 -16 -17 23 -18 20 21 -20 -11 -13 -25 -8 27 28 -24 -30
right_child=1 4 -4 -5 5 -7 8 -9 -10 11 -12 12 -14 -15 15 16 18 -19 19 -21 -22 -23 26 24 -26 -27 -28 -29 29 -31
leaf_value=-0.091019380218746074 0.09863544561619185 -0.07700833567090444 -0.10704995762036265 -0.088950693504905587 -0.046748209465384313 0.14861560154510578 0.0093539642489438597 -0.073468744464966915 -0.0012450980010668728 -0.10929217885769316 0.069092667951265979 -0.1448800129973305 -0.090599070777847401 0.13650419880175993 0.063835339827772383 -0.04418596758957874 0.17255388241783978 -0.0030623983503020942 -0.10010290011565244 0.094388450704933555 -0.10063493201281484 -12.406978615544894 -0.10001410079162021 4.4835574985230329 0.11796360998569484 0.066631910291579874 0.0015012416167987804 0.25619794642471388 19.129393186510494 -0.10001861208314174
leaf_weight=29.070708555487045 20.540360679537233 8.7092873968718099 9.9742148804946265 9.0480957486461175 2.847759547745766 3.3080239214505127 65.21536955965712 64.068780143857907 1074.0025604751256 9.165308171937836 7.1765004412027329 9.0354571791524414 29.264818360416257 6.8572360569378352 87.819382315603434 32.385144924281583 5.841465334553507 158.9661134564958 0.061488108258344165 10.805801959475502 6.7439328124578939 0.0081185001326957718 0.013743202729528003 0.021816500520800086 0.63283758911711629 56.987225699269402 120.21766778382541 0.56144829879485769 0.005200367155339336 0.0041353384112881031
leaf_count=59132 198923 59447 53220 726350 10164 471 8366 39083 476671 13489 2556 5347 30968 55 4886 31415 199 4479 145 251 8886 17 155 23 550 6810 40689 2426 31 24
internal_value=-0.00133766 0.0484055 -0.00231939 -0.00173384 -0.0210017 0.0582373 -0.00128924 -0.0092587 0.00256641 -0.00126532 -0.0593192 0.00313318 -0.0163041 -0.00391631 0.0176795 0.0377082 -0.00337741 -0.00962554 0.0529544 0.0133028 -0.115293 -1.5355 -0.00446025 -0.117294 0.263448 0.0360646 0.00349339 0.413212 4.23294 10.6115
internal_weight=1829.36 35.4054 1793.95 1783.98 14.8651 6.15578 1774.93 578.727 1196.21 514.658 36.2472 478.411 204.778 175.513 273.633 143.665 55.846 168.656 23.4608 17.6193 6.81354 0.0696066 129.968 9.69011 0.654654 122.203 120.802 0.584527 0.0230789 0.00933571
internal_count=1785228 269005 1516223 1463003 70082 10635 736653 244806 491847 205723 61688 144035 41422 10454 102613 45799 40913 10399 9498 9299 9048 162 56814 5920 573 15176 43325 2636 210 55
is_linear=0
shrinkage=0.1


Tree=98
num_leaves=31
num_cat=0
split_feature=51 28 17 19 19 17 66 51 19 51 25 65 5 3 5 51 65 76 24 19 24 65 37 65 65 65 65 19 21 65
split_gain=177.429 502.405 19036.6 19748.3 86536.2 153383 24.8752 1432.38 11650.4 84.5453 221.904 8.40092 10.9037 9.30615 9.2232 8.20491 6.90361 14.5323 13.5038 13.01 20.5977 12.2136 47.1885 19.6113 52.9942 19.2056 18.2373 15.7767 21.1313 11.1633
threshold=4.5000000000000009 3998539.5000000005 1713249.5000000002 2.5000000000000004 3.5000000000000004 1775539.8750000002 65517.500000000007 3.5000000000000004 2.5000000000000004 2.5000000000000004 894.50000000000011 64245.500000000007 9807.5000000000018 9.5000000000000018 5687.5000000000009 1.0000000180025095e-35 16385.000000000004 8015906.5000000009 1010578.5000000001 96.500000000000014 1215.5000000000002 300.50000000000006 2.7419936656951909 410.50000000000006 404.50000000000006 294.50000000000006 285.50000000000006 570.50000000000011 524692.59375000012 1023.5000000000001
decision_type=2 2 2 2 2 2 2 2 2 2 2 2 2 2 2 2 2 2 2 2 2 2 2 2 2 2 2 2 2 2
left_child=6 2 -2 -4 5 -5 11 9 -9 -8 -11 12 14 -14 16 -15 21 18 19 20 -18 25 23 24 -23 26 -1 28 29 -24
right_child=1 -3 3 4 -6 -7 7 8 -10 10 -12 -13 13 15 -16 -17 17 -19 -20 -21 -22 22 27 -25 -26 -27 -28 -29 -30 -31
leaf_value=0.0020823696833548659 -0.10008819080360963 -0.03683503804091727 -0.10002045465254113 -1117.4923581250766 -0.10002044754018356 -0.10002478180201274 -0.10106957646774802 -0.1000065015422863 -327.55889461187996 -30.805926240618245 -0.10002801718239546 -0.10934437952329808 0.10194434530476654 0.067588790318492173 -0.10290979060333949 -0.096319174387835327 0.021022043343794847 -0.011422285408268588 -0.21006104007553389 0.049695699153931558 -0.0983355642613538 -0.1028030051019686 -0.056420190070044035 -0.1073332491021457 0.12397600714404054 0.094662103088826915 -0.11652788028859762 -0.057021624404890572 0.40244788480747751 0.01063945442319403
leaf_weight=795.27682191290194 0.96083945554346328 3.1325634838030965 0.0159215810126625 0.0022372325147443908 0.010893685728660785 0.0027244982484262437 1.9015804724049292 0.0098467915995569255 0.0012212411265863929 0.0032559981773373501 0.0084913926402805373 7.1412431191592978 18.915023712165244 6.4576436594109321 8.9585124482382508 5.7943874670761737 98.916610123872999 185.05236999270454 2.4076310339805778 129.5788478330096 16.933417230135092 29.074559621404774 26.970378874760115 68.71500651325789 15.961271285272231 22.08763890264845 13.178119747428466 43.596911186641023 1.3450779517188483 311.91510829110297
leaf_count=952439 3970 10096 80 33 55 11 10886 208 13 26 41 57815 193244 11696 46282 50386 74020 41211 3525 20335 18128 17577 43835 144002 1954 1796 3898 11665 183 65818
internal_value=-0.00297231 -0.658057 -2.61855 -78.7691 -157.766 -503.93 -0.00147947 -0.360819 -36.2317 -0.153317 -8.61071 -0.00109705 -0.000667868 0.0579661 -0.00170034 -0.00992866 -0.00118548 0.00978152 0.0256138 0.0279257 0.00357593 -0.00476007 -0.0171496 -0.0737185 -0.0224296 0.00266248 0.000148978 -0.000384835 0.00687256 0.00530248
internal_weight=1814.33 4.12518 0.992616 0.031777 0.0158554 0.00496173 1810.2 1.9244 0.011068 1.91333 0.0117474 1808.28 1801.14 31.1671 1769.97 12.252 1761.01 432.889 247.837 245.429 115.85 1328.12 497.578 113.751 45.0358 830.543 808.455 383.827 340.231 338.885
internal_count=1785228 14245 4149 179 99 44 1770983 11174 221 10953 67 1759809 1701994 255326 1446668 62082 1400386 157219 116008 112483 92148 1243167 285034 163533 19531 958133 956337 121501 109836 109653
is_linear=0
shrinkage=0.1


Tree=99
num_leaves=31
num_cat=0
split_feature=65 5 3 5 34 65 3 72 23 48 38 72 73 34 65 65 22 66 52 66 65 19 30 48 36 16 15 19 19 66
split_gain=7.54532 9.27795 8.66769 7.97576 6.9458 6.28336 6.89343 6.25935 5.83565 13.6854 16.4807 15.6243 19.5282 16.3472 12.1141 30.0737 23.0104 18.7156 18.7206 17.1437 15.4912 25.9962 24.951 23.7695 17.0399 17.332 19.7647 156.19 27.5905 45.6943
threshold=64245.500000000007 9807.5000000000018 9.5000000000000018 5687.5000000000009 4842.0000000000009 -1.0000000180025095e-35 29.500000000000004 1555480.0000000002 506261.00000000006 1.0000000180025095e-35 183.00000000000003 11102.000000000002 1.0000000180025095e-35 274.00000000000006 251.50000000000003 255.50000000000003 17742.585937500004 237.50000000000003 8.0833334922790545 234.50000000000003 249.50000000000003 1852.0000000000002 1.0000000180025095e-35 1.0000000180025095e-35 9.3636398315429705 50768.500000000007 34.469683950000011 54216.000000000007 50882.500000000007 110.50000000000001
decision_type=2 2 2 2 2 2 2 2 2 2 2 2 2 2 2 2 2 2 2 2 2 2 2 2 2 2 2 2 2 2
left_child=1 3 -3 5 -4 6 7 -1 14 11 -11 12 -10 -13 16 -16 17 19 -19 20 21 22 -7 -23 -25 -26 -27 28 29 -28
right_child=-2 2 4 -5 -6 8 -8 -9 9 10 -12 13 -14 -15 15 -17 -18 18 -20 -21 -22 23 -24 24 25 26 27 -29 -30 -31
leaf_value=-0.093350649746501368 -0.10866623701706507 0.099868301674512827 -0.07558385535564463 -0.098727433080750562 0.07775119342771368 -0.062377268029365031 0.65832892837134138 0.18664874499158723 0.014428396569598516 -0.11154825018893509 0.044436511375416356 -0.079848779096117789 0.083921858957650544 1.4173357527132155e-05 -0.10903420553242726 -0.0087232636883250361 -0.12429694870947512 -0.10979766069069681 0.0126913660507369 0.075477155921475747 0.037775023960881934 -0.015540233495639917 0.060704419219494946 -0.12028807475121828 0.11954511502291246 0.34702306059403543 8.1886554151500359 18.208160039868332 -0.10002666164419444 -0.10002391574887165
leaf_weight=12.686302446527174 6.5071821378232917 17.452718781145609 6.9397980787242215 8.4351880717772456 5.1438967143831178 83.246702640750811 0.12915090047135969 0.85201019779924614 319.00763186132014 20.081124591488337 10.221123326075029 28.797063424563362 46.306199240583737 233.05859686953778 31.32640774487993 650.7013113861118 12.604965050115423 23.197968944101433 26.999702496760051 50.1435783985944 128.21515113333589 27.162313863016607 20.532682217417459 2.6251953374594477 19.606261546257887 2.0868192221678323 0.012064644659403601 0.0054620361188426605 0.07725695354747586 0.014822470227954909
leaf_count=726695 57972 193245 59429 46441 3278 37855 18 908 109134 11536 326 61971 32885 79608 16602 252665 2961 34983 15145 7691 5669 8152 16024 570 2427 599 48 19 308 64
internal_value=-0.00117991 -0.000788653 0.0547927 -0.00172241 -0.0103108 -0.00125476 -0.0687929 -0.0757294 -0.000723043 0.00670286 -0.0589337 0.00987415 0.0232372 -0.0087686 -0.00524975 -0.0133307 0.00864932 0.0130142 -0.0439148 0.0215771 0.0120465 -0.00918534 -0.0380256 0.0488301 0.120406 0.149387 0.415771 1.72469 0.860182 3.61923
internal_weight=1794.18 1787.67 29.5364 1758.13 12.0837 1749.7 13.6675 13.5383 1736.03 657.472 30.3022 627.169 365.314 261.856 1078.56 682.028 396.531 383.926 50.1977 333.728 283.585 155.37 103.779 51.5902 24.4279 21.8027 2.19643 0.109606 0.104144 0.0268871
internal_count=1785228 1727256 255952 1471304 62707 1424863 727621 727603 697242 295460 11862 283598 142019 141579 401782 269267 132515 129554 50128 79426 71735 66066 53879 12187 4035 3465 1038 439 420 112
is_linear=0
shrinkage=0.1


Tree=100
num_leaves=31
num_cat=0
split_feature=20 19 19 15 19 66 66 66 65 23 23 65 68 29 43 37 18 48 1 29 2 12 48 38 38 1 19 16 68 10
split_gain=13.4513 88.3403 26.1382 33.4114 4843.32 7165.02 46875.5 16042.4 13.5161 13.3137 13.1201 14.4322 12.2482 12.0795 12.0302 19.0301 15.46 41.0253 23.3089 16.1476 17.8072 17.9763 13.0416 14.4074 13.3391 12.9647 12.7427 12.4459 11.1978 12.4572
threshold=498.50000000000006 324.50000000000006 50518.500000000007 34.469683950000011 54216.000000000007 234.50000000000003 152.50000000000003 75.500000000000014 228.00000000000003 1057.5000000000002 46.500000000000007 296.50000000000006 30.000000000000004 195.50000000000003 1.0000000180025095e-35 0.67954218387603771 156445.00000000003 1.0000000180025095e-35 209461.00000000003 401.50000000000006 4.5000000000000009 12.600000381469728 1.0000000180025095e-35 183.00000000000003 4.0000000000000009 145895.00000000003 570.50000000000011 165076.85937500003 22.000000000000004 975.50000000000011
decision_type=2 2 2 2 2 2 2 2 2 2 2 2 2 2 2 2 2 2 2 2 2 2 2 2 2 2 2 2 2 2
left_child=1 8 -3 -4 -5 6 7 -6 13 -2 -10 12 -12 -1 16 -16 17 19 27 20 -11 -22 24 -24 28 -21 -19 -18 -20 -30
right_child=9 2 3 4 5 -7 -8 -9 10 14 11 -13 -14 -15 15 -17 18 26 22 25 21 -23 23 -25 -26 -27 -28 -29 29 -31
leaf_value=-0.086557618345829312 0.034388985648000248 -0.081145048575323286 -0.065335655195144338 -0.17730484743490885 -0.10005117930277296 -0.10070789027894367 -688.22610204226226 -199.45709411225346 0.017558931041675524 -0.075606280848731985 -0.10954845672141478 -0.084220657045255651 0.00072465812359229372 0.06344761235322105 0.11938033703947269 -0.014155900196146213 0.049953370664968771 -0.10750108888621134 -0.043735176900844448 0.083556254837846594 0.061593019774573356 -0.10197931712012209 -0.10665433271875857 0.036536514893377239 0.047885047638070798 -0.14006729170299534 0.12118790530084643 0.30079300125825514 -0.00011297070777803477 0.05574928020514594
leaf_weight=30.39281666456003 118.64563063756941 45.31493050050824 8.7794312217502011 12.575274074159095 0.020678857476014723 0.039300890362937935 0.0011624945254879995 0.0050155313729192122 263.88598159186643 115.66005294307993 10.710023765462692 27.020104685081634 169.19449962695944 6.5198732140415805 20.882609790560309 21.82598376081296 4.0159710756624909 2.7597126444034066 54.6250342575795 14.516981256349029 21.183760588050067 9.8392666942477245 22.103228794754614 10.301781821035545 62.667716367423623 3.1562032214087585 20.805245851633774 3.8979135509653133 659.00801278572874 42.493529986249882
leaf_count=479700 36966 149210 93580 6094 1068 28 12 27 102782 124961 6049 32122 4605 2576 41183 5507 3672 4498 258050 7485 7986 61547 13868 350 103710 3708 281 669 75406 157528
internal_value=-0.00341128 -0.0160092 -0.124174 -0.215198 -0.319278 -27.3055 -67.1154 -39.0144 -0.00179195 0.00257768 0.00277659 -0.016075 -0.00584009 -0.0600623 -0.000885773 0.0511374 -0.0030078 -0.0289892 0.00267533 -0.0466812 -0.0575612 0.0097144 0.00108709 -0.061133 0.00354954 0.04362 0.0944059 0.173502 -0.00012498 0.00327089
internal_weight=1782.85 574.459 66.7358 21.4209 12.6414 0.0661578 0.0268569 0.0256944 507.723 1208.39 470.811 206.925 179.905 36.9127 1089.74 42.7086 1047.03 187.921 859.113 164.356 146.683 31.023 851.199 32.405 818.794 17.6732 23.565 7.91388 756.127 701.502
internal_count=1785228 877853 250019 100809 7229 1135 1107 1095 627834 907375 145558 42776 10654 482276 870409 46690 823719 210466 613253 205687 194494 69533 608912 14218 594694 11193 4779 4341 490984 232934
is_linear=0
shrinkage=0.1


Tree=101
num_leaves=31
num_cat=0
split_feature=23 16 40 24 34 34 65 20 67 66 65 19 15 65 37 48 36 24 24 66 65 66 48 19 66 65 14 72 65 19
split_gain=7.49801 17.3279 22.2117 18.9902 13.4947 15.3073 13.3811 12.99 11.9971 11.5489 23.086 14.8259 53.9793 108.415 14.6148 15.1437 21.8977 13.6056 13.4987 12.7218 19.9951 16.0597 19.8893 12.5667 11.8079 17.9904 17.1943 11.1114 14.7207 15.7104
threshold=506261.00000000006 6842.4499511718759 2.466666698455811 36413.000000000007 94.000000000000014 90.000000000000014 16385.000000000004 40190.000000000007 1.5000000000000002 219.50000000000003 1024.5000000000002 271.50000000000006 4893.1660085000012 1445.0000000000002 14337.101562500002 1.0000000180025095e-35 9360.3969726562518 2094.0000000000005 365.50000000000006 235.50000000000003 235.50000000000003 234.50000000000003 1.0000000180025095e-35 33.500000000000007 245.50000000000003 237.50000000000003 131872.26010000004 14935.500000000002 29000.000000000004 999856.50000000012
decision_type=2 2 2 2 2 2 2 2 2 2 2 2 2 2 2 2 2 2 2 2 2 2 2 2 2 2 2 2 2 2
left_child=1 4 3 -3 5 6 9 -5 -6 10 14 -12 -13 18 15 17 -17 -1 -14 21 -21 22 23 -11 25 -22 -26 28 -2 -30
right_child=27 2 -4 7 8 -7 -8 -9 -10 19 11 12 13 -15 -16 16 -18 -19 -20 20 24 -23 -24 -25 26 -27 -28 -29 29 -31
leaf_value=-0.0087346141549733431 0.0048537292572089392 -0.11415818057984138 -0.013662925123934119 0.16546361402254955 0.049501497114059267 -0.31114583940703938 0.05989747112339109 -0.038151988735858899 -0.041072259878859041 0.029584670847914746 -0.088160915253945718 -0.051882790720816953 -1.8361828553599651 -0.10033724689934319 -0.09786485407577461 0.11180498890735585 -0.11598105363872957 -0.092090434104588337 -3.0902050687750808 -0.10838583521579406 0.085218023220087216 0.11649559562805208 -0.08164206695998126 0.22821892635126395 0.072737837111430267 -0.070309700975110009 -0.014774049255963415 -0.0096769711213279402 0.054854653070113557 -0.13987609566118483
leaf_weight=346.70283273611483 300.56996036439909 45.690292884408166 251.31347979122341 4.0045602444679416 86.698071010911008 1.6237693597231544 31.467345050711856 14.399047632556174 17.591551821775283 12.61501405010676 8.684823136408566 2.0486526200838848 0.26726919744396571 0.59568600149941631 19.067365645792961 20.746052162096024 5.2980714183286173 20.753586117585655 0.12644988344982266 15.901321644805902 9.7163379080593426 23.463656740525039 13.950469841994854 4.2607715155500037 46.727122888164139 31.711030070437118 43.216999370380854 271.38524191579671 107.52447271425496 4.3090642842271327
leaf_count=290102 246644 31596 645350 498 20491 306 20928 7124 35318 4945 17672 1459 56 423 15920 386 400 7158 14 42547 45 6088 3476 2198 34611 2989 13631 275272 52290 5291
internal_value=-0.00215487 -0.00734813 -0.0270645 -0.0796123 0.000799682 -0.00449023 -0.00373271 0.00615405 0.0342235 -0.00693197 -0.0162948 -0.154675 -0.344816 -0.95136 -0.0123628 -0.00821978 0.0654672 -0.0134425 -2.23893 0.0127769 -0.00247652 0.0541549 0.00670385 0.0797355 0.0103428 -0.0338324 0.0306895 0.00603722 0.0163781 0.0473515
internal_weight=1762.43 1078.64 315.407 64.0939 763.234 658.945 657.321 18.4036 104.29 625.854 424.291 11.7229 3.03806 0.989405 412.568 393.501 26.0441 367.456 0.393719 201.563 147.273 54.2899 30.8263 16.8758 131.371 41.4274 89.9441 683.789 412.403 111.834
internal_count=1785228 1205731 684568 39218 521163 465354 465048 7622 55809 444120 333590 19624 1952 493 313966 298046 786 297260 70 110530 93823 16707 10619 7143 51276 3034 48242 579497 304225 57581
is_linear=0
shrinkage=0.1


Tree=102
num_leaves=31
num_cat=0
split_feature=65 10 37 65 18 15 17 24 19 37 34 65 65 34 65 37 65 65 19 65 65 21 65 66 16 65 65 39 8 65
split_gain=6.62348 7.80409 7.42225 6.58747 13.5169 12.1206 16.8849 14.0299 10.2025 34.084 24.2685 19.506 15.6191 14.1345 10.1789 35.7902 15.5026 28.8379 15.7164 13.4681 43.4632 12.7957 10.9887 9.88299 19.8648 10.3982 9.62027 10.622 11.6046 12.3585
threshold=29517.500000000004 4291.0000000000009 6279.4501953125009 16385.000000000004 4669.5000000000009 14.562452900000002 731237.50000000012 1010578.5000000001 5001.0000000000009 0.058242941275238998 74.000000000000014 410.50000000000006 404.50000000000006 66.000000000000014 274.50000000000006 2.7419936656951909 269.50000000000006 260.50000000000006 79.500000000000014 296.50000000000006 294.50000000000006 524692.59375000012 1023.5000000000001 255.50000000000003 88.083332061767592 4154.0000000000009 296.50000000000006 394.50000000000006 92.758720397949233 283.50000000000006
decision_type=2 2 2 2 2 2 2 2 2 2 2 2 2 2 2 2 2 2 2 2 2 2 2 2 2 2 2 2 2 2
left_child=1 3 -2 8 -5 6 7 -6 14 10 11 12 13 26 16 19 17 -1 -18 20 -16 22 -17 24 -24 -25 27 28 29 -10
right_child=2 -3 -4 4 5 -7 -8 -9 9 -11 -12 -13 -14 -15 15 21 18 -19 -20 -21 -22 -23 23 25 -26 -27 -28 -29 -30 -31
leaf_value=0.0036820395759911266 -0.1039004056317014 0.063878520986402829 0.047853514942246905 0.074746948991986126 0.070270785574346448 -0.069339628395347561 -0.00018968265055814275 -0.29440908638855395 -0.01008385140683527 -0.10842022528533497 -0.11223686196425078 -0.10937188505101757 0.13238734965042254 0.25781488176546952 -0.11969004558056831 -0.054527724155154604 0.095916835805761491 -0.1129609336909415 0.015610845773645247 -0.094718152094292796 0.096925158786456467 0.2694785350597152 -0.10151912793306979 0.082534915859909144 0.0052444722579008457 -0.031353023952425604 -0.12083712691086859 -0.13851512449220921 0.12805343911326902 0.11276746449213032
leaf_weight=501.56694229950682 12.39783767479055 18.194440445241526 4.3551394879861389 29.038104979521449 48.777757044866974 21.288956091128739 319.36828357701671 1.078266420852741 51.700218409854585 40.492432306379953 17.426612742831821 11.278764078615493 12.8206113964261 2.3075531898894033 19.880079346157629 34.16404526138399 34.247714829689244 22.130844970040869 84.495771051104384 62.604131391808494 17.344034604793706 1.7647749219704554 18.548742051579325 29.344383100544334 288.33591936247046 11.030277920645473 5.5018486583867334 4.1925660498964126 9.5153429314723308 9.7295831159863138
leaf_count=701997 82876 206191 5108 5395 12827 30487 124675 88 34347 236837 4616 4366 1367 1278 915 50560 2753 1646 1112 191739 206 297 9903 3106 38283 29580 1526 170 296 681
internal_value=-0.00187494 -0.00126833 -0.0644501 -0.00196151 0.00892373 0.00402919 0.00825954 0.0623836 -0.00550059 -0.0287255 -0.00280001 0.0150157 0.0296651 0.013788 -0.00209636 -0.0130642 0.00614975 -0.00124715 0.0387725 -0.0663953 -0.0187613 0.000829625 -0.000413363 0.00491051 -0.00120854 0.051421 0.00680502 0.0161514 0.0252916 0.009374
internal_weight=1744.92 1728.17 16.753 1709.97 419.551 390.513 369.224 49.856 1290.42 164.966 124.473 107.046 95.7677 82.9471 1125.46 483.016 642.441 523.698 118.743 99.8282 37.2241 383.188 381.423 347.259 306.885 40.3747 80.6396 75.1377 70.9451 61.4298
internal_count=1785228 1697244 87984 1491053 173472 168077 137590 12915 1317581 285484 48647 44031 39665 38298 1032097 324589 707508 703643 3865 192860 1121 131729 131432 80872 48186 32686 37020 35494 35324 35028
is_linear=0
shrinkage=0.1


Tree=103
num_leaves=31
num_cat=0
split_feature=43 65 37 66 66 24 20 65 65 37 48 19 39 65 65 30 66 4 65 48 52 19 15 72 65 48 66 65 19 2
split_gain=6.40763 27.1692 14.6564 17.2213 19.4241 14.7781 9.92452 7.13943 23.3999 34.4608 19.2402 15.6073 15.4198 15.1565 31.7435 18.9207 17.2582 18.0955 16.6783 44.6068 19.6613 20.7826 29.995 16.1069 14.6806 46.2272 14.4688 14.2681 17.7546 18.477
threshold=1.0000000180025095e-35 210.50000000000003 1.4428698420524599 234.50000000000003 235.50000000000003 43619.500000000007 208.50000000000003 229.50000000000003 249.50000000000003 7789.6860351562509 1.0000000180025095e-35 93.500000000000014 6.5000000000000009 251.50000000000003 255.50000000000003 1.0000000180025095e-35 16386.000000000004 4.5000000000000009 256.50000000000006 1.0000000180025095e-35 4.5208332538604745 281658.50000000006 1.2293110690000002 507229.00000000006 269.50000000000006 1.0000000180025095e-35 237.50000000000003 274.50000000000006 54.500000000000007 1.5000000000000002
decision_type=2 2 2 2 2 2 2 2 2 2 2 2 2 2 2 2 2 2 2 2 2 2 2 2 2 2 2 2 2 2
left_child=1 -1 6 -4 5 -5 -2 12 9 -9 -11 26 -3 16 23 18 -10 -18 19 20 21 -16 -23 -15 25 -20 -12 28 29 -26
right_child=2 7 3 4 -6 -7 -8 8 13 10 11 -13 -14 14 15 -17 17 -19 24 -21 -22 22 -24 -25 27 -27 -28 -29 -30 -31
leaf_value=-0.091670336599845997 -0.10902889213795471 -0.0065159086621546028 -0.10156877760086827 0.10906986529660223 -0.10335978550538989 -0.64344374941186866 0.11355914479995666 -0.10061887342739768 0.030544703669282705 -0.12168536227598442 0.12218638735014498 0.24603356266403092 0.07544303549384522 -0.10791398159591006 -0.16448880278744296 -0.11858181371109355 0.096279973998901244 1.8476730447435263 -0.11577261590913024 -0.14202918073480575 0.079360438547233875 4.8721060964119438 -0.10011120149640539 0.14252914423820759 2.1037559870836002 0.086372430232177777 -0.019969405845417704 -0.0036018169243005218 0.011711641195196461 0.099102027750471527
leaf_weight=33.788752169628196 2.2134624916143393 59.165965105799842 12.994585772543358 16.981984921498231 6.678487988277765 0.26504302397370239 21.078620302344461 56.981071969672485 138.1061560355638 8.1660772192481073 10.629958648816681 3.5936819150083457 37.508107021239994 37.156154880996439 4.2439185790536262 13.314548155726014 0.13150720846169761 0.10698710817814572 36.682802504692518 11.557339234197057 77.60466703246675 0.020109799690544494 0.030584207124775276 2.758650940303311 0.046053536716388233 16.35740136439199 21.932702177175088 967.23211999489934 92.646860973698494 28.116068594425087
leaf_count=801381 950 14658 7260 6099 4815 5 41338 14860 48672 446 234 165 13489 24719 1643 40762 28 15 3938 3638 61624 5 46 137 26 2481 2228 654513 2201 32852
internal_value=-0.00175393 -0.00291776 0.030291 -0.0088962 0.0414367 0.0975056 0.0924065 -0.00107129 -0.00273932 -0.0491794 0.0169514 0.0482632 0.0252829 0.000559542 -0.00281944 -1.14605e-05 0.0320124 0.881944 0.00126733 0.0418815 0.0678343 -0.140446 1.87232 -0.090605 -0.00205904 -0.0534318 0.0264368 0.000445294 0.0328477 0.10238
internal_weight=1718.09 1657.88 60.2122 36.9201 23.9255 17.247 23.2921 1624.09 1527.42 101.303 44.3224 36.1563 96.6741 1426.11 1287.77 1247.85 138.345 0.238494 1234.54 93.4566 81.8993 4.29461 0.050694 39.9148 1141.08 53.0402 32.5627 1088.04 120.809 28.1621
internal_count=1785228 1724761 60467 18179 10919 6104 42288 923380 895233 17933 3073 2627 28147 877300 828585 803729 48715 43 762967 66956 63318 1694 51 24856 696011 6419 2462 689592 35079 32878
is_linear=0
shrinkage=0.1


Tree=104
num_leaves=31
num_cat=0
split_feature=20 19 23 34 65 29 43 37 65 65 65 34 34 65 24 20 65 9 65 19 15 68 21 18 15 16 1 67 19 48
split_gain=6.03541 33.8617 16.2783 12.6591 11.0479 10.7246 9.09338 15.5855 11.3305 10.3899 20.3436 16.3697 17.8418 14.4634 20.8643 17.4306 13.7745 12.0621 11.0125 10.8193 10.9528 10.4131 18.9565 10.8564 10.1033 13.8078 10.0622 10.0842 9.94935 11.5019
threshold=725.50000000000011 324.50000000000006 1057.5000000000002 66.000000000000014 228.00000000000003 195.50000000000003 1.0000000180025095e-35 0.67954218387603771 210.50000000000003 229.50000000000003 254.50000000000003 134.00000000000003 66.000000000000014 256.50000000000006 36413.000000000007 15042.000000000002 269.50000000000006 1.0000000180025095e-35 249.50000000000003 2997970.0000000005 0.51665071600000012 22.000000000000004 72158.468750000015 59407.500000000007 14.562452900000002 2624.6608886718755 209461.00000000003 4.5000000000000009 215137.00000000003 1.0000000180025095e-35
decision_type=2 2 2 2 2 2 2 2 2 2 2 2 2 2 2 2 2 2 2 2 2 2 2 2 2 2 2 2 2 2
left_child=1 4 -2 -3 5 -1 8 -8 -4 28 11 12 -11 14 15 -12 -15 18 -14 -16 -21 22 23 -18 26 -26 -23 -28 29 -10
right_child=2 3 6 -5 -6 -7 7 -9 9 10 13 -13 17 16 19 -17 21 -19 -20 20 -22 24 -24 -25 25 -27 27 -29 -30 -31
leaf_value=-0.08400588600896082 0.047582135065837861 -0.078344632960511265 -0.084339652361817119 0.11725538439678232 0.0037912291031976884 0.061544279887123736 0.11486486270778112 -0.015411928832460562 0.0021882770684782051 -0.054458807123262044 -0.11806693384132208 0.049265354581696646 -0.13736837077023184 -0.1324363197647549 -0.11198374020078877 0.090079267427809057 -0.061025371357670138 -0.014847782724085405 -0.3769123563572549 0.028283693375249604 0.70912885021703143 0.23135637569470921 -0.094682227253537532 0.049313183221242902 0.017781807710610005 -0.083014441011505694 0.0014469310683275722 0.062951021676918628 -0.022268143171081542 0.12223614116482162
leaf_weight=26.56432998342126 74.852737217111098 77.542206379707977 16.629640229073175 3.4562327268067738 458.81837477761559 6.2542844549443535 17.934866400762985 18.818572254320316 13.225809812713122 33.707949303752685 4.3741712240953339 10.524628386914854 3.5452652081512479 8.2113622644546904 11.043351828611778 50.147666106204269 14.076260750773931 2.5131103062358306 4.1842858074123797 5.4241789613151914 0.24704191368073214 1.9516578846960317 32.750706377027321 24.330613309638466 23.806061442784085 31.670720743048605 650.30390721122671 27.7978891364437 15.53072875906946 20.12603162360756
leaf_count=480510 22312 252144 112291 30 156525 3298 41183 5507 1516 11612 2320 47766 846 6908 4465 61539 45626 3462 284 415 59 88 199954 49801 8095 73683 141699 43532 356 7402
internal_value=-0.0017401 -0.0100883 0.00253684 -0.0699983 -0.000217964 -0.0562682 -0.000696294 0.0481603 -0.00248101 -0.00110528 -0.00344127 -0.0627556 -0.0895807 0.000205081 0.0434152 0.0733801 -0.00357224 -0.205164 -0.267042 -0.0543284 0.0579417 -0.00226052 -0.0387885 0.0088737 0.00127332 -0.039761 0.00462078 0.00396821 0.0438445 0.0746307
internal_weight=1690.36 572.635 1117.73 80.9984 491.637 32.8186 1042.88 36.7534 1006.12 989.493 940.611 54.4752 43.9506 886.136 71.2364 54.5218 814.899 10.2427 7.72955 16.7146 5.67122 806.688 71.1576 38.4069 735.53 55.4768 680.053 678.102 48.8826 33.3518
internal_count=1785228 892507 892721 252174 640333 483808 870409 46690 823719 711428 702154 63970 16204 638184 68798 63859 569386 4592 1130 4939 474 562478 295381 95427 267097 81778 185319 185231 9274 8918
is_linear=0
shrinkage=0.1


Tree=105
num_leaves=31
num_cat=0
split_feature=65 13 13 14 20 35 29 10 12 10 41 1 36 20 18 41 65 35 20 65 1 66 21 66 20 16 38 24 5 24
split_gain=5.72928 6.55702 8.07932 6.32948 6.61212 6.37093 6.79345 5.70189 10.8536 6.5411 6.28321 135.076 795.732 6.11153 26.0229 19.1586 11.9361 11.5587 9.82111 12.6522 11.9367 10.4406 9.38154 8.66387 8.6396 8.53658 7.55092 8.97134 9.07516 9.3343
threshold=64245.500000000007 882.29016113281261 503.89758300781256 549.74966210000014 28498.000000000004 150.00000000000003 868.50000000000011 975.50000000000011 45.071428298950202 1068.5000000000002 1.0000000180025095e-35 161.50000000000003 13015.245605468752 498.50000000000006 327.50000000000006 1.0000000180025095e-35 228.00000000000003 34.000000000000007 47.500000000000007 296.50000000000006 225.50000000000003 1187.5000000000002 530.25000000000011 1029.5000000000002 4.5000000000000009 33.107143402099616 1.0000000180025095e-35 3.5000000000000004 130.50000000000003 173.50000000000003
decision_type=2 2 2 2 2 2 2 2 2 2 2 2 2 2 2 2 2 2 2 2 2 2 2 2 2 2 2 2 2 2
left_child=1 2 7 -3 -5 -6 -7 8 13 -9 11 12 -10 14 16 -16 -1 18 21 20 -20 23 -15 24 25 -18 27 -24 29 -29
right_child=-2 3 -4 4 5 6 -8 9 10 -11 -12 -13 -14 22 15 -17 17 -19 19 -21 -22 -23 26 -25 -26 -27 -28 28 -30 -31
leaf_value=-0.08240175698371166 -0.10753783322662112 0.088136923369372996 -0.067888675902543161 0.088302236395607553 -0.08915755118034363 0.0033074690827076857 0.28919890456610936 0.11954763483524558 93.683515494153113 -0.0036029379275182754 -0.063264161154300932 -0.10000083596696284 -0.10000075260861729 0.058489615083182733 -0.088755136867974996 0.029154040735341048 -0.016045446550974181 -0.082232127819742373 -0.021507048417633279 -0.1004365457376325 0.036967724786442016 -0.089925030645438761 -0.043008929257123935 0.14833272939242681 0.074135027145512608 0.028706788298826343 0.026502261151501463 -0.057254982429596063 0.072159102108363654 0.0016461594026745666
leaf_weight=17.025424342281667 5.0894490980570017 15.646664922745499 18.556780494197938 7.3334336962670958 8.2986264388955551 9.6317697445071637 0.90966479965209224 8.3076259076244714 0.001066285461180593 8.969695038152393 31.362256970614823 0.13526608277652485 0.0059708621038225829 30.089739059351814 61.79790651378822 17.735525305108027 64.894667152599865 15.33568384532566 112.97764631278275 14.652677497843397 50.52039610907741 8.3455413714779905 48.582140523870294 5.4673641605561434 26.681129622081016 124.20277236875241 110.37473581808445 27.839420787675408 17.637544148723464 801.65521726901898
leaf_count=64024 57972 143168 168357 52893 15313 30684 160 9253 139 26225 773887 17314 850 8587 50746 12830 22541 13347 6971 25782 3127 21338 24261 440 5597 23786 82569 14311 17228 91528
internal_value=-0.00159985 -0.00127602 -0.00228333 0.0378204 0.00774082 -0.0236175 0.0279782 -0.00152462 -0.00214653 0.0556128 -0.060256 0.602724 14.1103 -0.000969843 -0.00982025 -0.062462 -0.000307077 0.00299656 0.00620212 -0.0114165 -0.00343852 0.0198732 0.00346858 0.0240149 0.0208649 0.0133487 0.00182303 -0.00121808 0.00117858 -0.000330675
internal_weight=1670.06 1664.97 1623.15 41.8202 26.1735 18.8401 10.5414 1604.6 1587.32 17.2773 31.5046 0.142303 0.00703715 1555.82 519.637 79.5334 440.103 423.078 407.742 178.151 163.498 229.591 1036.18 221.246 215.779 189.097 1006.09 895.714 847.132 829.495
internal_count=1785228 1727256 1485038 242218 99050 46157 30844 1316681 1281203 35478 792190 18303 989 489013 250529 63576 186953 122929 109582 35880 10098 73702 238484 52364 51924 46327 229897 147328 123067 105839
is_linear=0
shrinkage=0.1


Tree=106
num_leaves=31
num_cat=0
split_feature=0 37 41 36 25 43 65 37 66 66 14 29 20 65 65 37 48 39 65 65 30 72 24 19 48 16 4 19 66 65
split_gain=3784.04 95014 1.24017e+06 4.83368e+06 1.00285e+07 5.2018 17.4437 10.5151 15.2907 16.9246 11.1897 8.2948 7.35007 5.56605 17.9701 28.2336 15.8738 13.7638 12.6925 26.9489 16.6628 12.9782 12.0468 12.5759 20.0549 12.0822 10.8116 10.7084 10.8222 10.399
threshold=11.500000000000002 12360.958007812502 1.0000000180025095e-35 13015.245605468752 2.5000000000000004 1.0000000180025095e-35 210.50000000000003 1.4428698420524599 234.50000000000003 235.50000000000003 200.90768090000003 1195328.5000000002 208.50000000000003 229.50000000000003 249.50000000000003 7789.6860351562509 1.0000000180025095e-35 6.5000000000000009 251.50000000000003 255.50000000000003 1.0000000180025095e-35 507229.00000000006 627.50000000000011 215137.00000000003 1.0000000180025095e-35 35866.783203125007 1020.5000000000001 89.500000000000014 237.50000000000003 256.50000000000006
decision_type=2 2 2 2 2 2 2 2 2 2 2 2 2 2 2 2 2 2 2 2 2 2 2 2 2 2 2 2 2 2
left_child=5 -2 3 4 -3 6 11 12 -9 10 -10 -1 -7 17 15 -15 -17 22 -16 21 29 -20 -8 24 25 -24 -19 28 -18 -21
right_child=1 2 -4 -5 -6 7 13 8 9 -11 -12 -13 -14 14 18 16 27 26 19 20 -22 -23 23 -25 -26 -27 -28 -29 -30 -31
leaf_value=-0.0978564806311229 -0.10000254949794117 -103.00490591922626 -0.10000066254185054 -0.10000100217612602 -11910.968165226133 -0.10621255707957854 -0.076075148013550864 -0.10144505789256753 -0.24565849229621164 -0.10301919680820333 0.11713659604813237 0.35903698032213127 0.10693881344453909 -0.095438894358223766 0.029544074436538288 -0.1145902072048991 0.10552877632345381 0.086352179988722952 -0.1040543437994404 0.0345029217152375 -0.11817720948006438 0.13368618582901484 -0.11952800351425992 -0.083759985837730311 0.11963955001150879 0.088249299697677336 -0.12805721186052998 0.18056884453109801 -0.020038523677933386 -0.0016019987932154108
leaf_weight=22.096222100848767 5.2193184990160253 0.001943541960827023 0.17905062376667047 0.011140395631173305 0.0011418143340051756 1.7788136386844708 17.774413796889348 10.926439844075501 0.9010115154087569 5.7825813280536655 15.061322014225878 0.40462892408686357 17.868483813766943 50.730983971850947 135.11113572915656 7.8834936304592693 10.153443063551096 33.392706992843159 33.658124316544331 85.893935303882699 11.852886946035595 2.4643034791632763 7.8895490061840992 8.5759267322719079 18.272520507394802 4.3371902554354165 2.5299974574154467 4.832600983008887 21.184886550410738 1119.5270749955423
leaf_count=74729 697538 148 27324 1297 223 950 14068 7260 30 4815 6074 122 41338 14860 48715 446 232 3709 24719 66956 40762 137 147 114 228 101 9780 203 2192 696011
internal_value=-0.00985327 -2.64961 -71.5003 -970.172 -4472.84 -0.00119856 -0.00221406 0.0298296 -0.0049358 0.0435584 0.0966582 -0.0896402 0.0876407 -0.000965911 -0.00245213 -0.0445796 0.0139875 0.0227965 0.000423672 -0.00271539 -0.000189465 -0.0878355 -0.00782174 0.0232252 0.0533078 -0.0458232 0.0712516 0.0420112 0.0206446 0.000970707
internal_weight=1656.3 5.41259 0.193276 0.0142258 0.00308536 1650.88 1598.57 52.3187 32.6714 21.7449 15.9623 22.5009 19.6473 1576.07 1483.29 94.7854 44.0544 92.7723 1388.51 1253.4 1217.27 36.1224 56.8496 39.0752 30.4993 12.2267 35.9227 36.1709 31.3383 1205.42
internal_count=1785228 726530 28992 1668 371 1058698 998231 60467 18179 10919 6104 74851 42288 923380 895233 17933 3073 28147 877300 828585 803729 24856 14658 590 476 248 13489 2627 2424 762967
is_linear=0
shrinkage=0.1


Tree=107
num_leaves=31
num_cat=0
split_feature=72 23 16 40 24 34 65 65 65 20 8 19 15 46 37 29 29 8 34 8 48 65 68 19 11 36 16 6 19 4
split_gain=5.15817 5.79383 10.3738 12.2532 14.5017 10.8705 11.675 11.3701 10.6386 10.5017 8.88736 8.61803 16.041 8.53037 10.2177 8.44061 7.72477 8.56822 7.41977 7.29546 14.4284 9.62424 19.6832 14.1127 10.6819 9.15826 10.5919 8.27725 23.0846 7.46233
threshold=7015703.5000000009 506261.00000000006 6842.4499511718759 2.466666698455811 36413.000000000007 106.00000000000001 296.50000000000006 16385.000000000004 1540.5000000000002 40190.000000000007 404.62500000000006 158872.50000000003 9.6142077400000012 1.0000000180025095e-35 56873.314453125007 30029892.000000004 806.50000000000011 2322.0000000000005 102.00000000000001 148.59027862548831 1.0000000180025095e-35 410.50000000000006 22.000000000000004 1499617.0000000002 1.0000000180025095e-35 2.4400724172592168 773832.03125000012 2.5000000000000004 999856.50000000012 17.500000000000004
decision_type=2 2 2 2 2 2 2 2 2 2 2 2 2 2 2 2 2 2 2 2 2 2 2 2 2 2 2 2 2 2
left_child=1 2 5 4 15 7 -7 8 18 -6 19 -11 -13 14 -9 -4 17 -8 -1 20 21 24 -23 -24 27 -22 -27 28 -3 -29
right_child=-2 10 3 -5 9 6 16 13 -10 11 -12 12 -14 -15 -16 -17 -18 -19 -20 -21 25 22 23 -25 -26 26 -28 29 -30 -31
leaf_value=-0.0026580519745103368 -0.069897039651733425 -0.11977609254113175 -0.11103949242890723 -0.011805671554282674 0.14572323691924333 0.093144320551779139 -0.095283346568708877 -0.10143607185798215 -0.093514188901843223 -0.10831578491615911 -0.097442418853861887 -0.11030084336902546 0.21124947702875493 0.084970659069805665 0.12333026414467084 0.12034363421362651 0.11126639368103286 0.1112855510261499 -0.16140789150620913 0.05585167481111835 -0.11764100969624203 -0.10090510230654388 0.0085844683063312031 -0.10751239459803137 -0.090585120870998348 -0.1240290665855228 0.41460858678888846 0.13109646011575418 0.057872088793604941 0.047514454196879399
leaf_weight=600.31378389453778 10.923915190471915 10.279651991255376 34.85467703809806 234.70321130134496 4.298558453467197 25.182820931371225 9.9262717405376879 6.1871177521453511 13.402704060533095 7.2024154114351386 8.1342602395609429 3.0649154048696801 3.1417749863976496 24.559195616900979 3.0047457006489839 1.6512505877763022 3.6891956535782802 2.5171903121390633 2.9586858210950586 30.041561339249938 13.444252733015217 17.889627791842372 462.10893962532589 10.713256371222085 6.2383682849299467 0.72812319381773594 0.73218182263372 14.121383642297586 25.361346746125491 43.85661053960348
leaf_count=423448 1803 3409 31329 645350 498 11498 26324 20704 29944 6358 20011 568 198 3381 1451 23 603 57 3751 35694 5307 151772 126314 1399 57316 392 8 3392 2106 170820
internal_value=-0.0014108 -0.000950214 -0.00578875 -0.0217033 -0.0645526 0.000858218 0.050597 -0.00230122 -0.00539435 0.00970767 0.00642174 -0.0338949 0.0524653 0.0542143 -0.0279618 -0.100573 -0.0158187 -0.0534965 -0.00343662 0.00775115 0.00536456 0.00781693 0.00205823 0.00595393 0.0361159 -0.0918065 0.146038 0.0445587 0.00663443 0.0678721
internal_weight=1635.23 1624.31 980.659 288.917 54.2136 691.742 41.3155 650.426 616.675 17.7077 643.65 13.4091 6.20669 33.7511 9.19186 36.5059 16.1327 12.4435 603.272 635.515 605.474 590.569 490.712 472.822 99.8574 14.9046 1.46031 93.619 35.641 57.978
internal_count=1785228 1783425 1205485 684324 38974 521161 38482 482679 457143 7622 577940 7124 766 25536 22155 31352 26984 26381 427199 557929 522235 516528 279485 127713 237043 5707 400 179727 5515 174212
is_linear=0
shrinkage=0.1


Tree=108
num_leaves=31
num_cat=0
split_feature=65 5 5 5 0 66 66 24 66 15 19 36 65 65 37 19 14 66 66 66 66 66 66 65 66 52 29 40 65 4
split_gain=5.06968 5.41949 6.90053 6.17439 4.72266 4.00731 5.29133 14.2235 11.8403 10.0831 15.4248 9.62164 14.8197 8.40582 8.38992 11.0241 9.02825 7.08651 12.412 6.59245 13.8585 21.3946 11.9324 19.0909 14.1483 13.4117 11.9765 11.6221 11.5352 10.6659
threshold=64245.500000000007 9807.5000000000018 11632.500000000002 4262.5000000000009 11.500000000000002 29340.000000000004 28952.000000000004 13992.000000000002 1455.5000000000002 90909.09090954547 17.500000000000004 45804.197265625007 255.50000000000003 234.50000000000003 0.19780705869197848 52.500000000000007 2.2861027055782803 1029.5000000000002 288.50000000000006 234.50000000000003 1.0000000180025095e-35 219.50000000000003 237.50000000000003 257.50000000000006 245.50000000000003 158.75657653808597 568.50000000000011 2.466666698455811 255.50000000000003 148.50000000000003
decision_type=2 2 2 2 2 2 2 2 2 2 2 2 2 2 2 2 2 2 2 2 2 2 2 2 2 2 2 2 2 2
left_child=1 3 -3 4 5 6 8 14 17 -10 -11 12 -12 -9 -8 -16 -17 18 19 20 -1 -22 -21 28 26 -26 -25 -23 -24 -29
right_child=-2 2 -4 -5 -6 -7 7 13 9 10 11 -13 -14 -15 15 16 -18 -19 -20 22 21 27 23 24 25 -27 -28 29 -30 -31
leaf_value=-0.00036290386646185732 -0.10708070505478605 0.096230406344393171 -0.011782594898435566 -0.072869933709859155 -0.10000227995657306 -0.10023988358066616 0.10157474490912495 0.37293604222401161 -0.13048838929139175 -0.16476076229079373 3.1178094029680401 0.30554678639450716 -0.10026656543525339 -0.10024325448947924 0.081738467659354899 -0.22822821143055683 -0.010638035112874991 0.078652268639252926 -0.088325531741837257 0.040607265086105217 -0.10232416851332436 -0.082516160326648103 -0.031594549782136772 -0.083909775716636437 0.0806485753689727 -0.074022504484435495 0.1013307518585565 0.043604020423962248 -0.1596665451981881 -0.10595087154538155
leaf_weight=1166.5550051689575 4.5190457694370698 12.808570737604855 10.989208534812446 12.105349218224545 4.8209535739752019 4.0482761520665909 20.112043372901098 0.39148710668086906 11.638262329860025 1.0408748232794089 0.031057406806212162 0.99228145016968483 0.026538061167229898 9.1530788241871033 12.308798777836275 2.3506338798615607 10.101266691402996 11.121894534340525 16.272548163582769 101.44552209136231 34.919880671067226 13.623707954476634 39.98963097327578 15.417423378259629 39.717337717343355 6.5275368113470895 4.511605463041632 36.16307712507114 8.5332442475701082 5.4929665392719462
leaf_count=230843 57972 198234 57718 99130 726298 46700 1829 2 40520 1572 36 705 44 16302 1095 421 619 6322 94828 20017 106309 3381 25504 4195 23085 9936 362 4588 1075 5586
internal_value=-0.0013114 -0.00101511 0.0463528 -0.00172434 -0.00117831 -0.000875338 -0.00061887 0.0300181 -0.00172003 -0.0941652 0.10803 0.378481 1.63503 -0.080835 0.0535969 0.0146266 -0.0517141 -0.000874076 -0.00146802 -0.000508419 -0.0032829 -0.0410473 0.0156237 -0.00647336 0.0284622 0.0588165 -0.0419744 -0.0023391 -0.0541173 0.023883
internal_weight=1617.73 1613.21 23.7978 1589.41 1577.31 1572.49 1568.44 54.4173 1514.02 13.729 2.09075 1.04988 0.0575955 9.54457 44.8727 24.7607 12.4519 1500.29 1489.17 1472.9 1256.75 90.1996 216.142 114.697 66.1739 46.2449 19.929 55.2798 48.5229 41.656
internal_count=1785228 1727256 255952 1471304 1372174 645876 599176 20268 578908 42877 2357 785 80 16304 3964 2135 1040 536031 529709 434881 350707 119864 84174 64157 37578 33021 4557 13555 26579 10174
is_linear=0
shrinkage=0.1


Tree=109
num_leaves=31
num_cat=0
split_feature=43 65 37 66 66 14 72 14 65 65 66 30 16 21 48 20 30 72 48 40 65 65 17 65 48 52 65 66 65 65
split_gain=4.92391 19.1077 8.54477 13.0625 14.3744 9.50807 7.02585 6.42843 4.86771 13.6257 27.0802 11.2999 14.9031 13.0918 14.1832 10.0321 9.71411 9.79451 9.34024 11.3431 9.01178 29.3332 8.5071 8.20456 32.8164 19.54 12.3095 38.6412 11.6114 16.4883
threshold=1.0000000180025095e-35 210.50000000000003 1.4428698420524599 234.50000000000003 235.50000000000003 200.90768090000003 1555480.0000000002 12191.918290147953 229.50000000000003 245.50000000000003 234.50000000000003 1.0000000180025095e-35 634.25000000000011 824608.96875000012 1.0000000180025095e-35 16980.500000000004 1.0000000180025095e-35 507229.00000000006 1.0000000180025095e-35 856.08889770507824 251.50000000000003 255.50000000000003 1.0000000180025095e-35 256.50000000000006 1.0000000180025095e-35 4.5208332538604745 269.50000000000006 245.50000000000003 274.50000000000006 283.50000000000006
decision_type=2 2 2 2 2 2 2 2 2 2 2 2 2 2 2 2 2 2 2 2 2 2 2 2 2 2 2 2 2 2
left_child=1 6 7 -4 5 -5 -1 -2 11 10 -10 12 -3 14 15 -14 20 -18 19 -12 -11 -22 -20 24 25 -23 27 -25 -28 -30
right_child=2 8 3 4 -6 -7 -8 -9 9 16 18 -13 13 -15 -16 -17 17 -19 22 -21 21 23 -24 26 -26 -27 28 -29 29 -31
leaf_value=-0.099781272088590126 0.10567754927105813 -0.085514070414560633 -0.10137288132863408 -0.2152344007122558 -0.10276493534616615 0.11641176624317036 0.19815462301115358 -0.091771167435426071 -0.10430497427601702 0.025445983720247312 -0.1418622156429408 0.077930033130118356 -0.11808689666769996 -0.10448100316120659 0.089974270259302866 0.065309408455372239 -0.12142617172640463 0.094127926393398481 0.047096000888599665 0.15437688725537169 -0.099977920286987321 -0.14100766578637322 -0.10436923597858881 -0.10513678301677938 -0.13890236290906338 0.067944928453959941 0.030528482060891305 0.10435167229165675 -0.11651764197689352 -0.0014052924900644101
leaf_weight=23.67641489302196 15.953336059553267 15.600990820108562 9.1624040372516919 0.92451873654499905 4.9641061674535925 13.306025932455666 0.81887955928868805 1.8389825802732946 37.636487382018458 136.65347824628225 6.8197239714254447 25.638961633878353 7.0047722278759448 6.4327311721353899 26.934132407310244 5.1946070484118536 11.576623128445759 2.5773018500001958 34.135098644553409 1.5948192893993107 29.59438935027265 4.7884515454879013 4.1600488026742815 34.624262509580149 9.9928076752124451 68.450637439929778 116.44179311445157 11.807754002875297 12.613283824205608 922.97892874403226
leaf_count=800433 42081 2345 7260 30 4815 6074 948 207 12359 49199 614 6917 143 6217 12397 128 46306 600 2257 39 19314 1694 1578 4088 3638 61624 35079 2331 946 653567
internal_value=-0.00124399 -0.00219767 0.0309469 -0.00313734 0.0437546 0.0948656 -0.0898213 0.0852696 -0.000797787 -0.00217811 -0.0411813 0.0222024 -0.00115648 0.0277259 0.049458 -0.0399951 0.000237111 -0.0821757 0.00968081 -0.0857156 0.00110248 -0.00164387 0.0306421 0.000818806 0.0310895 0.0542834 -0.00147484 -0.0518635 0.000749088 -0.00295719
internal_weight=1603.9 1557.75 46.1494 28.3571 19.1947 14.2305 24.4953 17.7923 1533.25 1446.45 84.3462 86.8062 61.1672 45.5662 39.1335 12.1994 1362.1 14.1539 46.7097 8.41454 1347.95 1211.29 38.2951 1181.7 83.2319 73.2391 1098.47 46.432 1052.03 935.592
internal_count=1785228 1724761 60467 18179 10919 6104 801381 42288 923380 895233 16847 28147 21230 18885 12668 271 878386 46906 4488 653 831480 782281 3835 762967 66956 63318 696011 6419 689592 654513
is_linear=0
shrinkage=0.1


Tree=110
num_leaves=31
num_cat=0
split_feature=65 13 65 76 24 19 24 74 46 72 36 37 6 6 6 67 8 2 34 18 65 19 27 37 72 51 27 26 76 73
split_gain=4.5557 4.85035 4.31454 10.7344 9.96835 11.6685 15.2978 9.02748 9.16446 8.64011 7.21222 6.82952 7.14003 10.2488 13.3182 6.64325 11.5768 7.70706 10.7582 14.1857 7.185 6.92713 6.66303 6.26616 6.23894 5.98232 5.90615 7.34663 13.8068 246.996
threshold=64245.500000000007 2177.714965820313 16385.000000000004 8015906.5000000009 1010578.5000000001 96.500000000000014 1215.5000000000002 12204326.000000002 1.0000000180025095e-35 7015703.5000000009 0.16904353350400927 0.026990905404090885 688.50000000000011 535.50000000000011 408.50000000000006 4.5000000000000009 192.54707336425784 4.5000000000000009 126.00000000000001 1097.5000000000002 296.50000000000006 1016.5000000000001 91060.042968750015 6.0011618137359628 462879.00000000006 1.0000000180025095e-35 8620.1049804687518 1584522.2500000002 6148422.5000000009 6184337.5000000009
decision_type=2 2 2 2 2 2 2 2 2 2 2 2 2 2 2 2 2 2 2 2 2 2 2 2 2 2 2 2 2 2
left_child=1 2 15 4 5 6 11 8 -7 10 25 -4 13 14 -13 17 -17 18 26 -20 21 -19 -22 -15 -23 -5 -1 28 -28 -30
right_child=-2 -3 3 9 -6 7 -8 -9 -10 -11 -12 12 -14 23 -16 16 -18 20 19 -21 22 24 -24 -25 -26 -27 27 -29 29 -31
leaf_value=-0.0055552159387850866 -0.10653471661386836 0.082691986073752666 -0.10766352913460822 -0.0043986750853922865 -0.20915675640060113 -0.10057022167510306 -0.09303635137944305 -0.042931736228934203 0.060385624535177589 -0.11730857037032448 -0.090446715047857881 0.034608038531182168 -0.094015547619253792 0.12393941555937552 -0.072895135299627919 -0.090029483854324341 0.041404259942679093 0.067326714597750997 0.065709976128306355 -0.17387734079828507 -0.10773541933359319 -0.16517954104196317 0.039055352957089146 -0.15494584737003067 0.15705095821851311 0.10872702549467353 0.036907472553956849 -0.11910862343057449 13.202009236731413 -0.080213931902076457
leaf_weight=1008.1734725148201 4.0934007214871135 6.9105806060206296 4.3001725969315734 165.89805539813005 1.8494568790601977 3.6645594767633147 15.059444249149236 10.378904724914717 102.00458057354263 7.2469364559262592 9.5646242207768903 57.026696097795067 5.0666969409530784 13.046130114607418 14.442565837892941 21.843202377975963 9.6675966315922839 36.693472696685149 3.5602303296136588 8.0797253967630223 6.0114986766025122 2.429321227662967 6.3677433168747939 0.85868525707974264 0.79832172098758736 4.8101684916973673 44.291571010287498 3.0705169007214854 0.015035289470687441 0.20345381133665796
leaf_count=1023019 57972 126454 7718 14001 3536 14430 19773 519 5632 433 53731 46774 16188 5230 21501 150613 26713 89382 1310 10847 21175 632 10257 1969 14 4064 34530 15020 53 1738
internal_value=-0.0011758 -0.000901684 -0.00127047 0.00746831 0.0220596 0.023953 0.000585367 0.0460626 0.0548037 -0.0102493 -0.00594557 0.0154669 0.0213214 0.0281663 0.0128837 -0.00442239 -0.0497053 -0.00314802 -0.00498449 -0.100596 0.0343324 0.0549723 -0.0322279 0.106717 -0.0854794 -0.00121105 -0.00393035 0.0304986 0.0408192 0.8338
internal_weight=1577.43 1573.33 1566.42 415.218 227.698 225.848 109.8 116.048 105.669 187.52 180.273 94.7409 90.4408 85.3741 71.4693 1151.21 31.5108 1119.69 1067.39 11.64 52.3004 39.9211 12.3792 13.9048 3.22764 170.708 1055.75 47.5806 44.5101 0.218489
internal_count=1785228 1727256 1600802 215499 143270 139734 119153 20581 20062 72229 71796 99380 91662 75474 68275 1385303 177326 1207977 1086517 12157 121460 90028 31432 7199 646 18065 1074360 51341 36321 1791
is_linear=0
shrinkage=0.1


Tree=111
num_leaves=31
num_cat=0
split_feature=51 76 73 69 43 65 37 66 66 24 20 72 65 65 65 66 30 16 36 48 20 30 72 48 40 65 65 17 65 48
split_gain=841.593 701.405 5828.88 71.2138 4.35683 16.9661 7.33022 12.1085 13.0391 7.59818 5.85439 5.38434 4.14079 3.92905 11.6724 21.5024 11.0277 12.2449 10.7286 11.9001 8.7825 8.43622 8.70991 8.07597 9.96555 7.97153 25.532 7.20901 6.9074 28.2873
threshold=4.5000000000000009 6148422.5000000009 6184337.5000000009 21852.013671875004 1.0000000180025095e-35 210.50000000000003 0.67954218387603771 234.50000000000003 235.50000000000003 43619.500000000007 218.50000000000003 1555480.0000000002 64245.500000000007 229.50000000000003 249.50000000000003 234.50000000000003 1.0000000180025095e-35 634.25000000000011 2.4400724172592168 1.0000000180025095e-35 16980.500000000004 1.0000000180025095e-35 507229.00000000006 1.0000000180025095e-35 856.08889770507824 251.50000000000003 255.50000000000003 1.0000000180025095e-35 256.50000000000006 1.0000000180025095e-35
decision_type=2 2 2 2 2 2 2 2 2 2 2 2 2 2 2 2 2 2 2 2 2 2 2 2 2 2 2 2 2 2
left_child=4 -2 3 -3 5 11 10 -8 9 -9 -6 -1 13 16 15 -15 17 -7 -19 20 -20 25 -23 24 -17 -16 -27 -25 29 -28
right_child=1 2 -4 -5 6 12 7 8 -10 -11 -12 -13 -14 14 21 23 -18 18 19 -21 -22 22 -24 27 -26 26 28 -29 -30 -31
leaf_value=-0.099069292232572534 -0.034275170915761773 -16.165533079634777 -0.10033539157090716 -13.28460717475461 -0.1047460410684906 -0.081902613185639767 -0.10127250530557524 0.10793410953818712 -0.10249601962862416 -0.30970315926528513 0.10316473563617778 0.14936827750657677 -0.10602920667618827 -0.092179650635826949 0.024942068668828865 -0.13874146215217653 0.077871778035852587 -0.09502658586694461 -0.11614322774075901 0.085419157911596849 0.057058332513844429 -0.12149158221303742 0.08704898635003927 0.042332628868535761 0.15126025964586975 -0.097019339693468071 0.050883395368688536 -0.10359285322844534 -0.0009838603315631769 -0.1368788891872009
leaf_weight=21.2249915621253 1.5205345602353184 0.15369326062500466 1.4054568653700696 0.19424247276037931 1.4932596953840427 14.603532249075441 8.3666094705986342 12.964537457344704 4.519273063796617 0.45076967775821764 14.557972942342074 0.90975549704171399 3.7205148526347775 38.988147077090616 130.14295439069861 6.2909399754635151 24.005888923416933 6.4055465764904502 6.4064403249358275 24.295337300416577 5.3913711880159099 10.189458333533365 2.4927325914395615 34.213201952450845 1.4599423240870235 27.132663826348562 70.57796246845183 3.7572030658357098 1077.1779310537081 9.0529028661131559
leaf_count=800330 6892 25 7300 28 707 2273 7397 6145 4892 5 41249 947 57968 13106 48224 643 4371 6338 134 1410 128 44676 595 2432 39 19311 63318 1654 639055 3636
internal_value=-0.00442635 -1.60605 -2.96909 -14.5572 -0.00106677 -0.00194915 0.0305686 -0.00193162 0.0444116 0.093901 0.0838226 -0.0888583 -0.000663503 -0.000400861 -0.00163076 -0.0376201 0.0210024 -0.00290566 0.0242395 0.045406 -0.0369935 0.000667035 -0.0805021 0.00890466 -0.0841173 0.0014504 -0.00113189 0.0278932 0.00111713 0.0295375
internal_weight=1564.07 3.27393 1.75339 0.347936 1560.79 1518.44 42.3524 26.3012 17.9346 13.4153 16.0512 22.1347 1496.3 1492.58 1411.48 84.7094 81.1081 57.1022 42.4987 36.0931 11.7978 1326.77 12.6822 45.7213 7.75088 1314.08 1183.94 37.9704 1156.81 79.6309
internal_count=1785228 14245 7353 53 1770983 1710588 60395 18439 11042 6150 41956 801277 909311 851343 836689 17874 14654 10283 8010 1672 262 818815 45271 4768 682 773544 725320 4086 706009 66954
is_linear=0
shrinkage=0.1


Tree=112
num_leaves=31
num_cat=0
split_feature=38 7 43 65 52 66 24 66 72 65 25 13 65 76 25 76 20 30 24 19 24 38 74 46 72 24 16 2 12 27
split_gain=3.86326 4.90381 3.88557 15.1897 6.52529 5.62834 11.0185 7.33971 4.64167 3.71439 3.70535 3.65643 3.52495 8.99502 8.86356 10.7919 13.0157 10.3098 8.69947 9.91344 13.4425 7.80824 7.67691 7.9139 7.0318 6.75805 6.75158 6.97754 10.7055 8.49413
threshold=498.50000000000006 223.00000000000003 1.0000000180025095e-35 210.50000000000003 7.5625000000000009 234.50000000000003 102890.00000000001 235.50000000000003 1555480.0000000002 64245.500000000007 107027475.50000001 2177.714965820313 16385.000000000004 8015906.5000000009 1074820.0000000002 6017062.5000000009 5803841.5000000009 1.0000000180025095e-35 1010578.5000000001 96.500000000000014 13992.000000000002 4.0000000000000009 12204326.000000002 1.0000000180025095e-35 7015703.5000000009 12826.000000000002 3116731.5000000005 4.5000000000000009 38.029411315917976 12119.504394531252
decision_type=2 2 2 2 2 2 2 2 2 2 2 2 2 2 2 2 2 2 2 2 2 2 2 2 2 2 2 2 2 2
left_child=1 2 3 8 5 -4 7 -7 10 11 -1 12 14 18 15 16 26 -18 19 20 25 -16 23 -21 -15 -14 27 29 -29 -5
right_child=-2 -3 4 9 -6 6 -8 -9 -10 -11 -12 -13 13 24 21 -17 17 -19 -20 22 -22 -23 -24 -25 -26 -27 -28 28 -30 -31
leaf_value=-0.10332854897247777 -0.13141943378272011 0.072451717457958836 -0.069119562709096763 -0.0064197447312472275 0.07838276928814164 0.087501013540407874 -1.0686179604303321 -0.068913648647321066 0.12654684871334934 -0.10555418865428796 0.28743453360279703 0.075739892796621577 0.010971385076681557 -0.0052484464670545178 -0.078029477051379595 0.06311129989583722 -0.11423206079893254 0.091221418138103291 -0.20419075296412972 -0.10052010433155419 -0.10469515122586602 0.060215396752502863 -0.037338120119970293 0.056892342369726435 -0.10588563748698386 0.44888677670147381 0.075647760311094145 0.056016020625808662 -0.097675078349751379 0.061727217850271111
leaf_weight=19.179056023775964 2.2672297153312675 9.0881691940510319 8.4838012986802216 910.47044934898429 16.233190902166825 9.9948129583935899 0.09012808654006299 4.2867100160578682 0.96291235658281848 3.3803697678908966 0.24577154177950333 6.2459306046275733 95.190151794484024 180.3493717639781 26.29390257990929 24.554100301975723 16.851939164281251 2.8564456057465568 1.706969645169919 3.3016122415674536 10.885079427097933 4.8372100277571226 10.694591982039126 97.837049626141379 7.2210261826911042 0.35371375617069034 10.966359634301623 36.342170469273697 5.177931118230048 18.665480717136234
leaf_count=795331 178 4927 4156 211393 46395 6364 37 3515 948 57960 3330 109722 101878 71796 135709 51420 19143 1265 3536 14424 17141 14598 519 5632 433 95 638 21829 64763 16153
internal_value=-0.000979504 -0.000787809 -0.00122181 -0.00203582 0.0299022 -0.00453133 0.0335961 0.0405519 -0.0877609 -0.000850256 -0.0983844 -0.000609613 -0.000935223 0.00696573 -0.00398149 -0.0023863 -0.0039924 -0.0844545 0.0206846 0.0224433 0.000596926 -0.0565487 0.0432339 0.0517537 -0.00912275 0.0125926 -0.00237693 -0.00325845 0.0368494 -0.00505074
internal_weight=1545.01 1542.75 1533.66 1494.57 39.0886 22.8555 14.3717 14.2815 20.3877 1474.18 19.4248 1470.8 1464.56 407.54 1057.02 1025.88 1001.33 19.7084 219.969 218.262 106.429 31.1311 111.833 101.139 187.57 95.5439 981.622 970.656 41.5201 929.136
internal_count=1785228 1785050 1780123 1719656 60467 14072 9916 9879 799609 920047 798661 862087 752365 215454 536911 386604 335184 20408 143225 139689 119114 150307 20575 20056 72229 101973 314776 314138 86592 227546
is_linear=0
shrinkage=0.1


Tree=113
num_leaves=31
num_cat=0
split_feature=66 66 24 66 37 19 36 41 21 37 17 15 65 15 19 67 66 66 39 66 66 18 65 66 66 40 4 48 1 14
split_gain=3.6137 4.0628 10.4008 9.35416 6.93567 9.11957 7.98894 6.60644 6.99882 22.545 6.44996 22.0802 6.24184 6.18817 7.90105 6.56467 6.16745 8.79089 7.01269 5.55423 9.95879 13.4072 11.9789 9.84089 21.5489 9.53611 10.0766 12.1456 9.4605 7.69715
threshold=29340.000000000004 28952.000000000004 13992.000000000002 1455.5000000000002 0.19780705869197848 52.500000000000007 2310.8037109375005 3.2393932342529301 2509193.1250000005 0.24163942039012912 144.27981567382815 15655.637254901952 234.50000000000003 90909.09090954547 17.500000000000004 1154.0000000000002 1029.5000000000002 288.50000000000006 7227.5000000000009 234.50000000000003 235.50000000000003 28920.500000000004 235.50000000000003 1.0000000180025095e-35 219.50000000000003 2.466666698455811 148.50000000000003 1.0000000180025095e-35 6145183.0000000009 100884.71246674102
decision_type=2 2 2 2 2 2 2 2 2 2 2 2 2 2 2 2 2 2 2 2 2 2 2 2 2 2 2 2 2 2
left_child=1 3 4 16 -3 -6 7 8 9 -7 11 -8 -4 15 -15 -5 17 19 -19 23 21 -21 -22 29 -25 -26 27 -27 -23 -1
right_child=-2 2 12 13 5 6 10 -9 -10 -11 -12 -13 -14 14 -16 -17 -18 18 -20 20 22 28 -24 24 25 26 -28 -29 -30 -31
leaf_value=0.0010130406954555703 -0.1002734274822609 0.095863968845964195 0.28430372823036859 -0.12727536166678727 0.076575423324498224 -1.0664806458969904 -2.6689766543716225 -0.045849671126915847 0.10137803499248273 -0.17547452949457201 0.081273091713279386 -0.10063232578104626 -0.10023201814384899 -0.16868056412216401 0.20129882654065501 0.11744522053190734 0.069667280536321138 -0.089297656256169214 0.11988061038994542 0.11490279820870367 -0.10934040156004728 -0.021906503084444758 0.007762805846868834 -0.099360442689722481 -0.074259723765059002 0.065128919816325112 -0.10579589205201559 -0.10393281034680071 0.076328797473611765 -0.043118116457523711
leaf_weight=1085.7806868173843 3.6505662355655195 17.296837355628668 0.44775941967964072 12.12010781372396 11.669607389143495 0.34257696196436782 0.03683458175510157 4.8868351690034615 0.46872457396239031 1.6602481985610209 4.7789399330504239 0.3667999561293982 7.3728004585268536 0.90793189715623102 1.5845777808040109 1.2051501974492556 12.324058619577725 16.929569881438059 1.7702883822294087 20.26232180200158 9.2961665409275138 25.628661826884123 144.78827337103431 32.899578084046105 12.424929692207888 32.773936404048072 5.1605064782297623 4.882458569823938 15.876530706248973 41.014993896759279
leaf_count=676855 55510 1856 2 61692 1133 36 4 252 50 243 271 186 16311 1611 795 28 14926 157550 267 8776 23203 12768 62446 200887 3444 68808 6557 850 120288 287623
internal_value=-0.000898424 -0.000660844 0.0275708 -0.0016033 0.0475024 0.0129513 -0.0462523 -0.113235 -0.246471 -0.327878 0.0488515 -0.335012 -0.0782158 -0.0780912 0.0665286 -0.105143 -0.000775655 -0.00137459 -0.0694951 -0.000484277 0.0142974 0.0482228 0.000697778 -0.00311046 -0.0352895 0.00286832 0.0252499 0.0432087 0.0156704 -0.000593319
internal_weight=1530.61 1526.96 49.328 1477.63 41.5074 24.2106 12.541 7.35838 2.47155 2.00283 5.18257 0.403635 7.82056 15.8178 2.49251 13.3253 1461.81 1449.49 18.6999 1430.79 215.852 61.7675 154.084 1214.94 88.1414 55.2418 42.8169 37.6564 41.5052 1126.8
internal_count=1785228 1729718 20344 1709374 4031 2175 1042 581 329 279 461 190 16313 64126 2406 61720 1645248 1630322 157817 1472505 227481 141832 85649 1245024 280546 79659 76215 69658 133056 964478
is_linear=0
shrinkage=0.1


Tree=114
num_leaves=31
num_cat=0
split_feature=38 7 23 48 72 76 34 65 34 19 65 1 19 19 17 24 21 36 14 10 52 16 40 24 34 34 65 65 40 20
split_gain=3.44025 4.19787 3.31677 7.19215 8.72539 11.8828 9.91363 8.76286 16.7308 12.6001 12.3691 16.8849 11.1183 9.97626 11.9487 18.1268 7.81188 7.31137 7.23332 10.9731 6.93876 6.86459 9.78423 12.0642 9.06987 8.88606 8.6447 8.4926 8.13323 7.73339
threshold=498.50000000000006 223.00000000000003 506261.00000000006 1.0000000180025095e-35 14935.500000000002 5007308.0000000009 274.00000000000006 29000.000000000004 122.00000000000001 514.50000000000011 410.50000000000006 5055342.5000000009 693.50000000000011 999856.50000000012 731237.50000000012 13992.000000000002 10500383.000000002 5.3949143886566171 139.05046995000001 1685.5000000000002 7.5625000000000009 6038.6354980468759 2.466666698455811 36413.000000000007 94.000000000000014 90.000000000000014 16385.000000000004 1540.5000000000002 2.0333333015441899 40190.000000000007
decision_type=2 2 2 2 2 2 2 2 2 2 2 2 2 2 2 2 2 2 2 2 2 2 2 2 2 2 2 2 2 2
left_child=1 2 21 4 5 7 -6 8 9 20 11 17 -12 14 -9 18 -8 -11 -16 -20 -4 24 23 -23 25 26 27 -1 -26 -25
right_child=-2 -3 3 -5 6 -7 16 13 -10 10 12 -13 -14 -15 15 -17 -18 -19 19 -21 -22 22 -24 29 28 -27 -28 -29 -30 -31
leaf_value=-0.0039425937843516464 -0.12905639620716045 0.068744792050877787 0.035374196577857474 -0.059913117757917383 -0.069122985628784092 0.067588874188333967 0.0020696628495031981 0.086557136938693074 -0.11278866367185487 0.053758786043169353 -0.015039561825572482 -0.13623934602860724 -0.10562749818389008 -0.13032562408396428 0.077488455753834284 -0.11195299235455325 -0.1072529173304492 0.80562157665252299 -0.11156816589364447 0.10483102948326427 -0.093237450098459726 -0.095064918254765957 -0.0092638363316932242 0.11975505323631788 0.050632846295111868 -0.23349236772797455 0.053398331254927073 -0.094017823610226731 -0.02464526579038484 -0.031775349375701901
leaf_weight=511.79777597099707 2.0885977065531725 8.6732198443519319 101.22993666254467 16.759405306621602 23.563837824022926 41.051313646889128 227.32403733470323 36.935571845045615 12.511385653003627 28.885485009612243 36.495764690480428 5.348283931759851 21.548212417098512 3.373616401016533 21.485326203533763 9.6197603173036423 6.7298679487103064 0.12991837790468608 5.9366302608405004 3.8712696821194186 4.3762427055016806 31.829506594052219 221.85079174148504 4.6104166228451531 59.88406992844466 1.6775746371706635 25.904149624474485 10.68572877920411 18.876602699880323 12.497954918867434
leaf_count=407864 178 4927 33391 13090 109440 162663 158457 16467 32227 6174 155 1062 3402 941 6119 13309 811 34 5246 2571 13638 32216 655825 498 8539 226 20688 28037 39909 7124
internal_value=-0.000803007 -0.000626249 -0.00102556 0.00468531 0.00651899 0.0172147 -0.00729809 0.0101266 -0.000638126 0.00644804 -0.0205188 0.0270305 -0.0486694 0.0380286 0.0453243 0.00809997 -0.00107374 0.0571253 0.0450051 -0.0261534 0.0300446 -0.00487998 -0.0181915 -0.0586637 0.000852318 -0.00369215 -0.00298917 -0.00578479 0.0325909 0.00905953
internal_weight=1517.55 1515.46 1506.79 607.176 590.416 332.799 257.618 291.747 210.525 198.014 92.4077 34.3637 58.044 81.2222 77.8486 40.913 234.054 29.0154 31.2932 9.8079 105.606 899.615 270.789 48.9379 628.826 550.065 548.388 522.484 78.7607 17.1084
internal_count=1785228 1785050 1780123 579197 566107 297399 268708 134736 90083 57856 10827 7270 3557 44653 43712 27245 159268 6208 13936 7817 47029 1200926 695663 39838 505263 456815 456589 435901 48448 7622
is_linear=0
shrinkage=0.1


Tree=115
num_leaves=31
num_cat=0
split_feature=43 65 37 66 66 14 14 72 65 65 66 39 65 4 48 37 19 1 30 72 48 40 16 19 17 37 17 36 19 19
split_gain=3.33396 13.1628 6.03464 9.42505 9.57866 5.60878 5.05605 4.31342 4.03031 8.98939 21.0127 7.64537 8.34145 9.40517 7.66558 8.15737 12.3897 10.4079 7.41077 7.4441 7.36822 7.9784 6.54847 6.83911 6.13911 6.10715 31.0137 68.0811 195.858 231.125
threshold=1.0000000180025095e-35 210.50000000000003 0.67954218387603771 234.50000000000003 235.50000000000003 200.90768090000003 12191.918290147953 1555480.0000000002 229.50000000000003 245.50000000000003 234.50000000000003 6.5000000000000009 228.00000000000003 1020.5000000000001 1.0000000180025095e-35 1.3172097206115725 215137.00000000003 536.50000000000011 1.0000000180025095e-35 507229.00000000006 1.0000000180025095e-35 856.08889770507824 35866.783203125007 42828.000000000007 1.0000000180025095e-35 1.2138417363166811 1775539.8750000002 0.25594939291477209 2.5000000000000004 4.5000000000000009
decision_type=2 2 2 2 2 2 2 2 2 2 2 2 2 2 2 2 2 2 2 2 2 2 2 2 2 2 2 2 2 2
left_child=1 7 6 -4 5 -5 -2 -1 11 10 -10 14 -13 -14 22 16 17 -16 -11 -20 21 -12 -3 -24 -22 -19 27 28 -27 -30
right_child=2 8 3 4 -6 -7 -8 -9 9 18 20 12 13 -15 15 -17 -18 25 19 -21 24 -23 23 -25 -26 26 -28 -29 29 -31
leaf_value=-0.09735603152302709 0.10120137595263241 -0.11025534230715893 -0.1013401045078226 -0.10537497766187071 -0.1019170502590723 0.11299990864584042 -0.090160232111688471 0.11768685512298485 -0.099511489873192721 0.00096754354639461571 -0.13601778825723063 -0.081815584029555077 0.099786765914577372 -0.12349913675979858 -0.12317990855870896 -0.061798537277802025 -0.052006478835151776 0.11987843752846446 -0.1217300970952378 0.080610615228611626 0.039429687343248289 0.15139332376431303 0.12518395971349774 -0.11089088875326605 -0.10236573006003682 -0.10001435148768152 -0.10002170234872863 -0.10001570643224718 53.51407247314657 -0.10001315027833944
leaf_weight=17.310818889447322 12.588648779047643 9.7835466385677119 6.7901930480966284 1.33672814676538 3.5484592147222136 9.7909547382441797 1.5507980924303399 0.98588733393717021 30.332559962302184 1283.4321992250957 5.6371428016891505 3.5379035382939064 23.637389457893736 2.0500547072606414 1.8951154891401589 8.4119514448884711 7.9515220899193073 15.70350445270196 8.9489225179170244 2.2818320254420987 33.486542286167605 1.1655490216799078 3.0300498560682163 2.0624330868304241 3.3597317313142403 0.0058825215819532373 0.075026818456535693 0.015183568953943904 0.0018651814461918548 0.0014133317599771544
leaf_count=800433 41749 415 7434 76 4927 6074 207 948 12359 831480 614 145 3574 9770 17 6204 101 7257 46306 600 2257 39 46 79 1578 41 350 98 39 11
internal_value=-0.00074735 -0.00148213 0.0294874 -0.00392466 0.0411464 0.0867673 0.0802131 -0.0857688 -0.000416219 -0.00167752 -0.0355804 0.0216694 0.06214 0.0819668 -0.0024996 0.0236559 0.0516814 0.0982672 0.000259808 -0.0806191 0.00884665 -0.0867738 -0.0623876 0.0295747 0.0265004 0.124824 0.906305 4.00767 10.8158 30.4016
internal_weight=1500.71 1465.1 35.6058 21.4663 14.6761 11.1277 14.1394 18.2967 1446.81 1368.64 73.9815 78.1628 29.2253 25.6874 48.9375 34.0615 25.6495 17.698 1294.66 11.2308 43.649 6.80269 14.876 5.09248 36.8463 15.8029 0.0993714 0.0243446 0.00916103 0.00327851
internal_count=1785228 1724761 60467 18511 11077 6150 41956 801381 923380 895233 16847 28147 13489 13344 14658 14118 7914 7813 878386 46906 4488 653 540 125 3835 7796 539 189 91 50
is_linear=0
shrinkage=0.1


Tree=116
num_leaves=31
num_cat=0
split_feature=51 19 28 14 69 72 18 65 5 3 5 67 3 39 39 6 6 6 40 66 22 35 4 4 9 41 41 21 28 12
split_gain=57.9215 224.31 713.199 41052.3 3.8846 222.252 775.616 3.33225 3.20915 5.53725 4.40463 4.18763 3.36856 5.11312 9.88702 6.01649 8.43478 8.37088 7.97674 142.588 843.735 5.46548 5.87975 14.611 7.14941 7.43846 6.2742 5.70516 5.24722 6.67228
threshold=4.5000000000000009 3.5000000000000004 3998539.5000000005 9.2744829055000029 23095.909179687504 22396.500000000004 6408416.0000000009 64245.500000000007 9807.5000000000018 8.5000000000000018 4262.5000000000009 39.500000000000007 14.500000000000002 2124.5000000000005 1789.5000000000002 389.50000000000006 517.50000000000011 340.50000000000006 32.423961639404304 118.50000000000001 4955008.0000000009 106.00000000000001 196.50000000000003 36.500000000000007 0.72864356637001049 12.501666545867922 106.80784988403322 47.049999237060554 5000475.0000000009 701.61248779296886
decision_type=2 2 2 2 2 2 2 2 2 2 2 2 2 2 2 2 2 2 2 2 2 2 2 2 2 2 2 2 2 2
left_child=7 4 3 -3 5 -2 -7 8 10 -10 12 -11 13 14 15 17 18 21 19 20 -17 22 23 24 -1 27 -25 -26 -15 -30
right_child=1 2 -4 -5 -6 6 -8 -9 9 11 -12 -13 -14 28 -16 16 -18 -19 -20 -21 -22 -23 -24 26 25 -27 -28 -29 29 -31
leaf_value=-0.0011508468653210033 -0.0094093435270112616 -323.338618530845 -0.10003326714488932 -0.10003214796103771 -0.10026106607121105 50.149564711376797 -0.10001635734938373 -0.10522814693574459 0.097962850902932455 -0.064341616508776733 -0.065996095698538051 0.061966296702835905 0.05071623706311848 -0.12014295014642479 0.1002795978923342 -0.10000605457285346 0.0027463149630105235 0.084333803524985443 -0.10667210874840993 -0.10080742143862038 99.323539898615664 -0.058446521445488009 0.048784650598906687 -0.098843352874843443 -0.023158073920949929 -0.082164788294647198 0.084595871139752796 0.069977336835578094 -0.12539038887773868 0.14406956393498638
leaf_weight=1265.7428223666186 1.1032503665428519 0.004021796863525994 0.4869063101705251 0.17043288794775435 1.0467916801208046 0.003980131499701999 0.013458521541906521 3.0434440749736487 8.9034563449741384 5.9775878188739773 10.359479310753612 4.6798939857526998 12.700722861300163 7.0756238690928495 9.6702630334686983 0.0056387091699424676 17.665815224219841 11.620297201251558 14.55946713604976 0.11950230363527226 0.0010057979434350273 16.307469025758337 24.06245976432524 20.024000952784267 8.1606304839259831 4.5898910915016975 2.0559954119039494 33.896164354480788 1.6317302537081562 2.1036375658968609
leaf_count=324341 5764 41 2631 916 4783 13 97 57968 192976 52530 99127 10415 30884 17268 7854 117 35381 7029 45396 506 18 44010 24654 738873 617 14010 27017 25638 12976 1378
internal_value=-0.00155937 -0.453626 -2.06568 -7.55182 0.0382575 0.167642 11.3688 -0.000698184 -0.000483508 0.0397525 -0.00102172 -0.00887752 -0.000558149 -0.00101061 -0.00049209 -0.00117893 -0.043809 -0.000184201 -0.099812 0.691962 14.95 -0.000898557 -0.000207766 -0.00109117 0.000266061 0.0387134 -0.0817623 0.0519055 -0.0695236 0.0263607
internal_weight=1487.79 2.82884 0.661361 0.174455 2.16748 1.12069 0.0174387 1484.96 1481.91 19.5609 1462.35 10.6575 1451.99 1439.29 1428.48 1418.81 32.3514 1386.46 14.6856 0.126147 0.00664451 1374.84 1358.53 1334.47 1312.39 46.6467 22.08 42.0568 10.811 3.73537
internal_count=1785228 14245 3588 957 10657 5874 110 1770983 1713015 255921 1457094 62945 1357967 1327083 1295461 1287607 81418 1206189 46037 641 135 1199160 1155150 1130496 364606 40265 765890 26255 31622 14354
is_linear=0
shrinkage=0.1


Tree=117
num_leaves=31
num_cat=0
split_feature=51 72 72 73 70 2 66 66 40 52 8 34 5 8 76 16 37 74 6 6 6 16 15 8 2 66 5 4 27 39
split_gain=59.9434 84.954 7219.41 34645.4 16.5258 44.8049 220.659 3364.86 6350.32 39673.8 92565.8 101.242 891.124 7.37857 3.48843 5.43361 3.758 3.93257 3.64007 10.6316 7.47513 8.08111 6.51106 6.35236 4.95601 6.48006 5.77769 5.63493 7.49473 4.69079
threshold=4.5000000000000009 22396.500000000004 23043.500000000004 6521632.0000000009 16.925988197326664 10.500000000000002 110.50000000000001 107.50000000000001 32.464284896850593 28.758333206176761 38.013513565063484 326.00000000000006 332.50000000000006 148.59027862548831 8020555.5000000009 10506904.000000002 0.3134343028068543 12204326.000000002 517.50000000000011 477.50000000000006 640.50000000000011 25293.166992187504 13.441432335000002 202.79286193847659 7.5000000000000009 28952.000000000004 3509.0000000000005 136.50000000000003 83017.105468750015 2021.5000000000002
decision_type=2 2 2 2 2 2 2 2 2 2 2 2 2 2 2 2 2 2 2 2 2 2 2 2 2 2 2 2 2 2
left_child=4 -2 3 -3 14 6 7 11 9 -9 -11 -6 -13 -7 15 18 17 -16 19 23 22 -22 -20 24 26 27 29 28 -26 -1
right_child=1 2 -4 -5 5 13 -8 8 -10 10 -12 12 -14 -15 16 -17 -18 -19 20 -21 21 -23 -24 -25 25 -27 -28 -29 -30 -31
leaf_value=-0.00099408593246058294 -0.039796972490856092 -381.79930916800117 -0.10003381937155094 -0.10001414315258184 -0.10044887074784475 -0.087315356342927308 -0.071293266125693422 -0.10018344302628435 -0.10000443899346115 70.334152681538157 -1179.3045684979659 -99.526335268152337 -0.10000583663525225 0.063968747761348366 0.037033478208720716 -0.074501255542395908 -0.068053306379508474 -0.029525285947962318 0.11198012226959007 -0.10900425672846979 0.049868704414963896 -0.089501136727825351 -0.048188071792392498 0.10286132556717623 -0.10504860899263813 0.087196790139983604 0.083972202584003938 -0.10358625259909815 0.13422036850886729 -0.12373641588028016
leaf_weight=1297.1432784787689 1.6566574633216071 0.002881849795812629 0.97416079515460297 0.013599663943750784 0.51967321192353155 6.7771153207695063 2.9400598671214766 0.0096999738107115263 0.0212981373592811 0.0014197656764736175 0.0010176351406698814 0.0010057698273158175 0.008689840112310776 6.1491198996152923 57.509530961289272 10.142337223098592 4.4542305389120989 10.497316065692301 12.928789823792046 9.1945356935575528 8.9463318880127662 7.7769610689337005 3.1579856882178765 5.8513395410404874 2.5419615981031773 3.0351780647479236 7.9968228162492769 13.827593483457802 2.6992853652131998 3.1210531494721172
leaf_count=1124015 7854 24 6255 112 6216 120994 13710 43 914 42 41 17 207 21226 184165 4630 23069 10229 7221 22612 26209 28063 6768 2554 1832 2945 66599 85786 6381 4495
internal_value=-0.00243239 -0.477856 -1.21042 -66.8415 -0.00158041 -0.101315 -0.41855 -2.2326 -32.9992 -90.7293 -451.4 -0.289345 -10.414 -0.0153482 -0.000458749 -0.00157514 0.0209315 0.0267597 -0.00103848 -0.00184103 0.0318709 -0.0149435 0.0805376 -0.00110363 -0.0015609 -0.048517 -0.000767545 -0.0701185 0.0181769 -0.00128871
internal_weight=1479.9 2.6473 0.990642 0.0164815 1477.25 16.4291 3.50286 0.562804 0.0334355 0.0121374 0.0024374 0.529369 0.00969561 12.9262 1460.82 1388.36 72.4611 68.0068 1378.22 1345.41 32.8101 16.7233 16.0868 1336.22 1330.37 22.104 1308.26 19.0688 5.24125 1300.26
internal_count=1785228 14245 6391 136 1770983 163410 21190 7480 1040 126 83 6440 224 142220 1607573 1390110 217463 194394 1385480 1317219 68261 54272 13989 1294607 1292053 96944 1195109 93999 8213 1128510
is_linear=0
shrinkage=0.1


Tree=118
num_leaves=31
num_cat=0
split_feature=70 2 66 66 40 12 13 3 36 20 48 16 65 68 37 20 19 23 65 65 34 9 65 65 65 65 65 1 24 15
split_gain=124.318 620.925 5557.02 69987 676912 5.69779 7.88214 4.97622 3.13365 8.42292 4.97058 4.81755 5.90445 5.17054 5.10772 9.95632 12.1658 11.7637 10.5402 8.27624 8.11634 8.10838 6.59304 6.5823 6.6063 18.4737 5.88279 5.46768 16.4994 8.59633
threshold=23130.504882812504 10.500000000000002 110.50000000000001 107.50000000000001 32.464284896850593 15.683333396911623 42.252704620361335 8.5000000000000018 84523.812500000015 4.5000000000000009 1.0000000180025095e-35 28.583333015441898 1144.0000000000002 30.000000000000004 1497.5666503906252 725.50000000000011 324.50000000000006 1057.5000000000002 296.50000000000006 294.50000000000006 66.000000000000014 1269.3906860351565 228.00000000000003 274.50000000000006 269.50000000000006 253.50000000000003 274.50000000000006 225.50000000000003 170.50000000000003 9913.2742058324966
decision_type=2 2 2 2 2 2 2 2 2 2 2 2 2 2 2 2 2 2 2 2 2 2 2 2 2 2 2 2 2 2
left_child=8 2 3 -2 -5 6 -3 -7 11 -10 -11 12 13 -1 15 16 18 21 19 23 26 -17 -16 24 25 27 -18 28 -13 -30
right_child=1 5 -4 4 -6 7 -8 -9 9 10 -12 14 -14 -15 22 17 20 -19 -20 -21 -22 -23 -24 -25 -26 -27 -28 -29 29 -31
leaf_value=-0.086317100152650872 -0.10029241533712632 0.054839289291435084 -0.066961609495048924 -1982.0084424775509 -0.10000388782128709 0.14338535407679237 0.99981669093196135 -0.10629295677131929 -0.0025751820585184302 0.076191239889596848 0.36811625066155229 0.013927493854015814 0.033411559825645087 -0.0046158756352513413 -0.080823515252008038 0.042460382015257044 -0.047865542323298323 -0.00090062225351533569 -0.086799343847941038 0.10512657308161594 0.11253920229910397 0.98480606709473806 0.020545010267200972 -0.11347852332495936 0.027365965777367288 -0.10969670910293992 -0.11998527555354371 0.033717301518047672 -0.03035252936944793 -0.19511994240645664
leaf_weight=20.166159472226695 0.21296988902365344 4.4459229287786002 1.855138836953756 0.0019173438840880399 0.01702940432073774 0.92690779481748098 0.090055485066841245 5.750879656258844 34.273960595380231 13.812598907625212 0.60897802144609237 40.431690620115177 9.837755393356586 12.576954485538634 6.6938744540244377 62.839313626403055 45.701890979699996 894.65774139972837 15.38605582091523 7.1237501126888665 2.6665423577651373 0.091441877731994192 154.69079626355929 5.4066841682579243 53.424911320020328 17.478437682197068 15.029929319497354 34.745038385677162 6.0386384246921789 6.6572342253348324
leaf_count=12066 4209 2865 8126 104 857 677 44 125661 21642 5364 24 3445 4517 10474 269414 20926 217336 727416 36233 53 30 13 60911 267 398 4546 20257 225767 981 605
internal_value=-0.0033102 -0.30765 -1.89141 -16.4855 -200.662 -0.012888 0.0736005 -0.0716365 -0.000538262 0.0244029 0.0885183 -0.00139862 -0.0345236 -0.0549349 -0.000368364 -0.0026012 -0.0203682 0.00203896 -0.00751544 -0.000394474 -0.0582164 0.0438297 0.0163405 -0.00497295 -0.00127808 -0.0158039 -0.0657138 0.00287204 -0.0173005 -0.11675
internal_weight=1473.64 13.3008 2.08706 0.231917 0.0189467 11.2138 4.53598 6.67779 1460.34 48.6955 14.4216 1411.64 42.5809 32.7431 1369.06 1207.68 250.091 957.588 186.692 171.306 63.3984 62.9308 161.385 164.183 158.776 105.351 60.7318 87.8726 53.1276 12.6959
internal_count=1785228 142543 13296 5170 961 129247 2909 126338 1642685 27030 5388 1615655 27057 22540 1588598 1258273 509918 748355 272295 236062 237623 20939 330325 236009 235742 235344 237593 230798 5031 1586
is_linear=0
shrinkage=0.1


Tree=119
num_leaves=31
num_cat=0
split_feature=66 66 24 66 37 19 15 15 19 67 66 66 6 65 66 66 74 69 14 23 43 65 40 30 68 24 29 21 66 66
split_gain=3.18449 3.18719 8.43046 7.87737 5.92856 7.07796 5.94803 5.81195 6.27125 5.42254 4.84531 7.28475 5.76348 4.64311 4.30613 29.4778 71.6426 920.606 6.65891 6.75119 8.276 6.86683 6.46477 8.92471 6.24934 6.40362 7.91931 8.68865 6.12182 17.6716
threshold=29340.000000000004 28952.000000000004 13992.000000000002 1455.5000000000002 0.19780705869197848 52.500000000000007 4377.9648295000015 90909.09090954547 17.500000000000004 1154.0000000000002 1029.5000000000002 288.50000000000006 550.50000000000011 234.50000000000003 219.50000000000003 1.0000000180025095e-35 35305824.000000007 58743.500000000007 100884.71246674102 47.500000000000007 1.0000000180025095e-35 249.50000000000003 2.0333333015441899 1.0000000180025095e-35 38.000000000000007 15967.500000000002 552.50000000000011 42489.714843750007 237.50000000000003 245.50000000000003
decision_type=2 2 2 2 2 2 2 2 2 2 2 2 2 2 2 2 2 2 2 2 2 2 2 2 2 2 2 2 2 2
left_child=1 3 4 10 -3 -6 -7 9 -9 -5 11 14 -13 -4 15 18 -17 -18 19 21 -21 -1 -20 -24 25 26 28 -28 -16 -30
right_child=-2 2 13 7 5 6 -8 8 -10 -11 -12 12 -14 -15 24 16 17 -19 22 20 -22 -23 23 -25 -26 -27 27 -29 29 -31
leaf_value=-0.059802837708991322 -0.10023902692729597 0.09344063629829838 0.22444803222021675 -0.12837183815197442 0.07217420255318617 -0.090269919611409011 0.061010936149052189 -0.17162822478149714 0.16620070779939244 0.10095510145472271 0.064112840465778628 -0.10323169102962455 0.031545774839641064 -0.10017961381530378 0.02530229541179372 -0.1020445151035782 -99.332579857113089 -0.10002999929850116 0.055991696363169488 -0.0018086374954255175 0.088244655425119542 0.045837733182785834 -0.099055087258398122 0.011105822596006997 -0.13609440419600052 -0.077258553637986643 0.10830992878349635 0.013695098465474221 -0.079035467168366125 0.015704864013484143
leaf_weight=6.9580057239931525 3.206027459460528 14.929532222889973 0.47417007386684318 10.433460926022688 10.391184530386456 7.9710972835782723 3.856370037436136 0.79868205743878151 1.76117364828724 1.1441509971082258 11.497043786040875 11.980947709138947 4.3157778055792724 6.2221311302014328 102.5586382849811 27.217243202418334 0.0010077335659833828 0.012935444209915659 5.7375911236495467 988.57293911926104 10.311637446262464 53.19112043190313 20.384088123637714 11.505129662994593 2.8368424607033367 7.5940520588337668 17.979603629308258 21.0917165590281 26.77379655637651 74.393986927088861
leaf_count=379694 55510 1856 2 61692 1133 643 399 1611 795 28 14926 126877 30940 16311 214878 200347 76 464 646 287983 538 8640 267573 19404 192 6894 5560 7347 13342 58927
internal_value=-0.00068447 -0.00046629 0.0260883 -0.00128675 0.0447056 0.0119587 -0.0409445 -0.0755597 0.0607971 -0.105709 -0.000539348 -0.00107279 -0.0675393 -0.0771925 -0.000286233 -0.00294054 -0.105716 -7.27199 -0.000388532 0.00108026 -0.000879004 0.0336173 -0.0417287 -0.0593108 0.0114943 0.0131664 0.0159946 0.0572344 0.00808553 -0.00936792
internal_weight=1466.1 1462.9 43.8445 1419.05 37.1482 22.2187 11.8275 14.1375 2.55986 11.5776 1404.91 1393.42 16.2967 6.6963 1377.12 1123.89 27.2312 0.0139432 1096.66 1059.03 998.885 60.1491 37.6268 31.8892 253.229 250.392 242.798 39.0713 203.726 101.168
internal_count=1785228 1729718 20344 1709374 4031 2175 1042 64126 2406 61720 1645248 1630322 157817 16313 1472505 1165365 200887 540 964478 676855 288521 388334 287623 286977 307140 306948 300054 12907 287147 72269
is_linear=0
shrinkage=0.1


Tree=120
num_leaves=31
num_cat=0
split_feature=65 68 34 32 36 20 48 11 66 66 66 66 1 20 16 65 68 1 15 37 20 23 19 65 34 65 65 65 4 36
split_gain=2.93607 5.24907 3.16223 2.77742 2.87163 7.11783 5.98543 5.15864 4.42359 5.34297 6.2031 72.1234 96.0575 4.18896 4.04447 5.03941 4.36172 4.26539 4.56256 3.58063 8.01563 9.89001 9.81129 8.45187 6.85666 6.80966 5.92457 5.90894 5.5489 7.04805
threshold=29517.500000000004 38.000000000000007 42.000000000000007 1.0000000180025095e-35 84523.812500000015 3.5000000000000004 1.0000000180025095e-35 3.0000000000000004 234.50000000000003 1039.5000000000002 607.50000000000011 980.50000000000011 6.5000000000000009 4.5000000000000009 28.583333015441898 1144.0000000000002 30.000000000000004 17.500000000000004 117647.05881176451 1497.5666503906252 725.50000000000011 1057.5000000000002 324.50000000000006 296.50000000000006 66.000000000000014 294.50000000000006 274.50000000000006 274.50000000000006 17.500000000000004 7170.2951660156259
decision_type=2 2 2 2 2 2 2 2 2 2 2 2 2 2 2 2 2 2 2 2 2 2 2 2 2 2 2 2 2 2
left_child=3 -2 -3 4 14 7 -7 -6 -9 10 -10 -12 -13 -8 15 16 -1 18 -17 20 22 -22 23 25 27 26 28 -24 29 -16
right_child=1 2 -4 -5 5 6 13 8 9 -11 11 12 -14 -15 19 17 -18 -19 -20 -21 21 -23 24 -25 -26 -27 -28 -29 -30 -31
leaf_value=-0.080854211668380985 -0.10183169402947963 0.11317088788793657 -0.10161204170235796 -0.14524926309990924 -0.04892459746835922 0.061898809365559616 -0.11088554230659715 -0.032234361901330104 0.10030951088985836 -0.17510852444746894 -0.10164756693684424 -0.10004895856551342 17.70694087511497 0.53906579272500943 0.046377939200021139 0.36843448874230811 -0.0047555152271307076 -0.015771000318116971 0.06741189442605168 0.014356110140030846 0.04112667173803991 -0.00035076355284025543 -0.042266833873102108 -0.082285133794922263 0.11119186574633572 0.096137037068540571 -0.11212629716585615 -0.11777233506185805 -0.11502319222386381 -0.0084251649555180715
leaf_weight=19.136159148709595 7.1204444537675027 2.3484936071326961 0.96802465822111106 1.3189340904355038 14.545836823154794 18.255060422252885 0.1281638905534227 5.40925636473753 7.0238336512093156 0.71583917130873675 0.088644198704059707 0.0065775112725532381 0.0056157670987886377 0.43820710833915655 29.028012459625188 0.6303433719956576 12.420524698381088 6.0510046664021058 2.5024489996753871 154.92217718671191 61.427873354136864 896.17663355980744 44.713757895449135 13.581902173424139 2.4444763900246462 7.0203622398257712 4.9550865569090083 13.492034609724241 4.1578946863050978 122.49742131643325
leaf_count=12066 87777 31 176 11 11659 9494 83 1127 1584 895 118 22 22 12 17438 84 10474 2594 562 326540 20034 801806 217336 27669 30 53 267 16812 210270 8182
internal_value=-0.000583723 -0.0534321 0.0504801 -0.000201505 -6.8815e-05 0.0243461 0.0718318 -0.00780828 0.03733 0.0853232 0.11149 0.89024 8.10118 0.391989 -0.0008846 -0.0319289 -0.0509022 0.0332656 0.12798 4.92042e-05 -0.00179862 0.00230991 -0.0180636 -0.00641315 -0.0528784 -0.000266819 -0.00447995 -0.0597689 -0.00105378 0.00207357
internal_weight=1453.53 10.437 3.31652 1443.09 1441.78 46.617 18.8214 27.7956 13.2498 7.84051 7.12467 0.100837 0.0121933 0.566371 1395.16 40.7405 31.5567 9.1838 3.13279 1354.42 1199.5 957.605 241.891 181.241 60.6503 167.659 160.638 58.2058 155.683 151.525
internal_count=1785228 87984 207 1697244 1697233 25016 9589 15427 3768 2641 1746 162 44 95 1672217 25780 22540 3240 646 1646437 1319897 821840 498057 263879 234178 236210 236157 234148 235890 25620
is_linear=0
shrinkage=0.1


Tree=121
num_leaves=31
num_cat=0
split_feature=37 66 66 19 51 25 14 7 14 1 68 65 65 65 36 37 66 66 16 65 65 66 16 1 66 68 24 14 16 24
split_gain=20.7285 368.807 23709.9 27846.8 11197 83.3193 330.961 4.07181 3.36162 6.07115 9.02796 8.98784 6.4132 17.7186 132.444 64.5287 6.92424 10.8456 21.3127 6.60868 15.9829 83.8818 11.0116 185.516 224.092 5.05616 4.89682 10.2282 18.4763 10.3371
threshold=81356.867187500015 980.50000000000011 1029.5000000000002 5.5000000000000009 1.5000000000000002 3.5000000000000004 4900951.6837481707 4.0000000000000009 146368.92990731701 83.500000000000014 30.000000000000004 235.50000000000003 332.50000000000006 300.50000000000006 13363.095214843752 45715.779296875007 251.50000000000003 252.50000000000003 56.696969985961921 383.50000000000006 387.50000000000006 338.50000000000006 74.033332824707045 75.500000000000014 300.50000000000006 38.000000000000007 211.50000000000003 2.0050981290000003 3269.098266601563 44.500000000000007
decision_type=2 2 2 2 2 2 2 2 2 2 2 2 2 2 2 2 2 2 2 2 2 2 2 2 2 2 2 2 2 2
left_child=8 7 3 4 -3 -4 -7 -2 9 10 -1 -12 13 -13 -15 -16 25 18 -18 -19 21 -21 -22 24 -24 -14 27 28 -11 -29
right_child=1 2 5 -5 -6 6 -8 -9 -10 26 11 12 16 14 15 -17 17 19 -20 20 22 -23 23 -25 -26 -27 -28 29 -30 -31
leaf_value=-0.081550170211977205 -0.055097755628526479 -0.10002426713527812 -0.1693374656270058 -419.43146381114678 -188.88583373642251 -0.10015547296277412 -41.764134727098217 0.047196985667145114 -0.019378448691724684 -0.014177420237980898 -0.060692597371084137 0.055658008213006087 -0.074699445951534299 7.6806660140243785 -0.10007891400235275 6.6691583235265375 -0.10006463786054912 -0.10003493074555224 3.421597341817642 10.262162660270178 0.06760946030417482 -0.10004758447204416 21.253141355654872 -0.10008984498437856 -0.10004487328922798 0.0690029065462021 0.0024967920101629289 0.016810212086876816 -0.10427735875418505 -0.039291071446470191
leaf_weight=7.4995912191013607 5.6187579102184761 0.0092291075984561877 1.3694680493037197 0.0026228357728541587 0.0047630857879994446 0.009294705454067409 0.0023985938373698454 12.655611281445323 89.811370069349096 119.60082005799383 9.3385090513729505 61.159838769708593 11.50991231101216 0.025704220490296303 0.30129799143833225 0.014772748261748347 0.043526589977772256 2.0546734519521124 0.028395578090567142 0.0096504378161624826 6.6274843027888632 0.041007482977875043 0.0093662569997831069 0.20944264901118004 0.010340944652853068 3.1100504359783363 902.97536921136646 143.1100067720995 28.108680066663041 42.626613276863395
leaf_count=10160 2769 103 2354 23 29 91 20 3321 331145 30797 16103 2605 6977 36 632 36 69 8754 37 21 7005 112 13 553 45 56 322205 809317 29234 200606
internal_value=-0.00205408 -0.104004 -1.66959 -120.415 -64.3646 -0.241108 -8.6465 0.0157448 -0.000649836 0.000606906 0.0240566 0.0324381 0.0426513 0.0596704 0.777686 0.216307 -0.00159978 0.0672292 1.29032 0.0574135 0.104249 1.87397 0.0911738 0.772703 10.0485 -0.0441302 -0.00132748 -0.0116836 -0.0313232 0.00393495
internal_weight=1447.9 19.6721 1.39778 0.016615 0.0139922 1.38116 0.0116933 18.2744 1428.23 1338.42 101.994 94.494 85.1555 61.5016 0.341775 0.316071 23.6539 9.03389 0.0719222 8.96197 6.90729 0.0506579 6.85663 0.22915 0.0197072 14.62 1236.42 333.446 147.71 185.737
internal_count=1785228 8710 2620 155 132 2465 111 6090 1776518 1445373 53214 43054 26951 3309 704 668 23642 16609 106 16503 7749 133 7616 611 58 7033 1392159 1069954 60031 1009923
is_linear=0
shrinkage=0.1


Tree=122
num_leaves=31
num_cat=0
split_feature=37 65 65 66 65 65 16 1 66 66 65 66 65 14 65 65 65 14 15 37 66 66 36 66 65 15 15 16 14 37
split_gain=18.6346 24.2176 73.9678 18.2632 45.4864 82.7549 69.2366 2305.18 4926.28 39.5841 9.01056 9.009 4.93748 4.58099 8.16974 35.4926 3.93608 5.52332 43.474 3.97765 5.96417 51.2973 77.2212 17.227 80.3346 72.9532 262.297 463.715 3.92028 3.8862
threshold=11331.535644531252 300.50000000000006 1120.5000000000002 253.50000000000003 383.50000000000006 387.50000000000006 74.033332824707045 75.500000000000014 275.50000000000006 256.50000000000006 332.50000000000006 1187.5000000000002 29517.500000000004 131872.26010000004 939.50000000000011 880.50000000000011 294.50000000000006 327272.72728636354 63391.601365000002 14962.686523437502 258.50000000000006 260.50000000000006 13015.245605468752 285.50000000000006 260.50000000000006 23529.411762352953 24450.023911219501 69.708332061767592 2634843.2373313853 1497.5666503906252
decision_type=2 2 2 2 2 2 2 2 2 2 2 2 2 2 2 2 2 2 2 2 2 2 2 2 2 2 2 2 2 2
left_child=12 16 3 10 -5 9 -7 8 -8 -6 -3 -4 29 -9 15 -15 19 -18 -19 20 -2 22 -22 24 25 -23 -27 -28 -21 -1
right_child=1 2 11 4 5 6 7 13 -10 -11 -12 -13 -14 14 -16 -17 17 18 -20 28 21 23 -24 -25 -26 26 27 -29 -30 -31
leaf_value=-0.001159324789953411 0.032035787937881491 -0.22522672947067007 0.056929017461223363 -0.12070298032966231 -2.6271668454352408 -0.071433382138226587 -76.197461644861662 -0.10006233936180896 22.688487267918962 -0.90965873422211208 -0.084460709572412473 -0.099698761448515555 -0.085223488544988513 -0.10005769270619398 -0.10006665452260155 4.9427261198764585 0.12331670160988129 5.2760926247441811 -0.10013080689147608 -0.021877480781086485 -0.10020647345491995 -0.10027212667079347 13.543846045375654 -0.10008191701907526 -0.10014093928654132 -0.10031399923991564 -0.10007844367171331 89.833516383859916 0.057449691893976008 0.023037614186222244
leaf_weight=1224.9894202258031 16.806767504640245 5.8680679851277118 27.48710721322891 9.5676319133320558 0.14664443201036093 3.4884240007890033 0.011826934716310578 0.30995301501388894 0.0087763439187256154 1.5801476990018271 20.20386470439189 4.2385878415732661 6.8095575420334162 0.047125482608862512 0.080851571608036465 0.019830280303722247 0.6871917702301279 0.01860039058374241 0.078598059941668907 57.737627204262338 0.0095570889752697452 0.0041932520070986357 0.0073292595279781372 0.30596383250017567 0.039941502851434052 0.003473858179859235 0.0011836419762403239 0.0011119319624413038 6.9832599233307056 70.177372680253256
leaf_count=1338796 55437 233 6258 12796 9 8345 30 762 32 190 11878 8938 83685 96 147 32 284 22 84 35165 28 10 22 4716 51 9 11 31 2918 214213
internal_value=-0.00420521 -0.0368956 -0.078846 -0.167 -0.253882 -0.47768 -0.226141 -1.35434 -34.0752 -1.05551 -0.116143 0.0360034 -0.000294764 0.118392 0.576493 1.39346 0.000171116 0.223115 0.928691 -0.0019641 0.0408106 0.43645 5.82178 0.18091 1.90368 9.93722 17.2325 43.462 -0.0133182 0.000151763
internal_weight=1457.72 155.744 73.0588 41.3331 15.2612 5.69358 3.96679 0.478364 0.0206033 1.72679 26.0719 31.7257 1301.98 0.45776 0.147807 0.0669558 82.6848 0.78439 0.0971985 81.9004 17.1795 0.372754 0.0168863 0.355868 0.0499042 0.00996268 0.00576943 0.00229557 64.7209 1295.17
internal_count=1785228 148534 49746 34550 22439 9643 9444 1099 62 199 12111 15196 1636694 1037 275 128 98788 390 106 98398 60315 4878 50 4828 112 61 51 42 38083 1553009
is_linear=0
shrinkage=0.1


Tree=123
num_leaves=31
num_cat=0
split_feature=66 65 66 66 19 1 1 65 16 16 16 1 66 65 66 65 65 14 16 65 1 24 66 6 65 65 39 20 19 65
split_gain=84.5387 283.876 1218.49 9487.22 128069 239559 97.1639 223.065 1055.07 195.958 184.805 1412.12 1105.76 29.265 39.7212 18.0495 14.0909 44.0632 13.587 90.6287 12.0885 8.09826 7.18243 11.9362 6.83386 5.84096 5.45956 5.02938 10.2156 10.473
threshold=257.50000000000006 228.00000000000003 285.50000000000006 260.50000000000006 69.500000000000014 165.50000000000003 83.500000000000014 234.50000000000003 67.416667938232436 74.033332824707045 74.033332824707045 75.500000000000014 422.50000000000006 249.50000000000003 320.50000000000006 1268.0000000000002 130.50000000000003 162183.44330000001 72.761901855468764 260.50000000000006 38.500000000000007 13992.000000000002 28952.000000000004 550.50000000000011 251.50000000000003 1445.0000000000002 394.50000000000006 725.50000000000011 311.50000000000006 296.50000000000006
decision_type=2 2 2 2 2 2 2 2 2 2 2 2 2 2 2 2 2 2 2 2 2 2 2 2 2 2 2 2 2 2
left_child=27 2 3 16 -5 -6 7 8 -3 -10 15 12 -12 14 -13 18 -2 -18 20 -20 24 22 23 -8 -9 -17 -24 28 29 -1
right_child=1 6 -4 4 5 -7 21 10 9 -11 11 13 -14 -15 -16 25 17 -19 19 -21 -22 -23 26 -25 -26 -27 -28 -29 -30 -31
leaf_value=0.0049308547637334273 -1.8578002296566087 -0.10034215805954042 -0.063335051403488107 -0.10030409312744469 -1891.8430304180558 -0.10001180131886798 -0.098301375152480719 0.18728861728735169 -30.594582539975011 -13.744665172419548 -1.3305239218125475 -7.1186107363417257 -10.848391871730518 -0.14849433221298605 -0.10014391402608963 0.11055414335130441 -9.2663702115564632 -2.1374354039595995 10.221384851041542 -0.097635214604094897 -0.25235690760516855 -0.086103136092286189 0.050694333797548147 0.039019811517456912 -0.10232643712164469 -0.10108592382858361 -0.10943146694657885 0.0024583611409643249 -0.046655046498786643 -0.033071557071038198
leaf_weight=299.29902323898318 0.66361252052603381 0.12326471906635816 3.121439988020323 0.034430027531925589 0.0010572260453045592 0.0018248281812702771 12.640655618622867 0.92813786967656575 0.013076066359644756 0.014617152592109051 0.25651263289236759 0.014248114894145014 0.23287810760851357 4.0184850166625461 0.018578128128865501 4.882835775161765 0.010746498672233429 0.044873702563563711 0.0096885432176357922 0.070037256591604091 6.5463580327487536 9.9940457158939022 32.869828667646352 12.678679806863611 6.6690505000544817 1.7791906485904059 2.2767798147969094 900.93560343818706 66.452417168927354 95.708030608071567
leaf_count=491346 394 277 30610 317 72 18 126761 334 17 25 61 13 143 1739 34 123 62 39 26 273 11951 52927 12091 56074 7037 8944 14854 650203 241845 76618
internal_value=-0.00840136 -0.0971873 -0.936 -4.53654 -53.7022 -694.049 -0.063316 -0.230264 -4.06294 -21.7008 -0.207508 -0.785706 -5.85963 -0.172786 -3.14648 -0.0818016 -1.98594 -3.51483 -0.145425 1.15637 -0.152763 -0.00271402 0.0110689 -0.0295377 -0.0669446 0.0540326 0.0403215 -0.00189 -0.0103796 -0.00427692
internal_weight=1462.31 99.9149 3.87798 0.756545 0.0373121 0.00288205 96.0369 25.577 0.150958 0.0276932 25.426 4.5407 0.489391 4.05131 0.0328262 20.8853 0.719233 0.0556202 14.2233 0.0797258 14.1435 70.46 60.4659 25.3193 7.59719 6.66203 35.1466 1362.4 461.459 395.007
internal_count=1785228 325216 31512 902 407 90 293704 30997 319 42 30678 1990 204 1786 47 28688 495 101 19621 299 19322 262707 209780 182835 7371 9067 26945 1460012 809809 567964
is_linear=0
shrinkage=0.1


Tree=124
num_leaves=31
num_cat=0
split_feature=66 37 66 19 65 16 65 66 66 16 65 65 65 19 65 66 65 65 65 65 1 66 65 1 34 65 65 22 65 65
split_gain=61.5987 44.7834 104.031 118.939 116.001 453.278 437.72 347.738 298.957 224.107 39.6995 26.6884 23.5526 46.6482 20.1947 100.944 17.289 14.9093 11.6683 26.7695 10.6537 5.83744 5.75883 5.12578 4.44389 4.17316 4.10654 3.93557 3.66331 11.7735
threshold=33236.000000000007 11331.535644531252 258.50000000000006 67.500000000000014 397.50000000000006 75.833332061767592 418.50000000000006 285.50000000000006 266.50000000000006 74.033332824707045 256.50000000000006 1073.5000000000002 287.50000000000006 73.500000000000014 234.50000000000003 883.50000000000011 1268.0000000000002 397.50000000000006 1120.5000000000002 274.50000000000006 38.500000000000007 16386.000000000004 237.50000000000003 75.500000000000014 22.000000000000004 29517.500000000004 1445.0000000000002 7.8427774906158456 237.50000000000003 242.50000000000003
decision_type=2 2 2 2 2 2 2 2 2 2 2 2 2 2 2 2 2 2 2 2 2 2 2 2 2 2 2 2 2 2
left_child=1 25 18 16 10 6 -6 8 -8 -9 14 17 13 -12 -5 22 20 -2 19 24 21 -4 -16 -19 28 -1 -18 -26 -3 -30
right_child=11 2 3 4 5 -7 7 9 -10 -11 12 -13 -14 -15 15 -17 26 23 -20 -21 -22 -23 -24 -25 27 -27 -28 -29 29 -31
leaf_value=0.00035370303778615509 -0.3979770024849158 -0.061622506448756921 -0.11624268233645606 -0.37234158574851745 -17.424597166345304 -0.10385612593408838 -0.10008800412578374 -0.10010402206086332 23.978511084060347 -5.3603033734583985 6.8562037853544666 -0.10034941928071667 -0.14579653740536055 -0.09383157348439547 -2.282269204605607 -0.53120281152986371 0.10301356739453482 -0.97638519462686735 0.04755944012433802 -0.10412876276079125 -0.24075195552104511 0.087448775712739901 -3.2689229142596794 -0.10002780589816376 0.031957662258778878 -0.081606605473469457 -0.10128329535383332 -0.14178679004166747 0.38080148746741005 -0.011215338141080238
leaf_weight=1289.7879010777867 1.2822086650858748 14.647125167327095 5.2118716271312344 2.7859690289280454 0.022929029832085501 0.93927511393621255 0.013597862678579986 0.11195629210743618 0.0083061396144330502 0.2928609140604525 0.014375450266015721 1.7018693269282605 3.5922078653095535 0.029425266286125407 0.16946269776070755 1.9648301058618898 4.7250907930174426 0.92693575852990751 22.457623984130322 34.754166137696302 6.1597982735446983 1.9271902974742259 0.090882553380424724 0.071920185825547378 36.978983671370962 6.2424446596853604 1.2426648801850939 1.3513678272938694 0.79441326643291432 21.508399590060435
leaf_count=1530870 9672 10295 9162 2882 36 714 21 296 34 29 26 25457 1736 37 34 95 121 602 4794 18716 19154 2286 36 806 59812 81503 2861 369 23 2749
internal_value=-0.00730675 -0.00623377 -0.0558394 -0.226346 -0.50549 -1.35378 -3.96475 -3.24151 9.03067 -3.90554 -0.369235 -0.400035 -0.117693 2.18718 -0.551751 -0.776375 -0.0809383 -0.623625 -0.0181293 -0.0315361 -0.144395 -0.0612562 -2.62669 -0.913285 0.00197732 -4.1066e-05 0.0604729 0.0258322 -0.0227687 0.00274807
internal_weight=1461.81 1457.83 161.795 29.3027 10.0361 1.38893 0.44965 0.426721 0.021904 0.404817 8.64715 3.98293 3.63601 0.0438007 5.01114 2.22518 19.2666 2.28106 132.492 110.034 13.2989 7.13906 0.260345 0.998856 75.2803 1296.03 5.96776 38.3304 36.9499 22.3028
internal_count=1785228 1748691 136318 39560 5976 1130 416 380 55 325 4846 36537 1799 63 3047 165 33584 11080 96758 91964 30602 11448 70 1408 73248 1612373 2982 60181 13067 2772
is_linear=0
shrinkage=0.1


Tree=125
num_leaves=31
num_cat=0
split_feature=66 37 19 65 36 66 16 65 65 65 66 65 1 24 66 35 65 66 8 66 16 66 66 37 19 15 66 65 66 17
split_gain=54.4714 96.6995 49.6049 44.5565 2850.32 18331.8 228.374 1792.36 13.1001 12.5984 9.49856 49.9316 8.08839 7.77056 7.2067 6.18152 77.8407 5.94931 10.6345 5.76366 86.3664 90.0423 7.26605 5.13379 6.51776 5.35085 4.90885 4.62473 4.56024 4.32171
threshold=257.50000000000006 3925.4208984375005 67.500000000000014 915.50000000000011 14319.890625000002 285.50000000000006 71.035713195800795 995.50000000000011 1268.0000000000002 256.50000000000006 285.50000000000006 450.50000000000006 38.500000000000007 13992.000000000002 33236.000000000007 30.000000000000004 283.50000000000006 28952.000000000004 176.95391845703128 304.50000000000006 77.366668701171889 260.50000000000006 33236.000000000007 0.19780705869197848 52.500000000000007 4377.9648295000015 16386.000000000004 1445.0000000000002 29000.000000000004 131.59470367431643
decision_type=2 2 2 2 2 2 2 2 2 2 2 2 2 2 2 2 2 2 2 2 2 2 2 2 2 2 2 2 2 2
left_child=-1 13 8 9 6 -6 7 -5 12 -4 11 15 26 17 -12 -11 -17 18 -2 20 21 -8 -21 28 -25 -26 -3 -10 -19 -27
right_child=1 2 3 4 5 -7 19 -9 27 10 14 -13 -14 -15 -16 16 -18 23 -20 22 -22 -23 -24 24 25 29 -28 -29 -30 -31
leaf_value=-0.0015487525662397467 -0.085981518529876053 -0.11264248308963645 -0.32875341378491518 -67.845738034869854 -212.67563431045571 -0.10006218707750628 -0.10006669899759996 -0.10021661177233109 0.092518538894456728 -0.1268689019509131 -0.15807336128364555 5.3818231060555863 -0.21390094071883314 -0.084520331827624376 -0.43039437783356438 8.4274961597093743 -0.10006188575393804 0.1046207062585286 0.049490469074909532 -0.12387622650792501 -0.10009584148912894 -18.590458577210221 -0.43618211589539807 0.070562591218210152 -0.085853305431749988 -0.34678422887698473 0.067908109220199464 -0.10078962458444329 -0.11883105787273734 0.10053858255975974
leaf_weight=1357.9835220274415 12.825141442463819 5.2175890829420686 8.0466580648919592 0.004428325066059168 0.00470420901565649 0.029474662864231504 0.0051370559958735518 0.033071062025555875 4.6583812202552517 0.41364469766995071 9.5151030637925018 0.018241845785453847 6.4741221999069891 9.2819042037972306 1.0823351445785974 0.011750390753149986 0.12023570702876896 12.592645916512989 10.57020478772162 2.200851874916105 0.10892397849238478 0.0054042240954004228 1.1261646088042838 9.4055462296338508 8.0187939462668947 0.23313022474621847 2.1167725397883714 1.6853795922346089 0.98473548532692312 2.9359226827577913
leaf_count=1460012 158233 9645 8029 36 17 197 11 151 130 457 4143 37 25166 54694 848 6 239 1786 21793 1281 180 32 2512 14287 4000 748 3754 10412 2122 270
internal_value=-0.00702487 -0.0747977 -0.192012 -0.293297 -0.620468 -29.3579 -0.338546 -8.10033 -0.0777918 -0.233371 -0.164606 0.235321 -0.13244 0.000387317 -0.185886 0.0632602 0.659125 0.0140777 -0.0247742 -0.254094 -0.936539 -9.57958 -0.229589 0.0406781 0.00920525 -0.0423774 -0.0605337 0.0411614 0.0884143 0.0676314
internal_weight=1467.71 109.726 42.8784 22.7261 3.51816 0.0341789 3.48398 0.0374994 20.1522 19.208 11.1613 0.563873 13.8085 66.848 10.5974 0.545631 0.131986 57.5661 23.3953 3.44648 0.119465 0.0105413 3.32702 34.1708 20.5934 11.1878 7.33436 6.34376 13.5774 3.16905
internal_count=1785228 325216 67283 18176 4417 214 4203 187 49107 13759 5730 739 38565 257933 4991 702 245 203239 180026 4016 223 43 3793 23213 19305 5018 13399 10542 3908 1018
is_linear=0
shrinkage=0.1


Tree=126
num_leaves=31
num_cat=0
split_feature=66 37 65 1 65 19 14 66 65 24 48 66 66 6 37 19 65 65 36 67 14 37 19 14 66 65 66 66 20 18
split_gain=37.5187 60.0332 24.2373 13.3161 8.32379 28.0134 83.9557 666.999 15.4855 6.84078 6.3549 5.29307 5.11685 9.37849 4.784 5.39626 4.72346 21.3907 4.54871 4.5171 16.9921 4.4918 28.9088 172.118 318.1 4.26458 4.23886 4.08379 3.771 9.04509
threshold=257.50000000000006 3925.4208984375005 1268.0000000000002 38.500000000000007 274.50000000000006 79.500000000000014 131872.26010000004 285.50000000000006 258.50000000000006 13992.000000000002 1.0000000180025095e-35 33236.000000000007 28952.000000000004 550.50000000000011 0.19780705869197848 52.500000000000007 554.50000000000011 670.50000000000011 2310.8037109375005 1.5000000000000002 2.4299696910000006 20654.105468750004 45.500000000000007 250177.90635000003 16386.000000000004 1445.0000000000002 16386.000000000004 29000.000000000004 725.50000000000011 327.50000000000006
decision_type=2 2 2 2 2 2 2 2 2 2 2 2 2 2 2 2 2 2 2 2 2 2 2 2 2 2 2 2 2 2
left_child=28 9 3 26 5 21 8 -8 -7 12 16 -12 13 -2 27 -16 -6 -18 19 -17 -21 -5 -23 -24 -25 -4 -3 -14 29 -1
right_child=1 2 25 4 10 6 7 -9 -10 -11 11 -13 14 -15 15 18 17 -19 -20 20 -22 22 23 24 -26 -27 -28 -29 -30 -31
leaf_value=-0.0023716559071343818 -0.094667495073052138 -0.10847917922430479 0.076496836341649846 -0.2345110316470409 -0.21118890288732681 -0.1000739536616097 -76.774614198778508 -0.10002053463613483 -1.2798516241086475 -0.082715188616250518 -0.12018084317923437 -0.33089934016559985 0.1036157900206453 0.034923924232489245 0.06511147817495401 -0.13798278849171097 -1.6723572861947755 -0.29646623700795666 0.048817063489124977 1.8260751112620366 -0.008450765136648334 -0.10003084300067476 -0.10004278444756375 -0.10001950848864623 -52.757761812403693 -0.10068684519394616 0.058211506474807953 -0.11755045219689271 0.0023622157435555947 -0.039604309920949154
leaf_weight=378.70384830045055 10.136244984291226 4.8930705264451921 4.7741688382757301 12.133924882370238 2.5314190353673323 0.18067577688557546 0.0013042133382087659 0.0087211369340197409 0.28956446632219013 8.57274427105156 14.097678709677945 1.3021823125254979 11.499333208223103 12.435839735202988 9.1858343465156782 4.998964449040157 0.1284462073691397 0.9392945447227703 3.841879207669308 0.051763355731964444 2.0511690282937707 0.11533077937695979 0.023019954891099759 0.0029016480602876973 0.0018973366644559064 1.8986219170675189 2.216653596035485 0.90024254369515766 900.54417753075711 78.829301054418352
leaf_count=318186 124851 9645 175 12651 2249 5373 24 337 27 54694 13576 1680 1786 55175 14287 2799 40 447 1071 1 1147 2890 713 65 35 13602 3754 2122 650203 491623
internal_value=-0.00592839 -0.062317 -0.149987 -0.180215 -0.207911 -0.27039 -1.01961 -10.0747 -0.826557 0.000383188 -0.165958 -0.137999 0.0133118 -0.0232705 0.0386963 0.00859785 -0.28559 -0.461982 -0.0388378 -0.086256 0.0367058 -0.241081 -0.797969 -3.69146 -20.9189 0.0260824 -0.0565087 0.0875585 -0.00139378 -0.00878654
internal_weight=1467.29 109.213 45.5389 38.8661 31.7564 12.7573 0.480266 0.0100254 0.47024 63.674 18.999 15.3999 55.1013 22.5721 32.5292 20.1296 3.59916 1.06774 10.9438 7.1019 2.10293 12.2771 0.14315 0.0278189 0.00479898 6.67279 7.10972 12.3996 1358.08 457.533
internal_count=1785228 325216 67283 53506 40107 22115 5761 361 5400 257933 17992 15256 203239 180026 23213 19305 2736 487 5018 3947 1148 16354 3703 813 100 13777 13399 3908 1460012 809809
is_linear=0
shrinkage=0.1


Tree=127
num_leaves=31
num_cat=0
split_feature=37 66 65 19 65 65 66 19 65 65 65 66 65 1 66 48 65 52 14 65 5 66 66 40 65 66 66 16 13 39
split_gain=28.7933 41.6902 19.5258 11.7837 9.45532 24.1224 7.13641 6.41285 79.198 584.47 3.72181 8.30429 9.18695 7.56291 6.90273 4.58178 4.73801 8.33022 4.76164 3.71185 7.19959 10.2537 5.45466 3.99634 3.52582 3.38319 7.79653 3.6759 3.33632 4.61756
threshold=11331.535644531252 257.50000000000006 1268.0000000000002 48.500000000000007 1120.5000000000002 274.50000000000006 16386.000000000004 46.500000000000007 1214.5000000000002 242.50000000000003 257.50000000000006 243.50000000000003 255.50000000000003 49.500000000000007 245.50000000000003 1.0000000180025095e-35 237.50000000000003 8.0833334922790545 746527.10785000015 255.50000000000003 1.0000000180025095e-35 240.50000000000003 227.50000000000003 233.03571319580081 29517.500000000004 234.50000000000003 235.50000000000003 74.033332824707045 882.29016113281261 2225.5000000000005
decision_type=2 2 2 2 2 2 2 2 2 2 2 2 2 2 2 2 2 2 2 2 2 2 2 2 2 2 2 2 2 2
left_child=24 4 3 6 5 10 -3 -8 9 -9 11 19 13 15 -12 -13 -17 -18 -19 20 21 -2 -21 -22 28 27 -27 -7 -1 -30
right_child=1 2 -4 -5 -6 25 7 8 -10 -11 14 12 -14 -15 -16 16 17 18 -20 22 23 -23 -24 -25 -26 26 -28 -29 29 -31
leaf_value=-0.00048087826383477647 0.027683304547351607 -0.12005846802140813 0.040244381691986075 -0.19133290264072278 0.042508668584898157 -0.1045344098912625 0.03355050365644268 67.204259600380382 0.13331302447707341 -0.10000939385370773 -0.048712092592695821 -0.16009337141645524 -0.1999510040292537 -0.093546103761558808 0.13449234887509529 -0.0091367468952253412 -0.11384029398455374 0.13467978593322108 0.4182335330142366 -0.13366476054547624 -0.10603590562422925 0.65651830484732276 0.093357998160654043 0.085266744477692877 -0.07804545337326857 0.45466543197212961 -0.076663055695445598 -0.21131850288033172 0.10276807405230298 0.01079201880438569
leaf_weight=1256.8339207031893 19.744785948203535 5.6721825921136961 5.7046866659388078 26.995550175537463 22.816314290795333 12.563120552462356 2.5596544299533677 0.0014857899685692963 0.18744285404682159 0.0098043075665827928 3.3414758733633771 1.2513591291699455 3.4902986129891351 9.6650289039753243 5.3484105712414021 7.4777078471415734 1.1744586447384788 2.9173923509661113 0.74306415655883018 1.1762321425412636 6.8525887857401653 0.26275347766932 10.560183213674463 1.298994439576745 5.7707842339243589 0.28144415654241939 14.734285940709013 4.3363711779093128 7.2729827838938155 21.877216076853383
leaf_count=1310871 2468 14832 10162 20908 4783 9375 6610 156 1 191 80 254 508 5003 161 5147 138 95 15 465 58574 37 116 38 83685 3 8214 200 4220 237918
internal_value=-0.00516202 -0.0437023 -0.131454 -0.159103 -0.0159462 -0.0283854 -0.0558985 0.0760362 0.623246 8.75731 0.00249343 -0.00553604 -0.0486795 -0.0259501 0.0640457 0.0222155 0.040744 0.11789 0.192241 0.0233585 0.00366645 0.0359416 0.0706056 -0.0755509 -5.51481e-05 -0.101245 -0.0667042 -0.131935 0.000294829 0.0337401
internal_weight=1462.92 171.167 41.1308 35.4261 130.036 107.22 8.43057 2.75839 0.198733 0.0112901 75.3047 66.6148 26.7193 23.229 8.68989 13.564 12.3126 4.83492 3.66046 39.8955 28.1591 20.0075 11.7364 8.15158 1291.75 31.9152 15.0157 16.8995 1285.98 29.1502
internal_count=1785228 148534 52860 42698 95674 90891 21790 6958 348 347 73099 72858 11160 10652 241 5649 5395 248 110 61698 61117 2505 581 58612 1636694 17792 8217 9575 1553009 242138
is_linear=0
shrinkage=0.1


Tree=128
num_leaves=31
num_cat=0
split_feature=66 65 14 1 19 14 1 66 65 66 1 37 19 19 65 65 65 65 35 65 14 1 65 16 24 37 40 8 43 65
split_gain=2410.66 12447.9 271474 1.16451e+06 7.714e+06 2629.94 32887.5 63.0005 295.945 5795.8 29840.4 2710.92 274520 745.137 141.111 111.468 40.8968 29.6452 14.3175 31.4563 52.641 10.7503 1197.56 1363.1 7.0009 6.64569 5.54645 8.44592 3.80712 9.44978
threshold=32838.000000000007 229.50000000000003 9.2744829055000029 49.500000000000007 39.500000000000007 250177.90635000003 133.50000000000003 257.50000000000006 228.00000000000003 29340.000000000004 49.500000000000007 20654.105468750004 47.500000000000007 46.500000000000007 115.50000000000001 44.500000000000007 59.500000000000007 1023.5000000000001 34.000000000000007 229.50000000000003 229821.25775000002 49.500000000000007 237.50000000000003 28.583333015441898 13992.000000000002 28708.791015625004 3.0499999523162846 113.61249923706056 1.0000000180025095e-35 210.50000000000003
decision_type=2 2 2 2 2 2 2 2 2 2 2 2 2 2 2 2 2 2 2 2 2 2 2 2 2 2 2 2 2 2
left_child=7 2 3 4 -2 6 -4 28 9 11 -11 -9 13 -13 15 -15 -17 18 19 20 -10 22 23 -3 26 -21 -19 -28 29 -1
right_child=1 21 5 -5 -6 -7 -8 8 17 10 -12 12 -14 14 -16 16 -18 24 -20 25 -22 -23 -24 -25 -26 -27 27 -29 -30 -31
leaf_value=-0.08181621944657444 -0.10000069159828312 -0.10001262464299494 -593.59095259036235 -0.1000031070114821 -8984.9166168532593 -0.50398370481763244 -0.1000037163705698 -0.13823461607835627 -0.10093063170380721 -595.25985382959004 -0.10000481013449003 -0.10011849566927887 -1319.5539693309743 -7.3583569488297265 -7.321520211959843 -22.463217358744025 -14.657440312733726 0.048797027763014783 0.039006444399910592 -0.1604154396668698 -4.3999887967227735 -0.20093930108600069 -0.10056903373747822 -128.88605525514572 -0.10042411179731114 -0.026952473492323176 -0.074245362673739906 0.031243455036957142 0.035137720234945782 -0.0010042931838067932
leaf_weight=14.631595117378536 0.0060374110865233357 0.0017456884770580263 0.0010109673916645088 0.029204752645498488 0.0011352485460065509 0.79566669924304279 0.012214980205044412 5.6755335364511232 0.073812503793180606 0.0010081325158352019 0.0051256298263524513 0.23899021470426041 0.0015915674592861242 0.013409479744268538 0.067389405377413225 0.013295528347043728 0.013555321975218249 23.938354329848572 4.9637006950381446 22.709640200981752 0.046378974635445047 5.2936342172746143 0.2627021841478836 0.0015529633383266628 6.0788618954959608 4.4643905399681207 13.602460166124375 17.170754511784502 28.352098233036486 1310.8273586880034
leaf_count=774862 1066 18 512 5843 430 478 865 15121 141 154 491 6187 202 15 126 8 36 8475 12352 33507 49 25378 4774 25 37994 5506 124460 41003 55760 629390
internal_value=-0.0152878 -1.95107 -13.2573 -280.494 -1422.17 -1.23913 -45.4654 -0.00675412 -0.0837284 -0.762644 -97.9192 -0.663713 -9.22805 -3.2118 -10.12 -14.8041 -18.5226 -0.039732 -0.117218 -0.145629 -1.75983 -0.23211 -0.852439 -60.7308 0.00138526 -0.138489 0.012697 -0.015385 -0.00112078 -0.00189637
internal_weight=1459.29 6.40491 0.84527 0.0363774 0.00717266 0.808893 0.0132259 1452.89 99.0783 6.0299 0.00613376 6.02377 0.348232 0.34664 0.10765 0.0402603 0.0268509 93.0484 32.2579 27.2942 0.120191 5.55964 0.266001 0.00329865 60.7904 27.174 54.7116 30.7732 1353.81 1325.46
internal_count=1785228 39389 9194 7339 1496 1855 1377 1745839 285827 22340 645 21695 6574 6372 185 59 44 263487 51555 39203 190 30195 4817 43 211932 39013 173938 165463 1460012 1404252
is_linear=0
shrinkage=0.1


Tree=129
num_leaves=31
num_cat=0
split_feature=66 37 65 65 40 35 65 1 24 37 19 65 65 65 65 66 8 17 19 20 4 66 67 29 65 13 34 5 5 39
split_gain=28.8757 44.7017 18.1864 10.2639 136.776 468.954 1313.78 8.44246 5.23919 4.13526 33.9735 908.161 18.5468 330.502 446.013 4.07978 7.69472 4.55943 4.8281 4.1776 5.07109 4.06014 4.45987 4.14519 3.84726 3.72547 3.57259 3.95151 5.23946 4.25352
threshold=257.50000000000006 3925.4208984375005 1144.0000000000002 64.500000000000014 2.466666698455811 30.000000000000004 44.500000000000007 38.500000000000007 13992.000000000002 20654.105468750004 47.500000000000007 242.50000000000003 117.50000000000001 115.50000000000001 110.50000000000001 28952.000000000004 176.95391845703128 2909439.0000000005 52.500000000000007 843.50000000000011 692.50000000000011 266.50000000000006 11.500000000000002 1977.5000000000002 229.50000000000003 2216.9543457031255 946.00000000000011 11593.500000000002 11632.500000000002 2225.5000000000005
decision_type=2 2 2 2 2 2 2 2 2 2 2 2 2 2 2 2 2 2 2 2 2 2 2 2 2 2 2 2 2 2
left_child=26 8 3 4 5 6 -3 -5 15 -9 12 -12 13 14 -11 16 25 18 -17 -20 -21 23 -23 -18 -10 -2 27 29 -29 -1
right_child=1 2 -4 7 -6 -7 -8 9 24 10 11 -13 -14 -15 -16 17 21 -19 19 20 -22 22 -24 -25 -26 -27 -28 28 -30 -31
leaf_value=-0.00069503012839107307 -0.099974532029575278 -0.10000500447989057 -0.0027131386909869221 -0.033262147789869217 -0.29131956913800211 -0.10000149877999583 -96.582079533525757 -0.16617760482542021 0.17149916652678751 -0.10000241348125923 -94.719889532586677 -0.10001746158504539 -0.20440201502923855 -0.10482700382576371 -79.877039757784587 0.065907429644700838 0.16438561047223371 0.092158494402470439 0.050898348285115226 -0.11406967459376256 0.084983361512313449 -0.11003349637782743 0.055858208959454585 0.83131648893163745 -0.10033730986707137 0.10163551682547517 -0.11887523301281244 0.10817485374128777 -0.074326108813703315 -0.060787900132257981
leaf_weight=1329.3240344668848 9.767998997958367 0.00442203871148428 8.5825706751414312 4.9465915845398376 1.4438364253324631 0.020732961754215358 0.0020729240255563559 27.025620424439488 0.56480390958705751 0.0015893762645791203 0.0010568604920989646 0.025232495431964708 1.3133612725686894 0.044406607919199814 0.0012534935204172501 8.6369074762427456 0.77897155169284715 9.6539916246973956 4.0252303461128331 6.3702378095476888 1.6016557849984563 2.062093258334583 7.5691663940282297 0.10585707589780213 6.65816793945302 1.0114576336345624 2.5668758357203378 6.7866016766283019 2.0477580453592354 11.884147573756989
leaf_count=1187574 158162 602 14006 11449 4237 3449 186 28321 1776 201 208 296 4129 32 167 11393 330 7725 2972 824 299 13244 8212 7 52918 71 15923 193026 22922 40567
internal_value=-0.00488545 -0.0561338 -0.1331 -0.165229 -0.423734 -7.4454 -30.8931 -0.153829 0.000684911 -0.17482 -0.343228 -3.90384 -0.27443 -2.22096 -35.2757 0.0118541 -0.0216852 0.0354356 0.00889681 -0.032146 -0.0740774 0.0391736 0.0203401 0.244174 -0.0790809 -0.0810571 -0.00101251 -0.000788416 0.0658721 -0.0012275
internal_weight=1454.83 102.219 43.4127 34.8302 1.47106 0.0272279 0.00649496 33.3591 58.8065 28.4125 1.3869 0.0262894 1.36061 0.0472495 0.00284287 51.5836 21.2955 30.288 20.634 11.9971 7.97189 10.5161 9.63126 0.884829 7.22297 10.7795 1352.61 1350.04 8.83436 1341.21
internal_count=1785228 325216 67283 53277 8474 4237 788 44803 257933 33354 5033 504 4529 400 368 203239 180026 23213 15488 4095 1123 21793 21456 337 54694 158233 1460012 1444089 215948 1228141
is_linear=0
shrinkage=0.1


Tree=130
num_leaves=31
num_cat=0
split_feature=66 37 66 65 65 65 1 66 66 65 66 65 66 1 48 52 65 16 66 14 65 66 66 35 66 66 37 20 5 18
split_gain=23.0364 14.9726 19.0339 12.9153 7.77615 21.3484 6.08786 3.97685 4.12475 3.25914 6.70844 7.91236 6.24112 6.06008 3.91618 3.84395 6.14162 3.2242 7.64485 5.8116 3.13408 5.92812 3.92813 3.03713 3.00154 7.88661 2.98537 4.62471 7.12989 6.91406
threshold=29340.000000000004 11331.535644531252 257.50000000000006 1268.0000000000002 1120.5000000000002 274.50000000000006 23.500000000000004 16386.000000000004 266.50000000000006 257.50000000000006 243.50000000000003 255.50000000000003 245.50000000000003 49.500000000000007 1.0000000180025095e-35 8.0833334922790545 237.50000000000003 33.107143402099616 240.50000000000003 2634843.2373313853 235.50000000000003 227.50000000000003 227.50000000000003 30.000000000000004 234.50000000000003 235.50000000000003 1497.5666503906252 3.5000000000000004 6.5000000000000009 29.500000000000004
decision_type=2 2 2 2 2 2 2 2 2 2 2 2 2 2 2 2 2 2 2 2 2 2 2 2 2 2 2 2 2 2
left_child=1 26 4 6 5 9 7 8 -4 10 17 13 -11 14 -12 -16 -17 19 20 -3 21 -19 -22 -6 -7 -26 27 28 -1 -29
right_child=-2 2 3 -5 23 24 -8 -9 -10 12 11 -13 -14 -15 15 16 -18 18 -20 -21 22 -23 -24 -25 25 -27 -28 29 -30 -31
leaf_value=-0.064816038247501914 -0.18104772690540494 -0.042273558876747656 0.29964970441713479 0.043826514852667163 0.047246239164818224 -0.12777958869319364 -0.14857720159429705 0.0919617729432093 -0.13236158274584919 -0.044574356271046278 -0.15663133272847035 -0.186905454995627 0.13391856791915163 -0.083648305529261197 -0.11206386997815579 -0.00047769022692420226 0.15380994460281891 0.07751942837076041 0.54334940281991906 0.090278920271813279 -0.14660347848554847 -0.098304322664920785 0.083123284193721947 -0.1010536632080526 0.52921945798004322 -0.073642858016057855 0.02042135624257841 0.060867785179577187 0.044171158651425603 -0.00077761477671568909
leaf_weight=24.477968000024248 7.3265504874757417 13.542141240132958 0.24099516484973049 5.2512888123143453 21.696795404419905 15.735333364951659 22.904402294433968 1.8206084472373048 2.6647423063010374 3.2774000884091929 1.1548439781890962 3.3640385825856347 4.8694823905389057 9.6598163647231541 1.5443041168964544 7.0069838028575759 4.0836068926146254 3.827056752739705 0.30661305956891638 4.3766484155704566 0.79099789851898172 3.8434521329618292 12.614528932783285 1.474830890921665 0.22045868635177512 13.819908525909339 69.875284491811044 18.483757803974413 7.9526481633326958 1161.2643490489138
leaf_count=41111 55510 3224 395 2855 3150 9575 27109 862 5219 80 254 508 161 5003 1712 3573 110 55288 28 1373 131 1394 260 1633 3 8214 206196 9455 336727 1004115
internal_value=-0.00417647 -0.00327791 -0.0321125 -0.0999328 -0.0145818 -0.02625 -0.127255 -0.0239231 -0.0965316 0.00243372 -0.00492012 -0.0434846 0.0621129 -0.0229096 0.0196383 0.0357495 0.0563317 0.0213907 0.0476105 -0.00989773 0.0403986 -0.0105804 0.0695682 0.0378072 -0.0977885 -0.0641768 0.000322693 -0.000835882 -0.0380902 0.000188217
internal_weight=1449.47 1442.15 160.091 32.882 127.209 104.038 27.6307 4.72635 2.90574 74.2619 66.115 26.8136 8.14688 23.4496 13.7897 12.6349 11.0906 39.3014 21.3826 17.9188 21.076 7.67051 13.4055 23.1716 29.7757 14.0404 1282.05 1212.18 32.4306 1179.75
internal_count=1785228 1729718 132114 36440 95674 90891 33585 6476 5614 73099 72858 11160 241 10652 5649 5395 3683 61698 57101 4597 57073 56682 391 4783 17792 8217 1597604 1391408 377838 1013570
is_linear=0
shrinkage=0.1


Tree=131
num_leaves=31
num_cat=0
split_feature=66 37 66 65 65 65 1 66 66 65 13 24 8 29 3 35 27 24 24 24 66 14 24 10 26 6 6 6 9 19
split_gain=19.7829 12.6132 16.1683 11.1256 6.41815 18.959 5.39733 3.29894 3.16345 2.98193 2.87358 4.0666 3.90857 4.7523 4.12537 3.85459 7.49354 6.1576 11.6472 7.8269 130.503 858.147 5.2201 5.13405 4.74404 4.62118 9.9319 9.07037 9.78866 9.74902
threshold=29340.000000000004 11331.535644531252 257.50000000000006 1268.0000000000002 1120.5000000000002 274.50000000000006 23.500000000000004 16386.000000000004 266.50000000000006 29517.500000000004 882.29016113281261 3082.5000000000005 112.00454711914064 202.50000000000003 8.5000000000000018 102.00000000000001 12696.899902343752 233.50000000000003 1083.0000000000002 236.50000000000003 110.50000000000001 200.90768090000003 52.500000000000007 129.50000000000003 351279.07812500006 424.50000000000006 225.50000000000003 26.500000000000004 0.72864356637001049 199123.00000000003
decision_type=2 2 2 2 2 2 2 2 2 2 2 2 2 2 2 2 2 2 2 2 2 2 2 2 2 2 2 2 2 2
left_child=1 9 4 6 5 -3 7 8 -4 10 15 12 13 14 -12 16 25 22 19 20 21 -19 24 -18 -17 26 27 28 -1 -29
right_child=-2 2 3 -5 -6 -7 -8 -9 -10 -11 11 -13 -14 -15 -16 17 23 18 -20 -21 -22 -23 -24 -25 -26 -27 -28 29 -30 -31
leaf_value=-0.00081686413351118945 -0.17197120023286347 0.0021013077228286452 0.21400366035713536 0.039436194097256239 0.033640480052779524 -0.095003907381949207 -0.14077966710507595 0.078026023072219425 -0.13019539602476679 -0.074452883112257548 0.082333046126442794 -0.11052922978440044 0.09930532962238478 -0.070412628354390425 -0.046727048118532205 -0.05978224792685391 0.075575833847780174 99.870766811706801 -0.10606073010213031 0.062105969408458174 -0.010185449843061065 -0.10001369561310523 -0.10153609505053543 -0.099675573051123761 0.020499307935372909 -0.066825473195255031 0.088675587129058514 -0.099345522553727042 0.052055897066903778 0.089024941503507926
leaf_weight=1087.3341412742759 6.9610521070935638 73.438720375403776 0.29969103522999985 5.2522977773164383 23.39127718897106 27.686168357124188 21.812876811447417 1.9250921520048221 2.4492421339452912 5.315814454882001 9.2372620589830792 1.8510276377344457 8.312402674391036 4.6627067961003812 3.3840839445376405 16.350956464228158 19.200949274816825 0.0010002923513646724 5.21587304867358 14.188742308269296 0.099484555621302206 0.0060638151635430404 12.105700080432824 1.8310251737727856 13.38706190089084 10.229206334478929 12.687125945285514 16.336349832629143 36.180545681112562 3.3029908189430435
leaf_count=209333 55510 73099 395 2855 4783 17792 27109 862 5219 80622 182583 4249 18774 9748 24238 67500 16665 74 41457 31574 605 203 70834 19913 77160 9250 8623 690385 20324 13490
internal_value=-0.00379717 -0.00298277 -0.0298057 -0.093519 -0.0135652 -0.0244843 -0.119884 -0.0223657 -0.0926705 0.000288501 0.000599897 0.0326064 0.0429574 0.015858 0.047729 -0.00010377 0.00115946 -0.0245449 0.0218483 0.0685181 0.922397 14.0561 -0.0461775 0.0603186 -0.0236422 9.24289e-05 0.000684653 -0.000291901 0.000885797 -0.0676649
internal_weight=1444.44 1437.48 156.255 31.7392 124.516 101.125 26.4869 4.67403 2.74893 1281.22 1275.9 27.4475 25.5965 17.2841 12.6213 1248.46 1187.1 61.3549 19.5112 14.2953 0.106549 0.00706411 41.8437 21.032 29.738 1166.07 1155.84 1143.15 1123.51 19.6393
internal_count=1785228 1729718 132114 36440 95674 90891 33585 6476 5614 1597604 1516982 239592 235343 216569 206821 1277390 987983 289407 73913 32456 882 277 215494 36578 144660 951405 942155 933532 229657 703875
is_linear=0
shrinkage=0.1


Tree=132
num_leaves=31
num_cat=0
split_feature=70 66 10 24 24 74 67 24 24 76 76 75 72 71 66 37 66 65 37 65 65 19 4 65 27 66 9 26 66 26
split_gain=386.398 986.167 13570.3 84399.1 1.88223e+06 2771.15 4314.01 19339.5 184465 524.825 2148.39 547.911 485.396 3369.03 16.986 10.402 13.8469 9.72425 5.31232 5.25107 17.25 4.65225 67.8219 118.864 3.92773 21.5583 315.88 675.322 215.368 698.626
threshold=4051.014770507813 110.50000000000001 1350.5000000000002 233.50000000000003 239.50000000000003 104184.10156250001 4.5000000000000009 236.50000000000003 202.50000000000003 9997230.5000000019 9996920.5000000019 10029039.500000002 50806.500000000007 112550.50000000001 29340.000000000004 11331.535644531252 257.50000000000006 1144.0000000000002 28708.791015625004 1120.5000000000002 327.50000000000006 33.500000000000007 4.5000000000000009 485.50000000000006 3420248.1250000005 59.500000000000007 744.37008666992199 3717978.3750000005 58.500000000000007 3547001.6250000005
decision_type=2 2 2 2 2 2 2 2 2 2 2 2 2 2 2 2 2 2 2 2 2 2 2 2 2 2 2 2 2 2
left_child=14 2 5 -4 -5 6 9 8 -8 10 11 -2 -11 -14 15 24 19 18 -18 20 -17 -20 23 -23 -1 26 28 -28 -26 -30
right_child=1 -3 3 4 -6 -7 7 -9 -10 12 -12 -13 13 -15 -16 16 17 -19 21 -21 -22 22 -24 -25 25 -27 27 -29 29 -31
leaf_value=0.00067296537195938309 -0.1001061044996739 -0.036279807499555443 -0.10001893183190258 -3962.8945392314545 -0.10000704170760424 0.030956388821333398 -0.10000229571678981 -0.1000674781695598 -1406.2274192322111 -0.1000462595998364 -126.79859667338575 -60.167290384634718 197.78981402637044 -0.10000373255922075 -0.16404758874444483 -0.00078367131131605388 -0.14304597298298316 0.010464985791102435 -0.040360535091043703 0.029859203811187864 -0.10241318037566922 -0.10001399541120524 -0.11306885650860819 19.162996244470747 -0.30395617238118922 -0.015327461283269492 -0.10000583425103488 -99.924597874444629 -0.10002103142420565 -92.004668030071755
leaf_weight=1251.8971694649674 0.017288803278466491 8.8231116947633765 0.14404505869867978 0.0012617358665920611 0.023947544571456092 2.8385596688403893 0.0074384270138807551 0.023118612050893717 0.0010667596557141223 0.031902185742637812 0.0015785495088493908 0.0016647997117615878 0.0010106633280884117 0.0057832223747027456 6.5663373880454392 78.062025036522414 18.703197380121743 7.6008111708069377 4.1409626570568134 23.700777358818229 21.247006211521693 0.0083651160455245899 0.14816969244247957 0.0051912931048718755 0.98395811849290638 10.040883704327554 0.002094947408522784 0.0010017574645644345 0.0034486974973333409 0.0010880841027756105
leaf_count=1371012 242 128411 15444 181 3651 5564 739 1723 146 600 46 43 35 190 49377 74720 22732 3049 10422 4783 16171 147 62 28 14463 61071 75 13 68 20
internal_value=-0.0083324 -0.575271 -2.10999 -29.6414 -198.44 -0.519292 -17.7111 -47.5327 -176.463 -1.78844 -14.7113 -5.37614 5.06844 29.3382 -0.00358301 -0.00283919 -0.0274097 -0.087599 -0.119998 -0.0124337 -0.0225271 -0.019811 0.506354 7.27657 0.000149445 -0.0592564 -0.504082 -32.3924 -0.404184 -22.1421
internal_weight=1435.03 11.9218 3.09867 0.169254 0.0252093 2.92941 0.090852 0.0316238 0.00850519 0.0592282 0.0205322 0.0189536 0.0386961 0.00679389 1423.11 1416.55 153.617 30.6067 23.0059 123.01 99.309 4.30269 0.161726 0.0135564 1262.93 11.0325 0.991592 0.0030967 0.988495 0.00453678
internal_count=1785228 157015 28604 19276 3832 9328 3764 2608 885 1156 331 285 825 225 1628213 1578836 132114 36440 33391 95674 90891 10659 237 175 1446722 75710 14639 88 14551 88
is_linear=0
shrinkage=0.1


Tree=133
num_leaves=31
num_cat=0
split_feature=66 37 19 4 65 65 70 71 72 66 37 65 70 72 41 70 24 66 24 3 65 66 6 21 34 20 24 19 19 19
split_gain=38.7371 81.0293 4539.55 45808.3 69954 453276 50.2977 3997.74 37176.7 192179 27.4156 9.69169 6.21669 492.696 3370.4 8.34813 293.524 347.909 4.72249 4.1944 3.23965 3.1436 6.86352 4.2427 4.00552 7.97322 5.59421 3.24323 10.0558 3.09724
threshold=257.50000000000006 28708.791015625004 33.500000000000007 4.5000000000000009 485.50000000000006 1175.0000000000002 22485.630859375004 112550.50000000001 50806.500000000007 113.50000000000001 2643.755249023438 1214.5000000000002 20989.254882812504 50431.500000000007 131.73149871826175 4051.014770507813 42543940.500000007 79.500000000000014 13992.000000000002 8.5000000000000018 229.50000000000003 28952.000000000004 550.50000000000011 2509193.1250000005 198.00000000000003 4351.5000000000009 12826.000000000002 101.50000000000001 104.50000000000001 17.500000000000004
decision_type=2 2 2 2 2 2 2 2 2 2 2 2 2 2 2 2 2 2 2 2 2 2 2 2 2 2 2 2 2 2
left_child=6 10 29 4 -4 -6 12 8 -8 -10 18 -12 15 -14 -15 -1 -17 -18 21 -9 -20 22 -2 24 25 27 -27 -23 -29 -3
right_child=1 2 3 -5 5 -7 7 19 9 -11 11 -13 13 14 -16 16 17 -19 20 -21 -22 23 -24 -25 -26 26 -28 28 -30 -31
leaf_value=-0.00073178707961638252 -0.089741631698834978 -0.13232297899630555 -0.10001172655423914 -0.11102321353352879 -2124.8480086919326 -0.10005062724661332 -0.10018528418056882 0.056336167086594717 -1372.8651469065762 -0.10006545619206358 -0.14180103953717302 0.010697990451467208 -0.24135719612114881 193.48399776464248 -0.10004595320814785 -0.10019373796711431 -0.10003951823057565 -64.863663377025318 0.14859604417227334 -0.10747643325600476 -0.10026443306006312 0.091090884313192982 0.030693686107412851 0.096949015427458013 0.090733917814393703 -0.11291756755029987 0.2192906787698517 -1.1609783818850969 -0.010569343312485489 0.0087456324904014258
leaf_weight=1332.9635266702146 7.9023638094443696 2.1658783465011382 0.0084047743026757216 0.14432220658807182 0.0012706327079285993 0.0047852801781118615 0.064977299853880899 3.5624835649974789 0.0012383764308198089 0.0057777136247523231 25.291225073537753 4.9895672437090424 0.27586659629378019 0.0010331430958103738 0.0069464517810047255 0.15794283432864986 0.0017922870761140066 0.0015440769493579865 0.57415789730228706 2.7849827508943403 5.8825615499016992 6.0527425769448566 11.794467075211513 7.838059655564158 4.734639859439425 6.9273349327634151 0.54691415472507277 0.079244676389862323 1.8456700391187721 5.5305621798529137
leaf_count=1394277 124348 7990 202 140 34 53 2360 5231 155 58 41604 9950 640 31 105 3718 39 4 1776 53394 52918 1803 55101 6893 4008 7133 41 10 2642 8570
internal_value=-0.00638054 -0.0690362 -0.376243 -17.113 -186.798 -445.908 -0.00206356 -0.281306 -23.7135 -242.4 -0.0404641 -0.116673 -0.000719198 0.467222 24.9639 -0.000818831 -0.720233 -30.0728 0.00212985 -0.0155374 -0.0781347 0.0129897 -0.0176249 0.0345068 0.0102617 -0.0143959 -0.0886089 0.0551341 -0.0579293 -0.0309529
internal_weight=1432.14 92.3142 7.85522 0.158783 0.0144607 0.00605591 1339.83 6.41946 0.0719934 0.00701609 84.4589 30.2808 1333.41 0.283846 0.00797959 1333.12 0.161279 0.00333636 54.1782 6.34747 6.45672 47.7214 19.6968 28.0246 20.1865 15.4519 7.47425 7.97766 1.92491 7.69644
internal_count=1785228 325216 16989 429 289 87 1460012 61198 2573 213 308227 51554 1398814 776 136 1398038 3761 43 256673 58625 54694 201979 179449 22530 15637 11629 7174 4455 2652 16560
is_linear=0
shrinkage=0.1


Tree=134
num_leaves=31
num_cat=0
split_feature=70 22 70 24 72 70 27 74 70 72 4 66 37 66 65 65 66 65 48 14 35 65 65 66 12 3 14 72 8 76
split_gain=35.9868 1585.02 2393.65 599.665 2289.18 195.892 596.106 551.867 372.089 14951.6 117188 12.9876 7.62514 9.65905 7.94804 77.2555 122.223 13.3648 67.1868 4.83027 4.47132 4.75239 6.34263 14.9506 3.59735 3.04647 3.03994 2.91521 3.61035 3.52611
threshold=4051.014770507813 45347046.000000007 25531.885742187504 13250000.000000002 42561.500000000007 22485.630859375004 30007976.000000004 312.22103881835943 20989.254882812504 50431.500000000007 596.50000000000011 29340.000000000004 11331.535644531252 257.50000000000006 450.50000000000006 503.50000000000006 295.50000000000006 670.50000000000011 1.0000000180025095e-35 529873.7327572651 34.000000000000007 16385.000000000004 274.50000000000006 255.50000000000003 15.683333396911623 8.5000000000000018 3123247.6635000003 7015703.5000000009 805.24359130859386 8015906.5000000009
decision_type=2 2 2 2 2 2 2 2 2 2 2 2 2 2 2 2 2 2 2 2 2 2 2 2 2 2 2 2 2 2
left_child=11 3 -3 5 -5 6 7 -2 -9 -10 -11 12 27 20 19 16 -16 18 -17 -15 21 22 -14 -24 -7 -26 -25 -1 29 -29
right_child=1 2 -4 4 -6 24 -8 8 9 10 -12 -13 13 14 15 17 -18 -19 -20 -21 -22 -23 23 26 25 -27 -28 28 -30 -31
leaf_value=0.00076313701485003428 -57.717497721949648 -199.17633107364657 -0.10000125848998927 -0.10002797958918319 -144.65033941099924 0.046077445048505264 -62.332910658392692 -0.043077248995156726 -0.21179454483077118 -1105.5281899014224 -0.10004486947643101 -0.14986129513796828 0.0066128058014484738 -0.12838510531880604 6.7186636748062432 -3.9760353175147261 -0.10356200348732092 -0.0060685396449407366 -0.10208298115802915 0.058384143905614118 -0.081123208608107678 0.072378644808133677 -0.096292192925920783 0.021747320547979294 0.086682620662147908 -0.10511912909493891 0.21358476913699984 0.056893381159287493 0.36268817802861875 -0.096339660739561905
leaf_weight=1251.0638157963078 0.0017355842850493844 0.0010046397783306507 0.0015144453082029941 0.0052628112289320175 0.001383601394991274 4.8141540584688274 0.0016068669240213431 0.71342952633534629 0.28690781151101419 0.0010855522028805362 0.0082266019993539885 5.980856326188813 68.744789838607915 17.384727263498366 0.043967735116892892 0.051293735749243008 0.065205538066038571 8.7628312864497229 0.351935730323234 1.5045561645422925 8.5290218804151703 7.2342047620768417 22.369857594133805 13.997081439896473 1.0053252175192353 4.6980216385520182 0.87784128071507517 1.8945942720605096 0.20215414864674208 7.2420645754317858
leaf_count=1445045 126 110 142 453 203 3423 117 11886 1100 65 141 49377 13901 27058 12 61 320 5916 620 2453 66838 580 11092 3180 6210 133039 83 434 20 1223
internal_value=-0.00424492 -0.180124 -79.4939 -0.162806 -30.1915 -0.145497 -1.47362 -1.37693 -1.28008 -4.25932 -128.964 -0.00281191 -0.0021883 -0.0235086 -0.0762838 -0.000474202 2.64398 -0.0319712 -0.594878 -0.113509 -0.0113004 -0.00604071 -0.0113931 -0.0446277 -0.0175787 -0.0713104 0.0330686 0.000347622 -0.0553164 -0.064565
internal_weight=1427.84 11.5397 0.00251909 11.5371 0.00664641 11.5305 1.01299 1.01139 1.00965 0.29622 0.00931215 1416.3 1410.32 149.917 28.1645 9.27523 0.109173 9.16606 0.403229 18.8893 121.753 113.224 105.99 37.2448 10.5175 5.70335 14.8749 1260.4 9.33881 9.13666
internal_count=1785228 157015 252 156763 656 156107 13435 13318 13192 1306 206 1628213 1578836 132114 36440 6929 332 6597 681 29511 95674 28836 28256 14355 142672 139249 3263 1446722 1677 1657
is_linear=0
shrinkage=0.1


Tree=135
num_leaves=31
num_cat=0
split_feature=66 0 74 10 37 66 65 66 35 65 65 66 37 66 14 37 29 36 65 8 66 65 65 23 41 43 6 52 12 66
split_gain=11.2795 7.82621 344.962 3626.8 6.90315 9.33873 7.71008 4.27129 3.82744 3.94569 5.36948 13.1202 3.62933 8.50682 2.84608 6.16331 6.6698 7.87741 9.3628 5.71721 7.69553 13.3859 7.61445 8.00739 6.07768 5.81607 5.10254 5.01288 7.83237 86.3136
threshold=29340.000000000004 11.500000000000002 22625573.000000004 186.50000000000003 11331.535644531252 257.50000000000006 1268.0000000000002 16386.000000000004 34.000000000000007 16385.000000000004 274.50000000000006 255.50000000000003 11516.357421875002 266.50000000000006 407.48103302501357 3.2692835330963139 78.500000000000014 1873.3610839843752 260.50000000000006 2.0573964118957524 227.50000000000003 229.50000000000003 228.00000000000003 984.50000000000011 1.0000000180025095e-35 1.0000000180025095e-35 420.50000000000006 243.76631164550784 199.04166412353518 31.500000000000004
decision_type=2 2 2 2 2 2 2 2 2 2 2 2 2 2 2 2 2 2 2 2 2 2 2 2 2 2 2 2 2 2
left_child=1 4 -3 -4 14 8 7 12 9 10 -6 -12 13 -7 15 26 17 -17 -19 -16 21 22 23 -21 25 -25 27 28 -1 -30
right_child=-2 2 3 -5 5 6 -8 -9 -10 -11 11 -13 -14 -15 19 16 -18 18 -20 20 -22 -23 -24 24 -26 -27 -28 -29 29 -31
leaf_value=0.00059462500543758896 -0.1439733432609013 -0.10000184039555167 -0.10006881572273839 -198.78730993147988 0.0059508547190581587 -1.3950380875305193 0.035571321262423544 -0.0064242463291992917 -0.077670302924853218 0.066734164343601035 -0.093064396382525283 0.029055417623616322 -0.11334232887024648 -0.18403616150637145 0.050014714495660806 -0.098758771057247258 0.078367095680812238 0.066901488606154122 -0.074948788306985217 -0.11050440416764735 0.022093639044724622 -0.067557714203960784 0.093357245898200103 -0.10191972173377709 -0.10070088616426376 0.10382179989808099 -0.048028652480673617 0.081370834738978312 -8.9697357718267074 -0.17555871778365795
leaf_weight=1012.0111500751643 5.6436935892395459 2.000868605298864 0.01052253271059389 0.0010066068182361674 68.752912038960019 0.073455533013599417 5.2002605981872092 4.0715016449751245 7.8812404196760317 7.0704762524510434 20.907651945018429 15.188954742577492 18.492433111410381 0.27580685175507824 32.313499157421717 18.713996003656476 4.3163909314118873 8.9413168943634247 9.7022737585791958 5.7779486958979929 91.540864795236473 32.598360001623533 10.604414027802706 1.6557216768123879 2.702430489982361 8.07511853473261 21.756656642541429 7.6853963912644749 0.011274344934291913 1.1065120738637118
leaf_count=200820 55510 725601 660 269 13883 38 2855 2217 11322 580 11092 3263 30946 384 3555 35009 2820 3501 3867 18437 187874 169250 2385 1390 7083 116 130862 143374 776 15489
internal_value=-0.00288159 -0.00232061 -0.199386 -17.4474 -0.00204082 -0.0224858 -0.0743553 -0.0993036 -0.0103137 -0.00557055 -0.0104464 -0.0416781 -0.119374 -0.438729 0.000341278 -0.00161595 -0.0393266 -0.0529252 -0.00691853 0.0117956 0.00372133 -0.0236636 0.0259927 -0.0132338 0.0319695 0.0688145 -0.000108572 0.00091275 0.000302411 -0.26426
internal_weight=1425.08 1419.44 2.0124 0.0115291 1417.43 147.915 28.1135 22.9132 119.801 111.92 104.85 36.0966 18.8417 0.349262 1269.51 1084.24 41.674 37.3576 18.6436 185.268 152.955 61.414 28.8156 18.2112 12.4333 9.73084 1042.57 1020.81 1013.13 1.11779
internal_count=1785228 1729718 726530 929 1003188 76580 36440 33585 40140 28818 28238 14355 31368 422 926608 536518 45197 42377 7368 390090 386535 198661 29411 27026 8589 1506 491321 360459 217085 16265
is_linear=0
shrinkage=0.1


Tree=136
num_leaves=31
num_cat=0
split_feature=66 37 66 65 66 35 65 65 66 65 66 66 65 14 65 66 66 65 48 41 65 66 37 14 65 37 66 66 66 16
split_gain=9.87759 5.70698 7.96751 6.66484 3.86947 3.42409 3.26553 4.52815 11.5066 2.76663 5.90413 5.23188 7.24778 5.11112 5.09868 3.76699 3.68491 3.23955 7.53293 7.40367 5.04697 4.72169 2.94638 8.96247 2.58604 2.56388 4.19489 2.74409 17.6295 77.741
threshold=29340.000000000004 11331.535644531252 257.50000000000006 1268.0000000000002 16386.000000000004 34.000000000000007 16385.000000000004 274.50000000000006 255.50000000000003 257.50000000000006 245.50000000000003 243.50000000000003 255.50000000000003 229821.25775000002 237.50000000000003 255.50000000000003 219.50000000000003 255.50000000000003 1.0000000180025095e-35 2.698441863059998 235.50000000000003 227.50000000000003 45715.779296875007 2634843.2373313853 29517.500000000004 11516.357421875002 266.50000000000006 288.50000000000006 275.50000000000006 67.416667938232436
decision_type=2 2 2 2 2 2 2 2 2 2 2 2 2 2 2 2 2 2 2 2 2 2 2 2 2 2 2 2 2 2
left_child=1 24 5 4 25 6 7 9 -9 11 -11 16 13 -13 -15 -16 -3 18 19 -18 21 -20 -19 -24 -1 26 -4 28 -27 -30
right_child=-2 2 3 -5 -6 -7 -8 8 -10 10 -12 12 -14 14 15 -17 17 22 20 -21 -22 -23 23 -25 -26 27 -28 -29 29 -31
leaf_value=0.00044233186841100518 -0.13905992119887317 -0.068231382402717894 -0.93515960450897184 0.031966102462030459 -0.0058011726225998548 -0.074720658450542918 0.061334325620132628 -0.089730526299686808 0.025629827863081874 -0.040562857518638425 0.13941481935819408 -0.076102104707102353 -0.1773780297801579 -0.024520296579001552 -0.10216269241046985 0.14101430530255216 -0.11409197566205287 0.12629123027923056 0.087945603300942837 0.1338601190156925 0.10186834842952314 -0.10837942719771793 -0.11187038529254492 0.16482750707200514 -0.071910600742000549 -0.11995942234032041 -0.17092981237959259 -0.13552692272283226 0.01202387840956398 3.099201342227619
leaf_weight=1259.5640437915417 5.2776925746584302 3.9639003641057391 0.098165745888926348 5.207700662880014 4.058632076512402 7.5506315488626106 6.9313334774997193 19.585329577709331 15.480640947802383 3.1716864401241756 4.2855359638342634 8.6394596433137902 3.1947985525184768 8.4332562537965696 0.75245798239484329 4.1520351787330583 6.3132600876851948 5.8987129442393762 2.1480867117643365 1.4880827146116642 8.776200579479335 2.8508077177320956 2.4541722657158971 2.2382468748837709 4.9593991397168784 4.7977816084284699 0.26766760337829965 11.91199415079728 0.63695677117848593 0.093549316523194648
leaf_count=1516982 55510 1789 38 2855 2217 66838 580 11092 3263 68 147 5568 143 3894 98 50 179 56 12 88 64 1703 25 17 80622 2808 384 27429 589 120
internal_value=-0.00250982 -0.00199868 -0.0207624 -0.069701 -0.0939158 -0.00956378 -0.00512188 -0.00955841 -0.0388022 0.00535506 0.0628672 -0.00164096 -0.0366411 -0.0161824 0.0226303 0.103706 0.0227429 0.0339533 0.0117195 -0.0667959 0.0561857 -0.0240161 0.0792485 0.0201123 0.000158567 -0.114 -0.375999 -0.108504 -0.0502782 0.407371
internal_weight=1415.18 1409.9 145.381 27.0724 21.8647 118.309 110.758 103.827 35.066 68.7607 7.45722 61.3035 25.172 21.9772 13.3377 4.90449 36.1315 32.1676 21.5764 7.80134 13.7751 4.99889 10.5911 4.69242 1264.52 17.8061 0.365833 17.4403 5.52829 0.730506
internal_count=1785228 1729718 132114 36440 33585 95674 28836 28256 14355 13901 215 13686 9753 9610 4042 148 3933 2144 2046 267 1779 1715 98 42 1597604 31368 422 30946 3517 709
is_linear=0
shrinkage=0.1


Tree=137
num_leaves=31
num_cat=0
split_feature=66 66 65 66 66 66 40 4 48 66 24 65 65 65 27 18 27 27 40 27 39 22 25 35 74 52 66 19 65 65
split_gain=8.65808 5.04334 9.76816 9.05796 10.7449 13.9485 14.4463 7.17957 7.26348 6.38097 6.0802 5.9367 10.9993 7.54123 5.82166 467.76 3399.73 31.7793 820.396 9.25875 108.912 369.82 8.53333 85.712 605.532 4.96191 6.2019 7.1882 8.28747 6.30208
threshold=29340.000000000004 237.50000000000003 1023.5000000000001 234.50000000000003 1.0000000180025095e-35 219.50000000000003 2.466666698455811 148.50000000000003 1.0000000180025095e-35 227.50000000000003 13992.000000000002 260.50000000000006 257.50000000000006 255.50000000000003 4995734.5000000009 9994125.5000000019 5123438.5000000009 4946424.0000000009 32.464284896850593 4629119.0000000009 332.50000000000006 4753576.7500000009 112674717.50000001 274.00000000000006 6136.9362792968759 8.0833334922790545 255.50000000000003 87.500000000000014 237.50000000000003 251.50000000000003
decision_type=2 2 2 2 2 2 2 2 2 2 2 2 2 2 2 2 2 2 2 2 2 2 2 2 2 2 2 2 2 2
left_child=1 3 11 4 -1 14 9 8 -8 -7 -4 12 13 25 17 16 -16 19 -19 22 21 -21 -6 24 -24 -3 -27 28 -28 -30
right_child=-2 2 10 -5 5 6 7 -9 -10 -11 -12 -13 -14 -15 15 -17 -18 18 -20 20 -22 -23 23 -25 -26 26 27 -29 29 -31
leaf_value=0.00067766766525717776 -0.13473498986760812 -0.076682209955752811 0.012714339050479384 0.032554943200773338 -0.099069145476314097 0.0025056083126052571 0.055376906008476959 -0.10434720745751472 -0.10426859945665271 -0.13952307339743139 -0.10116756602039534 -0.079171546226138076 0.074502848408709951 -0.13201941927506541 -193.75969664559051 -0.13433067371201993 -0.1000103796820917 85.124115895483158 -0.10000930068762487 -0.10005492226345014 -0.10002637390069274 48.696215593921956 -70.080617457529783 -0.10004660641107499 -0.10001457300725546 -0.1026639471828049 -0.049374336867140371 0.13402323607652475 0.13789110668392465 -0.039638525119289739
leaf_weight=1069.1461435012029 4.9207981112676853 13.830224076645754 83.903426783302848 82.008484497076552 21.066119218345602 4.6515401995638976 28.882857007804432 3.8835007174375269 3.1619021883125233 9.8865694002085824 4.9656873775225838 27.323001790392993 9.7177175782452405 7.7920913906808655 0.0010327394184450611 0.91246828681357817 0.0074156482489287079 0.0011733761111833432 0.030228921398128772 0.00641498201548589 0.099870710161243006 0.002049335839728883 0.0014289673626980423 0.10619943175498747 0.0091784402084158501 5.5560954370776008 16.385303619691648 4.177890399256234 5.387361201851296 3.1798352341210085
leaf_count=964478 55510 28544 192591 149361 153809 492 68808 6557 850 2952 37330 39804 3984 6884 147 30647 390 37 3273 21 9591 64 17 2772 119 6049 13106 2873 444 3724
internal_value=-0.00232083 -0.00185743 -0.0173786 0.00045348 -0.00185206 -0.0390498 -0.00997151 0.0240625 0.0396245 -0.0940803 0.00635103 -0.0399693 -0.0237466 -0.0407024 -0.105023 -0.351191 -23.7732 -0.0943909 3.08447 -0.0990794 0.823033 11.7142 -0.103795 -0.956158 -9.52739 -0.0260363 -0.00584275 0.0126241 -0.00770217 0.0719985
internal_weight=1411 1406.08 182.219 1223.86 1141.86 72.7099 50.4664 35.9283 32.0448 14.5381 88.8691 93.3495 66.0265 56.3088 22.2436 0.920917 0.00844839 21.3227 0.0314023 21.2913 0.108335 0.00846432 21.1829 0.116807 0.0106074 48.5167 34.6865 29.1304 24.9525 8.5672
internal_count=1785228 1729718 335333 1394385 1245024 280546 79659 76215 69658 3444 229921 105412 65608 61624 200887 31184 537 169703 3310 166393 9676 85 156717 2908 136 54740 26196 20147 17274 4168
is_linear=0
shrinkage=0.1


Tree=138
num_leaves=31
num_cat=0
split_feature=70 74 39 37 37 10 65 21 21 19 28 4 13 9 70 24 65 66 5 13 40 37 66 36 48 1 66 66 35 74
split_gain=98.749 316.475 1276.64 9891.42 78256.8 198448 4389.56 1259.96 5053.8 17689.5 109.122 203.223 83.0635 842.678 2813.83 30.7444 692.574 7.61426 5.99913 210.22 778.869 4.50172 6.80471 5.70187 3.86861 5.14475 3.27398 3.28265 2.88631 2.60148
threshold=16.925988197326664 120510.32421875001 373.50000000000006 0.16157043725252154 0.17866628617048266 164.50000000000003 257.50000000000006 6414450.5000000009 6215416.7500000009 23.500000000000004 10199816.000000002 348.50000000000006 81.412765502929702 108.06405639648439 35383.509765625007 10003303.500000002 450.50000000000006 29340.000000000004 256.50000000000006 74.067535400390639 49.292856216430671 11331.535644531252 257.50000000000006 14953.323242187502 1.0000000180025095e-35 68.500000000000014 1148.0000000000002 1187.5000000000002 34.000000000000007 12204326.000000002
decision_type=2 2 2 2 2 2 2 2 2 2 2 2 2 2 2 2 2 2 2 2 2 2 2 2 2 2 2 2 2 2
left_child=17 2 3 7 5 6 -5 8 10 -10 -2 -12 -9 14 -14 -3 -17 21 19 -4 -21 29 28 24 25 -24 -25 -28 -23 -1
right_child=1 15 18 4 -6 -7 -8 12 9 -11 11 -13 13 -15 -16 16 -18 -19 -20 20 -22 22 23 26 -26 -27 27 -29 -30 -31
leaf_value=0.0012008217854274602 -0.10035468108058127 0.0013127388718179476 -0.0042463384031929761 -196.17197434541643 -0.10089241079311835 -1498.1633328467119 -0.10007866442359586 -0.10014071439924391 -21.992138651692244 -477.74634972050239 -0.10002693211960179 -34.714104874196856 -187.44442921508752 -0.10055935828973586 -0.10002386822670753 -0.10004058077037392 -72.237291753871958 -0.13108808804211333 -0.11279102547199611 99.430508327354971 -0.10002764100117718 -0.004011799056656648 -0.9734652049733703 -0.080380098829808955 -0.10699381712451191 -0.21535627529386467 0.10283660007728251 -0.027957041453156885 -0.070551944965894162 -0.02479499410155734
leaf_weight=1207.0718713122487 0.02259586063160568 9.1418786980294655 0.22562892099301746 0.0020400679650265366 0.040580852391826738 0.0012683041421662766 0.0025931574541573355 0.50280518542806396 0.0045678678284275511 0.0010467996112311084 0.0041080091159528811 0.0028890174435218796 0.0010675524772523195 0.039979560417350513 0.0032194208095006616 0.033337861374435174 0.001386246323136219 4.5516647908741552 1.8711549238338234 0.0010047170064808588 0.0036155814252651908 107.22329032258648 0.11652124207976289 6.2256346668167835 10.330261870852114 0.38624066087211251 2.8405529687527116 5.914060587630849 6.9409111676001762 39.763976990081346
leaf_count=1423697 41 64646 937 26 122 115 19 4124 37 78 45 3 61 44 92 1178 13 49037 91889 52 47 28836 43 22228 6157 293 156 7563 66838 16811
internal_value=-0.00441502 -0.291175 -1.23637 -5.18959 -49.5819 -389.83 -86.433 -1.64583 -19.9824 -106.963 -3.47949 -14.3919 -0.465753 -4.61859 -46.753 -0.00996806 -2.97988 -0.00196104 -0.0535212 0.428144 21.5436 -0.00153723 -0.0185414 -0.0649095 -0.120177 -0.391057 -0.0249424 0.0144807 -0.00805728 0.000371766
internal_weight=1403.27 11.9068 2.73017 0.628762 0.0464824 0.00590153 0.00463323 0.582279 0.0352076 0.00561467 0.0295929 0.00699703 0.547072 0.0442665 0.00428697 9.1766 0.0347241 1391.36 2.1014 0.230249 0.0046203 1386.81 139.977 25.8133 10.833 0.502762 14.9802 8.75461 114.164 1246.84
internal_count=1785228 163569 97732 4807 282 160 45 4525 204 115 89 48 4321 197 153 65837 1191 1621659 92925 1036 99 1572622 132114 36440 6493 336 29947 7719 95674 1440508
is_linear=0
shrinkage=0.1


Tree=139
num_leaves=31
num_cat=0
split_feature=70 74 5 13 40 66 39 24 34 24 66 19 19 26 65 14 65 19 36 65 29 39 2 34 22 19 65 16 19 65
split_gain=180.45 825.111 8145.99 491877 1.17334e+06 6.70612 5.55949 3.93604 5.66516 5.14816 5.80112 8.95439 5.25118 4.65083 4.11777 20.6101 11.784 9.62377 7.73065 8.88648 7.29169 7.7566 6.16661 10.5115 7.39173 5.43232 4.91425 4.47148 3.99499 4.83906
threshold=11622.613281250002 111765.71484375001 256.50000000000006 74.067535400390639 56.340579986572273 29340.000000000004 317.50000000000006 207.50000000000003 418.00000000000006 79.500000000000014 257.50000000000006 67.500000000000014 28351.000000000004 83448.476562500015 274.50000000000006 181.80854350000001 269.50000000000006 136.50000000000003 184659.09375000003 296.50000000000006 534.50000000000011 2021.5000000000002 4.5000000000000009 126.00000000000001 1017.4846801757814 83.500000000000014 256.50000000000006 259375.97656250003 57.500000000000007 251.50000000000003
decision_type=2 2 2 2 2 2 2 2 2 2 2 2 2 2 2 2 2 2 2 2 2 2 2 2 2 2 2 2 2 2
left_child=5 2 3 -2 -5 7 -4 9 -9 10 12 -12 14 -11 16 18 22 20 -16 -20 -17 -22 23 28 -25 -18 -24 -26 29 -1
right_child=1 -3 6 4 -6 -7 -8 8 -10 13 11 -13 -14 -15 15 17 25 -19 19 -21 21 -23 26 24 27 -27 -28 -29 -30 -31
leaf_value=0.0056061311071189043 -0.10030766724905227 0.0034087482851828822 -0.86225625934219841 -4083.7175175857724 -0.10002541256956068 -0.12768326078596767 -0.11303832562645139 0.0018771518419653161 0.10449828431733187 -0.022444433775411502 -0.0075192923828626594 -0.10818842454337251 -0.078089490626588764 -0.098869842270483135 -0.082185487251614453 -0.0084894376081049352 0.083104737456526356 0.10343938481611284 0.19615409595877809 -0.066692667121756574 0.11940366320155101 -0.10015817769212594 0.067034400205991163 0.090950278826308628 -0.19637312266259646 -0.1053585980372013 -0.24393545361964725 -0.53552972199951498 0.024284925591099429 -0.034759241780020544
leaf_weight=78.615709094179863 0.18202673881314432 8.4686168015801435 0.10548028561572653 0.0010040117627754521 0.0023516435437613836 4.2251760685851414 1.6225961250993466 879.40163855468302 5.4125658927207487 86.976223181663613 27.882172746477302 12.934712049551072 8.3445758107437751 8.7650345932266287 39.540530914765512 67.601566431524674 25.768155239229177 11.043272177699505 2.2679133789788457 2.9715782849584684 8.9082094698111103 1.9636876409834929 17.327412781452953 0.79362354859927053 2.1763100079635938 1.6259442828668387 0.52353848983284379 0.47326678020499446 47.849707913913562 47.73047185917315
leaf_count=503884 1389 63648 229 110 30 49462 86187 265582 4855 43120 110959 18499 179464 31098 32991 141122 32329 1976 42 4674 2210 2355 117587 600 8994 288 655 683 61899 18307
internal_value=-0.00499118 -0.420349 -2.29582 -22.2168 -1221.92 -0.00189132 -0.15877 -0.0015081 0.0025049 -0.00858015 -0.00366495 -0.0394209 0.000327792 -0.0294411 0.0021598 -0.0116725 0.0104943 0.016035 -0.0670607 0.0470805 0.00373495 0.0797463 0.00188689 -0.00374329 -0.176765 0.0719187 0.0579142 -0.256953 -0.000323305 -0.00964291
internal_weight=1401.51 10.3821 1.91346 0.185382 0.00335566 1391.12 1.72808 1386.9 884.814 502.084 406.342 40.8169 365.525 95.7413 357.181 134.297 222.884 89.5167 44.78 5.23949 78.4735 10.8719 195.49 177.639 3.4432 27.3941 17.851 2.64958 174.196 126.346
internal_count=1785228 151593 87945 1529 140 1633635 86416 1584173 270437 1313736 1239518 129458 1110060 74218 930596 185370 745226 147663 37707 4716 145687 4565 712609 594367 10277 32617 118242 9677 584090 522191
is_linear=0
shrinkage=0.1


Tree=140
num_leaves=31
num_cat=0
split_feature=66 23 18 72 34 65 19 34 1 19 19 65 27 65 24 17 1 65 48 65 22 74 25 29 24 16 16 65 15 73
split_gain=5.94459 3.64178 5.67114 5.86324 11.5485 7.69926 9.41832 9.08561 10.1797 8.35909 8.11867 12.1802 9.95599 7.8638 8.59577 9.22415 8.93835 8.37372 8.78427 7.45788 45.7899 140.431 7.11453 6.78138 7.65537 6.43916 5.64868 5.48467 5.28355 5.1695
threshold=29340.000000000004 506261.00000000006 500124.00000000006 20578.000000000004 266.00000000000006 29000.000000000004 999856.50000000012 102.00000000000001 66022052.000000007 995049.00000000012 514.50000000000011 410.50000000000006 1359.205993652344 404.50000000000006 36413.000000000007 1.0000000180025095e-35 552889.00000000012 296.50000000000006 1.0000000180025095e-35 256.50000000000006 32.561376571655281 681588.34375000012 3808532.5000000005 1977.5000000000002 13992.000000000002 10506904.000000002 823504.28125000012 255.50000000000003 2.6568006759840355 5093776.0000000009
decision_type=2 2 2 2 2 2 2 2 2 2 2 2 2 2 2 2 2 2 2 2 2 2 2 2 2 2 2 2 2 2
left_child=1 -1 -3 5 19 7 9 10 -9 22 -4 13 -13 14 16 17 -12 18 29 -5 21 -21 23 24 -7 -6 28 -18 -20 -16
right_child=-2 2 3 4 25 6 -8 8 -10 -11 11 12 -14 -15 15 -17 27 -19 26 20 -22 -23 -24 -25 -26 -27 -28 -29 -30 -31
leaf_value=-0.0056228007689011292 -0.12459723750528567 -0.10843076837838683 0.030505108365257546 0.034934581322748029 0.0029549174432848993 0.040857684034591411 -0.11302378283816286 -0.10693310984507427 0.056292963337489593 0.10670670470037331 1.184806332789953 -0.10554208657180147 -0.012516440786453474 0.10870378867613975 0.035813328026299995 -0.12028378648208671 -0.17485435256272036 -0.12665652801282049 0.23287879009538345 -0.10007725020248469 -0.10936029791004936 -18.931670750761988 0.071909119062435578 -0.13331889212293321 -0.10946178102694111 -0.10625238706767176 -0.058924193751964164 0.14011299775995487 -0.12686265743993183 0.14752150482905851
leaf_weight=824.11387035151597 3.9266349104193514 4.389047636544773 113.89657396815159 4.2252895562847401 221.19636315064827 19.510128593270252 3.6589779929544184 13.462991932281895 5.3348370771133924 19.672675215093477 0.077940534567459419 16.86994486463891 36.17523744245409 9.2661698041556502 12.448789690199193 6.2047626090014765 0.61826950426916472 3.9033980318636159 1.3628430068492878 0.016038128226908976 14.291224504625799 0.0052582574498956083 21.947693553890577 3.5591214609593633 4.0998863934406691 5.5342399068913428 11.676562359090893 5.2263011422619456 0.58288245042058395 6.2087816253915653
leaf_count=1169206 55510 642 62689 51739 148385 18601 5291 39733 130677 1296 4 2949 467 1353 1617 6499 26 141 10 112 50210 7 21901 3249 9273 197 697 1962 162 623
internal_value=-0.00172953 -0.00138232 0.00479826 0.00568407 -0.00591534 0.0146938 0.0433101 0.00617321 -0.0606094 0.0516257 0.0117646 -0.00753069 -0.0421014 0.0243191 0.00813378 -0.00763335 0.120981 0.0116841 0.0284128 -0.0818024 -0.116265 -4.74976 0.0295642 -0.00464278 0.0147547 0.00028929 -0.0326377 0.106794 0.125111 0.0729871
internal_weight=1393.46 1389.54 565.422 561.033 245.268 315.765 72.4485 243.316 18.7978 68.7895 224.518 110.622 53.0452 57.5767 48.3105 42.388 5.92251 36.1833 32.2799 18.5378 14.3125 0.0212964 49.1168 27.1691 23.61 226.731 13.6223 5.84457 1.94573 18.6576
internal_count=1785228 1729718 560512 559870 250650 309220 59611 249609 170410 54320 79199 16510 3416 13094 11741 9749 1992 3250 3109 102068 50329 119 53024 31123 27874 148582 869 1988 172 2240
is_linear=0
shrinkage=0.1


Tree=141
num_leaves=31
num_cat=0
split_feature=66 66 66 4 9 41 9 65 65 11 8 66 14 65 37 26 1 19 19 48 24 48 65 1 16 20 7 29 21 52
split_gain=5.27504 3.40647 7.68963 7.10616 7.48743 7.26335 8.23854 7.15733 6.91964 6.74298 5.73789 5.64524 12.4738 8.52105 7.6551 6.4643 45.6233 93.1711 262.049 6.3203 5.04973 5.0444 7.37522 197.643 556.367 5.25038 4.59593 4.53173 4.49287 4.23984
threshold=29340.000000000004 237.50000000000003 234.50000000000003 36.500000000000007 0.72864356637001049 3.2393932342529301 4.2029862403869638 228.00000000000003 1023.5000000000001 3.0000000000000004 152.13809204101565 1.0000000180025095e-35 869.59783680000021 255.50000000000003 45715.779296875007 963746.21875000012 4023914.0000000005 2.5000000000000004 3.5000000000000004 1.0000000180025095e-35 13992.000000000002 1.0000000180025095e-35 628.50000000000011 68.500000000000014 46.366666793823249 67511466.000000015 4.0000000000000009 73712.000000000015 10500383.000000002 28.758333206176761
decision_type=2 2 2 2 2 2 2 2 2 2 2 2 2 2 2 2 2 2 2 2 2 2 2 2 2 2 2 2 2 2
left_child=1 2 3 4 11 -6 -7 -8 21 -9 -5 15 -13 -14 19 28 17 -17 -19 -15 -10 22 25 24 -24 -3 27 -4 -1 -29
right_child=-2 8 26 10 5 6 7 9 20 -11 -12 12 13 14 -16 16 -18 18 -20 -21 -22 -23 23 -25 -26 -27 -28 29 -30 -31
leaf_value=0.00048356673561262355 -0.12198304166899179 -0.11539721394844477 0.024493602915393882 -0.075152359244412034 0.12418506783942165 -0.12067525498359143 -0.12047596648101513 0.091844360009321002 0.011393358415459716 -0.10409704223649532 0.0020537117888012562 -0.085311880604436161 -0.091628687906984349 0.12698229847472348 -0.047964759131071379 -0.10001660782365181 0.10732463029974666 40.415908811684346 -0.10002065542617211 -0.10568021722747795 -0.10100309169564697 -0.023481947836598981 -0.10002215802047182 -0.10094183071317125 -76.208171006065939 0.028086668347558293 0.078669684274832632 -0.61275767244373025 -0.059680139092576523 -0.074721169825428091
leaf_weight=992.77817265290673 3.6251850879409622 10.73297000934266 60.99869231419666 23.139118373686774 8.9917593713726749 3.6061932700722563 2.3049116316478857 14.303249625667069 81.754381845942945 2.0021487753968072 16.483267193524721 24.045115062505374 5.2512725082042406 10.083619705201272 5.0383879569280898 0.013036754869971801 3.5820697079088859 0.0024681651120772577 0.0045194547383289319 1.3204709851670493 4.2027544309926119 73.741453107959387 0.0035709479635669941 0.13691936085471118 0.0013139163032462875 3.3450900470328646 15.963848169429182 0.15470905747497399 12.569512094803711 2.7475989033350743
leaf_count=155012 55510 22816 141246 943176 2417 402 4325 56274 192591 4105 40459 23485 2553 293 401 81 7694 39 60 370 37330 76165 67 1274 34 5056 7777 6 3878 332
internal_value=-0.00151337 -0.00119675 0.000690953 -0.00143665 8.11547e-05 0.0483536 0.0176621 0.0444683 -0.0142799 0.0677846 -0.0430339 -0.00134723 -0.0357086 0.019271 0.0546894 0.000210482 0.133934 4.8939 14.211 0.100042 0.00589789 -0.033998 -0.0885319 -0.806106 -20.5714 -0.081304 0.0306749 0.0186848 -0.000268639 -0.103401
internal_weight=1382.93 1379.3 1205.38 1125.52 1085.9 31.2083 22.2165 18.6103 173.918 16.3054 39.6224 1054.69 45.7389 21.6938 16.4425 1008.95 3.60209 0.0200244 0.00698762 11.4041 85.9571 87.9613 14.2199 0.141804 0.00488486 14.0781 79.8648 63.901 1005.35 2.90231
internal_count=1785228 1729718 1394385 1245024 261389 67523 65106 64704 335333 60379 983635 193866 27102 3617 1064 166764 7874 180 99 663 229921 105412 29247 1375 101 27872 149361 141584 158890 338
is_linear=0
shrinkage=0.1


Tree=142
num_leaves=31
num_cat=0
split_feature=51 1 17 28 26 18 19 66 69 72 17 23 18 21 66 65 65 66 66 27 16 19 19 18 72 21 8 65 19 19
split_gain=62.5804 161.417 15982.5 5640.33 387.111 3955.8 403.259 4.68722 3.67711 339.651 1479.28 3.05648 5.1465 9.52618 6.49657 7.05715 6.14111 40.5819 26.3399 5.17851 5.1139 11.3406 7.05024 5.09239 4.70291 9.02264 8.07306 6.61155 7.82268 7.9776
threshold=4.5000000000000009 4023914.0000000005 1775539.8750000002 3998539.5000000005 963746.21875000012 3853932.5000000005 2.5000000000000004 29340.000000000004 23095.909179687504 22396.500000000004 2909439.0000000005 506261.00000000006 500124.00000000006 34207.333984375007 257.50000000000006 485.50000000000006 503.50000000000006 275.50000000000006 288.50000000000006 5563.4807128906259 207282.00000000003 158872.50000000003 40287.500000000007 500124.00000000006 20578.000000000004 6215416.7500000009 124.03333282470705 29000.000000000004 999856.50000000012 995049.00000000012
decision_type=2 2 2 2 2 2 2 2 2 2 2 2 2 2 2 2 2 2 2 2 2 2 2 2 2 2 2 2 2 2
left_child=7 2 4 -4 -2 -6 -7 11 9 -3 -11 12 14 -14 20 -16 17 -17 -19 -15 21 22 -1 -13 27 26 -26 -25 29 -29
right_child=1 8 3 -5 5 6 -8 -9 -10 10 -12 23 13 19 15 16 -18 18 -20 -21 -22 -23 -24 24 25 -27 -28 28 -30 -31
leaf_value=0.00033502129386714824 -0.10004195573044257 -0.10004079296122458 -237.87394693216584 -41.824538640582944 -140.91224011925098 -0.10001375681219114 52.640168552804269 -0.11967278935598157 -0.10016068128618696 91.144832714675545 -0.10001008845948711 -0.10782744043091251 0.054104933033623126 -0.037069312288262789 -0.091627182404135268 -0.1083453204948875 -0.014217202409342362 3.7174827310272591 -0.10228544901434143 -0.12349479243752265 -0.10812257383079427 0.14882304529828377 -0.081893968975505771 0.0058667533303628427 -0.10863504249346918 0.0012085266997311822 0.01917292126787868 0.027544161492230042 -0.099347815288366392 0.10608211472446936
leaf_weight=694.50998400273204 0.70479710803741591 0.65893893527618264 0.0037851079979540616 0.0023966722728931966 0.0021304968104778341 0.0061591290432261303 0.0018960874440381303 3.3396584841386803 1.075115548043186 0.002191904350183905 0.0093816488297306933 3.9943333270108488 10.241411030250225 39.957505130013494 16.609944672021637 0.33609088116827734 25.168777283091519 0.052310353905340889 0.027565676308768161 8.3884822462421038 4.3872405799452272 5.0955151122280986 10.585791973457274 238.15571094613324 14.72000670413704 220.93381540940956 7.4402903051169416 46.666889116650225 3.7451409435172982 17.892068122529963
leaf_count=869166 3971 3534 42 14 19 46 69 55268 6407 33 110 642 41614 1143 43975 8 54464 5 106 12418 12337 7480 112488 249609 124663 94588 31398 53024 5291 1296
internal_value=-0.00225209 -0.505478 -1.76402 -161.866 -0.379769 -19.7354 12.3143 -0.00134747 0.0144575 0.198239 17.1808 -0.0010588 -0.00495218 -0.0335058 -0.00274163 -0.0408706 -0.00791879 0.373177 2.39926 -0.0520649 -0.000490172 0.000174732 -0.000899505 0.00467603 0.00549374 -0.00489297 -0.0657237 0.0137328 0.0411594 0.0493104
internal_weight=1374.72 2.46679 0.721165 0.00618178 0.714983 0.0101857 0.00805522 1372.25 1.74563 0.670512 0.0115736 1368.91 815.361 58.5874 756.773 42.1947 25.5847 0.415967 0.079876 48.346 714.579 710.191 705.096 553.548 549.554 243.094 22.1603 306.46 68.3041 64.559
internal_count=1785228 14245 4161 56 4105 134 115 1770983 10084 3677 143 1715715 1155204 55175 1100029 98558 54583 119 111 13561 1001471 989134 981654 560511 559869 250649 156061 309220 59611 54320
is_linear=0
shrinkage=0.1


Tree=143
num_leaves=31
num_cat=0
split_feature=51 40 19 1 36 76 75 69 25 5 19 19 76 36 36 36 19 36 17 66 24 34 65 65 14 65 48 65 14 14
split_gain=201.928 529.838 1339.58 4077.25 42721.2 72.2795 7003.42 7474.87 294.366 600.965 49.8686 195.063 34.9565 960.974 17.1549 320.85 6.69352 7.17853 309.838 4.16838 2.7847 5.1882 4.16311 12.3282 7.33217 5.98535 5.19024 4.54473 16.7677 17.483
threshold=4.5000000000000009 393.87867736816412 3.5000000000000004 4023914.0000000005 0.29275701940059667 6845448.5000000009 6897507.0000000009 31685.000000000004 7026296.5000000009 30.500000000000004 46.500000000000007 48.500000000000007 6148422.5000000009 0.16111574321985248 0.25594939291477209 0.29275701940059667 3.5000000000000004 0.25594939291477209 1654745.1250000002 29340.000000000004 211.50000000000003 418.00000000000006 229.50000000000003 245.50000000000003 2396281.2650000006 251.50000000000003 1.0000000180025095e-35 254.50000000000003 46988.627401971309 53029.33559000001
decision_type=2 2 2 2 2 2 2 2 2 2 2 2 2 2 2 2 2 2 2 2 2 2 2 2 2 2 2 2 2 2
left_child=19 5 -3 4 -4 10 7 -7 9 -8 12 -12 16 -14 -13 -16 -2 -18 -19 20 -1 22 -22 24 -24 -25 27 28 -27 -30
right_child=1 2 3 -5 -6 6 8 -9 -10 -11 11 14 13 -15 15 -17 17 18 -20 -21 21 -23 23 25 -26 26 -28 -29 29 -31
leaf_value=-0.006994283160052535 0.0026384819085972992 -0.10008952324432474 -488.01287054415707 -0.10001415599461505 -0.10001808509281947 -208.44554600274716 -0.10001458584380121 -0.10002161121434255 -0.10020090119113181 -45.144725011648148 -23.044908657853718 -0.10002614897421776 -0.10002090926360468 49.855805362710377 -35.130173302781969 -0.1000206061744886 -0.10002669633160553 -0.10002386593758027 -32.368361519946291 -0.11761949693835315 0.027776436299210956 0.08997910762081418 -0.1031986776329859 0.032484752668046422 0.32846849992669302 -0.10643486337387696 -0.099841423939384444 0.00061685636389573813 2.8583650218578991 0.39894050617003951
leaf_weight=494.0991346782115 0.97402890249922769 0.10290994330166814 0.0020495463249972081 0.033706441565300338 0.014424808641706477 0.0033598033696761167 0.0088964574242709205 0.0035325634162290953 0.70669399012899703 0.0044400341867003599 0.0043582742910074348 0.047372542014727514 0.10086621019581787 0.0040035369584074934 0.0028546828689286477 0.031099997570890991 0.098614710484980606 0.074749463739863131 0.0030990120139904312 3.0718883775616623 57.272966865676153 6.7132190118226154 14.182389122232049 57.973026270907212 0.40471979975700456 7.043432561175563 5.263207939024368 719.70039001728026 0.033802012971136608 0.19944645579380449
leaf_count=1403284 4991 686 26 356 91 25 64 17 5978 19 21 238 510 38 25 219 425 489 27 55268 75032 19523 4705 2890 2 8900 6623 194604 88 64
internal_value=-0.00281179 -0.955532 -6.63214 -20.028 -60.8004 -0.535296 -1.33829 -101.662 -0.377964 -15.0965 -0.100027 -2.43414 0.0592897 1.80711 -1.32962 -3.04512 -0.100027 -0.666716 -1.38457 -0.00126266 -0.00100039 0.00240847 0.00172653 -0.000127289 -0.0912221 0.00155429 -0.000894536 -0.000178175 -0.0788108 0.755357
internal_weight=1368.18 2.22106 0.153091 0.0501808 0.0164744 2.06797 0.726923 0.00689237 0.72003 0.0133365 1.34105 0.0856855 1.25536 0.10487 0.0813272 0.0339547 1.15049 0.176463 0.0778485 1365.96 1362.89 868.787 862.073 804.8 14.5871 790.213 732.24 726.977 7.27668 0.233248
internal_count=1785228 14245 1159 473 117 13086 6103 42 6061 83 6983 503 6480 548 482 244 5932 941 516 1770983 1715715 312431 292908 217876 4707 213169 210279 203656 9052 152
is_linear=0
shrinkage=0.1


Tree=144
num_leaves=31
num_cat=0
split_feature=51 76 73 69 14 15 37 69 19 19 14 17 19 19 36 17 36 66 23 18 18 21 66 65 27 16 19 19 37 19
split_gain=731.179 895.554 201773 92769.4 19913 52.5728 473.997 922.567 47.5276 347.449 17.8389 203.937 349.319 6.83394 7.73405 367.015 556.708 3.71353 2.46418 4.54712 4.29297 7.95609 5.59236 6.3035 4.85866 4.64995 8.69819 6.16121 4.06148 10.6434
threshold=4.5000000000000009 6148422.5000000009 6184337.5000000009 30005.318359375004 223.43364625000001 0.98339573250000012 0.86169973015785228 23095.909179687504 46.500000000000007 49.500000000000007 10.716911995000002 1821699.4375000002 271.50000000000006 3.5000000000000004 0.25594939291477209 1555421.3125000002 0.27133806049823767 29340.000000000004 506261.00000000006 500124.00000000006 500124.00000000006 34207.333984375007 257.50000000000006 1023.5000000000001 5563.4807128906259 207282.00000000003 158872.50000000003 40287.500000000007 28708.791015625004 33.500000000000007
decision_type=2 2 2 2 2 2 2 2 2 2 2 2 2 2 2 2 2 2 2 2 2 2 2 2 2 2 2 2 2 2
left_child=17 8 3 -3 5 -4 7 -7 13 -10 11 12 -11 -2 -15 -16 -17 18 20 -20 22 -22 25 28 -23 26 27 -1 -24 -30
right_child=1 2 4 -5 -6 6 -8 -9 9 10 -12 -13 -14 14 15 16 -18 -19 19 -21 21 24 23 -25 -26 -27 -28 -29 29 -31
leaf_value=0.0004004078926395393 -0.0042177548560828858 -1180.7494766734696 -0.10016408135470495 -82.815462643467711 -285.96815049948731 -72.811981220167908 -0.1000205949348999 -0.10002007875898443 -38.598893602483344 -58.53919809121043 -0.10001760572000247 -0.10002704501003204 -0.10001077587613415 -0.1000238083963126 -0.10002178745692805 -93.835602537070201 -0.10001200285370532 -0.1157955421552333 -0.10725627225958093 0.0049687154140567527 0.049335786128032459 -0.033873075350673028 -0.1055500112787521 -0.0038525398141232045 -0.12041881874243217 -0.10770339743586171 0.12833445940933294 -0.079350065035541567 -0.011445791459156493 1.1654162413007394
leaf_weight=692.69253067860211 1.0436734120000419 0.0021174786361372036 0.71545359362497485 0.0012089641531929374 0.0024486814872943788 0.0027505791003932236 0.061830855767766479 0.0047728593635838479 0.0025974785608157127 0.0017105487058870486 0.044074072363400774 0.028063421326805837 0.0025442174396630435 0.096704142844828395 0.070844244165527925 0.0010668044105841814 0.0015603218416799791 2.8210932225788374 3.6344638299427734 545.7002738386816 10.188206947574818 39.455520363937467 14.610297766236101 23.283744198190181 7.7630010283928703 4.0130517990996841 5.2620887671469054 9.8246158604200655 3.3236303793837414 0.078666348990509394
leaf_count=869166 5289 47 6884 6 20 19 345 32 35 20 355 119 46 472 501 41 14 55268 642 559869 41614 1143 37336 50781 12418 12337 7480 112488 10213 228
internal_value=-0.00404437 -1.87598 -4.52726 -781.716 -1.24336 -0.354991 -2.98376 -26.6836 -0.254699 -2.63153 -1.40857 -3.19312 -23.5944 -0.10003 -0.687637 -1.46106 -38.1635 -0.00118227 -0.000944497 0.00422622 -0.00444909 -0.0308091 -0.00243971 -0.038216 -0.0481017 -0.000364062 0.000244544 -0.000714893 -0.0826355 0.0157651
internal_weight=1364.73 2.08342 0.790583 0.00332644 0.787257 0.784808 0.0693543 0.00752344 1.29284 0.0789897 0.0763923 0.0323182 0.00425477 1.21385 0.170176 0.0734714 0.00262713 1362.65 1359.83 549.335 810.495 57.4067 753.089 41.2963 47.2185 711.792 707.779 702.517 18.0126 3.4023
internal_count=1785228 14245 7353 53 7300 7280 396 51 6892 575 540 185 66 6317 1028 556 55 1770983 1715715 560511 1155204 55175 1100029 98558 13561 1001471 989134 981654 47777 10441
is_linear=0
shrinkage=0.1


Tree=145
num_leaves=31
num_cat=0
split_feature=66 43 65 72 52 66 24 66 25 65 30 65 6 10 30 16 20 48 20 19 36 20 48 22 65 4 76 76 69 65
split_gain=3.31986 2.46578 9.90331 3.66357 3.23441 3.027 5.08685 3.16604 2.99173 2.84376 5.38081 4.80327 4.78307 4.5046 4.33934 8.93345 9.26226 6.82717 5.84137 4.33759 4.28573 5.7289 5.22129 4.15237 4.11246 5.04032 3.51741 737.853 950.236 3.28683
threshold=29340.000000000004 1.0000000180025095e-35 210.50000000000003 1555480.0000000002 7.5625000000000009 234.50000000000003 43619.500000000007 235.50000000000003 107027475.50000001 229.50000000000003 1.0000000180025095e-35 235.50000000000003 1448.5000000000002 527.50000000000011 1.0000000180025095e-35 1336.666687011719 210436.50000000003 1.0000000180025095e-35 16980.500000000004 42828.000000000007 84523.812500000015 4.5000000000000009 1.0000000180025095e-35 1.0000000180025095e-35 228.00000000000003 1020.5000000000001 6148422.5000000009 6246494.5000000009 21852.013671875004 296.50000000000006
decision_type=2 2 2 2 2 2 2 2 2 2 2 2 2 2 2 2 2 2 2 2 2 2 2 2 2 2 2 2 2 2
left_child=1 2 3 8 5 -3 7 -7 -1 14 11 13 -12 -11 15 -4 17 18 -17 -20 -13 23 29 -22 -16 -26 -19 28 -28 -23
right_child=-2 4 9 -5 -6 6 -8 -9 -10 10 12 20 -14 -15 24 16 -18 26 19 -21 21 22 -24 -25 25 -27 27 -29 -30 -31
leaf_value=-0.10375675895115125 -0.11416998450645954 -0.061500035021025773 -0.058358967596033318 0.1030520494769393 0.067936423228352513 0.088312627707115399 -0.28960362518091931 -0.057387120456979204 0.23202107872642208 -0.11060553736362813 -0.10040632738888516 -0.0014724991476522294 0.083466079903958337 0.1390874654422421 -0.06352385805464035 -0.11128307051251213 -0.051162500011751016 0.096228663264729661 0.11449507693468622 -0.10316297303747013 -0.0046817326448861697 0.10005854142081119 0.41136091775399564 0.13234920210556356 0.10016198996520026 -0.12451579130264068 -0.10002368458337357 -0.10000955420418056 84.799485968598916 -0.10082357468446115
leaf_weight=13.268567786119538 2.5875558107593397 5.4064030169611508 15.365611644849094 0.98135678139988236 11.953965120020868 6.0854291427822282 0.45911795398751643 1.9755915302967393 0.27076422411869749 6.3875010423575977 9.1136387929802236 1198.3829428030663 1.6746978830627188 0.8146585423965006 2.1963810562638182 3.2948009556239501 9.322417529714583 15.790143846030396 3.7075856682058657 1.2158369356766341 22.956807346823329 8.650073175966094 0.50410180504332025 2.4470730183902552 13.349445132140771 1.0791954678534246 0.0029936246137360328 0.39864275177754543 0.0023557263921247804 0.89917355812122046
leaf_count=787723 55510 4156 2335 948 46206 6362 37 3397 3330 4464 46614 783231 1041 24 87 108 6337 6771 58 53 11617 478 16 748 3261 3568 33 5269 34 1412
internal_value=-0.00100764 -0.000792013 -0.00138597 -0.0835187 0.0297792 -0.00297342 0.0341643 0.0526046 -0.0970418 -0.000480791 -0.00154532 -0.000934044 -0.0718634 -0.082362 0.0197945 0.00484308 0.0336305 0.0660107 -0.00822375 0.0607445 -0.000458733 0.0338045 0.0977011 0.00851801 0.0639522 0.0833571 0.103683 0.395049 37.2877 0.0811431
internal_weight=1360.54 1357.96 1332.08 14.5207 25.8805 13.9265 8.52014 8.06102 13.5393 1317.56 1251.83 1241.04 10.7883 7.20216 65.7254 49.1004 33.7348 24.4124 8.21822 4.92342 1233.84 35.4572 10.0533 25.4039 16.625 14.4286 16.1941 0.403992 0.00534935 9.54925
internal_count=1785228 1729718 1669560 792001 60158 13952 9796 9759 791053 877559 849645 801990 47655 4488 27914 20998 18663 12326 219 111 797502 14271 1906 12365 6916 6829 12107 5336 67 1890
is_linear=0
shrinkage=0.1


Tree=146
num_leaves=31
num_cat=0
split_feature=51 69 69 51 72 69 72 1 37 17 51 14 76 17 76 73 66 23 18 72 21 8 76 20 3 68 19 30 19 76
split_gain=265.359 505.216 8835.95 42.2371 128.164 1613.95 182.762 609.911 73.6759 4701.09 8.67569 63.2499 3235.87 11786.9 20.3948 90.186 2.96403 2.15448 4.07311 4.02367 7.76069 6.98274 6.22245 7.28786 10.6943 6.98663 9.39829 5.17384 5.08731 5.02509
threshold=6.5000000000000009 23095.909179687504 25628.027343750004 5.5000000000000009 23333.500000000004 23642.500000000004 22009.500000000004 6754429.5000000009 0.97271013259887706 2565692.2500000005 4.5000000000000009 5.7758246300000016 6246494.5000000009 2122412.8750000005 6148422.5000000009 6184337.5000000009 29340.000000000004 506261.00000000006 500124.00000000006 20578.000000000004 6215416.7500000009 122.02631759643556 5007308.0000000009 5940104.5000000009 14.500000000000002 38.000000000000007 999856.50000000012 1.0000000180025095e-35 995049.00000000012 8933257.5000000019
decision_type=2 2 2 2 2 2 2 2 2 2 2 2 2 2 2 2 2 2 2 2 2 2 2 2 2 2 2 2 2 2
left_child=3 -2 -3 10 6 -6 -5 -8 9 -7 16 12 13 -12 -13 -16 17 -1 -19 22 21 -21 23 25 27 -20 28 -25 -27 -24
right_child=1 2 -4 4 5 8 7 -9 -10 -11 11 14 -14 -15 15 -17 -18 18 19 20 -22 -23 29 24 -26 26 -28 -29 -30 -31
leaf_value=-0.0040835261268544901 -0.10008757183897468 -192.03227462049617 -0.10014623409601056 -0.10014910916118094 -85.149521285728667 -121.24308114391884 79.344587899225075 -0.10000704140095065 -0.10002844071742445 -0.10001408432011305 -0.10001931929543043 0.025206895386939356 -0.10001695335414917 -377.22193226999195 11.308959599915667 -0.10000670736500912 -0.11272683408822076 -0.10670533970258321 0.007145437461526522 -0.10470890834488107 0.00066190494197228365 0.015565093924179247 0.096294588886782204 -0.10733232307910848 0.077800769964472979 -0.12935664858175216 -0.084606579866675316 0.034387236745861104 0.11163814181702783 0.02032225928722086
leaf_weight=801.66650046459813 0.065005161317457261 0.0026050858032249371 0.03026160056469962 0.55793673336211014 0.0023515714019595171 0.0033018811227520919 0.0012587384844664051 0.0041602912187965061 0.11487262778246077 0.10732523901970126 0.0037907564342680713 0.79847400731835094 0.25265460473340551 0.001060664959368296 0.0087649059714749455 0.033071316647692584 2.3693525780445261 3.3001526353050386 223.09130119815947 13.804682232052347 220.00733653005088 7.4224435269433515 14.740005486116759 14.961173710821333 5.3693290065839383 0.92639795247112644 3.355779603123664 3.1118489391002973 16.081355024129152 21.268933220662316
leaf_count=1155204 360 29 216 2937 37 33 14 84 423 1642 103 3991 3683 10 31 652 55268 642 105927 123959 94588 32102 29310 13881 6061 66 59 3389 1275 149252
internal_value=-0.00200954 -5.20883 -15.3131 -0.00163299 -0.732057 -2.73332 0.0773599 18.3535 -1.87386 -3.71576 -0.00120572 -0.282209 -1.65338 -82.5501 0.137975 2.29023 -0.000977459 -0.000781201 0.00405469 0.00472644 -0.00490941 -0.062653 0.0124004 0.00713589 -0.0461162 0.0122636 0.0683347 -0.0829308 0.0985114 0.051421
internal_weight=1353.46 0.0978718 0.0328667 1353.37 0.791207 0.227851 0.563356 0.00541903 0.2255 0.110627 1352.57 1.09782 0.257506 0.00485142 0.84031 0.0418362 1351.48 1349.11 547.441 544.141 241.234 21.2271 302.906 266.897 23.4424 243.455 20.3635 18.073 17.0078 36.0089
internal_count=1785228 605 245 1784623 5170 2135 3035 98 2098 1675 1779453 8470 3796 113 4674 683 1770983 1715715 560511 559869 250649 156061 309220 130658 23331 107327 1400 17270 1341 178562
is_linear=0
shrinkage=0.1


Tree=147
num_leaves=31
num_cat=0
split_feature=51 72 72 15 72 17 72 15 27 73 66 43 65 72 37 66 14 66 14 25 65 65 35 17 16 1 15 30 22 1
split_gain=32.0028 57.3617 1524.42 2078.04 701.773 3203.87 642.972 1147.72 40.015 604.39 2.65338 2.13294 8.76792 3.32299 2.99695 6.18404 5.50073 5.26686 3.66319 2.35035 2.21152 15.5371 9.49819 8.98769 11.6218 9.3453 7.29897 6.64751 6.53901 7.68107
threshold=4.5000000000000009 23102.500000000004 23333.500000000004 0.8290079600000001 22396.500000000004 3164479.1250000005 22009.500000000004 0.98339573250000012 3058830.2500000005 6184337.5000000009 29340.000000000004 1.0000000180025095e-35 210.50000000000003 1555480.0000000002 1.4428698420524599 234.50000000000003 200.90768090000003 235.50000000000003 12191.918290147953 107027475.50000001 251.50000000000003 255.50000000000003 30.000000000000004 1.0000000180025095e-35 99.416667938232436 101.50000000000001 28368.794328120555 1.0000000180025095e-35 20801.834960937504 8297370.5000000009
decision_type=2 2 2 2 2 2 2 2 2 2 2 2 2 2 2 2 2 2 2 2 2 2 2 2 2 2 2 2 2 2
left_child=10 4 3 -3 6 -6 -2 -8 -4 -10 11 12 13 19 18 -16 -17 -18 -13 -1 28 22 -22 24 26 -26 -24 -23 -14 -30
right_child=1 2 8 -5 5 -7 7 -9 9 -11 -12 14 20 -15 15 16 17 -19 -20 -21 21 27 23 -25 25 -27 -28 -29 29 -31
leaf_value=-0.10344814769680338 -0.020636164749669714 -0.10000500110681032 -0.1000280497079015 -182.06663297680154 195.18195088396348 -0.1000052231919292 -0.10001718122548869 -89.634401244569972 -13.941220628304823 -0.10002069008800668 -0.11143666952645417 0.089604811932208317 0.010801475781288936 0.093573316842023038 -0.10119774273964662 -0.14108822636733706 0.10861747558670441 -0.10273027444942417 -0.09040750404891057 0.17695721059265029 -0.10351538208456652 2.2478012775427509e-05 0.018006464136721804 -0.0071961645291608537 2.7979166849074293 -0.1000830174340607 0.72246972585308011 -0.11104079214164551 -0.16228491680201373 0.044738096152324353
leaf_weight=11.953596502554388 1.2588101180509479 0.0014628712342527042 0.32684853730461327 0.0010991027011186816 0.0010241601376047562 0.0046757418949709972 0.0039873469122541074 0.0022337792033795267 0.03562558235717006 0.27562172063667356 2.1674283147533506 9.4638055273615844 245.1959201955126 0.99511075999817045 4.3477893601084352 1.4035253530956584 6.961092024066601 1.4195735738040305 1.2838125462694741 0.3065896802913074 21.792512268339017 1023.430146327794 0.38044859152208532 2.260549570126237 0.034463468939065933 0.016433478824183112 0.2397691178966852 5.4176493765525029 4.7028511802054753 2.8957022401530086
leaf_count=787620 7797 32 1316 15 44 100 49 8 19 4865 55268 42063 27581 947 7224 1478 6074 3043 207 3330 18524 718092 14 5858 1 304 76 40263 1637 51379
internal_value=-0.00146222 -0.410357 -1.18188 -78.1648 -0.0213808 34.9883 -0.179125 -32.2485 -0.872794 -1.68429 -0.000881856 -0.000703634 -0.00125053 -0.0821716 0.028304 -0.00196323 0.0421335 0.072818 0.0681022 -0.0964361 -0.000429452 -0.00244487 -0.0807821 0.088206 0.409554 1.86222 0.290344 -0.000562353 0.00797021 -0.0833913
internal_weight=1348.58 1.91139 0.640658 0.00256197 1.27073 0.0056999 1.26503 0.00622113 0.638096 0.311247 1346.67 1344.5 1319.62 13.2553 24.8796 14.132 9.78419 8.38067 10.7476 12.2602 1306.37 1053.57 24.7242 2.93166 0.671115 0.0508969 0.620218 1028.85 252.794 7.59855
internal_count=1785228 14245 6247 47 7998 144 7854 57 6200 4884 1770983 1715715 1655626 791897 60089 17819 10595 9117 42270 790950 863729 783132 24777 6253 395 305 90 758355 80597 53016
is_linear=0
shrinkage=0.1


Tree=148
num_leaves=31
num_cat=0
split_feature=51 72 69 51 27 17 69 72 76 25 69 66 72 24 67 21 16 65 15 36 65 65 65 65 2 24 19 16 65 65
split_gain=325.549 782.329 169606 35.2627 223.225 1426.89 4210.34 16844.8 23.3402 318.233 484.829 2.37622 2.05319 2.59144 6.16202 6.3611 8.12371 4.82329 5.25352 4.72213 3.88006 20.8313 11.3355 18.7431 6.76575 8.67807 6.31211 5.66386 6.91442 16.8039
threshold=5.5000000000000009 22396.500000000004 23095.909179687504 4.5000000000000009 3258687.6250000005 3164479.1250000005 23430.500000000004 15177.500000000002 6148422.5000000009 6275564.0000000009 27062.553710937504 29340.000000000004 7015703.5000000009 998231.50000000012 1.5000000000000002 1501864.5000000002 3022608.7500000005 249.50000000000003 1.8065899310000002 2.0007883310317998 274.50000000000006 294.50000000000006 296.50000000000006 1023.5000000000001 4.5000000000000009 1083.0000000000002 158872.50000000003 773832.03125000012 269.50000000000006 260.50000000000006
decision_type=2 2 2 2 2 2 2 2 2 2 2 2 2 2 2 2 2 2 2 2 2 2 2 2 2 2 2 2 2 2
left_child=3 -2 -3 11 8 6 7 -6 -5 10 -10 12 13 20 15 17 -17 -15 -19 -20 24 -22 -23 26 27 -26 -24 28 29 -1
right_child=1 2 -4 4 5 -7 -8 -9 9 -11 -12 -13 -14 14 -16 16 -18 18 19 -21 21 22 23 -25 25 -27 -28 -29 -30 -31
leaf_value=-0.0026575045811928336 -0.10012662929693568 -1137.9926307193143 -0.10002977851757307 0.026993484327569525 -0.10001262610711961 -0.10001523932123479 -0.10000907047554491 -324.73894490562668 82.898354925103945 -0.10001131368230305 -0.1000108614149194 -0.11028405095458485 -0.048582678769439759 -0.14062460788952064 -0.11418111091112511 -0.059581208977408907 0.015652882350170257 0.1074101748631154 -0.102649812089735 0.13054656921367086 -0.10926864322995132 0.076268767523777953 -0.0768599256771718 -0.0012968953624983303 0.06539210097397051 -0.10041000278323245 0.082935287731967081 0.056671636646315832 0.022084878832033913 -0.10898640545009802
leaf_weight=331.15726753190449 0.55304549348888588 0.0013182263113347128 0.20746100512315024 0.78724620651084964 0.0061771353284712366 0.17251842018549723 0.021014462909100431 0.0021562416732194833 0.0012048428907291955 0.034247512786350853 0.001692411104158964 1.9806180090517944 8.8847946923888212 1.0487713458000225 3.8159027568489412 16.218616330642249 124.73235378424425 14.547361868095324 2.5620095465219483 1.3135546642115516 19.343222558669936 17.147250122792229 43.204154486373568 582.81610003026844 30.067579932107485 3.5270746055851481 2.6220154229204118 17.90973904204867 102.94070226452084 15.561461239794765
leaf_count=817139 3314 59 2402 4095 53 3652 243 32 35 334 26 55268 1509 526 5458 6154 39909 1024 1088 599 5360 894 76008 543025 182257 3225 1222 25006 2552 2760
internal_value=-0.00245351 -2.06906 -7.28465 -0.00128072 -0.587235 -3.56766 -23.9519 -84.0996 0.142573 2.59216 34.4154 -0.000832427 -0.000670579 -0.000350641 0.0114098 0.0143972 0.00699602 0.0679726 0.0798475 -0.023612 -0.00200676 -0.00701344 -0.00395061 -0.00613872 0.004638 0.0479847 -0.067717 0.00152356 -0.000672969 -0.00742977
internal_weight=1343.19 0.761825 0.208779 1342.43 1.02626 0.201866 0.0293478 0.00833338 0.824391 0.0371448 0.00289725 1341.4 1339.42 1330.54 164.239 160.423 140.951 19.4717 18.4229 3.87556 1166.3 665.133 645.79 628.642 501.164 33.5947 45.8262 467.569 449.659 346.719
internal_count=1785228 5775 2461 1779453 8470 3980 328 85 4490 395 61 1770983 1715715 1714206 54758 49300 46063 3237 2711 1687 1659448 626509 621149 620255 1032939 185482 77230 847457 822451 819899
is_linear=0
shrinkage=0.1


Tree=149
num_leaves=31
num_cat=0
split_feature=51 73 25 69 1 69 66 38 7 24 24 67 17 65 23 48 27 37 29 76 16 19 4 19 48 36 36 65 24 46
split_gain=18.9597 99.0032 12979.1 25143.5 563.226 691.422 2.13087 1.86335 2.4364 1.93601 4.95421 10.6805 8.73446 5.7173 6.79566 5.53477 4.9861 4.91354 5.37121 4.37109 5.87009 5.95537 5.93688 5.50122 5.4566 15.7502 10.4975 10.989 12.0008 9.59939
threshold=4.5000000000000009 6184337.5000000009 6275564.0000000009 15958.000000000002 6145183.0000000009 23931.500000000004 29340.000000000004 498.50000000000006 223.00000000000003 211.50000000000003 1083.0000000000002 2.5000000000000004 1.0000000180025095e-35 249.50000000000003 875.50000000000011 1.0000000180025095e-35 66778.917968750015 0.19780705869197848 36354.000000000007 9706170.5000000019 10506904.000000002 348.50000000000006 17.500000000000004 432.50000000000006 1.0000000180025095e-35 9.3636398315429705 12.058186054229738 410.50000000000006 1010578.5000000001 1.0000000180025095e-35
decision_type=2 2 2 2 2 2 2 2 2 2 2 2 2 2 2 2 2 2 2 2 2 2 2 2 2 2 2 2 2 2
left_child=6 4 3 -3 -2 -6 7 8 9 -1 12 16 13 15 -15 -11 19 -14 -19 20 21 -12 23 -23 26 -26 27 -25 -29 -28
right_child=1 2 -4 -5 5 -7 -8 -9 -10 10 11 -13 17 14 -16 -17 -18 18 -20 -21 -22 22 -24 24 25 -27 29 28 -30 -31
leaf_value=-0.0058690534297800613 -0.017929651852999762 -546.15177284746721 -0.10011611966279897 -0.10001129270117977 62.958677844124161 -0.10002246615846032 -0.10925310637498663 -0.11865985555044295 0.069505058633225633 -0.088451677883871704 -0.049845836912082012 -0.11408644431119806 0.080183121535752577 -0.0053403809915270667 0.05066233032516651 0.11546712376115548 -0.10657663812979486 0.03401404624211312 -0.11150132389696561 0.0610233171755796 -0.083467238774455985 0.024337128028950984 0.10443079865230374 0.056413033757561432 -0.058302920718569608 0.12004689067786962 -0.061772189555025739 -0.0020166780363254991 -0.11625183034542329 0.11949703963492003
leaf_weight=475.85194907744631 1.218036803685095 0.0012819297699024337 0.48139210550859496 0.0024642135613248684 0.0031716471314666697 0.0038489498918828913 1.808183392605996 1.3360366668225641 4.9524823253143486 10.847436299929139 22.971322927013034 8.4058742434759761 25.662004644616069 90.933244194322015 28.445895939280717 1.5171853490173823 4.4115549837936205 35.844138321643349 2.7297940083208649 11.564239832032625 8.5185609708794328 86.665895707657967 5.6100109975506021 31.75592673402025 8.3425430036054458 12.181781072141742 44.234677915655084 393.25094941287944 9.4164854164356466 3.1280154534579188
leaf_count=1401122 6863 36 7223 41 41 41 55268 178 2279 4780 47554 35571 38145 10005 753 15 17998 66979 1359 31734 4332 376 8692 4464 1237 276 27486 8290 2065 25
internal_value=-0.00119774 -0.333945 -1.543 -186.959 0.144858 28.3876 -0.000770002 -0.000622358 -0.000503538 -0.000765747 0.00210324 -0.00209615 0.016041 0.00129971 0.00800406 -0.0634301 -0.000629948 0.0462745 0.0237162 0.000103051 -0.00102221 0.000115037 0.00204523 0.00107001 -0.00294437 0.0475529 -0.00509558 -0.000221664 -0.0046881 -0.0498005
internal_weight=1332.1 1.7102 0.485138 0.00374614 1.22506 0.0070206 1330.39 1328.58 1327.24 1322.29 846.438 650.458 195.98 131.744 119.379 12.3646 642.052 64.2359 38.5739 637.64 626.076 617.558 594.586 588.976 502.31 20.5243 481.786 434.423 402.667 47.3627
internal_count=1785228 14245 7300 77 6945 82 1770983 1715715 1715537 1713258 312136 190100 122036 15553 10758 4795 154529 106483 68338 136531 104797 100465 52911 44219 43843 1513 42330 14819 10355 27511
is_linear=0
shrinkage=0.1


Tree=150
num_leaves=31
num_cat=0
split_feature=51 19 27 27 28 76 75 28 43 65 72 37 66 66 14 20 5 73 25 65 65 65 65 65 19 46 66 23 36 65
split_gain=45.3877 501.925 7598.23 84.2649 30053.4 36.9068 354.657 401.708 1.99918 8.47808 2.89612 2.55402 5.79947 4.1019 4.4391 3.33793 2.39691 2.1178 1.93801 1.92449 21.8695 13.1104 8.47223 11.4789 8.16058 7.12177 15.0366 7.88903 8.58313 6.5236
threshold=4.5000000000000009 23168.500000000004 3058830.2500000005 3058830.2500000005 6256970.0000000009 6148422.5000000009 6318006.0000000009 6256970.0000000009 1.0000000180025095e-35 210.50000000000003 1555480.0000000002 0.67954218387603771 234.50000000000003 235.50000000000003 200.90768090000003 987.50000000000011 6.5000000000000009 15319924.000000002 107027475.50000001 296.50000000000006 404.50000000000006 410.50000000000006 294.50000000000006 285.50000000000006 1499617.0000000002 1.0000000180025095e-35 255.50000000000003 14963.500000000002 7170.2951660156259 283.50000000000006
decision_type=2 2 2 2 2 2 2 2 2 2 2 2 2 2 2 2 2 2 2 2 2 2 2 2 2 2 2 2 2 2
left_child=8 3 -3 5 -5 -2 7 -7 9 10 18 15 -13 14 16 -10 -14 -12 -1 22 -21 -22 23 29 25 26 -23 28 -27 -11
right_child=1 2 -4 4 -6 6 -8 -9 11 19 17 12 13 -15 -16 -17 -18 -19 -20 20 21 24 -24 -25 -26 27 -28 -29 -30 -31
leaf_value=-0.10366276300016264 -0.016617161258231251 -270.77336789355508 -0.10000926280775105 -502.50536179039329 -0.10011495557076433 79.470430535805846 -0.10001189392771598 -0.10001630145005369 -0.067033347091195405 0.0022456925380575777 0.18836384029052569 -0.10105213308086364 -0.19495309489106302 -0.10204879836152636 0.1067957129862698 0.092680823354370445 0.10153886913093231 -0.10561783414997324 0.14156708428890483 -0.084315103697533533 0.11008764560357674 -0.081370529836540001 0.071229102003629891 -0.12052306314022476 -0.10477623196696145 0.072445199796744048 0.018538535111575154 -0.00078567555521028617 -0.011254328226352634 0.09503760666154519
leaf_weight=11.349886086537778 1.1988785913265441 0.0011083469807998672 0.016133908533447539 0.0011942548244250331 0.39500887250689554 0.0012567480735016226 0.022881592762132641 0.0012813473003916442 1.5561893400805171 493.01817088980494 0.64842762785929042 3.9828946870484279 0.84480063617229262 1.6100905634889313 6.4597850175268832 8.223044946133923 0.40260610391851515 0.39390292246480385 0.33168005401186818 32.177491508954176 10.646107207340945 31.409491369125725 18.219333462018142 7.5543722452204625 7.600148881668928 31.579921461230811 28.946881537063838 596.17685383381536 20.018015040711362 7.6947226638841917
leaf_count=797000 6873 27 361 61 6619 63 211 30 770 223843 228 7397 5 4892 6074 41186 71 719 3330 51782 2336 79482 1124 3917 6859 48118 37860 446783 5964 1243
internal_value=-0.00135543 -0.527466 -17.4991 -0.346886 -1.61449 0.0633308 3.83395 39.2996 -0.000703093 -0.00122191 -0.0824487 0.0284702 -5.46455e-05 0.0431191 0.0734458 0.0672652 -0.099259 0.0772664 -0.0966998 -0.000417639 -0.00364167 -6.79556e-05 0.00422751 0.00182577 -0.00170646 -0.000600244 -0.0334542 0.00246092 0.039973 0.00367168
internal_weight=1322.48 1.63774 0.0172423 1.6205 0.396203 1.2243 0.0254197 0.0025381 1320.84 1297.77 12.7239 23.0794 13.3002 9.31728 7.70719 9.77923 1.24741 1.04233 11.6816 1285.04 758.555 726.377 526.487 508.267 715.731 708.131 60.3564 647.775 51.5979 500.713
internal_count=1785228 14245 388 13857 6680 7177 304 93 1770983 1710588 801277 60395 18439 11042 6150 41956 76 947 800330 909311 679184 627402 230127 229003 625066 618207 117342 500865 54082 225086
is_linear=0
shrinkage=0.1


Tree=151
num_leaves=31
num_cat=0
split_feature=51 72 72 51 73 76 29 75 66 32 36 23 36 19 65 65 65 65 16 2 66 14 19 68 1 15 65 11 65 66
split_gain=546.391 1957.61 13316.9 99.1603 236.391 34407.7 6.3711 179.786 1.86569 1.78774 1.84619 4.67453 2.3345 5.64181 8.18201 4.61978 4.79519 8.04274 4.94745 4.52985 4.2731 6.52568 4.31904 4.23156 4.05957 3.3321 3.5037 3.32754 3.64341 3.22046
threshold=6.5000000000000009 29679.500000000004 30790.500000000004 5.5000000000000009 6184337.5000000009 6374451.5000000009 1.5000000000000002 6055179.5000000009 29340.000000000004 1.0000000180025095e-35 84523.812500000015 4.5000000000000009 9958.5131835937518 176.50000000000003 269.50000000000006 228.00000000000003 274.50000000000006 1120.5000000000002 19.583333015441898 1.5000000000000002 257.50000000000006 529873.7327572651 104.50000000000001 30.000000000000004 133.50000000000003 15655.637254901952 251.50000000000003 3.0000000000000004 257.50000000000006 234.50000000000003
decision_type=2 2 2 2 2 2 2 2 2 2 2 2 2 2 2 2 2 2 2 2 2 2 2 2 2 2 2 2 2 2
left_child=3 -2 -3 8 6 -6 7 -5 9 10 12 -12 -1 15 -15 -14 18 -18 -17 -19 22 -22 23 27 25 -24 -27 -20 29 -29
right_child=1 2 -4 4 5 -7 -8 -9 -10 -11 11 -13 13 14 -16 16 17 19 20 -21 21 -23 24 -25 -26 26 -28 28 -30 -31
leaf_value=0.0010058982068813433 -0.10005683369088983 -263.58324617293749 -0.10012943989357809 -0.10002028920927886 -434.1890204798151 -0.10016643163986737 -0.3130287307556211 18.396361959106027 -0.10792324465227091 -0.12871479545236572 0.0025290947301284182 0.084717465723084973 -0.098931746917138214 -0.1523272738303042 0.0016237208389679445 -0.074634126811437745 -0.060126778300724604 0.025564150506972312 -0.11325732054616883 -0.10303951713645876 -0.11663794668150614 0.1842468146456174 -0.16064890728408834 0.039349225830961343 0.011313060601166394 0.022426944496821321 -0.088044090209250192 0.059907951439850407 0.29245423452753028 -0.018733359269825976
leaf_weight=1041.5334461783523 0.052908223166240442 0.0022771847397962128 0.012168506676971447 0.18772842044118987 0.0018429400079231764 0.19852318788070988 0.31205932749574217 0.005406461647777582 1.6169159727126032 1.0855685484530102 31.091882275177227 8.9013705127287022 5.2372138644768418 6.6214061797686536 7.2126321232664168 7.2200647394613489 33.753710093030492 25.681667996172902 2.6141197772304023 3.0658743143569387 5.0110059087545542 0.84192634460669058 2.5657413172884835 65.665372639017733 21.787432583540067 5.5604367908381374 5.9357425791422429 6.8561434030907611 0.43298156598029791 21.6536057669
leaf_count=1486502 447 32 126 1237 68 2604 1224 37 55508 18 21683 4069 138695 739 1567 1554 40746 5007 3373 12526 1646 57 165 1911 1215 183 466 496 34 1293
internal_value=-0.00167121 -9.00824 -41.635 -0.00120907 -1.18639 -4.09286 -0.0336523 0.417752 -0.000571684 -0.000439215 -0.000332854 0.0208219 -0.000999427 -0.0101714 -0.0720621 -0.00616828 -0.00383983 -0.0270215 0.00607422 0.0118488 0.0102687 -0.0733566 0.0139468 0.0248866 -0.0157215 -0.0576086 -0.0346118 -0.005208 0.00455106 0.000178631
internal_weight=1312.72 0.0673539 0.0144457 1312.65 0.70556 0.200366 0.505194 0.193135 1311.95 1310.33 1309.24 39.9933 1269.25 227.717 13.834 213.883 208.646 62.5013 146.145 28.7475 138.925 5.85293 133.072 97.2222 35.8494 14.0619 11.4962 31.5569 28.9427 28.5097
internal_count=1785228 605 158 1784623 5170 2672 2498 1274 1779453 1723945 1723927 25752 1698175 211673 2306 209367 70672 58279 12393 17533 10839 1703 9136 7107 2029 814 649 5196 1823 1789
is_linear=0
shrinkage=0.1


Tree=152
num_leaves=31
num_cat=0
split_feature=51 72 71 25 17 76 69 71 17 26 69 69 43 65 72 24 16 37 66 66 65 65 48 52 65 65 35 30 65 48
split_gain=640.846 1093.28 1722.17 1072.76 18254.6 155.896 717.227 6453.63 146.42 136.539 28.1773 874.9 1.74733 7.31437 2.56711 2.34677 2.63045 2.06607 4.92177 2.61423 2.03704 3.94703 18.9092 6.34315 5.58015 13.7168 7.21424 5.59342 5.22452 16.7717
threshold=5.5000000000000009 32189.000000000004 32535.000000000004 6275564.0000000009 2457699.7500000005 6148422.5000000009 23931.500000000004 25388.500000000004 2457699.7500000005 1213023.9375000002 23095.909179687504 21852.013671875004 1.0000000180025095e-35 210.50000000000003 1555480.0000000002 32801.500000000007 1336.666687011719 0.67954218387603771 234.50000000000003 235.50000000000003 229.50000000000003 249.50000000000003 1.0000000180025095e-35 1090.409118652344 251.50000000000003 255.50000000000003 30.000000000000004 1.0000000180025095e-35 256.50000000000006 1.0000000180025095e-35
decision_type=2 2 2 2 2 2 2 2 2 2 2 2 2 2 2 2 2 2 2 2 2 2 2 2 2 2 2 2 2 2
left_child=12 5 -3 4 -4 6 9 -8 -9 -2 11 -7 13 14 -1 16 -14 -18 -19 -20 -15 22 23 -22 -23 26 -26 28 29 -27
right_child=1 2 3 -5 -6 10 7 8 -10 -11 -12 -13 15 20 -16 -17 17 18 19 -21 21 24 -24 -25 25 27 -28 -29 -30 -31
leaf_value=-0.095553384140223407 -0.10001911108270177 -111.42262145170588 -0.10001692838003756 -0.1000285681848686 -253.80781902733767 -0.10003252590614149 -147.69211510427385 -0.10001726815339694 -17.656051315304371 -3.3703581326360559 -0.29087522768385737 90.147268054087903 -0.032166044802022314 0.017760257729823783 0.071443580116097971 -0.1050106492970929 0.094869984871012641 -0.10026666440195359 0.094087248202098364 -0.10159537656442266 -0.10847455368748632 0.020548452591133633 0.01399582714786351 0.12427101954098113 -0.10090660235752291 0.044699946807494742 0.060958072860548565 -0.1098545924353545 -0.0018306446237495531 -0.11919113738441114
leaf_weight=10.386389308011074 0.25831919350866739 0.0017963957670872324 0.028215214697411284 0.034795307687090826 0.003152902576402993 0.035159348808520008 0.0033873362917802288 0.028634144513489446 0.0056955086438392746 0.25240718040367938 0.30553717923066914 0.001108066722736111 4.4046440801087305 59.646561095295056 1.0100235974796294 1.2515610060139 7.1657520421839385 2.3745431516272202 5.3718485688514193 0.78211599713478097 22.590273204179066 120.83731248809318 44.461821772808456 1.2349744699313294 19.847489843341073 58.861565488415302 3.1970461230653724 4.6488153710658926 933.09714494653167 6.9850340842569869
leaf_count=800332 2313 38 177 874 28 797 29 185 36 26 1188 84 5869 22639 947 384 41500 4953 6069 1640 9896 48715 7855 142 18549 63318 6306 40762 695939 3638
internal_value=-0.00241819 -2.58758 -14.8131 -12.19 -25.6009 -1.65431 -2.699 -16.0062 -3.01268 -1.71626 0.0219392 2.65726 -0.000524584 -0.00099535 -0.080753 0.0278487 0.0361219 0.0552871 0.0220291 0.0692177 -0.000282675 -0.00116788 -0.0245247 -0.0964103 0.0002221 -0.00217035 -0.0784506 -0.000418804 9.0481e-05 0.0273143
internal_weight=1309.11 0.958208 0.0679598 0.0661634 0.0313681 0.890248 0.548443 0.037717 0.0343297 0.510726 0.341805 0.0362674 1308.15 1286.8 11.3964 21.3505 20.0989 15.6943 8.52851 6.15396 1275.41 1215.76 68.2871 23.8252 1147.47 1026.64 23.0445 1003.59 998.944 65.8466
internal_count=1785228 5775 1117 1079 205 4658 2589 250 221 2339 2069 881 1779453 1719038 801279 60415 60031 54162 12662 7709 917759 895120 17893 10038 877227 828512 24855 803657 762895 66956
is_linear=0
shrinkage=0.1


Tree=153
num_leaves=31
num_cat=0
split_feature=51 76 69 72 5 4 18 69 69 75 73 69 15 72 26 76 69 1 38 38 65 13 65 65 65 22 16 17 21 24
split_gain=1997.49 7821 21335.6 74125.5 278990 620.731 7049.39 11999.5 27896.4 155.653 376.308 149.967 1314.15 2494.54 584.392 3975.12 661.647 1481.52 1.71102 2.047 1.67049 2.03649 1.84731 2.52052 1.72087 6.76949 6.81813 8.79657 6.12112 6.03549
threshold=5.5000000000000009 8933257.5000000019 23095.909179687504 20578.000000000004 27.500000000000004 1366.5000000000002 7169698.5000000009 21852.013671875004 28170.272460937504 6055179.5000000009 6099766.5000000009 23095.909179687504 0.90282975732481707 15016.500000000002 1213023.9375000002 6094753.0000000009 12974.000000000002 6145183.0000000009 498.50000000000006 183.00000000000003 64245.500000000007 2177.714965820313 64224.500000000007 29517.500000000004 25442.000000000004 7796.2058105468759 80061.855468750015 731237.50000000012 215.25000000000003 1010578.5000000001
decision_type=2 2 2 2 2 2 2 2 2 2 2 2 2 2 2 2 2 2 2 2 2 2 2 2 2 2 2 2 2 2
left_child=18 5 3 -3 -5 11 9 -8 -9 -7 -11 12 13 -2 -14 -16 17 -17 19 20 21 22 23 24 -1 28 -27 29 -26 -28
right_child=1 2 -4 4 -6 6 7 8 -10 10 -12 -13 14 -15 15 16 -18 -19 -20 -21 -22 -23 -24 -25 25 26 27 -29 -30 -31
leaf_value=-0.0027349289127477131 -0.10000292200229251 -0.10000293938065502 -0.10003531263513919 -0.10027904913863937 -1918.9931676058332 -0.10001080712288435 -0.1000041492566368 -683.59893609727078 -0.10000239943758288 -55.053285669774006 -0.10000720189766597 -0.24471079130986412 -0.10001909574116706 -196.43749805355085 -94.140874716531187 -107.26323143782702 2.5946214115492934 -0.10000910479465858 -0.11740187334097869 0.091523529214521171 -0.10311396912655008 0.074581289433488615 0.095480900837595487 -0.1002120777018793 -0.013608750725022956 -0.081940095991577727 0.065939613707800063 -0.0015166629950931032 0.086814505583092713 -0.22324315083702065
leaf_weight=957.05309260558045 0.0017742328544759758 0.0092278860233818705 0.029839953023838461 0.0027749526780098685 0.0010422675095469458 0.057902485457878017 0.0037079398844070957 0.0010241420513921184 0.001432183402357623 0.0018131526458091676 0.0039845229619004385 0.34556155496774194 0.18181762093073764 0.0010186541294388007 0.0053056032520544518 0.0018628768552844113 0.037068276070385764 0.0041956171444326174 1.2506860470382424 2.4189902890425392 1.586154967105357 3.6095312176735197 1.9964674438185728 2.544647908581509 9.1064195542151101 9.5219685226479083 26.569549893563764 265.39433684566774 18.201045864035962 0.74186991155147453
leaf_count=1383027 61 337 1138 1 94 603 106 67 64 6 116 1181 1785 36 11 5 82 82 178 2071 57972 126454 2695 27314 2900 31432 12028 127817 5562 3
internal_value=-0.00335154 -5.3771 -46.7363 -153.414 -524.042 -2.6419 -11.5456 -113.658 -285.079 -1.66419 -17.286 -1.56681 -3.52724 -71.7105 -2.70019 -12.4614 -2.41288 -33.0508 -0.000493718 -0.000381135 -0.000552633 -0.000426987 -0.000636683 -0.00078554 -0.000588891 0.00564374 0.0013355 0.00404452 0.0533256 0.0580844
internal_weight=1300.69 0.691354 0.0428851 0.0130451 0.00381722 0.648469 0.0698644 0.00616427 0.00245633 0.0637002 0.00579768 0.578604 0.233043 0.00279289 0.23025 0.0484324 0.0431268 0.00605849 1299.99 1298.74 1296.33 1294.74 1291.13 1289.13 1286.59 329.535 302.228 292.706 27.3075 27.3114
internal_count=1785228 5775 1570 432 95 4205 962 237 131 725 122 3243 2062 97 1965 180 169 87 1779453 1779275 1777204 1719232 1592778 1590083 1562769 179742 171280 139848 8462 12031
is_linear=0
shrinkage=0.1


Tree=154
num_leaves=31
num_cat=0
split_feature=66 72 8 76 24 67 21 16 65 15 21 23 34 36 20 18 48 69 19 19 37 48 20 20 19 43 76 65 17 65
split_gain=1.623 1.54268 2.99243 2.41772 1.9311 5.09648 4.61334 6.22452 4.01692 4.71629 4.11026 3.6494 4.09692 17.7975 4.07886 4.74709 3.20513 4.28137 3.98887 3.1357 8.94177 6.52766 9.87239 9.74765 8.51353 53.1033 4.82208 5.72133 6.24584 5.21299
threshold=29340.000000000004 7015703.5000000009 805.24359130859386 8015906.5000000009 998231.50000000012 1.5000000000000002 1501864.5000000002 3022608.7500000005 249.50000000000003 1.8065899310000002 1000262.0000000001 3336036.5000000005 54.000000000000007 0.61459234356880199 3816494.0000000005 3853932.5000000005 1.0000000180025095e-35 7010391.0000000009 999856.50000000012 2626.0000000000005 0.058242941275238998 1.0000000180025095e-35 8814.5000000000018 210436.50000000003 8475.5000000000018 1.0000000180025095e-35 8015906.5000000009 404.50000000000006 1144625.6250000002 229.50000000000003
decision_type=2 2 2 2 2 2 2 2 2 2 2 2 2 2 2 2 2 2 2 2 2 2 2 2 2 2 2 2 2 2
left_child=1 4 3 -3 19 6 8 -8 -6 -10 -11 12 13 -9 -13 -16 17 -17 -19 -1 21 22 24 -23 -21 -26 27 28 29 -24
right_child=-2 2 -4 -5 5 -7 7 11 9 10 -12 14 -14 -15 15 16 -18 18 -20 20 -22 23 26 -25 25 -27 -28 -29 -30 -31
leaf_value=0.00087540798318615004 -0.10677797129525313 0.05218623348436216 0.3240581003578894 -0.078385774093621838 -0.13790277378886359 -0.11216453549545857 -0.054159949764611283 1.3163298347138908 0.1026041213373885 0.0804926323496684 -0.13159966976290413 -0.18163204875570238 0.077577498323839214 -0.10139727398664176 0.41134268185054917 0.036858253573026738 -0.060109417508275378 -0.011199126525139498 0.075923826959526153 -0.096368455834011185 -0.078676292905390022 0.1250629320154327 0.027883099945931463 -0.043597521254005803 -0.10045046145115089 -6.4590440080655771 -0.019186175554927666 0.043085733642720656 0.12129687956034381 -0.082367446247045353
leaf_weight=937.91805836561707 1.4346191486376927 1.78998828890312 0.21780742741521031 6.8255658282554572 0.95122039471965791 3.3243892862340649 14.903493315349932 0.14106126421188436 12.570619211827763 1.8121585541684901 1.8430359734934425 1.0848766704229991 3.0235788587015122 0.2378503167440158 0.29865188383155228 51.973319403766695 5.8318608031460135 52.905520372092724 5.8347184881567946 10.374083298843171 18.783437135103668 8.6903003606130351 6.6626462291642445 5.6574872643568588 0.094951068987939702 0.015242469497025013 93.264482288450495 34.573327485562686 2.6374841160156839 12.036535895167615
leaf_count=1414068 55510 475 21 1251 526 5458 6154 20 1024 1352 335 92 148 55 15 34712 4153 649 65 7603 228138 215 1885 820 259 1 1480 6145 71 12528
internal_value=-0.000473596 -0.000355947 -0.0420035 -0.0512578 -7.01964e-05 0.0103321 0.0129866 0.00682901 0.0618235 0.0735322 -0.0264493 0.0143205 0.116423 0.426394 0.0113746 0.0131666 0.0121463 0.0159524 -0.00254513 -0.00151214 -0.0131275 -0.00605172 -0.0118579 0.0585583 -0.105656 -0.98 -0.00526562 0.0179555 -0.0227648 -0.0430844
internal_weight=1297.71 1296.28 8.83336 8.61555 1287.44 156.736 153.412 136.235 17.177 16.2258 3.65519 121.331 3.40249 0.378912 117.929 116.844 116.545 110.714 58.7402 1130.71 192.79 174.007 159.659 14.3478 10.4843 0.110194 149.174 55.91 21.3367 18.6992
internal_count=1785228 1729718 1747 1726 1727971 54758 49300 46063 3237 2711 1687 39909 223 75 39686 39594 39579 35426 714 1673213 259145 31007 29972 1035 7863 260 22109 20629 14484 14413
is_linear=0
shrinkage=0.1


Tree=155
num_leaves=31
num_cat=0
split_feature=43 65 52 29 66 24 66 19 29 76 72 66 16 68 21 76 65 7 23 22 34 67 10 18 17 22 15 65 41 34
split_gain=2.11402 6.49129 2.62728 2.42872 1.92945 2.75609 2.13802 1.82487 1.65915 4.81365 3.28535 2.98324 1.72749 3.15007 1.94377 2.96555 2.76775 2.09789 1.84096 3.9752 9.1752 6.17696 6.11504 7.764 21.0357 4.50197 4.4303 4.40238 4.73978 4.39971
threshold=1.0000000180025095e-35 210.50000000000003 7.5625000000000009 1195328.5000000002 234.50000000000003 37114.500000000007 235.50000000000003 1499617.0000000002 563951.00000000012 5647921.5000000009 1044.5000000000002 234.50000000000003 10506904.000000002 38.000000000000007 25011115.000000004 10711150.500000002 283.50000000000006 181.00000000000003 506261.00000000006 2602.0700683593755 94.000000000000014 2.5000000000000004 130.50000000000003 60833.500000000007 34641.453125000007 19124.553710937504 431.51638845000008 16385.000000000004 106.80784988403322 134.00000000000003
decision_type=2 2 2 2 2 2 2 2 2 2 2 2 2 2 2 2 2 2 2 2 2 2 2 2 2 2 2 2 2 2
left_child=1 3 4 7 -2 6 -6 -1 12 -10 -11 -12 18 14 15 17 -16 -14 19 20 27 25 23 24 26 29 -23 28 -3 -21
right_child=2 8 -4 -5 5 -7 -8 -9 9 10 11 -13 13 -15 16 -17 -18 -19 -20 21 -22 22 -24 -25 -26 -27 -28 -29 -30 -31
leaf_value=-0.10286848875680546 -0.057366822610501994 -0.0061889598993197931 0.069025053412442416 0.109144863267996 0.084442973046166103 -0.19522482690776613 -0.056892072551448764 0.067815170444654432 -0.098029075365698076 0.086203732489324239 -0.1479014835083142 0.044010774241658002 -0.071633767636898257 -0.10505444207827555 -0.090795141030860949 0.12127501780242532 0.031748497133273101 0.097512603686841573 0.00531184800681264 -0.039449639841492315 0.04027106335697813 0.0017479132839118721 -0.070925870679804437 0.068266950373490981 -2.1069656557747116 -0.083533307595065942 -0.18233639814141384 0.042358805773098349 0.063799692951579584 0.044506453917728152
leaf_weight=9.2254291512907205 4.0304607911675774 561.64062316658431 9.7562533148521489 0.64395006930708198 4.4338413660298102 0.49588418139808244 1.4109012979920725 0.67202295060758466 6.3839755544105605 3.7269767149671091 1.6120527544484766 1.6280084509427855 2.5185966376524598 4.3222390879438981 4.4919827827755441 2.4124503344644239 3.1254908782814681 1.034420141339069 493.76979541889978 32.32670041893936 52.481029640658107 6.3211424565899978 7.0863475540761405 18.999679365952943 0.049366172403097042 17.923928255146066 1.6482786691449289 20.341563402716702 9.8457857269505649 7.735601344885942
leaf_count=767342 4156 176660 46395 33307 6362 107 3447 732 8178 2633 2319 5687 761 197 710 2212 6075 117 466561 36645 17390 2657 94696 5667 2 25735 1770 29894 31157 5657
internal_value=-0.00038059 -0.000889408 0.0317747 -0.0790359 -0.00326735 0.0311213 0.0503252 -0.0912793 -0.000236359 -0.0353015 0.0221765 -0.0514728 0.000138743 -0.0306989 -0.00703811 0.0357093 -0.0405148 -0.0223887 0.000587586 -0.00258012 0.000197573 -0.0220141 0.0117561 0.0334418 -0.0490729 -0.0418761 -0.0363254 -0.00335599 -0.00498317 -0.0232386
internal_weight=1292.09 1271.97 20.1273 10.5414 10.3711 6.34063 5.84474 9.89745 1261.43 13.351 6.96704 3.24006 1248.08 17.9052 13.5829 5.96547 7.61747 3.55302 1230.17 736.4 644.309 92.091 34.1048 27.0185 8.01879 57.9862 7.96942 591.828 571.486 40.0623
internal_count=1785228 1724761 60467 801381 14072 9916 9809 768074 923380 18817 10639 8006 904563 10072 9875 3090 6785 878 894491 427930 255101 172829 104792 10096 4429 68037 4427 237711 207817 42302
is_linear=0
shrinkage=0.1


Tree=156
num_leaves=31
num_cat=0
split_feature=43 65 37 66 14 66 20 72 3 3 65 65 65 65 65 65 65 24 19 19 65 65 24 19 20 22 65 37 68 21
split_gain=1.7852 5.77958 2.51808 4.48787 3.1918 3.73831 3.12955 2.18462 1.87071 1.78956 1.69257 11.9049 5.80797 9.14065 8.55505 17.7354 10.7652 7.39723 7.29158 6.25826 5.61418 17.6672 9.54291 7.40476 7.21588 5.93634 5.07905 4.96601 11.2166 8.64638
threshold=1.0000000180025095e-35 210.50000000000003 0.67954218387603771 234.50000000000003 200.90768090000003 235.50000000000003 987.50000000000011 1555480.0000000002 2.5000000000000004 29.500000000000004 274.50000000000006 283.50000000000006 285.50000000000006 294.50000000000006 296.50000000000006 404.50000000000006 410.50000000000006 156132.00000000003 1499617.0000000002 2.5000000000000004 269.50000000000006 260.50000000000006 2094.0000000000005 47.500000000000007 156.50000000000003 1091239.9375000002 1023.5000000000001 13.977217197418215 22.000000000000004 391.25000000000006
decision_type=2 2 2 2 2 2 2 2 2 2 2 2 2 2 2 2 2 2 2 2 2 2 2 2 2 2 2 2 2 2
left_child=1 7 6 -4 -5 8 -2 9 -6 -1 20 -12 17 -14 -15 -16 -17 -13 19 -18 21 25 23 -22 -25 -3 -21 28 -28 -30
right_child=2 10 3 4 5 -7 -8 -9 -10 -11 11 12 13 14 15 16 18 -19 -20 26 22 -23 -24 24 -26 -27 27 -29 29 -31
leaf_value=-0.10249315239289199 -0.064096840872525457 -0.00026542070765466966 -0.10097794199142443 -0.097044252150670487 0.11659202132034219 -0.10200597154173674 0.098528256964071456 0.062830118387291134 -0.16843436074984455 0.13817667431724209 -0.11825584343523175 -0.10625032946552274 -0.1185511594299606 0.066941904391496582 -0.079592512630004331 0.10521275646361028 -0.051796402462773727 0.13953005672491064 -0.10415123213660593 -0.066294939253088589 0.092607646150339756 -0.10998321014646709 -0.10682557922279244 -0.028520098040276404 0.037338993596464976 0.053586594282073755 -0.086100017766781958 0.025764172136287261 -0.099140905034147186 0.0029347902420658249
leaf_weight=8.4028168454736889 1.4248991402886373 330.0848479959277 3.2222590355904677 1.4054006016905303 5.0724781015014742 1.0602016477329463 6.979953378142767 0.99391856756574348 0.24121972918510426 0.32075423697222127 8.8719404557020862 1.5569020057814658 6.738922927335806 17.79814779499884 29.205384884083173 9.5789252965058704 23.004064457570848 5.736279746611217 6.8548150529957175 10.952468582593381 16.606653756108798 14.387020088476218 5.2410630021834796 22.788716109751476 61.621929968701807 21.823220112220326 15.032572508108386 79.762455634606567 8.4234807472414541 558.42929463263067
leaf_count=800282 770 81012 7434 1744 6073 3259 41186 948 1 151 1056 743 3917 1124 51783 2336 164345 500 6859 28294 32801 3429 335 921 1090 116756 196476 104707 9751 115145
internal_value=-0.000353825 -0.000815872 0.0297459 -0.00173878 0.039367 0.0694448 0.070958 -0.0776396 0.103653 -0.093644 -0.000220787 -0.00307624 -0.00175442 -0.0026003 -0.00157086 -0.00321594 -8.32302e-05 0.0870624 -0.00151908 -0.000507689 0.00450421 -0.00136641 0.0247415 0.0315675 0.0195587 0.00307416 0.00124647 0.00236451 -0.000843024 0.00141794
internal_weight=1283.62 1264.22 19.4064 11.0016 7.7793 6.3739 8.40485 9.71749 5.3137 8.72357 1254.5 781.946 773.074 765.781 759.042 741.243 712.038 7.29318 702.459 695.604 472.553 366.295 106.258 101.017 84.4106 351.908 672.6 661.648 581.885 566.853
internal_count=1785228 1724761 60467 18511 11077 9333 41956 801381 6074 800433 923380 687036 685980 684737 680820 679696 627913 1243 625577 618718 236344 201197 35147 34812 2011 197768 454373 426079 321372 124896
is_linear=0
shrinkage=0.1


Tree=157
num_leaves=31
num_cat=0
split_feature=43 65 37 66 14 66 20 29 19 3 65 65 35 22 1 34 22 30 23 65 48 52 65 48 66 24 19 65 65 19
split_gain=1.57223 5.14072 2.17543 3.88597 3.35199 3.33089 2.60266 1.99823 1.65798 1.65341 1.55397 11.8208 6.36392 5.52066 5.52249 5.47485 5.90442 4.93101 4.92296 4.00398 14.2018 12.0433 9.80761 21.2198 7.42723 8.04903 6.69769 5.99443 10.6552 8.35572
threshold=1.0000000180025095e-35 210.50000000000003 1.4428698420524599 234.50000000000003 200.90768090000003 235.50000000000003 987.50000000000011 1195328.5000000002 1499617.0000000002 2.5000000000000004 251.50000000000003 255.50000000000003 30.000000000000004 20801.834960937504 8297370.5000000009 114.00000000000001 1017.4846801757814 1.0000000180025095e-35 1858.5000000000002 256.50000000000006 1.0000000180025095e-35 4.5208332538604745 269.50000000000006 1.0000000180025095e-35 237.50000000000003 36413.000000000007 2997970.0000000005 274.50000000000006 283.50000000000006 47.500000000000007
decision_type=2 2 2 2 2 2 2 2 2 2 2 2 2 2 2 2 2 2 2 2 2 2 2 2 2 2 2 2 2 2
left_child=1 7 6 -4 -5 9 -2 8 -1 -6 13 12 -12 15 -15 16 -3 19 -18 20 21 -13 23 -21 25 -23 -27 29 -29 -24
right_child=2 10 3 4 5 -7 -8 -9 -10 -11 11 17 -14 14 -16 -17 18 -19 -20 22 -22 24 27 -25 -26 26 -28 28 -30 -31
leaf_value=-0.10243103322466943 -0.052861255734786373 0.0081233194318822369 -0.1009048469486207 -0.11350017389294241 0.11566466855690559 -0.10183477770700496 0.093940608772163564 0.094913546350316513 0.061752911351537688 -0.15782612460417611 -0.098532360283717979 -0.12947490964184269 0.054839542902701779 -0.14840060246571557 0.031958740923582675 0.096491055416447216 -0.56091174347252326 -0.10902420339059504 -0.099586265136268518 -0.10926013081646807 -0.11767054338829348 0.078728962010502515 0.091101259799402812 0.056235245361641567 -0.13303083218611786 -0.10902014106457875 0.065477266068656101 -0.11662294736333079 -0.0013343659926017652 0.01121350943628702
leaf_weight=7.6608144962218674 1.4754019971114525 228.12257408075664 2.8553116653401958 1.2165340049124749 4.6247271520733193 0.95352391704082062 6.6556239267315078 0.63401809481262184 0.6687506707137344 0.23214872181415547 18.130288061020984 3.889091562211461 3.1799193235865841 4.4375621972972077 2.7496107565855281 7.030092338020494 0.29870356542232812 4.1582714420932225 1.0253940951715774 23.074938297549721 6.3218851386777422 41.878490641674489 15.378899743402938 11.663902806573075 2.0650496757248211 4.6437537047438564 4.1791819907375611 8.1015888080469249 763.99812315600138 88.064643895150766
leaf_count=767342 1043 37827 7260 1605 6073 3240 41245 33307 732 1 18549 1694 6307 1638 51381 3398 11 40762 540 3938 3638 58916 32774 2481 985 1424 299 946 653567 2305
internal_value=-0.000341878 -0.000764128 0.0289912 -0.00253132 0.0374416 0.0690446 0.0673029 -0.076223 -0.0892493 0.102592 -0.00021971 -0.0019666 -0.0756461 0.00694042 -0.0794002 0.00956454 0.00690117 -0.000360194 -0.203657 0.000104075 0.0244893 0.0403521 -0.00158301 -0.0536935 0.0528691 0.0604407 -0.0263655 0.000484575 -0.00254408 0.0230904
internal_weight=1269.37 1251.36 18.0133 9.88225 7.02693 5.8104 8.13103 8.96358 8.32957 4.85688 1242.39 998.728 21.3102 243.664 7.18717 236.477 229.447 977.418 1.3241 973.26 62.9775 56.6556 910.282 34.7388 52.7665 50.7014 8.82294 875.543 772.1 103.444
internal_count=1785228 1724761 60467 18179 10919 9314 42288 801381 768074 6074 923380 828585 24856 94795 53019 41776 38378 803729 551 762967 66956 63318 696011 6419 61624 60639 1723 689592 654513 35079
is_linear=0
shrinkage=0.1


Tree=158
num_leaves=31
num_cat=0
split_feature=65 13 5 65 65 38 38 76 12 12 13 76 5 16 28 1 22 76 69 75 16 28 25 36 19 5 35 52 27 10
split_gain=1.48818 1.71942 1.50651 1.48285 2.27847 1.39275 1.67199 1.40641 6.2569 5.5007 3.52617 144.458 3382.73 3.41806 3.02017 3.89954 5.93935 4.36757 41.9024 879.406 1510.92 3.49232 3.44617 55.6353 152.725 234.812 4.64171 5.5566 4.79781 4.27105
threshold=64245.500000000007 2177.714965820313 6027.5000000000009 64224.500000000007 29517.500000000004 498.50000000000006 183.00000000000003 8020555.5000000009 30.575187683105472 683.76785278320324 78.52026748657228 9997230.5000000019 276.50000000000006 10506904.000000002 5000475.0000000009 5192369.5000000009 442438.50000000006 6148422.5000000009 23095.909179687504 6479732.0000000009 1246949.5000000002 3998539.5000000005 3808532.5000000005 0.25594939291477209 2.5000000000000004 30.500000000000004 94.000000000000014 992.29165649414074 12696.899902343752 129.50000000000003
decision_type=2 2 2 2 2 2 2 2 2 2 2 2 2 2 2 2 2 2 2 2 2 2 2 2 2 2 2 2 2 2
left_child=1 3 -3 4 5 6 7 13 10 -10 -9 -12 -13 14 21 -16 17 -17 19 20 -19 22 26 24 -24 -26 28 -28 -1 -30
right_child=-2 2 -4 -5 -6 -7 -8 8 9 -11 11 12 -14 -15 15 16 -18 18 -20 -21 -22 -23 23 -25 25 -27 27 -29 29 -31
leaf_value=-0.0013769505610139949 -0.10278818537105877 -0.10736928203107238 0.095782317082625371 0.091152625247123309 -0.1002089447334179 -0.11424270043767132 0.088124786805489796 0.024275809165755807 -0.13685864224483757 0.029137572935794439 -0.13873945729425333 176.62670415660435 -0.10026704080282745 -0.077334591226822236 0.12495749300861754 -0.10527917114022718 0.055746509600321306 121.75159540788714 -0.1215824404695743 -0.10008015349220978 -0.10001174202104864 -0.085311814193079705 -0.1000110360897235 0.051020915444110353 44.526617590434554 -0.10000633595243909 -0.059532772776091619 0.076380210104481594 0.071700883836687698 -0.10069312343493227
leaf_weight=1100.2852413785886 1.4158536550896759 0.41603624538595285 2.9775133925635373 1.7665961323857562 2.2889705087550274 1.0727188168107193 2.1371749532202093 53.493278264634895 4.7536595105712642 3.4415383462365927 0.42746647388298503 0.0011316908674042217 0.025215611603300658 5.863067012593091 4.0407304727545776 4.7383257025869119 11.787562795448913 0.0016413391567762217 0.63300414101762426 0.081320495462250619 0.0026777897999181732 4.9478725429373744 0.012298021218252297 8.4155923520519469 0.0022408145578083341 0.0024883393234631512 23.810608176802166 3.4430306994051696 14.156088734171856 1.5994897128486663
leaf_count=1059005 57972 71 126383 2696 27316 177 2070 35008 149298 85449 837 83 419 1171 1193 8218 36629 70 2708 652 42 9779 139 9139 119 48 128849 15116 5652 18920
internal_value=-0.000323562 -0.000208114 0.0708767 -0.0004006 -0.000529839 -0.000347188 -0.000249298 -0.000400884 0.0142631 -0.0671492 0.0266306 0.304204 7.49065 -0.00117064 -0.000791548 0.0365349 0.0158158 -0.0704383 0.159282 2.23529 46.2056 -0.00147843 -0.00111828 0.0625747 5.77295 21.0454 -0.00158806 -0.0423625 -0.000592355 0.0541996
internal_weight=1258.04 1256.62 3.39355 1253.23 1251.46 1249.18 1248.1 1245.97 62.1423 8.1952 53.9471 0.453814 0.0263473 1183.82 1177.96 21.2853 17.2445 5.45697 0.718644 0.0856396 0.00431913 1156.67 1151.73 8.43262 0.0170272 0.00472915 1143.29 27.2536 1116.04 15.7556
internal_count=1785228 1727256 126454 1600802 1598106 1570790 1570613 1568543 271094 234747 36347 1339 502 1297449 1296278 49512 48319 11690 3472 764 112 1246766 1236987 9445 306 167 1227542 143965 1083577 24572
is_linear=0
shrinkage=0.1


Tree=159
num_leaves=31
num_cat=0
split_feature=51 14 36 28 70 71 29 9 40 9 5 24 5 20 26 5 25 70 69 5 25 75 74 5 13 19 1 19 66 29
split_gain=754.23 7341.74 80975 260642 311.808 1589.41 10090.4 99625.5 415512 12775.9 35014.5 2079.53 6663.84 606.619 6577.94 21400.1 305.898 3679.76 261.85 711.875 47.1505 5508 27.089 298.241 7731.23 24.5207 3011.82 95.3444 896.107 4.21234
threshold=5.5000000000000009 340.03814735331906 0.25594939291477209 3998539.5000000005 13111.126464843752 232005.50000000003 5880.0000000000009 343.96618652343756 81.037036895751967 277.51701354980474 679.50000000000011 43619.500000000007 280.50000000000006 60400414.500000007 7430553.5000000009 280.50000000000006 60535967.500000007 26975.593750000004 30431.500000000004 310.50000000000006 6275564.0000000009 6479732.0000000009 85503.613281250015 276.50000000000006 81.412765502929702 46.500000000000007 61922608.500000007 40.500000000000007 113.50000000000001 563951.00000000012
decision_type=2 2 2 2 2 2 2 2 2 2 2 2 2 2 2 2 2 2 2 2 2 2 2 2 2 2 2 2 2 2
left_child=4 20 3 -3 29 6 11 9 -9 -8 -11 13 -13 14 18 -16 17 -15 19 -6 -2 -22 23 24 -7 27 -27 -18 -29 -1
right_child=1 2 -4 -5 5 22 7 8 -10 10 -12 12 -14 16 15 -17 25 -19 -20 -21 21 -23 -24 -25 -26 26 -28 28 -30 -31
leaf_value=-0.00014281582142208486 -0.016616194680727638 -1589.4563757257204 -0.10003010960774224 -0.10000823314821386 -98.691400803169117 -0.10018492855751121 -0.10010164972832013 -2287.7451504560313 -0.10003518362847084 -692.5243271731772 -0.10005787078061874 -294.06255704961922 -0.10000522406884181 -199.86284849835985 -409.91190499106347 -0.10000222970824907 -0.12349018828305752 -0.1006993029761967 -0.10008439712169095 -0.10006187186914604 -185.51787643464186 -0.10008929106338521 0.00021352988781791861 -0.1005401307502891 -201.37651443637009 -151.94847004065102 -0.10935996561138317 99.135069619217731 -0.10003038777518361 -0.059740725278940809
leaf_weight=1232.853259751467 0.62212828174835766 0.0013842081270152287 0.054752673438962063 0.0040530057085561566 0.0010142881274672602 0.04803978881812998 0.068497008551912208 0.0010054007179860483 0.0037755784863406916 0.0010109407987215482 0.0026307728225560822 0.0010205381640347433 0.003155719293912508 0.0010011872053040669 0.0017081007068492681 0.0050164800169228922 0.7235362882279347 0.01167806328990062 0.078399116167388774 0.0026348353846898237 0.0016179670183191766 0.1634143093806415 6.1274278535931961 0.69213495456328555 0.0019873176205749124 0.0013171025162535535 0.16011984839187127 0.001007708093709426 0.009382574486025419 11.974544486733974
leaf_count=1579385 2310 39 465 52 6 658 4985 32 231 116 118 47 278 77 155 567 20343 517 6480 337 69 2840 54458 56803 36 372 2849 76 543 49984
internal_value=-0.00671966 -2.98917 -36.651 -404.719 -0.00470239 -0.629078 -4.19915 -39.1018 -481.173 -9.80363 -192.317 -1.5171 -71.9347 -1.22208 -9.11184 -104.196 -0.450758 -15.8744 -1.31888 -27.5039 -0.415233 -1.91791 -0.0688965 -0.639482 -8.09585 -0.232343 -1.34816 0.0130954 9.52435 -0.000716114
internal_weight=1253.62 0.84735 0.0601899 0.00543721 1252.78 7.9475 1.07791 0.0769197 0.00478098 0.0721387 0.00364171 1.00099 0.00417626 0.996816 0.0887728 0.00672458 0.908043 0.0126793 0.0820482 0.00364912 0.787161 0.165032 6.86959 0.742162 0.0500271 0.895364 0.161437 0.733927 0.0103903 1244.83
internal_count=1785228 5775 556 91 1779453 150084 38129 5482 263 5219 234 32647 325 32322 7545 722 24777 594 6823 343 5219 2909 111955 57497 694 24183 3221 20962 619 1629369
is_linear=0
shrinkage=0.1


Tree=160
num_leaves=31
num_cat=0
split_feature=70 71 66 19 19 74 66 19 2 21 10 24 66 3 4 8 51 19 19 19 13 19 5 72 72 1 18 19 15 14
split_gain=674.319 4685.21 76179.1 282838 2.43197e+06 1528.29 62025.7 131920 639.445 346.514 649.378 29.9942 3445.82 29.9323 963.365 3.5606 3.54385 665.198 7848.73 17.5422 273.945 708.368 6.12624 3.99665 2407.74 4.5205 110.944 117.722 234.982 277.139
threshold=14333.701660156252 232005.50000000003 107.50000000000001 40.500000000000007 47.500000000000007 13739.962890625002 113.50000000000001 21.500000000000004 8.5000000000000018 17309296.000000004 147.50000000000003 627.50000000000011 113.50000000000001 9.5000000000000018 362.50000000000006 148.59027862548831 1.5000000000000002 36510.000000000007 50189.500000000007 962.00000000000011 2.8925133943557744 15691.500000000002 476.50000000000006 22396.500000000004 22883.500000000004 4023914.0000000005 4046658.0000000005 2.5000000000000004 1.4795575825943501 9.2744829055000029
decision_type=2 2 2 2 2 2 2 2 2 2 2 2 2 2 2 2 2 2 2 2 2 2 2 2 2 2 2 2 2 2
left_child=16 2 3 8 -5 6 7 -4 -2 11 -11 13 -13 14 -7 -3 -1 19 -19 22 -21 -22 23 25 -25 -18 27 -27 -29 -30
right_child=1 15 5 4 -6 9 -8 -9 -10 10 -12 12 -14 -15 -16 -17 17 18 -20 20 21 -23 -24 24 -26 26 -28 28 29 -31
leaf_value=-0.00018647215688118095 -67.460548616753584 -0.084012373624695935 -0.10006369094613043 -5177.6757866904873 -0.1000239446673523 99.333149618099739 -0.10008527634678593 -1398.303290394691 -0.10024222243491986 -0.10000450498918892 -100.09066264195067 -173.91900761411978 -0.10937834875904649 -0.1218841923226901 -0.10009317308363817 0.060374603782976079 -0.061695818455078814 -283.78741700896632 -0.1000157818284747 -0.1000932535382002 -99.93112633477341 -0.10001157915008661 0.075062945846961895 120.4769553055994 -0.16037476503958864 -0.10001753974405679 -0.12004280560420338 -0.1000206011381078 -37.339010188739501 -0.10000830577160147
leaf_weight=1235.4901949795039 0.0014845485382502547 3.3420111443245211 0.002069455350864433 0.0010429591424110929 0.00696968644014552 0.0010057007972364964 0.10566350152617532 0.0010012847235998505 0.027793067724368941 0.0018527402701238307 0.001000093427308002 0.0011506221570749533 0.13137240514429749 0.65601241327418336 0.031285453846166433 3.4930068662527947 3.9550580146021188 0.0010575019777111514 0.012539932477039883 0.059063516371708702 0.0010016916928636812 0.0024472556553831737 4.0585767764967287 0.0016586916435694645 0.64312353668893374 0.017609120499400777 1.2091860347492649 0.0086390159704023972 0.0053707149272672616 0.0031828590726945549
leaf_count=1581512 399 92848 93 209 1810 176 9066 318 4796 175 101 186 2578 15956 1615 19237 15923 168 247 1319 69 71 26004 96 6428 133 3568 47 35 45
internal_value=-0.00647246 -0.933084 -7.43792 -147.592 -674.035 -1.83271 -12.9755 -456.016 -3.51581 -0.361742 -35.1529 -0.240823 -1.61847 0.024423 2.99673 -0.010224 -0.000665857 -0.060021 -22.163 -0.0298608 -1.69977 -29.0944 -0.0193189 -0.0848677 0.149963 -0.113991 -0.280256 -5.84686 -11.7329 -23.4821
internal_weight=1253.27 7.80472 0.969704 0.0372903 0.00801265 0.932414 0.108734 0.00307074 0.0292776 0.823679 0.00285283 0.820827 0.132523 0.688304 0.0322912 6.83502 1245.47 9.97851 0.0135974 9.96492 0.0625125 0.00344895 9.9024 5.84383 0.644782 5.19905 1.24399 0.0348017 0.0171926 0.00855357
internal_count=1785228 149563 37478 7214 2019 30264 9477 411 5195 20787 276 20511 2764 17747 1791 112085 1635665 54153 415 53738 1459 140 52279 26275 6524 19751 3828 260 127 80
is_linear=0
shrinkage=0.1


Tree=161
num_leaves=31
num_cat=0
split_feature=70 17 70 21 70 40 70 4 71 66 34 19 26 69 51 27 72 69 2 70 67 8 27 73 14 25 9 19 69 35
split_gain=3065.84 46801.2 2.00603e+06 4.16124e+06 75830.8 145740 11306.3 24066.1 1821.32 29711.9 33010.6 4620.17 3646.16 3644.79 984.336 7690.82 17565.6 567009 716.758 35335.1 6508.83 28697.9 525.65 4082.6 6756.89 460.525 8197.95 435.438 272.483 32497.1
threshold=14333.701660156252 15804051.500000002 43345.583984375007 16723102.500000002 70808.421875000015 84.049999237060561 96806.351562500015 599.50000000000011 102124.00000000001 4381.0000000000009 338.00000000000006 165.50000000000003 11133307.000000002 65905.750000000015 4.5000000000000009 4223231.0000000009 22883.500000000004 21852.013671875004 7.5000000000000009 39050.179687500007 3.5000000000000004 65.069046020507827 3552670.8750000005 7294298.2500000009 4.964665752000001 31216522.000000004 173.10469818115237 1.5000000000000002 49529.091796875007 286.00000000000006
decision_type=2 2 2 2 2 2 2 2 2 2 2 2 2 2 2 2 2 2 2 2 2 2 2 2 2 2 2 2 2 2
left_child=14 8 3 -3 5 -4 7 -6 9 11 -11 12 13 25 -1 22 17 -17 19 -10 -21 -22 -16 24 -24 26 -2 -26 29 -20
right_child=1 2 4 -5 6 -7 -8 -9 18 10 -12 -13 -14 -15 15 16 -18 -19 28 20 21 -23 23 -25 27 -27 -28 -29 -30 -31
leaf_value=-0.00079552448634830151 -291.24670380274063 -6905.5948927092895 -1487.9907905871105 -0.10001009626059354 -591.80778045846137 -0.10000147719466919 0.064260594039775132 -0.10000268606008185 -598.35719714640049 -799.70419470635511 -0.10000771604461992 -164.37125538855017 -129.05829834253282 -187.37314723849522 -0.46980121666245789 -0.10004318528317374 -0.10001208242950406 -1977.0801156775588 -546.27416743768811 -0.10053193391721878 -590.01406641746541 -0.10000621681603904 -279.1073741767006 -0.10000275637430199 -69.063751606210502 -0.66040222581358177 -0.10013714422235487 -0.10000450610667977 -0.063505884408899746 -0.10013343096730948
leaf_weight=1243.3774910343136 0.0010304083789822649 0.0013033099207722656 0.0010081385081264346 0.0026407708278721742 0.0010140140510552778 0.0018971905523391813 0.23752342706362306 0.0021338279456527831 0.0010029132554335565 0.0010004950038791085 0.0010668404000142573 0.0018262484153410688 0.0023263355835752 0.0010679588345965376 1.762874962949353 0.032985683359583962 0.071143781691716867 0.0015174659747572141 0.0010985506768708955 0.18604610023950841 0.0010170973027214805 0.0043584737444319899 0.0014336538879432528 0.038110704150312813 0.00145003722718684 0.18038047061426965 0.015746608513495637 0.0024838749486661982 6.8549918267751941 0.130621762452833
leaf_count=1621579 282 487 228 745 260 529 2325 518 73 167 92 207 59 127 8590 918 2690 77 422 1010 214 630 35 1689 31 6238 470 56 119528 14952
internal_value=-0.0165273 -2.0148 -44.7871 -2282 -8.56134 -516.393 -2.43091 -190.707 -0.580937 -9.88789 -387.072 -6.03487 -4.59304 -3.13234 -0.00428194 -2.2715 -28.4965 -87.0486 -0.315896 -6.33672 -3.23496 -111.716 -0.737701 -11.6 -93.2521 -2.13435 -17.9817 -25.52 -0.150074 -4.65524
internal_weight=1252.92 7.6311 0.247521 0.00394408 0.243577 0.00290533 0.240671 0.00314784 7.38358 0.204445 0.00206734 0.202378 0.200552 0.198225 1245.29 1.912 0.105647 0.0345031 7.17914 0.192425 0.191422 0.00537557 1.80635 0.0434783 0.00536757 0.197157 0.016777 0.00393391 6.98671 0.13172
internal_count=1785228 149563 5092 1232 3860 757 3103 778 144471 7642 259 7383 7176 7117 1635665 14086 3685 995 136829 1927 1854 844 10401 1811 122 6990 752 87 134902 15374
is_linear=0
shrinkage=0.1


Tree=162
num_leaves=31
num_cat=0
split_feature=51 26 76 73 69 19 69 36 72 14 1 71 73 75 18 27 27 51 68 72 72 8 8 20 17 8 9 13 34 13
split_gain=52.942 196.414 416.393 1504.26 3845.39 581.319 856.572 147.634 222.829 72.4285 134.302 407.714 49.8409 317.718 29.1546 636.411 14.5014 119.956 1052.77 3145.88 34032.6 18.6196 163.891 3021.05 5754.34 52.6924 937.382 22.7337 918.028 903.671
threshold=4.5000000000000009 1277289.1250000002 6094753.0000000009 6044849.5000000009 23931.500000000004 1.0000000180025095e-35 30798.045898437504 0.16111574321985248 22396.500000000004 6.5489863355000013 5854849.5000000009 21337.000000000004 5353828.5000000009 5395735.0000000009 7169698.5000000009 3552670.8750000005 3552670.8750000005 1.5000000000000002 22.000000000000004 22883.500000000004 20578.000000000004 41.007873535156257 38.547727584838874 50623286.000000007 3229477.3750000005 41.446359634399421 124.74916076660158 562.73199462890636 218.00000000000003 569.92227172851574
decision_type=2 2 2 2 2 2 2 2 2 2 2 2 2 2 2 2 2 2 2 2 2 2 2 2 2 2 2 2 2 2
left_child=16 -2 3 5 -5 6 -3 14 -9 -7 12 -12 -11 -14 15 -4 -1 21 19 20 -19 22 27 24 -24 26 -23 -18 -29 -30
right_child=1 2 7 4 -6 9 -8 8 -10 10 11 -13 13 -15 -16 -17 17 18 -20 -21 -22 25 23 -25 -26 -27 -28 28 29 -31
leaf_value=-3.9511367605357455e-06 0.056470673163693044 -77.221917425821047 -0.10002332800319613 -117.19954444794381 -0.10001357556472497 -0.10001576638121837 -0.10001480376316588 -0.10001898482888379 36.488941573987745 -0.10001799808692183 -0.10001116020145528 -62.133760351889229 -40.009784618314271 -0.10001381338812949 -0.10003516730592946 -67.113981396281744 -0.08297587870966551 -0.10003080497680904 -0.13401183656025553 -0.10000793208851949 -547.92670965629031 0.056810124994010475 -0.065041053630418261 -0.073520147143845513 -298.48386952803565 -0.0065502907817641745 99.102898606483066 -93.707277766954675 -91.068506357730854 -0.095973106761602534
leaf_weight=1237.3819313304705 1.0845753416049171 0.0025932970384018308 0.028156592227304211 0.0042698717768274727 0.0081704935000743717 0.070451450374093838 0.0032387474493589252 0.0042570005389279122 0.0027330652228556573 0.019418724768911488 0.0030911178328096858 0.0016120252417408665 0.0025056520753423692 0.0097823931428138167 0.18901070353604155 0.0014922260052117045 1.869686532012965 0.010077146049780342 0.39420021283672246 0.030545914957220519 0.0012777763568010423 0.018343115629959494 0.0018095505376152436 0.048726285102255289 0.0010050563097929589 10.865263097838961 0.0010080350312477995 0.001068293137654718 0.0010992815557380733 0.16300422778584278
leaf_count=1563168 6102 20 758 31 61 478 22 45 33 116 29 24 20 81 6367 58 17140 205 306 615 21 603 75 3787 347 169569 178 142 240 14587
internal_value=-0.0018213 -0.608796 -2.66571 -7.29232 -40.2918 -3.64947 -34.3933 -0.100033 14.206 -1.9716 -5.59302 -21.3624 -3.25392 -8.238 -0.557365 -3.47284 -0.00112475 -0.104567 -1.73588 -16.8061 -61.7473 -0.0497203 -0.323377 -5.89228 -106.626 0.00273511 5.21629 -0.182322 -1.30689 -0.705372
internal_weight=1252.22 1.43536 0.350783 0.125134 0.0124404 0.112693 0.00583204 0.22565 0.00699007 0.106861 0.0364099 0.00470314 0.0317068 0.012288 0.21866 0.0296488 1250.79 13.4071 0.436101 0.0419008 0.0113549 12.971 2.0864 0.0515409 0.00281461 10.8846 0.0193512 2.03486 0.165172 0.164104
internal_count=1785228 14245 8143 882 92 790 42 7261 78 748 270 53 217 101 7183 816 1770983 207815 1147 841 226 206668 36318 4209 422 170350 781 32109 14969 14827
is_linear=0
shrinkage=0.1


Tree=163
num_leaves=31
num_cat=0
split_feature=25 25 29 67 6 12 67 8 8 66 69 72 5 25 8 8 41 19 10 6 29 4 51 26 76 76 69 17 13 27
split_gain=5538.08 15076 72872.2 1.25282e+06 3.06062e+06 7666.44 13272.1 34001.2 251328 1316.36 2625.8 1219.39 2649.02 1019.99 2137.82 107557 288096 410.291 1002.91 2433.52 416.125 573.709 302.939 2076.19 37320.8 74833.7 169536 766.493 256.464 8056.62
threshold=109985994.00000001 111000469.50000001 13074.000000000002 14.500000000000002 572.50000000000011 350.02777099609381 5.5000000000000009 41.007873535156257 41.781745910644538 60.500000000000007 34771.408203125007 54718.000000000007 38988.000000000007 113005016.50000001 41.446359634399421 40.01515197753907 1107.706237792969 107.50000000000001 380.50000000000006 446.50000000000006 9430.5000000000018 482.50000000000006 4.5000000000000009 1515343.0000000002 6148422.5000000009 6094753.0000000009 16984.500000000004 2819562.0000000005 2538.997192382813 5258787.0000000009
decision_type=2 2 2 2 2 2 2 2 2 2 2 2 2 2 2 2 2 2 2 2 2 2 2 2 2 2 2 2 2 2
left_child=22 2 5 -4 -5 9 7 -7 -9 10 -2 -8 -13 14 15 -3 -17 20 -19 -20 -11 -22 28 -24 25 -25 -27 -26 -1 -30
right_child=1 13 3 4 -6 6 11 8 -10 17 -12 12 -14 -15 -16 16 -18 18 19 -21 21 -23 23 24 27 26 -28 -29 29 -31
leaf_value=-0.0012980398117745258 -0.10000227728261593 -0.078899771480731754 -0.0084928427319221327 -0.10000098169758714 -4949.0184063840206 -0.1000094684259121 -1.7867333972960937 -1140.7922124780196 -0.10000655480900739 -0.40002371811643123 -199.11254680496265 -0.10004821008722414 -199.90545096645963 -0.23582296382043189 -0.10030679788685987 -1994.9691854033854 -0.10012273249577096 -0.091954630073290272 -0.10000035157833934 -193.68146441058613 -0.10000262506062246 -99.848427482985912 -0.045888883566093552 -0.10001244475947027 77.174715182264677 -0.10001862477399513 -1352.5915795092124 -0.10002297353160915 0.042234965160870129 46.081150356891833
leaf_weight=1245.0937669227515 0.0019482647996233718 0.11656015813777869 0.080912643952348873 0.004095588209363398 0.0017983727507864256 0.019307521180223795 0.059290015408898618 0.0023669841907576492 0.010499398095238338 0.58768383592965634 0.001004961767392204 0.001968399005377818 0.0010009737235776583 3.1560755733348782 0.21723909737253139 0.0010025720059405737 0.0026050125492815823 0.0064049090667523956 0.0017482688883490027 0.0010331567788810503 0.0013572205541549911 0.0010025220867078133 1.2481858160048096 0.0072693746406002346 0.0012940842921125009 0.0022992695667198859 0.001552689905919058 0.15860119842954853 1.3097850318256394 0.03914648936870424
leaf_count=1596135 338 7899 2770 1748 457 3512 7247 81 1662 18171 359 179 190 38371 13388 282 20 244 712 235 95 160 7388 86 90 21 36 6614 66802 9936
internal_value=-0.0137798 -3.60607 -16.1435 -102.541 -1510.12 -5.37733 -31.8685 -84.019 -209.949 -1.22303 -67.8225 -4.91866 -67.4543 -0.794515 -6.02047 -16.7229 -554.488 -0.894799 -21.8659 -72.0056 -0.568303 -42.4775 -0.00146757 -1.46165 -11.7948 -188.926 -545.277 0.525387 0.000194997 1.3783
internal_weight=1252.14 4.27691 0.783423 0.0868066 0.00589396 0.696616 0.0944333 0.0321739 0.0128664 0.602183 0.00295323 0.0622594 0.00296937 3.49348 0.337407 0.120168 0.00360758 0.59923 0.00918633 0.00278143 0.590044 0.00235974 1247.86 1.4192 0.171017 0.0111213 0.00385196 0.159895 1246.44 1.34893
internal_count=1785228 98120 38160 4975 2205 33185 12871 5255 1743 20314 697 7616 369 59960 21589 8201 302 19617 1191 947 18426 255 1687108 14235 6847 143 57 6704 1672873 76738
is_linear=0
shrinkage=0.1


Tree=164
num_leaves=31
num_cat=0
split_feature=51 37 75 69 13 27 26 75 70 74 69 25 5 14 74 29 13 75 69 69 24 24 71 70 39 74 24 29 67 66
split_gain=980.845 8104.03 653336 3161.77 260.274 318252 113.541 747.08 89.7743 675.165 3321.93 904.946 264.263 2698.77 6084.03 770.497 7561.05 323.545 630.589 97.888 376.537 1691.8 2024.96 400.216 509.566 390.085 598.15 390.107 598.54 354.056
threshold=4.5000000000000009 0.80098792910575878 6479732.0000000009 5000.5000000000009 2538.997192382813 5201838.2500000009 1515343.0000000002 6104268.0000000009 8451.9853515625018 740.40322875976574 33758.375000000007 114004145.00000001 64544.000000000007 635.39777523849659 70074.632812500015 47.500000000000007 1165.6402587890627 58997629.000000007 571834.25000000012 194825.50000000003 22176.500000000004 23299.500000000004 306553.50000000006 336944.35937500006 969.50000000000011 31936365.000000004 2.5000000000000004 173305.50000000003 1.0000000180025095e-35 234.50000000000003
decision_type=2 2 2 2 2 2 2 2 2 2 2 2 2 2 2 2 2 2 2 2 2 2 2 2 2 2 2 2 2 2
left_child=4 2 -2 -4 8 -6 -3 -8 -1 10 -10 -12 19 14 -14 17 -17 -15 -19 20 25 22 -22 29 -25 27 -27 -11 -29 -23
right_child=1 6 3 -5 5 -7 7 -9 9 12 11 -13 13 15 -16 16 -18 18 -20 -21 21 23 -24 24 -26 26 -28 28 -30 -31
leaf_value=6.586829754627481e-05 -1892.4461254790419 -0.042668179938084562 -159.52118589828791 -0.1000256749118047 0.037936252133430465 1769.4105553977381 -0.10001182037552288 86.157787662922104 -196.49811229455563 -0.48321608567318686 -0.10006580163015449 -98.898365458079525 -299.24271953810711 -0.10121253334484336 -0.10001646727262103 -0.10006207695292682 -280.78804536934126 -96.151684806174117 -0.10004095561904731 -0.032717090279407883 -0.10000089196448328 -21.631039703144445 -199.84408743381442 -100.00014273117749 -0.10000290483940051 -99.905848383255801 -0.10000284459291726 -0.10002053221708447 -99.800813492822286 -0.10012378041915711
leaf_weight=1241.9798903673097 0.001849555934257229 1.2088513342367946 0.0012545384215627555 0.14880519666159947 1.3163178662960022 0.0010173454259075889 0.0074988610431320213 0.0011593153758440167 0.0010183397388839584 1.3338954537288648 0.011030722642257271 0.0010121625209649219 0.0010028657923871745 0.15423099027604215 0.0021110492591134289 0.0094012940917487242 0.0010688022452427512 0.0010411064081381474 0.0019898640487099328 5.6477468812515585 0.0010292571358406352 0.0092889170455292963 0.0010012812128330495 0.0010009995758935011 0.0010421708649275274 0.001001945546818101 0.0014986249022235151 0.0015066126252351033 0.0010030009655110916 0.042957187401997388
leaf_count=1539737 109 7355 70 6529 66807 10202 103 79 429 77756 2534 200 454 10910 512 1923 122 137 120 51508 354 2721 255 321 192 44 257 12 55 3421
internal_value=-0.00342669 -2.67825 -24.4567 -1.43283 -0.00049756 1.40438 0.0390589 11.4498 -0.00197905 -0.353411 -23.0688 -8.40372 -0.312282 -4.19836 -96.4418 -2.48587 -28.7531 -0.737072 -33.0928 -0.218015 -0.968086 -8.97797 -98.596 -5.62605 -49.0435 -0.631158 -40.0909 -0.557324 -39.9468 -3.92814
internal_weight=1251.89 1.36942 0.151909 0.15006 1250.52 1.31734 1.21751 0.00865818 1249.21 7.22688 0.0130612 0.0120429 7.21382 0.170846 0.00311392 0.167732 0.0104701 0.157262 0.00303097 7.04297 1.39523 0.0563198 0.00203054 0.0542893 0.00204317 1.33891 0.00250057 1.33641 0.00250961 0.0522461
internal_count=1785228 14245 6708 6599 1770983 77009 7537 182 1693974 154237 3163 2734 151074 14178 966 13212 2045 11167 257 136896 85388 7264 609 6655 513 78124 301 77823 67 6142
is_linear=0
shrinkage=0.1


Tree=165
num_leaves=31
num_cat=0
split_feature=51 26 1 69 76 72 70 69 73 20 24 22 74 74 20 34 66 5 12 35 70 5 74 74 12 69 29 26 1 75
split_gain=33.0592 234.608 6973.46 28110.1 470.499 463.571 17.715 92.788 922.061 2973.7 200.719 776.611 142.583 644.882 184.082 767.957 173.45 809.4 95.7013 3717.57 19.0955 2171.43 17.1407 142.864 849.72 27.1678 661.786 11.222 50.6312 351.039
threshold=4.5000000000000009 1515343.0000000002 6145183.0000000009 24619.791992187504 6598201.0000000009 33021.500000000007 22485.630859375004 86865.300781250015 9428316.5000000019 50623286.000000007 29722.500000000004 4436932.7500000009 5943.1765136718759 5721.5485839843759 119001025.50000001 1074.0000000000002 61.500000000000007 7040.0000000000009 591.80950927734386 394.00000000000006 20989.254882812504 256.50000000000006 324220.46875000006 310892.50000000006 826.31250000000011 114660.52343750001 43736.500000000007 1277289.1250000002 5418092.5000000009 5319247.5000000009
decision_type=2 2 2 2 2 2 2 2 2 2 2 2 2 2 2 2 2 2 2 2 2 2 2 2 2 2 2 2 2 2
left_child=6 27 3 -3 5 -4 20 8 9 -8 18 -12 13 14 16 -16 17 -9 -10 -20 -1 -22 23 25 -25 26 -14 -2 29 -29
right_child=1 2 4 -5 -6 -7 7 12 10 -11 11 -13 22 -15 15 -17 -18 -19 19 -21 21 -23 -24 24 -26 -27 -28 28 -30 -31
leaf_value=1.8856838433014325e-05 0.060918035933735959 -504.8364376939989 94.052470087592667 -0.10001025528794166 -0.10002362207372002 -0.1000025765935366 -0.1000473532670057 -0.10007200687778633 -0.10162191200069833 -197.9172133175835 -0.1000050504958141 -99.74658035304202 -0.10003293051514373 -72.248207790255449 -99.967735097682052 -0.10020202607225813 -0.10005353332557916 -100.09747105923262 -191.55567392529613 -0.10017745023311127 109.61382767673797 -0.12367867319744677 0.033724135976402746 -0.10009287599596212 -99.913983481731734 -0.22320018928433558 -69.336710735953673 -0.1000149522583437 -0.10001812240675714 -41.156992384948808
leaf_weight=1243.4568632609328 1.0619230577980645 0.0013868624591850389 0.0010621069946276365 0.0053984599653631449 0.13204212043792274 0.001030146664561471 0.0030596052651923173 0.0042472965024780212 0.21748857392614923 0.0010110343860599432 0.0035449175842423566 0.0010035467370095308 0.031255959336785676 0.0013860358423844052 0.0010013244205222737 0.0033329900757337327 0.053153552492364593 0.001000025296914793 0.0010446283216865018 0.034817116701518103 0.0018229239834519064 0.16638971913393269 5.1059095001666588 0.0057358487907944724 0.0010018636723430063 0.88907447251119298 0.0014443210143885504 0.014362347155838395 0.095565005726257368 0.0024356395357254526
leaf_count=1626513 6102 52 169 71 6479 85 305 350 30292 207 1159 944 7436 376 195 116 9197 629 332 8735 105 1329 33671 471 120 48299 202 104 1147 36
internal_value=-0.00121563 -0.502312 -4.35777 -103.264 0.645498 47.6953 -0.000688392 -0.167151 -2.00999 -49.2324 -1.26464 -22.0854 -0.08799 -4.7787 -3.28806 -23.1719 -1.81236 -19.1574 -0.890838 -5.67715 0.00016298 1.06555 -0.0381469 -0.433367 -14.9419 -0.327317 -3.15811 -0.0396394 -0.98999 -6.05311
internal_weight=1251.3 1.31521 0.14092 0.00678532 0.134134 0.00209225 1249.99 6.36051 0.261969 0.00407064 0.257899 0.00454846 6.09854 0.0641212 0.0627352 0.00433431 0.0584009 0.00524732 0.25335 0.0358617 1243.63 0.168213 6.03442 0.928512 0.00673771 0.921775 0.0327003 1.17429 0.112363 0.016798
internal_count=1785228 14245 6856 123 6733 254 1770983 143036 41974 512 41462 2103 101062 10863 10487 311 10176 979 39359 9067 1627947 1434 90199 56528 591 55937 7638 7389 1287 140
is_linear=0
shrinkage=0.1


Tree=166
num_leaves=31
num_cat=0
split_feature=51 14 76 17 70 24 74 69 70 74 9 71 19 24 72 27 67 29 25 66 39 71 40 26 4 69 27 29 74 11
split_gain=1237.88 14252.2 670870 1.06221e+06 288.306 7038.81 9536.86 5718.57 18970.2 3601.91 12307.2 1681.19 37440.4 22778.4 13198.2 45334.3 2268.99 13631.7 688.814 446.768 539.679 56.5744 3874.46 47.9481 153.21 512.509 42.7059 949.254 19.2726 852.733
threshold=4.5000000000000009 5.7758246300000016 6598201.0000000009 37.488883972167976 8451.9853515625018 2998462.0000000005 4373.3642578125009 13008.500000000002 19220.262695312504 507.43211364746099 291.71687316894537 109417.50000000001 89.500000000000014 22176.500000000004 50366.500000000007 4748853.7500000009 14.500000000000002 363.50000000000006 62300594.000000007 4768.5000000000009 1460.5000000000002 122623.50000000001 37.430770874023445 1515343.0000000002 1366.5000000000002 27062.553710937504 5009827.2500000009 955.50000000000011 5943.1765136718759 1.0000000180025095e-35
decision_type=2 2 2 2 2 2 2 2 2 2 2 2 2 2 2 2 2 2 2 2 2 2 2 2 2 2 2 2 2 2
left_child=4 2 3 -2 -1 7 -7 8 -6 10 -9 12 13 14 16 18 19 -18 -16 26 -21 22 -13 -3 25 -25 -11 -28 29 -23
right_child=1 23 -4 -5 5 6 -8 9 -10 11 -12 21 -14 -15 15 -17 17 -19 -20 20 -22 28 -24 24 -26 -27 27 -29 -30 -31
leaf_value=9.5188805286890743e-05 -0.10000916170836366 0.040967583514295164 -0.1000243814989787 -4163.1717458109524 -0.10001825310924911 -0.10006408940891587 -332.6323705934301 -0.10002408777452028 -494.75054227975119 -0.30395360502900637 -398.57454204184518 -196.53240879452147 -546.3712115767629 -464.1639484000608 98.929263964252698 -651.83244499361865 -0.10000693963461871 -399.99155998171955 -0.10001779766580468 -99.889455489343845 -0.10000599641301991 -0.10005246125239585 -0.10588000689945561 71.622666151032107 -0.10000146803240724 -0.10000925181893745 -0.10005639429339458 -99.930888970371399 -0.0090008338912480352 -87.131268093622865
leaf_weight=1243.2473642835571 0.0015615164945926427 1.196115419309802 0.11191330790970504 0.0010088704347879229 0.003327729918654875 0.0020226107871160661 0.0015036085172299785 0.0034017705623251562 0.0010108146346449742 0.36971698511371082 0.0010038282556443789 0.001018161956785015 0.0012814147996814676 0.00107743771817742 0.0010098023927298506 0.001380934811948288 0.0057680184054195094 0.0010002711748264351 0.002307181568028227 0.0010021099080859122 0.0011802684010007169 0.05574729764790104 0.073117388655324619 0.0013942591976955345 0.014529972231795529 0.0034905147185781971 0.019384058989038278 0.0010016943004274017 6.401393191788495 0.0011490080496461821
leaf_count=1616731 86 7171 5299 199 49 11 1148 1817 63 6059 228 196 827 575 204 399 2005 789 63 171 102 13290 2484 97 1330 63 2211 291 120653 617
internal_value=-0.00673932 -3.0559 -36.7865 -1634.1 -0.00349549 -0.645738 -141.895 -0.574044 -115.346 -0.502325 -90.8936 -0.444931 -6.68788 -4.97961 -3.75425 -170.388 -1.79252 -59.1991 30.0479 -0.802056 -45.9216 -0.0568171 -2.80356 0.120985 5.05072 20.3718 -0.549641 -5.00544 -0.0252869 -1.85763
internal_weight=1251.53 1.33001 0.114484 0.00257039 1250.2 6.95081 0.00352622 6.94728 0.00433854 6.94294 0.0044056 6.93854 0.40611 0.404829 0.403751 0.00469792 0.399053 0.00676829 0.00331698 0.392285 0.00218238 6.53243 0.0741356 1.21553 0.0194147 0.00488477 0.390103 0.0203858 6.45829 0.0568963
internal_count=1785228 14245 5584 285 1770983 154252 1159 153093 112 152981 2045 150936 13696 12869 12294 666 11628 2794 267 8834 273 137240 2680 8661 1490 160 8561 2502 134560 13907
is_linear=0
shrinkage=0.1


Tree=167
num_leaves=31
num_cat=0
split_feature=70 70 74 71 71 36 19 66 76 72 13 72 27 51 26 1 69 73 4 14 20 66 69 75 75 13 27 9 72 1
split_gain=1239.58 47265.9 847210 5001.27 153399 201093 55094.5 410186 17258.2 18317.4 8376.33 90065.1 3674.71 140.249 2029.11 69109.2 62520.8 825.987 107.982 878.187 39.6454 9.20848 6.14371 37.8653 608.83 2.54095 22.6386 967.704 1.93103 44.6435
threshold=8451.9853515625018 11214.469238281252 1276360.3125000002 109417.50000000001 105600.00000000001 0.14630276709795001 48.500000000000007 130.50000000000003 7239075.5000000009 22396.500000000004 149.22769927978518 50181.500000000007 2877463.8750000005 4.5000000000000009 1515343.0000000002 6145183.0000000009 34771.408203125007 6687760.5000000009 368.50000000000006 4.0923355200000007 53150000.000000007 113.50000000000001 374147.67187500006 9999584.5000000019 9999260.5000000019 2046.6851806640627 13129577.500000002 109.86466598510744 23333.500000000004 6145183.0000000009
decision_type=2 2 2 2 2 2 2 2 2 2 2 2 2 2 2 2 2 2 2 2 2 2 2 2 2 2 2 2 2 2
left_child=13 2 12 4 6 -6 8 -8 9 -3 18 -12 -2 25 28 16 -16 -17 19 -10 -20 -22 23 24 -5 -1 -27 -28 29 -15
right_child=1 3 -4 22 5 -7 7 -9 10 -11 11 -13 -14 14 15 17 -18 -19 20 -21 21 -23 -24 -25 -26 26 27 -29 -30 -31
leaf_value=-0.00015808467862713069 -193.65271441344012 -0.10000545894374752 -2983.1426582652939 -0.10000723430910832 -0.10004130113706922 -1787.2369141069785 -2031.6755880637429 -0.10003594418090585 -0.10001751541162747 -597.58580985395906 -0.10001968819535011 -759.17268904808452 -0.10007777457215167 0.0026176668355710445 -891.83331480826928 83.630170156947258 -0.10000826731891573 -0.10000709329431741 -4.1584648657190693 98.420393147108797 0.71828199445481145 -0.25465169945505411 0.036845202450928254 -0.13040559191803747 -64.909385804115914 0.055625188293766274 99.073464247816034 0.10000696822286606 -0.17041233344760454 4.6734067597297324
leaf_weight=1239.6351304323139 0.0010333104860215893 0.0010492077939776015 0.0010056845870797275 0.023925743414941466 0.0014395111477085382 0.0011191084396614866 0.0011321262295485033 0.0081362035611753925 0.0083292906110727927 0.0010042079516440761 0.01790571940832264 0.0017126160676355076 0.0193393470669663 0.88237289360324478 0.0016821172757772026 0.0011943125991843015 0.0014762574573978782 0.087182935264961681 0.024653932017713487 0.0010150180949040086 0.11984544252107221 0.51664334010362722 5.2917369450207961 1.2161193451901593 0.0015429876656780665 3.5583940648225503 0.0010103723188875638 0.044380695019981431 0.33419443874291177 0.020949230030055332
leaf_count=1472124 40 542 190 6518 295 629 1229 2054 166 654 6203 281 2094 5728 94 310 29 6264 161 113 118 446 35160 97191 327 121375 155 23077 1404 257
internal_value=-0.00861139 -1.31161 -149.784 -0.873038 -8.88127 -781.772 -6.06197 -248.257 -2.81887 -292.296 -1.95753 -66.3646 -9.91716 -0.0010119 -1.02772 -15.3946 -475.028 1.03151 -0.0729893 10.6017 -0.223861 -0.0714565 -0.0101267 -0.210324 -4.02639 8.56702e-05 0.0839328 2.30308 0.0349597 0.110939
internal_weight=1251.83 7.25869 0.0213783 7.23731 0.703986 0.00255862 0.701427 0.00926833 0.692159 0.00205342 0.690105 0.0196183 0.0203727 1244.57 1.32905 0.0915356 0.00315837 0.0883772 0.670487 0.00934431 0.661143 0.636489 6.53333 1.24159 0.0254687 1243.24 3.60379 0.0453911 1.23752 0.903322
internal_count=1785228 154411 2324 152087 12891 924 11967 3283 8684 1196 7488 6484 2134 1630817 14086 6697 123 6574 1004 279 725 564 139196 104036 6845 1616731 144607 23232 7389 5985
is_linear=0
shrinkage=0.1


Tree=168
num_leaves=31
num_cat=0
split_feature=51 26 76 70 38 69 70 10 70 4 41 29 69 40 65 70 72 69 71 12 70 40 13 35 3 75 75 10 23 1
split_gain=848.71 28073.3 1.82581e+06 439.52 27193.3 114002 10784.2 23970.1 6036.2 112435 597185 430.657 167.691 6576 7660.83 409.53 8.30593 905.427 3076.09 7.07788 175.371 823.392 11.2318 562.753 4.12537 5.01889 636.091 3.48984 7.93927 3.12836
threshold=4.5000000000000009 1584522.2500000002 6845448.5000000009 11214.469238281252 27.500000000000004 2718128.5000000005 11622.613281250002 360.50000000000006 20989.254882812504 368.50000000000006 63.536415100097663 1068.5000000000002 30431.500000000004 30.732142448425297 254.50000000000003 32664.158203125004 22396.500000000004 25628.027343750004 24130.500000000004 30.575187683105472 23874.885742187504 75.40238189697267 84.039569854736342 306.00000000000006 8.5000000000000018 9999584.5000000019 9998868.0000000019 250.50000000000003 10099853.000000002 4023914.0000000005
decision_type=2 2 2 2 2 2 2 2 2 2 2 2 2 2 2 2 2 2 2 2 2 2 2 2 2 2 2 2 2 2
left_child=3 16 -3 -1 6 -6 7 -5 9 10 11 -8 13 14 15 -10 29 18 -18 22 21 -21 27 -24 -22 26 -26 -14 -29 -2
right_child=1 2 -4 4 5 -7 8 -9 12 -11 -12 -13 19 -15 -16 -17 17 -19 -20 20 24 -23 23 -25 25 -27 -28 28 -30 -31
leaf_value=8.37878524983934e-05 0.23446666368347635 -3499.3988595180235 -0.10002155053756884 -22.430454634574858 -1177.935403187103 -0.10007706590536963 -0.10004859561421385 -494.456999113574 -0.10000726322873912 0.068166990485807738 -2467.7494358770778 -58.756593997042287 0.017059984798864079 -0.40817664822675098 -350.29139452810568 -79.976557833886318 199.47885343120626 -0.16216659467061503 -0.10000836178898612 -99.999706301218737 0.11247994543532119 -0.10005490152555881 57.613141564931311 -0.10015807294230497 -0.10192790724735855 -0.11855031879665728 -64.293858805993167 -0.011739796265831888 0.75016978483117958 -0.10670662866599903
leaf_weight=1243.2194737939235 0.29896695229394277 0.0015145891266002678 0.095943137114349125 0.0044782058250047571 0.0010188178932261085 0.0042486063750857284 0.0047091765889029835 0.0014159807643520511 0.0013172043400133046 0.13642142470035629 0.0011752074519206721 0.0017048401173554856 3.3750180627156618 0.1887835015989367 0.0011422325571004482 0.0012519318734121043 0.0010021101359144208 0.31530417090421836 0.0033671568130557968 0.0010010042016359109 0.71848277003621852 0.0046936292471383883 0.0017327073904903892 0.067802638141632537 0.17058312022249542 1.868913882211777 0.0015577814898949651 0.35316833101559575 0.22319821535932693 2.6601160761827614
leaf_count=1619055 4161 279 6197 33 1209 142 43 455 24 6189 460 36 4626 1885 121 20 98 1469 124 484 5507 1170 167 625 8089 119314 774 267 288 1917
internal_value=-0.00868278 -1.59204 -54.4826 -0.00440739 -0.78709 -227.915 -0.619261 -135.827 -0.507373 -20.7725 -395.397 -15.6909 -0.0891838 -2.99971 -134.821 -39.0236 -0.0199231 0.464321 45.6743 -0.0066244 -0.129775 -17.6604 0.0780677 1.33796 -0.0935984 -0.166141 -0.68283 0.0558964 0.28331 -0.0722366
internal_weight=1253.73 3.37621 0.0974577 1250.35 7.13382 0.00526742 7.12855 0.00589419 7.12266 0.144011 0.00758922 0.00641402 6.97865 0.192495 0.00371137 0.00256914 3.27876 0.319673 0.00436927 6.78615 2.76523 0.00569463 4.02092 0.0695353 2.75954 2.04105 0.172141 3.95138 0.576367 2.95908
internal_count=1785228 14245 6476 1770983 151928 1351 150577 488 150089 6728 539 79 143361 2050 165 44 7769 1691 222 141311 135338 1654 5973 792 133684 128177 8863 5181 555 6078
is_linear=0
shrinkage=0.1


Tree=169
num_leaves=31
num_cat=0
split_feature=70 69 19 35 35 29 12 35 35 12 6 66 29 51 72 72 19 71 16 70 22 69 69 70 72 66 1 17 13 27
split_gain=1127.99 6069.39 93697.7 155023 655080 12331.7 23051.4 6823.42 352836 376539 3742.36 976.142 789.495 697.765 4364.17 51760.9 277644 9766.84 12403 322.441 3638.05 89.4758 18.256 960.608 188.148 795.85 2.39679 224.77 2.25038 25.6063
threshold=26210.275390625004 211283.50000000003 73.500000000000014 298.00000000000006 262.00000000000006 51065.000000000007 46.038461685180671 294.00000000000006 274.00000000000006 35.049999237060554 1460.5000000000002 7919.5000000000009 2327.0000000000005 4.5000000000000009 22396.500000000004 23489.500000000004 8.5000000000000018 24130.500000000004 1160123.0000000002 87724.902343750015 4656326.0000000009 23642.500000000004 374147.67187500006 1121933.1250000002 226325.50000000003 607.50000000000011 4023914.0000000005 1713249.5000000002 2046.6851806640627 13129577.500000002
decision_type=2 2 2 2 2 2 2 2 2 2 2 2 2 2 2 2 2 2 2 2 2 2 2 2 2 2 2 2 2 2
left_child=13 2 5 4 12 7 -7 8 10 -10 11 21 -4 28 26 16 -16 18 -17 20 -3 -2 23 24 -21 -26 27 -15 -1 -30
right_child=1 19 3 -5 -6 6 -8 -9 9 -11 -12 -13 -14 14 15 17 -18 -19 -20 22 -22 -23 -24 -25 25 -27 -28 -29 29 -31
leaf_value=-0.00025509152209464897 -9.9477750475179878 -198.00231474095563 -0.10013844772844203 -0.10003954668528259 -2272.2852726946821 -597.85107538051011 -0.10002610393734986 -0.14602217293868791 -2457.990464899578 -0.10000065637041422 -191.47206921722156 -99.846538856595203 -99.63562282528359 -0.10002349630848195 -1750.9129720743838 -11.152480741444911 -16.143681682449163 -0.14675442376096393 -111.04853097831925 -0.15754321088043721 -0.10006960643573688 -0.10384026554469117 0.028730301638963701 -97.090600597625496 -0.10012520141837943 -98.886409715882692 -0.1060493195609204 22.641558045632539 0.050742019092074264 2.5904057050346334
leaf_weight=1240.5207863512271 0.0099514464653701895 0.0010105996067916083 0.0038530285370651403 0.010365567762951096 0.0017604198306830736 0.0010037623181375322 0.0018057305860203511 0.77700691832124336 0.0012205588769726421 0.0012737043792489253 0.0010450846024694363 0.001002541057928851 0.0010046654727702145 0.37353023234851868 0.0010851835398227863 0.036197122186422404 0.0061572245473158205 0.34767600479676525 0.018928001758013124 0.36062050249571803 0.01148978660546086 0.1279917209836926 5.0784754377642747 0.0010310277633459588 0.0041957248573923347 0.0010122850027087793 2.4408088785816022 0.0043972342672589084 3.5127283927629374 0.040154201767336306
leaf_count=1486539 7 249 899 4328 1072 318 537 64818 129 1680 367 1193 1284 3976 213 6 21 6028 123 19101 1360 6413 35002 182 796 261 3534 185 121375 23232
internal_value=-0.0106309 -1.33513 -8.76005 -241.508 -619.612 -4.47411 -213.662 -3.83494 -23.9516 -1202.86 -2.94655 -1.52855 -20.686 -0.00383783 -1.47199 -11.1113 -276.077 -6.34715 -45.4532 -0.0573089 -16.0996 -0.813998 -0.020482 -0.701734 -0.430078 -19.3013 -0.0697645 0.164578 -2.74805e-05 0.079445
internal_weight=1253.7 6.39712 0.939285 0.0169837 0.00661811 0.922301 0.00280949 0.919492 0.142485 0.00249426 0.139991 0.138946 0.00485769 1247.3 3.22878 0.410044 0.00724241 0.402801 0.0551251 5.45784 0.0125004 0.137943 5.44533 0.36686 0.365829 0.00520801 2.81874 0.377927 1244.07 3.55288
internal_count=1785228 139996 83045 7583 3255 75462 855 74607 9789 1809 7980 7613 2183 1645232 14086 6391 234 6157 129 56951 1609 6420 55342 20340 20158 1057 7695 4161 1631146 144607
is_linear=0
shrinkage=0.1


Tree=170
num_leaves=31
num_cat=0
split_feature=51 1 14 26 72 69 72 43 13 23 65 72 14 17 16 27 73 1 25 52 70 74 10 3 3 6 14 4 52 39
split_gain=1734.54 4922.59 988890 3559.42 1470.8 352232 26.3219 2.05445 97.3723 903.564 5.28296 2.24407 1.88261 2.92074 2.45524 1.70389 1.49925 1.48419 2.27192 9.26618 658.743 2908.88 1.87277 1.41664 2.28214 2.50584 2.33146 2.6676 2.17679 3.21515
threshold=4.5000000000000009 4023914.0000000005 9.2744829055000029 963746.21875000012 23563.500000000004 24619.791992187504 22009.500000000004 1.0000000180025095e-35 2046.6851806640627 83325498.000000015 210.50000000000003 1555480.0000000002 370.74733165000004 414537.53125000006 1336.666687011719 1350640.0625000002 15319924.000000002 119063776.00000001 103008818.50000001 24.679487228393558 11214.469238281252 13739.962890625002 23.500000000000004 114.50000000000001 14.500000000000002 2087.5000000000005 673.45282885000017 15607.500000000002 395.00222778320318 416.50000000000006
decision_type=2 2 2 2 2 2 2 2 2 2 2 2 2 2 2 2 2 2 2 2 2 2 2 2 2 2 2 2 2 2
left_child=7 2 -2 -4 6 -6 -3 10 12 -10 11 15 13 -9 -14 -1 -13 18 23 20 -20 -22 -21 24 25 28 -26 -28 29 -12
right_child=1 4 3 -5 5 -7 -8 8 9 -11 17 16 14 -15 -16 -17 -18 -19 19 22 21 -23 -24 -25 26 -27 27 -29 -30 -31
leaf_value=-0.10856166023890508 -2427.2610842745976 -0.10448336710575851 -0.10002132117757814 -61.34612480486058 -1538.6989687133103 -0.14191969246381697 1.3144588503577803 -0.09796716988280145 100.05661245253202 0.10000032032479085 0.0003077757874345184 0.15258165057674167 -0.024449505877816972 0.09149467680353944 0.07296743947448385 0.13367158905108473 -0.10532845521386608 0.086707988998607141 0.049533697182572028 0.096045406977554024 -178.85006056343721 -0.10002326834508959 -0.10426405086467679 -0.10865770415483676 0.0973844295719766 -0.10019508866927898 -0.066239988872995773 0.070088298067174037 0.032202713247302721 -0.030915142272590342
leaf_weight=7.0810102817635041 0.0016892105850306862 2.0990985310313599 0.33637083723284389 0.0097644935691997281 0.0014948664556014282 0.32379687048450295 0.13941658510153487 2.4359461998127592 0.0010004340668235976 0.0094159830824338542 1152.1486070597134 0.64052622307190166 3.5532374091659387 1.2217802587389313 9.5157443135744852 0.30280269408409832 0.34776577083084703 1.9718740522118867 0.29568703209139063 0.80475721943002998 0.0011188807620771827 0.0048859940133667411 1.1112626007336535 1.1972776247775971 4.8551784759302441 2.5025808048078479 2.8158823417067742 2.9275720209761644 20.598995383694501 33.952174417770721
leaf_count=793072 255 3636 3865 41 233 5911 304 5666 1802 24491 356691 228 4783 14830 8823 7258 719 6173 1171 829 155 421 88012 5539 26534 22340 38575 1136 178160 183575
internal_value=-0.00572536 -2.44364 -13.6069 -1.82778 -0.929152 -7.2123 -0.0161105 -4.80618e-05 0.0347521 9.70023 -0.000520235 -0.0796869 0.028733 -0.0346818 0.0464814 -0.0986279 0.0618268 2.07363e-05 -0.000119007 -0.101242 -0.616371 -33.4063 -0.0201311 6.46637e-05 0.000171379 -0.000233572 0.0463723 0.0032497 -2.62611e-05 -0.000585981
internal_weight=1253.21 2.91163 0.347825 0.346135 2.56381 0.325292 2.23852 1250.3 16.7371 0.0104164 1233.56 8.3721 16.7267 3.65773 13.069 7.38381 0.988292 1225.19 1223.22 2.21771 0.301692 0.00600487 1.91602 1221 1219.8 1209.2 10.5986 5.74345 1206.7 1186.1
internal_count=1785228 14245 4161 3906 10084 6144 3940 1770983 60395 26293 1710588 801277 34102 20496 13606 800330 947 909311 903138 90588 1747 576 88841 812550 807011 740766 66245 39711 718426 540266
is_linear=0
shrinkage=0.1


Tree=171
num_leaves=31
num_cat=0
split_feature=10 65 16 10 3 12 29 3 13 29 29 22 5 20 51 1 76 1 25 19 65 5 39 26 39 3 69 29 76 22
split_gain=1.89625 10.5805 842.013 1.83273 1.69883 2.90064 3.5144 2.89114 3.87507 3.31696 7.81144 341.232 1956.93 4.58109 3.19854 21.2519 960.335 2.88627 234.377 166.278 2.67434 2.56623 4.5747 3.44855 2.90074 3.26036 17.9571 509.871 2.30367 3.09871
threshold=4291.0000000000009 62.500000000000007 2230776.2500000005 3526.5000000000005 14.500000000000002 15.683333396911623 2.5000000000000004 5.5000000000000009 882.29016113281261 552.50000000000011 788.50000000000011 5011870.5000000009 264.50000000000006 221251.00000000003 4.5000000000000009 6145183.0000000009 7095652.0000000009 4023914.0000000005 3808532.5000000005 2.5000000000000004 29000.000000000004 3509.0000000000005 2021.5000000000002 1054950.7500000002 1789.5000000000002 4.5000000000000009 598559.90625000012 205.50000000000003 8020555.5000000009 11923046.000000002
decision_type=2 2 2 2 2 2 2 2 2 2 2 2 2 2 2 2 2 2 2 2 2 2 2 2 2 2 2 2 2 2
left_child=3 2 -2 4 7 -6 -7 14 9 -9 11 -11 -13 -12 21 17 -17 18 -16 -20 -8 22 24 -23 25 28 -27 -28 -1 -30
right_child=1 -3 -4 -5 5 6 20 8 -10 10 13 12 -14 -15 15 16 -18 -19 19 -21 -22 23 -24 -25 -26 26 27 -29 29 -31
leaf_value=-0.00072544669757213778 85.445813326057745 0.037106595459341807 0.10078257239903846 -0.11033637429309753 0.091912540924381933 -0.097894430550673026 -0.10223572948180051 -0.079899389015963385 0.048726308653832248 0.067239928076789926 0.24949487180327345 115.33813889471976 -0.10007036988942918 -0.10823666629468312 -0.10002321824443511 98.544063794653368 -0.10000327113555979 -0.10959719442811473 -0.10001073605321203 40.423173094024406 0.092015618038504332 -0.11230241760845459 -0.11314509082492455 0.11764918955933862 0.099882302436177711 -0.067269190583309255 -52.846291557354803 -0.1012479296773897 0.029923327647003513 -0.044440327826953764
leaf_weight=1140.7324328226082 0.0011689641766600136 6.6897519461930228 0.10433243720872554 1.5088781325430307 5.3858903840909846 2.59275959464959 0.90317276566315285 13.85700553986665 4.3185405800513577 0.98384086341293919 0.41687705498145566 0.0017325284912891288 0.0096364049109125584 2.5336112650402192 0.214292321124646 0.0010137457338723404 0.037291687283279605 0.33464262936013256 0.00171718795900233 0.002467723178587039 3.2922594378933407 0.79551387044807498 3.5732244196904039 3.6194923304919939 2.9105629871912688 3.4525937479743862 0.0018958681078232722 0.055026186886070638 45.635128478885377 6.3878649082317613
leaf_count=1147130 26 168761 40232 6579 3456 44373 35930 140464 16638 2760 197 55 1014 22333 2220 516 3879 1605 102 143 41789 6009 12278 1867 1402 24767 110 328 47676 10589
internal_value=9.4929e-05 0.0527768 1.04641 -0.000192944 -5.91384e-05 0.037113 -0.00636605 -0.000427091 -0.0362523 -0.0568662 0.0240248 0.266291 17.4917 -0.0576925 0.000229082 0.232727 2.51059 0.0749772 0.357691 23.7954 0.0501981 0.000115175 -0.000164172 0.0762156 0.000172481 -7.0117e-05 -0.0963136 -1.85799 0.000213066 0.0207923
internal_weight=1250.35 6.79525 0.105501 1243.56 1242.05 12.1741 6.78819 1229.88 22.1212 17.8027 3.9457 0.99521 0.0113689 2.95049 1207.76 0.591425 0.0383054 0.55312 0.218477 0.00418491 4.19543 1207.16 1202.75 4.41501 1199.18 1196.26 3.50952 0.0569221 1192.76 52.023
internal_count=1785228 209019 40258 1576209 1569630 125548 122092 1444082 183461 166823 26359 3829 1069 22530 1260621 8465 4395 4070 2465 245 77719 1252156 1244280 7876 1232002 1230600 25205 438 1205395 58265
is_linear=0
shrinkage=0.1


Tree=172
num_leaves=31
num_cat=0
split_feature=51 26 26 10 36 18 15 17 27 5 20 11 6 70 74 71 74 19 19 70 74 26 19 2 19 5 71 67 72 69
split_gain=6628.6 145192 7.9836e+06 22550.7 46228.7 1930.33 48367.1 81.9579 829.607 65.9007 86240.1 571.925 93.1685 63.4182 2229.33 22484.5 520.968 20607.8 948.311 44.1078 26.4696 335.93 655.261 205.504 779.284 24.1142 275.874 3877.75 12.7016 1428.88
threshold=4.5000000000000009 1667949.0625000002 1803496.2500000002 250.50000000000003 157.16474914550784 3853932.5000000005 1.5750926939536252 1775539.8750000002 1886927.8125000002 48412.000000000007 82486.500000000015 66.500000000000014 81.500000000000014 56368.574218750007 2850.084350585938 291022.00000000006 9373.9145507812518 96.500000000000014 54.500000000000007 57474.029296875007 613352.90625000012 14220731.500000002 150.50000000000003 7.5000000000000009 49.500000000000007 234.50000000000003 1297922.5000000002 8.5000000000000018 22396.500000000004 26184.636718750004
decision_type=2 2 2 2 2 2 2 2 2 2 2 2 2 2 2 2 2 2 2 2 2 2 2 2 2 2 2 2 2 2
left_child=9 3 -3 5 -5 6 -2 8 -7 13 -11 12 -12 -1 15 -15 17 18 -16 -18 21 23 -23 24 -21 26 27 -25 -9 -30
right_child=1 2 -4 4 -6 7 -8 28 -10 10 11 -13 -14 14 16 -17 19 -19 -20 20 -22 22 -24 25 -26 -27 -28 -29 29 -31
leaf_value=6.7603171578904999e-06 -210.41371999253852 -8562.980465839717 -0.10001965688626623 -625.7357438187056 -22.055911814753735 -0.10000355876841993 -0.10001605502450578 -0.11181190420196115 91.249385333027845 -784.49028773511657 -9.2559824341047943 -57.211732031705118 -0.00033952820117116536 -494.7362393105148 -0.83645609008887301 -0.10004067736392147 -4.5204698655352171 -351.9555209613855 -97.268481664571155 -0.10007905078190026 0.032214791636711294 -0.10000532372978399 -99.824583484967533 -139.59524618285465 -99.067202229611937 -0.16040332629040543 0.0045234643369616899 -0.10234772378588085 72.038095698506751 -0.13959345510485111
leaf_weight=1236.3608401258871 0.011411565231494669 0.0011094397543728795 0.058603334846116302 0.0017582117111486486 0.0045546039585815379 0.01082609354216435 0.26178599378869194 1.9673369042159934 0.0010946980783899116 0.0014023631292511265 0.010922470566584574 0.0017509547736568312 2.5380676340382049 0.0010108438966697471 0.11217547332835799 0.010113620875293858 0.022633324791295872 0.0017052456809975294 0.0010291403106248006 0.0037427223978350019 4.374670238590471 0.0019213388565743053 0.0010027625811517282 0.0021506126179554877 0.0010104358588619738 1.4407052371973434 0.21542842182529398 0.027167069635710667 0.002772460032555101 0.25615700217135701
leaf_count=1635591 86 528 5430 44 22 366 3693 1864 152 45 5 55 31859 821 10602 3217 433 256 648 358 25010 416 25 155 344 60997 27 119 330 1730
internal_value=-0.0131245 -5.07918 -159.195 -1.42398 -190.19 -0.949489 -8.8849 0.0191231 8.2887 -0.0026378 -0.510267 -0.0792456 -0.0400001 -0.00159517 -0.320195 -45.046 -0.240014 -6.91066 -1.71312 -0.114157 -0.0977215 -0.433448 -34.2986 -0.37486 -21.1387 -0.316304 -1.23402 -10.3349 -0.0251573 0.633242
internal_weight=1247.71 2.57741 0.0597128 2.5177 0.00631282 2.51138 0.273198 2.23819 0.0119208 1245.13 2.55214 2.55074 2.54899 1242.58 6.21647 0.0111245 6.20534 0.11491 0.113205 6.09043 6.0678 1.69313 0.0029241 1.6902 0.00475316 1.68545 0.244746 0.0293177 2.22627 0.258929
internal_count=1785228 14245 5958 8287 66 8221 3779 4442 518 1770983 31964 31919 31864 1739019 103428 4038 99390 11506 11250 87884 87451 62441 441 62000 702 61298 301 274 3924 2060
is_linear=0
shrinkage=0.1


Tree=173
num_leaves=31
num_cat=0
split_feature=51 72 69 17 36 15 17 3 26 16 70 2 6 74 34 75 19 6 10 24 22 30 72 2 37 52 4 70 13 29
split_gain=9715.35 33075.9 6.34643e+06 7306.14 500195 398400 28274.5 817.87 33.6152 918.693 6.85928 14.8374 376.01 620.762 19.8995 895.775 14.5293 378.33 610.709 72.959 375.341 23.0251 48.9083 34.7171 10.4395 9.37043 149.928 204.695 35.1038 53.8397
threshold=4.5000000000000009 23230.500000000004 26184.636718750004 1775539.8750000002 0.24493975937366488 1.6981178680000002 1654745.1250000002 7.5000000000000009 1515343.0000000002 1343734.3125000002 16.925988197326664 12.500000000000002 1841.5000000000002 75397.738281250015 374.00000000000006 10216294.500000002 52.500000000000007 1038.5000000000002 190.50000000000003 76.500000000000014 5221094.7500000009 1.0000000180025095e-35 146429.50000000003 10.500000000000002 0.23098237812519076 34.516666412353523 388.50000000000006 48166.289062500007 84.039569854736342 387.50000000000006
decision_type=2 2 2 2 2 2 2 2 2 2 2 2 2 2 2 2 2 2 2 2 2 2 2 2 2 2 2 2 2 2
left_child=10 3 -3 4 5 -2 7 -6 -5 -10 -1 12 14 -14 16 -16 25 19 -19 20 -18 24 23 -23 -21 26 28 -28 -12 -30
right_child=1 2 -4 8 6 -7 -8 -9 9 -11 11 -13 13 -15 15 -17 17 18 -20 21 -22 22 -24 -25 -26 -27 27 -29 29 -31
leaf_value=5.5387980709991239e-06 -2516.0700109346722 -6083.9488756778146 -0.13166925190082177 -0.055231284933135685 -0.10001415055436645 -79.259464153804842 -407.71274456435521 -82.299759766033617 95.273388668320138 -0.10003210983948591 -0.034036555898249519 0.022047221824596015 -100.04437039285449 -0.10000249024435098 -0.10009990541150043 -91.899181012198071 -45.595273079011982 -0.10008690234132112 -99.760686946972967 -0.11409803500353843 -0.10043561864581879 -0.10000462739352874 -0.10039387879866067 -11.278835842911302 -1.4294697812947144 -0.19766738204575227 35.869175063051806 -0.10009395180241742 -0.10012408247963551 9.049406467886552
leaf_weight=1236.7697673451078 0.0014308596638542273 0.0017258811347237715 0.2636656756816142 1.7894420913501345 0.24107626137715712 0.0012632728685275652 0.0017173010128317115 0.0012165490770981438 0.0010485104343444613 0.027489041204330645 0.75076500121471645 4.8627390831974431 0.0010005566142718037 0.0016401832684156217 0.044415228177343891 0.00108903629990209 0.002191701225846999 0.0015879615214089027 0.0010034047578494744 0.79362684345187062 0.010507101559348087 0.0040621187736890182 0.023990126363210049 0.0087889524634219406 0.065301377896894719 1.7508111020821837 0.0027801511782854496 0.0036715692310735903 0.015626953659194524 0.010929535959634203
leaf_count=1607573 89 779 5442 1620 3936 53 244 41 221 1820 2273 133775 405 582 1141 266 53 19 352 8316 51 327 200 16 554 14989 30 15 19 27
internal_value=-0.012677 -6.46384 -39.6956 -2.19228 -18.3405 -1373.45 -3.37854 -0.512738 -0.00092841 3.40412 -0.000604561 -0.0908996 -0.248102 -37.9682 -0.21957 -2.29709 -0.192133 -0.534638 -38.6897 -0.425802 -7.95244 -0.319102 -2.76712 -7.7453 -0.214101 -0.0690197 0.218356 15.3996 0.0923527 3.66544
internal_weight=1247.46 2.33008 0.265392 2.06468 0.246704 0.00269413 0.24401 0.242293 1.81798 0.0285376 1245.13 8.35653 3.49379 0.00264074 3.49115 0.0455043 3.44564 0.91106 0.00259137 0.908468 0.0126988 0.895769 0.0368412 0.0128511 0.858928 2.53458 0.783773 0.00645172 0.777321 0.0265565
internal_count=1785228 14245 6221 8024 4363 142 4221 3977 3661 2041 1770983 163410 29635 987 28648 1407 27241 9888 371 9517 104 9413 543 343 8870 17353 2364 45 2319 46
is_linear=0
shrinkage=0.1


Tree=174
num_leaves=31
num_cat=0
split_feature=51 26 16 51 1 28 70 70 5 74 12 41 13 70 74 13 29 72 19 75 1 36 24 11 25 29 34 67 25 6
split_gain=2011.38 168979 3.28199e+06 67.628 1345.07 32924.8 32.4773 202.107 2998.23 231.142 2781.95 9950.57 75.9926 33.8217 10.7067 5.95637 5.27549 4.71028 178.7 750.1 4.20755 608.959 3.80675 2.57704 21.4111 610.811 2.53052 2.10615 64.297 598.421
threshold=5.5000000000000009 1515343.0000000002 1458987.0000000002 4.5000000000000009 6145183.0000000009 7398378.0000000009 39050.179687500007 48166.289062500007 230.50000000000003 234876.83593750003 30.575187683105472 100.15719223022462 2441.736450195313 55085.160156250007 283399.12500000006 1761.3430786132815 387.50000000000006 22396.500000000004 1.5000000000000002 6024185.0000000009 4023914.0000000005 0.27133806049823767 102890.00000000001 1404.0000000000002 1.5000000000000002 2.5000000000000004 154.00000000000003 124.50000000000001 2149494.0000000005 212.50000000000003
decision_type=2 2 2 2 2 2 2 2 2 2 2 2 2 2 2 2 2 2 2 2 2 2 2 2 2 2 2 2 2 2
left_child=3 17 -3 6 20 -6 23 8 -8 10 11 -10 13 -9 22 -16 -11 -2 19 -19 21 -5 26 27 -25 -26 -15 -1 29 -29
right_child=1 2 -4 4 5 -7 7 12 9 16 -12 -13 -14 14 15 -17 -18 18 -20 -21 -22 -23 -24 24 25 -27 -28 28 -30 -31
leaf_value=0.00015500193454926972 -0.15134045736956725 -5754.867171455463 -0.10003513332960789 61.448763354246239 -572.18196549820777 -0.10000258222346202 -154.01169051910347 -0.88671326916993931 -0.1000969979201746 -0.10304309898843488 -0.10349772757946692 -326.68817789330467 7.5187140295433981 -0.43956737720843986 0.019224244606500511 0.54115141104971176 -1.1747206579016827 -0.10000271073205109 -0.13495427327793083 93.204865960710578 -0.10753962190643829 -0.10001570067416488 -0.79433051817761369 -0.063366999980586688 -63.313395138273712 -0.10042221598290742 -0.14225263665121385 -66.362160361216453 -0.04362384801129536 -0.10027373553638053
leaf_weight=1236.0418829039991 1.6712389947857049 0.0010426138576325834 0.020025610244242448 0.0016247278182248684 0.0010488007619642295 0.024664129154552072 0.0012994472732869014 0.50474090072978484 0.0039150277962675681 0.053856907455405945 0.043233994797399575 0.001224784275536529 0.013125017867423483 0.35189697225348338 4.4595596102953774 0.22992982187952282 0.31224325570022804 0.0043942565189355499 0.1973986184156688 0.0010717554472597325 0.26066674714456894 0.15154697558249652 0.11336552577841419 1.5440057393651732 0.0015819432579616812 0.045334587313391239 1.5350269631875229 0.0015091571596020934 0.96649535116193874 0.014068171171743415
leaf_count=1639255 2562 600 1738 326 732 3663 90 3966 58 1710 3572 78 18 747 41039 45 292 189 418 268 1605 2144 524 67 65 586 77808 54 883 126
internal_value=-0.00677742 -3.26209 -284.889 -0.00182877 -1.242 -23.4346 -0.00139136 -0.207162 -2.35096 -1.87548 -8.37207 -77.9239 -0.0834964 -0.0973652 -0.0378092 0.0448148 -1.01707 -0.0961059 0.358927 18.1949 0.136885 0.552846 -0.231513 -0.000124885 -0.127316 -2.23185 -0.1977 3.86937e-05 -0.146347 -6.51983
internal_weight=1248.57 1.89517 0.0210682 1246.68 0.439551 0.0257129 1246.24 7.62342 0.415773 0.414474 0.0483738 0.00513981 7.20764 7.19452 6.68978 4.68949 0.3661 1.8741 0.202865 0.00546601 0.413838 0.153172 2.00029 1238.61 1.59092 0.0469165 1.88692 1237.02 0.982073 0.0155773
internal_count=1785228 5775 2338 1779453 8470 4395 1770983 129947 5800 5710 3708 136 124147 124129 120163 41084 2002 3437 875 457 4075 2470 79079 1641036 718 651 78555 1640318 1063 180
is_linear=0
shrinkage=0.1


Tree=175
num_leaves=31
num_cat=0
split_feature=51 72 5 75 14 14 72 19 52 1 16 72 26 18 70 69 66 9 8 22 41 13 13 72 70 13 72 37 26 25
split_gain=14036.5 258027 870303 1.66879e+06 4.07501e+06 77719.8 13012.6 531762 1.08668e+06 2745.72 329816 670.952 45.3621 867.466 17.9895 24.7524 14.1029 86.1695 902.157 23.468 973.166 9.09492 68.2201 6.63043 518.208 6.38025 3.85581 3.54976 90.238 4.28071
threshold=4.5000000000000009 30599.500000000004 30.500000000000004 6024185.0000000009 4.0923355200000007 160.93147620000002 25007.000000000004 1.5000000000000002 6.9423077106475839 4023914.0000000005 724842.81250000012 29426.000000000004 1515343.0000000002 8017673.5000000009 16.925988197326664 303299.40625000006 110.50000000000001 130.17441558837893 47.927448272705085 5221094.7500000009 53.15777778625489 2538.997192382813 2216.9543457031255 99765.500000000015 98.260848999023452 1761.3430786132815 22009.500000000004 0.16157043725252154 6942640.7500000009 113005016.50000001
decision_type=2 2 2 2 2 2 2 2 2 2 2 2 2 2 2 2 2 2 2 2 2 2 2 2 2 2 2 2 2 2
left_child=14 6 5 -4 -5 -3 9 8 -8 10 -2 -10 26 -14 -1 16 17 19 -19 -16 -21 22 25 27 -25 -17 -11 -18 29 -29
right_child=1 2 3 4 -6 -7 7 -9 11 12 -12 -13 13 -15 15 21 23 18 -20 20 -22 -23 -24 24 -26 -27 -28 28 -30 -31
leaf_value=0.00011798261043199047 -0.10001180008652449 -0.10000351784208346 -0.1000022401243411 -0.10000054199707914 -8288.9367419174669 -899.05734511372293 -3025.7237557117464 -0.12997432970270975 -0.10000245065784918 -0.14813508580126009 -1386.9268207526582 -93.925194024223174 91.265012682858895 -0.10002870043784447 -0.12384532595845443 0.020354092704683482 -0.12494685231691907 99.194082701279171 -0.10000152769903647 -0.10038081886555994 99.69111844553062 -0.91174134823187036 7.0250392170590974 -52.550732173946749 -0.39194768331662155 0.62018701791466446 0.29902681986640772 -0.20795002300960741 -9.676416971004933 -0.6318850443219306
leaf_weight=1236.9335648354911 0.18887955334793916 0.024419826425429416 0.0036083822951695778 0.0014548635717801517 0.0010013467823191242 0.0010011598509823303 0.0017847559511210411 0.18800438952759457 0.0026753027239010407 1.442865443833625 0.0017305679733325965 0.0010658118369519798 0.0010945108638225265 0.020557731900122091 0.53980865707107206 4.7116629350446759 1.9889076251395175 0.0010071093403339173 0.010008115098523247 0.039397568864373463 0.0010020931836117108 0.097650475800037273 0.014034027575234975 0.0019065396147371896 2.087205885180758 0.18426274493231165 0.22258265889492368 1.7559816469103928 0.010240120560567223 0.27556489958598307
leaf_count=1607573 3806 2523 168 291 623 164 345 1136 405 1776 355 128 596 1792 7015 42235 39427 716 9789 1039 2297 10 11 105 8753 42 137 47741 90 4140
internal_value=-0.0147975 -8.17821 -292.297 -1368.7 -3379.29 -35.5038 -3.85923 -28.5484 -995.418 -1.31458 -12.6911 -26.83 -0.0292494 4.51843 -0.00105032 -0.124367 -0.24991 0.216484 8.97834 0.050141 2.3749 0.0438805 0.0628862 -0.294967 -0.439548 0.0429294 -0.0883731 -0.220031 -0.312652 -0.265454
internal_weight=1250.75 2.10273 0.0314856 0.00606459 0.00245621 0.025421 2.07124 0.19353 0.00552587 1.87771 0.19061 0.00374111 1.6871 0.0216522 1248.65 11.7186 6.71103 0.591224 0.0110152 0.580208 0.0403997 5.00761 4.90996 6.11981 2.08911 4.89593 1.66545 4.03069 2.04179 2.03155
internal_count=1785228 14245 3769 1082 914 2687 10476 2014 878 8462 4161 533 4301 2388 1770983 163410 121112 20856 10505 10351 3336 42298 42288 100256 8858 42277 1913 91398 51971 51881
is_linear=0
shrinkage=0.1


Tree=176
num_leaves=31
num_cat=0
split_feature=25 66 10 21 34 73 9 22 14 9 69 34 6 70 38 16 13 66 22 71 72 41 66 66 10 69 35 35 4 67
split_gain=338267 5.30863e+06 7.84153e+07 4.23899e+08 1.89585e+07 9.57455e+06 1.2161e+07 3.71547e+06 2.43367e+06 1.33908e+06 548054 887719 41636.2 31764.1 915123 2.27587e+06 88213.8 2.9732e+06 2.10805e+07 3.16255e+07 596577 170163 147129 112147 1.70666e+06 3.64102e+06 37844 30782 16428.6 216770
threshold=109985994.00000001 79.500000000000014 1448.5000000000002 5978298.5000000009 714.00000000000011 58600074.000000007 124.09821701049806 4909253.5000000009 47.208216735000008 133.04360961914065 93995.582031250015 11566.000000000002 209.50000000000003 38.165674209594734 27.500000000000004 1085549.6875000002 137.90212249755862 61.500000000000007 5221094.7500000009 424759.00000000006 16014.500000000002 151.9515075683594 40.500000000000007 79.500000000000014 1459.5000000000002 290484.59375000006 262.00000000000006 826.00000000000011 571.50000000000011 5.5000000000000009
decision_type=2 2 2 2 2 2 2 2 2 2 2 2 2 2 2 2 2 2 2 2 2 2 2 2 2 2 2 2 2 2
left_child=13 2 8 4 -4 6 7 -6 9 12 -7 -12 -2 -1 16 -16 -15 18 20 -20 -18 -19 27 24 26 -26 -23 -22 29 -25
right_child=1 -3 3 -5 5 10 -8 -9 -10 -11 11 -13 -14 14 15 -17 17 21 19 -21 22 23 -24 28 25 -27 -28 -29 -30 -31
leaf_value=-0.010873864109975239 -3.7671951058516231 -0.1370519843928942 -13483.160230981553 -69165.452449063494 -0.10000785820965896 -23.463237143747335 -15621.690967354802 -7623.824562058533 -4123.9143164796033 -2709.177384914808 -3996.2579604586399 -0.10006566891295549 -427.11329756378223 -0.58768906916024333 -0.10007197915052246 -5609.4368918841674 -2199.4199860818844 -1014.8412011869761 -23216.16974925157 -1048.4960874427338 -16.193653915984463 -0.10193073919708091 -1263.9689675853733 -21.258461992870366 -7385.0211024241207 -48.14619340264769 -553.78407855279738 -444.35627569710579 -0.075416843381329715 -1365.2055355201512
leaf_weight=1237.2178601874066 0.29121987785788589 4.9398680382860523 0.0015649266301598725 0.0010308629606574247 0.0017415340388895481 0.0085605320878698876 0.0010114206653870639 0.0010100050101176095 0.0014549636678332081 0.0018456467984158112 0.0010009614352384242 0.001250200760637199 0.0023418481313761666 7.3008028902716564 0.0025097933873902125 0.0010161628963487601 0.0014095265903098292 0.0016753040158480328 0.0010294593446790146 0.0017169083800196809 0.024855446029391024 0.052367915030120442 0.0010285876415805457 0.033084147512816936 0.0010020418495539076 0.0020813304981572855 0.0012642588597756915 0.0018007625417482123 1.5583755841340123 0.0012453249027327964
leaf_count=1617530 3458 84927 2204 2226 1201 462 773 526 780 995 191 13 364 12043 61 1391 1967 751 1669 313 2184 313 626 2927 2135 1132 777 365 38364 2560
internal_value=-0.160653 -25.4813 -424.158 -6994.68 -3023.72 -1900.66 -6245.18 -2798.53 -44.1203 -24.0261 -388.568 -1776.96 -7.14438 -0.0539032 -5.97746 -1616.68 -5.34529 -25.9844 -983.119 -9357.91 -192.578 -7.52646 -90.4028 -6.50334 -144.683 -2432.5 -13.1538 -45.1182 -1.58282 -70.0111
internal_weight=1251.46 5.2539 0.314033 0.0171704 0.0161396 0.0145747 0.00376296 0.00275154 0.296862 0.295407 0.0108117 0.00225116 0.293562 1246.21 8.98727 0.00352596 8.98374 1.68294 0.0318407 0.00274637 0.0290943 1.6511 0.0276848 1.64942 0.0567155 0.00308337 0.0536322 0.0266562 1.59271 0.0343295
internal_count=1785228 98120 13193 7596 5370 3166 2500 1727 5597 4817 666 204 3822 1687108 69578 1452 68126 56083 7124 1982 5142 48959 3175 48208 4357 3267 1090 2549 43851 5487
is_linear=0
shrinkage=0.1


Tree=177
num_leaves=31
num_cat=0
split_feature=51 17 18 70 38 39 11 66 66 25 69 69 6 8 37 65 21 22 28 10 36 24 20 71 34 69 72 69 74 6
split_gain=9236.66 626709 1.13372e+07 429.791 31753.9 48942.7 926.561 14267.5 720.443 8774.83 19596.2 5750.77 423144 81877.6 6883.97 6516.14 253.211 729.135 225.61 552.471 144.412 567.68 55.116 711.048 25.9918 962.316 17.8185 2337.61 15.6706 8.0583
threshold=4.5000000000000009 3292255.1250000005 8017673.5000000009 16.925988197326664 27.500000000000004 151.50000000000003 45.500000000000007 142.50000000000003 110.50000000000001 110999577.50000001 107593.91796875001 264267.95312500006 411.50000000000006 43.758333206176765 0.19780705869197848 404.50000000000006 5807696.0000000009 5011870.5000000009 5589802.0000000009 439.50000000000006 0.11049315333366395 39.500000000000007 53150000.000000007 49751.500000000007 610.00000000000011 3705623.0000000005 22396.500000000004 28170.272460937504 1768038.5000000002 5797.5000000000009
decision_type=2 2 2 2 2 2 2 2 2 2 2 2 2 2 2 2 2 2 2 2 2 2 2 2 2 2 2 2 2 2
left_child=3 26 -3 -1 6 -6 8 -8 9 11 -11 12 13 14 16 -16 17 -5 19 -10 21 -13 23 -18 -22 -26 -2 -28 29 -20
right_child=1 2 -4 4 5 -7 7 -9 18 10 -12 20 -14 -15 15 -17 22 -19 28 -21 24 -23 -24 -25 25 -27 27 -29 -30 -31
leaf_value=0.001555988405894271 -0.088436690004640939 -9002.2902492081939 -0.10000849883619044 -0.1001162910185357 -0.10009458543989605 -897.62574748146335 -380.73993447519427 -0.10005630757198546 -0.10014826197688356 -408.87103790407167 -0.10002906142639989 -0.1001092856706397 -1945.9853313970468 -520.77571935055107 -0.10003120839467212 -336.59153243974066 -0.10018404657414724 -97.970453486783995 -0.18837019167275815 77.693905065107032 0.029605120764688849 -71.180590576924644 -0.1072324505947862 76.880596032751669 -98.712532046694449 0.090046675740588264 117.79292774676252 -0.12423947467281012 0.064573700592788677 -1.2227907891043088
leaf_weight=1240.5339003950744 1.6862975706815797 0.001477418231843281 0.026348389510620178 0.0029851649977717934 0.0015416463327618804 0.0010027567566908147 0.0010508618911740505 0.015648850444783188 0.0031497316774574064 0.0017124501068096236 0.0037212367030388348 0.0055801100199922562 0.0011305907743818224 0.0030718561668948144 0.0011155689483075605 0.0011887375737521457 0.015719079391028727 0.001021759114564702 6.6505234427154107 0.0012854473674102692 2.2282975536332432 0.0014068538981746315 0.24772933451520462 0.0012990284297951299 0.0010140699095996788 0.035339489670273394 0.0016964545631081565 0.18688752783095999 3.3521922512143023 0.076171958018177999
leaf_count=1607573 6296 541 4771 155 796 989 375 1829 14 3435 4353 100 8609 1393 22 1160 88 96 121904 60 5639 60 1114 165 1726 77 596 2041 8912 339
internal_value=-0.0149294 -6.97706 -478.074 -0.00435889 -0.584182 -353.818 -0.513146 -24.0526 -0.482036 -1.98287 -128.926 -1.71205 -15.3627 -7.4003 -1.58232 -173.688 -0.106679 -25.0569 -0.102137 22.4469 -0.0579536 -14.4125 0.27094 5.77592 -0.0136666 -2.66602 0.0146574 0.936514 -0.11206 -0.200084
internal_weight=1255.09 1.90271 0.0278258 1253.19 12.6549 0.0025444 12.6524 0.0166997 12.6357 2.55233 0.00543369 2.5469 0.275261 0.274131 0.271059 0.00230431 0.268754 0.00400692 10.0833 0.00443518 2.27164 0.00698696 0.264747 0.0170181 2.26465 0.0363536 1.87488 0.188584 10.0789 6.7267
internal_count=1785228 14245 5312 1770983 163410 1785 161625 2204 159421 28192 7788 20404 12802 4193 2800 1182 1618 251 131229 74 7602 160 1367 253 7442 1803 8933 2637 131155 122243
is_linear=0
shrinkage=0.1


Tree=178
num_leaves=31
num_cat=0
split_feature=51 72 69 70 73 65 26 22 72 73 70 19 72 20 1 28 69 76 15 6 40 26 26 20 70 26 8 52 70 19
split_gain=4895.8 43398.4 6.30804e+06 533.97 237623 5561.01 233996 5207.76 18346.3 602.311 514.75 11873 3363.11 17206.6 720.886 19962.9 253.567 1718.45 1988.83 213.287 545.743 79.0294 916.961 34.9373 2311.62 1943.48 7001.63 934.415 1031.03 192.042
threshold=4.5000000000000009 25007.000000000004 28170.272460937504 16.925988197326664 5477552.0000000009 65529.000000000007 1667949.0625000002 7.8427774906158456 50366.500000000007 5855925.0000000009 359.24012756347662 90827.000000000015 76522.000000000015 50623286.000000007 24618427.000000004 9998614.0000000019 50475.726562500007 9948556.0000000019 0.27597057550000009 8832.0000000000018 671.07421875000011 1515343.0000000002 2023895.2500000002 53150000.000000007 4051.014770507813 273786.54687500006 19.839633941650394 32.645833969116218 47218.935546875007 150.50000000000003
decision_type=2 2 2 2 2 2 2 2 2 2 2 2 2 2 2 2 2 2 2 2 2 2 2 2 2 2 2 2 2 2
left_child=3 21 -3 -1 -5 7 -7 8 -6 -9 11 12 16 -14 15 -12 -11 18 -18 23 -21 -2 -23 24 -16 26 -26 -27 -29 -30
right_child=1 2 -4 4 5 6 -8 9 -10 10 14 -13 13 -15 19 -17 17 -19 -20 20 -22 22 -24 -25 25 27 -28 28 29 -31
leaf_value=0.0014005619280013327 -0.021877982779447969 -6761.9713387895381 -0.12037554280516766 -1132.5826956528122 -0.10000524078566234 -1331.6031905652605 -0.10236938279558001 -60.73122332526399 -471.6299725862566 -0.093216432636864882 -413.9537959018042 -305.04983021445082 -415.57900007565871 -0.10001546027903363 -116.50597008229927 -0.10004639289651714 -199.07335604492121 -0.10010129947439153 -0.10001693055285416 -76.132174369571047 -0.10002988056549995 99.715832429356041 -0.1000126460934512 -0.090044502742139362 -0.10012407182318427 92.905257763273639 -298.81615734822691 -52.030310350095625 -0.17774689254110695 -19.515053748952777
leaf_weight=1240.389014615153 1.5866198051468139 0.0013901477164696132 0.18237050939687349 0.0018543330942922811 0.0037195637170775999 0.001351855570507327 0.055755368957457911 0.0016493154331990159 0.0010603779900879573 0.19729229940743001 0.0012081561439268437 0.0013116912129689231 0.001203430301599414 0.0058044940378891878 0.0017181250317964683 0.033048905381452706 0.0010051597318749802 0.012686731762327572 0.0010042500654492414 0.001315233176058749 0.0033450768880740611 0.0010018450684203201 0.0113137309315769 10.346065832883365 0.0035878890266188837 0.0010752077476071644 0.0010042979188540357 0.0038513319712943908 1.769465761548352 0.0051507002439544749
leaf_count=1607573 6074 1023 4760 82 253 512 214 124 42 3419 336 148 65 504 186 5084 64 263 14 18 49 1103 1285 133816 219 106 426 4076 13182 208
internal_value=-0.0125932 -5.24937 -51.2737 -0.00514172 -0.656605 -0.488077 -31.622 -0.344664 -104.704 -0.304412 -0.296369 -5.08694 -3.2903 -71.4478 -0.209653 -14.6956 -1.03714 -13.7091 -99.6317 -0.168765 -21.5578 0.0400618 8.01979 -0.160549 -0.569004 -0.457357 -65.4285 -0.289696 -0.346039 -0.233872
internal_weight=1254.63 1.7827 0.183761 1252.85 12.4565 12.4547 0.0571072 12.3976 0.00477994 12.3928 12.3911 0.220308 0.218996 0.00700792 12.1708 0.0342571 0.211988 0.0146961 0.00200941 12.1366 0.00466031 1.59894 0.0123156 12.1319 1.78585 1.78414 0.00459219 1.77954 1.77847 1.77462
internal_count=1785228 14245 5783 1770983 163410 163328 726 162602 295 162307 162183 4477 4329 569 157706 5420 3760 341 78 152286 67 8462 2388 152219 18403 18217 645 17572 17466 13390
is_linear=0
shrinkage=0.1


Tree=179
num_leaves=31
num_cat=0
split_feature=51 17 16 70 22 5 74 2 28 74 9 9 1 20 14 39 70 25 37 72 69 10 25 34 73 28 13 75 74 28
split_gain=25271.4 2.34139e+06 3.1396e+07 113.222 5393.89 9430.44 4906.04 1100.52 54629.5 413.041 584.441 162.035 89.4597 52.9967 34495.5 966.094 762.407 584.171 147.815 21.5213 3333.98 19.2751 858.298 35.0766 416.358 10.7388 10.6145 347.821 639.723 112.692
threshold=4.5000000000000009 3499728.1250000005 1714598.0000000002 4051.014770507813 9809.1572265625018 13.000000000000002 740.40322875976574 6.5000000000000009 10240232.500000002 1296.0383911132815 259.21873474121099 11.731310844421388 20016601.500000004 50623286.000000007 14.112678770000002 193.50000000000003 84324.375000000015 10701622.000000002 0.10293998569250108 22396.500000000004 29032.954101562504 276.50000000000006 34301116.500000007 198.00000000000003 28104754.000000004 6256970.0000000009 78.52026748657228 10007046.500000002 70074.632812500015 10273106.000000002
decision_type=2 2 2 2 2 2 2 2 2 2 2 2 2 2 2 2 2 2 2 2 2 2 2 2 2 2 2 2 2 2
left_child=3 12 -3 -1 5 -5 -6 8 -8 10 -9 -10 19 14 -11 -16 -17 -18 -19 -2 -21 26 -23 24 -24 -20 -15 28 -28 -29
right_child=1 2 -4 4 6 -7 7 9 11 13 -12 -13 -14 21 15 16 17 18 25 20 -22 22 23 -25 -26 -27 27 29 -30 -31
leaf_value=0.0012713838371589737 -0.083984286929539506 -16001.160840639932 -0.10000746080817857 -371.09421947491063 -163.9614220034606 -0.100004254914902 -619.45125131715565 -99.9736429360362 -0.010264643420207839 -493.69241635220163 -0.10002339805766602 -17.292817501645885 -4.6266219357911265 0.022157633111514651 -96.797587631360187 -76.25051813931907 58.407273352565085 14.580062850372933 -1.4411561507041417 167.81579782148725 -0.11930285953943359 -86.141393734807281 -45.418138436060218 -0.17980359251975983 -0.10256708848278194 -0.11239743839242758 99.835210573911183 -0.11611587383499498 -0.10000656381368507 11.548121776791538
leaf_weight=1240.9122251088413 1.5629919659909575 0.0013186625693607365 0.017496098495275683 0.0010781839353189984 0.0018308154792511236 0.0018796697494281034 0.0014531336790858515 0.0010012652421521597 0.080569466803319834 0.0014181745473166299 0.0014124748641899387 0.0058165680755615642 0.042289087548851856 4.6594763942432831 0.0010341525194229586 0.0013131888692959883 0.0017091891475645707 0.0068176245125811654 0.064573936164379009 0.0011910731432123725 0.15815474669337332 0.0011622317722314026 0.0022066325199137432 5.6440322665268186 0.024983659760398146 1.0469716773213154 0.0010006482599648624 0.23537662815184379 0.0017799948102548827 0.0085849748076043397
leaf_count=1614127 6446 1475 3313 90 3280 82 1115 1040 1084 214 201 633 4 6759 17 4693 834 12 36 866 2141 149 150 121689 458 12844 420 468 352 236
internal_value=-0.0185949 -11.9139 -1121.56 -0.00165995 -0.30999 -135.333 -0.276129 -0.250717 -11.4022 -0.167031 -41.5295 -1.17394 -0.0826859 -0.158499 -0.811402 -0.188648 -0.0995544 -0.010274 -0.0995532 0.0288827 1.13597 -0.0891368 -0.214675 -0.197065 -3.78016 -0.18959 0.0560053 0.695184 35.8629 0.294347
internal_weight=1254.49 1.78344 0.0188148 1252.71 11.7975 0.00295785 11.7945 11.7927 0.0878392 11.7049 0.00241374 0.086386 1.76463 11.7024 1.12384 1.12242 1.12139 1.12007 1.11836 1.72234 0.159346 10.5786 5.67238 5.67122 0.0271903 1.11155 4.90622 0.246742 0.00278064 0.243962
internal_count=1785228 14245 4788 1770983 156856 172 156684 153404 2832 150572 1241 1717 9457 149331 18650 18436 18419 13726 12892 9453 3007 130681 122446 122297 608 12880 8235 1476 772 704
is_linear=0
shrinkage=0.1


Tree=180
num_leaves=31
num_cat=0
split_feature=70 1 66 70 26 66 3 74 29 75 21 10 75 21 29 21 67 10 74 27 19 27 52 10 6 51 69 72 24 74
split_gain=22997.3 1.02822e+06 6.45188e+07 1.08178e+08 3.25773e+06 42990.4 120397 30564.4 291603 25882 1.68225e+06 2.23231e+06 206934 98870.7 90957.2 68077.2 959221 8.20828e+06 206602 114658 56478.9 56105.6 4686.63 69032.5 3659.44 2588.51 32521.3 4.80858e+06 2009.08 33650.6
threshold=73338.585937500015 24618427.000000004 4969.5000000000009 781823.53125000012 1714267.3125000002 122.50000000000001 7.5000000000000009 4080.722778320313 174.50000000000003 10007046.500000002 6696807.7500000009 276.50000000000006 10002461.500000002 6414450.5000000009 1497941.0000000002 3541454.2500000005 10.500000000000002 295.50000000000006 9373.9145507812518 4381150.0000000009 104.50000000000001 5095452.7500000009 43.033332824707038 420.50000000000006 1415.5000000000002 4.5000000000000009 28170.272460937504 29426.000000000004 8867.5000000000018 1110919.2500000002
decision_type=2 2 2 2 2 2 2 2 2 2 2 2 2 2 2 2 2 2 2 2 2 2 2 2 2 2 2 2 2 2
left_child=25 2 4 -4 -2 -6 -7 8 24 10 12 -12 13 14 15 28 18 -18 -17 -20 -16 22 -21 -24 -3 -1 -27 -28 -9 -30
right_child=1 7 3 -5 5 6 -8 9 -10 -11 11 -13 -14 -15 20 16 17 -19 19 21 -22 -23 23 -25 -26 26 27 -29 29 -31
leaf_value=-0.00046328209015032359 -4506.6793131246304 -0.10032531120857009 -41557.44577442063 -0.10000102045951892 -1.8220862781209286 -1265.6734220379503 -0.10000341696178934 -0.23010099821813979 -1790.3068604020359 -0.22440244752255545 -4677.6580303825313 -0.10000534069754785 -1163.4489139303664 -773.23985993343877 -1167.3213805529601 -1244.7155830788281 -9521.2962218222492 -0.10000522140213451 -1061.2231159719984 -0.11679094083431407 -231.28880381247461 -571.9509696586108 -822.72346853719762 -0.10000486038428735 -199.86493860481849 0.0065047352368286532 -6635.1010361751678 -0.1165271227965316 -594.92515304151857 -0.10137704503543193
leaf_weight=1247.3943366338938 0.0016198538835417433 0.010909165317863779 0.0010058390212916981 0.0016603945628084205 0.23855573486909232 0.0010272023600038085 0.0028026345684999399 2.4869566626872315 0.0010054703961735042 29.779305653444858 0.0017958088317092395 0.0023625212578302344 0.0015472572203382154 0.0016814552268863405 0.0010279220934080163 0.0013658835915875125 0.0010187795500849256 0.008140332214033175 0.0010366375014002607 0.24168837829975592 0.0017287171542841881 0.0017487073637127417 0.0010940606607979459 0.015094389875210201 0.0010011767088866632 1.9053028768153906 0.0011002259021714858 0.15139813266209382 0.0010086997823836345 0.01664896913833799
leaf_count=1660290 1510 4274 1178 393 1005 256 524 13480 2368 49656 528 4872 1102 1000 34 2780 354 14264 178 76 20 3659 440 5476 537 9326 531 4229 679 209
internal_value=-0.0749513 -2.68775 -206.086 -15677.6 -37.0287 -7.15823 -339.54 -1.14769 -154.949 -1.08669 -10.3038 -2020.14 -7.29937 -6.65595 -6.19205 -5.62188 -53.2148 -1059.15 -18.0525 -11.6247 -580.326 -7.43386 -3.60578 -55.6952 -16.8924 -0.00630937 -3.55008 -47.9858 -0.468751 -34.0809
internal_weight=1282.28 32.8248 0.246672 0.00266623 0.244005 0.242386 0.00382984 32.5782 0.0129158 32.5653 2.78595 0.00415833 2.78179 2.78024 2.77856 2.7758 0.271187 0.00915911 0.262028 0.260662 0.00275664 0.259626 0.257877 0.0161885 0.0119103 1249.45 2.0578 0.152498 2.50461 0.0176577
internal_count=1785228 110852 4866 1571 3295 1785 780 105986 7179 98807 49151 5400 43751 42649 41649 41595 27227 14618 12609 9829 54 9651 5992 5916 4811 1674376 14086 4760 14368 888
is_linear=0
shrinkage=0.1


Tree=181
num_leaves=31
num_cat=0
split_feature=70 1 40 9 12 27 4 19 74 76 72 37 22 28 69 9 13 70 38 26 73 4 76 1 29 71 16 24 69 29
split_gain=215.259 214.778 7914.28 55.609 42.3265 275.212 3350.02 109.342 3875.3 35.0324 30.2082 24.1518 23.1307 22.4847 11647.6 1119.6 2854.95 954.706 717.025 451.065 545.978 19.826 15.287 13.2974 988.676 7.52535 984.322 7.13682 7.03608 5.38535
threshold=25531.885742187504 20016601.500000004 254.85624694824222 827.87191772460949 15.683333396911623 1502885.3750000002 11598.000000000002 118.50000000000001 85503.613281250015 6000353.0000000009 5822033.0000000009 0.39744721353054052 1091239.9375000002 10100071.000000002 38225.250000000007 657.42630004882824 370.10488891601568 32664.158203125004 4.0000000000000009 7897087.2500000009 9994505.5000000019 25151.000000000004 5127967.5000000009 49447530.500000007 2117.5000000000005 220241.50000000003 2728383.5000000005 107057190.00000001 7010391.0000000009 3.5000000000000004
decision_type=2 2 2 2 2 2 2 2 2 2 2 2 2 2 2 2 2 2 2 2 2 2 2 2 2 2 2 2 2 2
left_child=27 2 -2 4 -3 6 -6 10 -9 12 13 -11 -5 14 -7 17 -17 -16 19 25 -21 23 -23 24 -15 26 -19 -1 -25 -24
right_child=1 3 -4 9 5 7 -8 8 -10 11 -12 -13 -14 21 15 16 -18 18 -20 20 -22 22 29 28 -26 -27 -28 -29 -30 -31
leaf_value=0.00083713464063238548 -203.59963807885609 0.10164839333174194 -0.10779519678278081 -5.3162293228319726 -181.6553676825817 -291.94659070659611 -0.10036539972131171 -199.61157895246538 -0.10225300682549188 -2.0440079045479584 -3.5446518210343942 -0.29675820694413652 -1.6626644622111468 0.11829684239857002 -95.931533060978225 -199.28649671745148 -0.10000578656874395 -99.444043841178427 -72.097394332400867 -0.10001526008151172 -100.03314391161824 -1.6857646963192643 -0.82463772765345444 -0.18875247286420638 99.716570765693731 -0.16714875981097921 -0.10800492182541702 0.1512286874416133 -0.60605383267700996 -0.36319500770155067
leaf_weight=1241.1714057858903 0.0019656054980212159 3.8142916509944618 0.069114540672124247 0.018456496298316527 0.0011015923558151961 0.0013705830876101768 0.013129749167177351 0.0010024481266814244 0.033827023682663167 0.093593645494405298 0.027611271333340848 0.51127867196543997 0.28346867456598196 0.18738896289002249 0.0010434978814605192 0.0010040841539787487 0.0025395529721415197 0.0010066028814987435 0.0013889404524823892 0.0012051139772794003 0.0010006690294697169 0.11163310941981208 0.32943305993713057 27.029113697309061 0.001001997366112505 2.9077329499991396 0.11060801323067342 3.16346559663475 0.4101777838209405 1.0889171273037161
leaf_count=1641634 1134 3379 1480 4 1255 4014 323 2486 1942 2628 51 611 718 3311 2124 292 1249 4788 144 2129 2864 8 214 47845 302 51548 3581 3020 61 89
internal_value=-0.00585341 -0.243364 -5.73503 -0.232809 -0.213369 -0.250612 -14.1538 -0.244476 -5.84445 -1.00625 -0.238422 -0.567115 -1.886 -0.235585 -0.494908 -0.362966 -56.5392 -0.297136 -0.264124 -0.231103 -45.4354 -0.208647 -0.559051 -0.189242 0.648031 -0.198079 -1.00387 0.00121947 -0.194991 -0.470372
internal_weight=1281.39 37.0554 0.0710801 36.9843 36.0775 32.2632 0.0142313 32.249 0.0348295 0.906797 32.2142 0.604872 0.301925 32.1866 3.0289 3.02753 0.00354364 3.02399 3.02294 3.02155 0.00220578 29.1577 1.52998 27.6277 0.188391 3.01935 0.111615 1244.33 27.4393 1.41835
internal_count=1785228 140574 2614 137960 133999 130620 1578 129042 4428 3961 124614 3239 722 124563 72733 68719 1541 67178 65054 64910 4993 51830 311 51519 3613 59917 8369 1644654 47906 303
is_linear=0
shrinkage=0.1


Tree=182
num_leaves=31
num_cat=0
split_feature=70 1 76 24 29 28 67 4 75 5 12 75 66 4 29 10 5 25 35 51 71 70 70 66 22 39 74 76 28 29
split_gain=483.646 4236.53 1.9742e+06 6923.9 632.166 5470.93 414.183 3559.62 38.2016 946.845 29.6985 72.3635 899.952 9.81705 6.16057 5.40919 8.03268 4.80053 3.5151 3.35389 3.194 2.62621 3.60598 40.7188 2.24242 2.06227 1.93331 3.27453 2.86062 3.21066
threshold=34294.173828125007 49447530.500000007 9999998.5000000019 3082.5000000000005 24948.000000000004 12026852.000000002 3.5000000000000004 988.50000000000011 10008665.500000002 3950.5000000000005 15.683333396911623 9800527.5000000019 512.50000000000011 25151.000000000004 98595322.000000015 206.50000000000003 1606.5000000000002 58580416.500000007 98.000000000000014 6.5000000000000009 7762061.5000000009 22485.630859375004 20989.254882812504 110.50000000000001 3622110.8750000005 1645.5000000000002 12204326.000000002 8020555.5000000009 5000475.0000000009 563951.00000000012
decision_type=2 2 2 2 2 2 2 2 2 2 2 2 2 2 2 2 2 2 2 2 2 2 2 2 2 2 2 2 2 2
left_child=14 2 3 4 6 -6 7 -2 -8 -10 -3 12 -12 15 19 16 -13 -17 -19 21 -18 22 26 -24 -15 -26 27 28 29 -1
right_child=1 10 -4 -5 5 -7 8 -9 9 -11 11 13 -14 24 -16 17 20 18 -20 -21 -22 -23 23 -25 25 -27 -28 -29 -30 -31
leaf_value=0.00015785067575493049 -0.10001160362368862 0.0943950996816392 -3471.1520717301364 -88.464337225204247 -204.38905231300964 -0.10063035522782425 -0.13291079758110322 -199.20650565406734 0.064454678047815142 -98.799316411101131 -0.10108767458530221 -0.14356192995349409 -97.544520845678832 -0.22060385369057978 0.14401907293326338 0.12490373004934029 -0.44309142111455802 -0.71454953472394278 -0.17282755245016435 -0.206334586412147 -0.88159077319431489 -0.16903420973111793 2.2724441521270169 -0.16275115821124989 -0.66153971069649797 -0.36701776568970429 -0.021281102211289329 0.027364383988866404 0.04140410616270946 -0.085817612158064244
leaf_weight=1133.2155549049444 0.0084626823939069028 3.6607013378827551 0.0016421534117164729 0.0090535107840176154 0.0014685084717758713 0.012215316761296452 1.0782372575824246 0.0010044875380924622 0.022354540950539493 0.0010126156573525202 0.012408560542339298 1.1146380909538707 0.0010261757941698599 1.0151654476077077 3.0035071640659217 0.54377528759987015 0.88544620474448243 0.12036278098822251 24.742203902990955 0.78250941199189483 0.20446918489540167 0.91027015150939306 0.083940625190761231 0.37728281618885368 0.26020732636899913 2.7540233561855256 38.491656277301217 46.985446292293773 16.793594370125675 4.3602669367910485
leaf_count=1360284 1436 2925 2602 2420 233 18 7435 788 273 1061 206 2025 157 621 5055 2663 158 137 107701 605 38 9631 405 1029 50 617 18458 222177 24194 9826
internal_value=-0.00953731 -0.368583 -6.381 -1.3628 -0.661688 -22.0243 -0.398589 -21.2256 -0.219602 -4.21981 -0.175268 -0.206454 -7.54404 -0.203339 0.00097444 -0.18206 -0.332317 -0.169022 -0.17545 0.000628518 -0.525354 0.000758995 0.000883607 0.280444 -0.34915 -0.392443 0.000779611 0.00148644 0.00043315 -0.000171689
internal_weight=1281.45 36.4499 1.13545 1.13381 1.12476 0.0136838 1.11107 0.00946717 1.1016 0.0233672 35.3144 31.6537 0.0134347 31.6403 1245 27.6109 2.20455 25.4063 24.8626 1242 1.08992 1241.22 1240.31 0.461223 4.0294 3.01423 1239.85 1201.35 1154.37 1137.58
internal_count=1785228 133564 16266 13664 11244 251 10993 2224 8769 1334 117298 114373 363 114010 1651664 112722 2221 110501 107838 1646609 196 1646004 1636373 1434 1288 667 1634939 1616481 1394304 1370110
is_linear=0
shrinkage=0.1


Tree=183
num_leaves=31
num_cat=0
split_feature=70 72 41 12 47 36 24 65 72 51 65 27 70 76 24 24 24 1 15 75 26 35 39 27 22 10 20 6 6 6
split_gain=76.1555 25.1383 235.985 10.1205 9.23197 5.62548 5.34377 3.26394 3.21854 2.87585 2.13331 2.01416 4.66648 151.769 4.5655 4.37444 5.17723 2.97389 75.537 186.131 592.775 2.78198 5.15438 4.02863 3.7961 4.47146 3.31417 3.04455 6.00406 7.92972
threshold=22485.630859375004 14003.500000000002 1107.706237792969 6.0909090042114267 1.0000000180025095e-35 0.44547796249389654 107057190.00000001 319.50000000000006 4719775.0000000009 6.5000000000000009 329.50000000000006 687058.15625000012 20989.254882812504 9997230.5000000019 8.5000000000000018 191.50000000000003 1083.0000000000002 6754429.5000000009 1.0261877340000003 6024185.0000000009 1515343.0000000002 94.000000000000014 969.50000000000011 12696.899902343752 7796.2058105468759 129.50000000000003 1099314.5000000002 420.50000000000006 225.50000000000003 26.500000000000004
decision_type=2 2 2 2 2 2 2 2 2 2 2 2 2 2 2 2 2 2 2 2 2 2 2 2 2 2 2 2 2 2
left_child=6 2 4 -3 -2 8 9 -6 -5 11 -9 21 14 -14 17 -16 -17 18 19 -13 -21 23 -23 27 -25 26 -26 28 29 -1
right_child=1 3 -4 5 7 -7 -8 10 -10 -11 -12 12 13 -15 15 16 -18 -19 -20 20 -22 22 -24 24 25 -27 -28 -29 -30 -31
leaf_value=0.00092168653687966064 0.097849515942711518 0.08592051858423376 3.7948353399084689 -0.17063518293063631 -0.13065611530253304 -0.26844767376697687 0.13758439472430592 -0.81639559720961707 0.16978293283532342 -0.19592812434503484 -0.29625768469839203 -0.10001301099811298 -0.17612644970093971 7.9009578921717738 -0.060287437715470321 0.053029944273103993 -0.10173886020310363 0.03381930180060809 0.12011250686804603 -0.10000471615707554 85.802368777241512 -0.088062598381688229 0.00063218622659447698 -0.12994334396434093 0.098175179727125361 -0.092800543788221931 -0.10501998884416862 -0.05864995187192891 0.081967978014169288 -0.072677319528702197
leaf_weight=1128.1600319828856 2.177816494841144 1.3886204090744154 0.16353584298167323 23.125900191478426 2.8074103832411983 7.0490818873473655 2.8567555255642665 0.10749163873356354 0.28111325784409658 0.74370441449286673 0.29596211762822183 0.0087257737147158343 0.33689845481215841 0.024988885460457189 8.5779174852578581 13.463450568621015 2.5747145778868754 6.2202954662625611 3.9525285030432364 0.0025917807015503067 0.0011641120727290399 10.127573862151175 18.558846485054566 1.0738224660630731 11.984948019098907 1.5982071257207824 0.86031041196306546 8.736183136387579 8.9993098585432545 14.831543334105161
leaf_count=356939 3332 354 18 118000 517 20344 3020 31 46 605 553 349 688 738 38485 33416 15908 53819 10195 121 456 40615 260746 6619 3433 24120 1239 10014 8834 771674
internal_value=-0.00325525 -0.14386 0.0524922 -0.178094 -0.0610806 -0.190132 0.00097262 -0.168877 -0.166547 0.000658102 -0.434837 0.000775998 0.0243675 0.381609 0.0206527 -0.00264555 0.0281839 0.0769605 0.14464 7.91174 26.5248 8.75302e-05 -0.030681 0.000837917 0.0514538 0.0649401 0.0845662 0.000161254 0.000607252 -3.33396e-05
internal_weight=1281.09 37.3969 5.55222 31.8447 5.38868 30.4561 1243.69 3.21086 23.407 1240.84 0.403454 1240.09 35.1633 0.361887 34.8014 24.6161 16.0382 10.1853 3.96501 0.0124817 0.00375589 1204.93 28.6864 1176.24 15.5173 14.4435 12.8453 1160.73 1151.99 1142.99
internal_count=1785228 143195 4451 138744 4433 138390 1642033 1101 118046 1639013 584 1638408 154175 1426 152749 87809 49324 64940 11121 926 577 1484233 301361 1182872 35411 28792 4672 1147461 1137447 1128613
is_linear=0
shrinkage=0.1


Tree=184
num_leaves=31
num_cat=0
split_feature=51 72 17 1 26 36 70 72 37 72 20 73 65 8 12 72 28 1 26 1 16 73 19 24 24 67 72 74 72 20
split_gain=173.336 30634 35069.2 216923 652.893 24236.2 63.4607 24.082 518.43 22.681 1439.17 6568.97 11842.6 190.304 8.63423 7.87281 4.69511 4.3791 325.905 630.141 3.11533 3.72537 2.47024 15.1104 136.273 2.82963 2.46766 1.50174 2.74812 5.45227
threshold=3.5000000000000004 34996.000000000007 2909439.0000000005 6012730.0000000009 1931061.5000000002 0.13790557533502582 22485.630859375004 22396.500000000004 0.86169973015785228 14003.500000000002 46942144.500000007 8830770.0000000019 503.50000000000006 217.90178680419925 6.0909090042114267 436.00000000000006 105080108.00000001 4023914.0000000005 892131.15625000012 3564671.5000000005 1995345.1875000002 9020294.0000000019 50.500000000000007 239.50000000000003 236.50000000000003 20.500000000000004 4719775.0000000009 12204326.000000002 7008292.5000000009 63121575.500000007
decision_type=2 2 2 2 2 2 2 2 2 2 2 2 2 2 2 2 2 2 2 2 2 2 2 2 2 2 2 2 2 2
left_child=6 4 3 -3 7 -6 16 17 -9 10 11 13 -13 -8 -11 -12 27 18 -2 -20 22 -22 25 24 -24 -16 -23 -1 -29 -30
right_child=1 2 -4 -5 5 -7 9 8 -10 14 15 12 -14 -15 20 -17 -18 -19 19 -21 21 26 23 -25 -26 -27 -28 28 29 -31
leaf_value=0.001083309705453904 0.016849947919369335 -0.10000252041095306 -0.1000051502352183 -1570.9758892014124 -0.10070255215832367 -497.82594893010651 0.10093318219275704 53.793931099079238 0.58920040406531571 0.078673969498999116 -0.14532430212384981 -0.10000520047768036 396.16969450779845 23.669910206991485 -0.15483960475335121 0.11670855670068787 0.1241617114857949 -0.1440637281158044 -0.10002754399492307 95.842491179415063 -0.66398127044862387 -0.14581535475289475 -0.10468886061602228 -0.25929930475974827 -15.87165515266992 -0.24369209685113102 0.15947093223958272 0.020498321086415586 -0.12399154121247465 -0.013411675875196006
leaf_weight=1195.6673503539432 0.94680641483874328 0.0037755376915810102 0.0056097961283612108 0.0011458575526717141 0.037453879151361558 0.0010045689105027114 0.017792173486628666 0.0018554963969561735 0.14117507639286506 1.3661193628802042 3.4140240379304698 0.0018746592752449957 0.001261766870197836 0.0042427745647728434 6.7708245944902767 1.7264551443666247 3.0756401077690034 1.7832268872882764 0.0019946017564507193 0.0010422907289466821 0.13698933614115283 13.824730043157093 0.044046974122882276 0.57269195761429104 0.0062608646704802587 7.6154934781262114 0.26994131563064527 12.16997988816563 5.6571885291487005 21.050168093529759
leaf_count=1602603 5488 210 1979 250 3581 15 154 1222 694 354 2250 89 41 9 29547 1615 5681 2421 8 363 254 93279 288 801 5 14185 24 17345 97 376
internal_value=-0.00479979 -0.773712 -171.021 -365.85 -0.158558 -13.1017 -0.00303353 0.0145149 1.27941 -0.134341 0.0594813 23.9124 159.317 4.63908 -0.167053 -0.0573193 0.000761831 -0.0516812 0.121757 32.8284 -0.178533 -0.145012 -0.210317 -0.405265 -2.0669 -0.201874 -0.139969 0.000454403 -0.0188875 -0.0368349
internal_weight=1276.32 2.92509 0.0105312 0.0049214 2.91456 0.0384584 1273.39 2.8761 0.143031 35.7727 5.16565 0.0251714 0.00313643 0.0220349 30.6071 5.14048 1237.62 2.73307 0.949843 0.00303689 29.241 14.2317 15.0093 0.623 0.0503078 14.3863 14.0947 1234.54 38.8773 26.7074
internal_count=1785228 16231 2439 460 13792 3596 1768997 10196 1916 142895 4158 293 130 163 138737 3865 1626102 8280 5859 371 138383 93557 44826 1094 293 43732 93303 1620421 17818 473
is_linear=0
shrinkage=0.1


Tree=185
num_leaves=31
num_cat=0
split_feature=51 72 69 37 29 72 72 72 28 17 1 27 70 68 19 71 20 1 72 12 51 19 17 16 72 8 72 1 34 26
split_gain=4822.19 215596 589170 2.13741e+06 16620.1 88913.8 3048.53 880.229 177.148 12774.4 159.704 437.977 105.599 1641.09 6722.27 372.135 97.0712 25.7326 2674.73 17.3183 16.9438 722.746 1400.82 4938.02 14.3072 9.25338 8.55496 6.30887 185.806 4.15232
threshold=4.5000000000000009 30599.500000000004 33758.375000000007 0.86169973015785228 3.5000000000000004 34313.500000000007 34996.000000000007 29426.000000000004 3569186.5000000005 1555421.3125000002 4023914.0000000005 1760956.9375000002 22485.630859375004 34.000000000000007 3.5000000000000004 47905.000000000007 17399266.000000004 35194685.500000007 14978.500000000002 15.683333396911623 3.5000000000000004 4.5000000000000009 1821699.4375000002 2230776.2500000005 22009.500000000004 1375.4444580078127 34313.500000000007 43511502.000000007 594.00000000000011 91950000.000000015
decision_type=2 2 2 2 2 2 2 2 2 2 2 2 2 2 2 2 2 2 2 2 2 2 2 2 2 2 2 2 2 2
left_child=12 7 3 -3 5 -4 -7 8 9 -2 11 -10 20 15 -15 -14 -17 18 -18 -19 29 -22 -23 -24 -12 27 -6 28 -21 -1
right_child=1 2 4 -5 26 6 -8 -9 10 -11 24 -13 13 14 -16 16 17 19 -20 25 21 22 23 -25 -26 -27 -28 -29 -30 -31
leaf_value=0.00042275084606822812 -0.10000907409338988 -4518.9426178278227 -952.32552510268056 -0.10000413349554063 -6.9670705470154974 -184.36770560085932 -0.10000146815992313 -7.3326235936096582 -0.10000259179743254 -259.14664387017939 -0.13912175257753032 59.88779977353262 -18.831595601649099 -209.32752949798902 -0.10014826185993475 -5.0633157894072305 -54.399153464702493 0.083414004396243649 -0.17975961008026464 -0.099968598935849251 0.035010590863484695 -0.089763651910140838 -176.85929615095171 -0.10021050222286465 0.71009330998775289 -1.1317572023884723 -0.10000075079328499 -0.16265357827927734 18.983010638087972 0.12680839162938151
leaf_weight=1235.2173343151112 0.13858461200335459 0.0014384214172195034 0.001260205669154856 0.0038438871615653625 0.014153086362739487 0.0010853774141423855 0.0051957510372631077 0.19451479671088301 0.0045096137937433714 0.0019301543652545652 1.4139258779578652 0.0016670055611029966 0.010677755173630454 0.001911794384795603 0.0078038748032291973 0.040329699355480808 0.009174382605124376 3.1794816277230948 1.1004497051902633 0.19397826808536606 0.80500036066563252 0.014352470288031327 0.0022629646482639201 0.005240521127689135 0.2307690595574402 0.098086729263178962 0.0020808884952288045 29.594754392571542 0.0052401517738897554 2.6050159989736121
leaf_count=1619774 3459 803 153 200 45 127 1616 460 210 48 3630 450 55 92 10 2872 43 3048 8424 1691 1713 69 29 34 2219 210 825 126146 445 6328
internal_value=-0.0121403 -4.9003 -275.318 -1230.62 -63.0725 -185.744 -31.9414 -0.943559 -0.249813 -3.65835 0.0403072 16.0901 -0.00440249 -0.177635 -41.2707 -0.165972 -0.160148 -0.154363 -0.628046 -0.13847 0.000386446 -0.452142 -18.395 -53.4087 -0.0199674 -0.16207 -6.08684 -0.158878 0.401982 0.000688731
internal_weight=1274.91 2.01496 0.0290576 0.00528231 0.0237753 0.00754133 0.00628113 1.9859 1.79139 0.140515 1.65087 0.00617662 1272.89 34.2419 0.00971567 34.2322 34.2215 34.1812 1.10962 33.0715 1238.65 0.826856 0.021856 0.00750349 1.64469 29.8921 0.016234 29.794 0.199218 1237.82
internal_count=1785228 14245 3769 1003 2766 1896 1743 10476 10016 3507 6509 660 1770983 143036 102 142934 142879 140007 8467 131540 1627947 1845 132 63 5849 128492 870 128282 2136 1626102
is_linear=0
shrinkage=0.1


Tree=186
num_leaves=31
num_cat=0
split_feature=51 1 15 5 70 67 19 70 25 76 24 20 70 76 72 72 69 70 70 68 76 10 1 11 35 22 10 40 19 66
split_gain=4232.28 132399 4.60507e+06 496.719 905.533 1431.48 2402.98 1143.9 593.591 885.401 688.132 531.784 499.049 215.855 168.178 21796.2 40753.9 158.39 114.005 2258.47 6328.5 700.561 198.387 16096.2 1284.32 3293.77 519.481 211.73 126.949 108.098
threshold=5.5000000000000009 4023914.0000000005 1.8065899310000002 12744.500000000002 458581.12500000006 8.5000000000000018 4.5000000000000009 3060792.5000000005 41445137.000000007 6017062.5000000009 79.500000000000014 40207210.000000007 3384317.5000000005 5881959.0000000009 22009.500000000004 29679.500000000004 32741.500000000004 468291.17187500006 22485.630859375004 34.000000000000007 6598201.0000000009 4381.0000000000009 49447530.500000007 1.0000000180025095e-35 426.00000000000006 4059773.3750000005 1486.5000000000002 59.409677505493171 43.500000000000007 5240.5000000000009
decision_type=2 2 2 2 2 2 2 2 2 2 2 2 2 2 2 2 2 2 2 2 2 2 2 2 2 2 2 2 2 2
left_child=3 2 -2 18 29 6 7 17 9 10 13 -8 -11 -7 -3 -16 -17 -6 -1 21 -21 22 23 24 27 26 -26 -20 -28 -5
right_child=1 14 -4 4 5 8 11 -9 -10 12 -12 -13 -14 -15 15 16 -18 -19 19 20 -22 -23 -24 -25 25 -27 28 -29 -30 -31
leaf_value=0.00039878622423762146 -6871.8753468873565 -0.14157097920951953 -0.10000334186327256 -0.069665588478505 -28.016831126892203 -9.1314715867397798 -126.34141207792169 -43.072640974487157 -0.26388150971684443 -2.1967784245185284 -48.447775987748059 -56.569438696774618 -11.856577997706564 -28.498745595220836 0.18689463919167734 -784.58750592235037 -0.10000125515755154 -6.7185974979750895 -21.386500464489735 -214.95231325976212 -0.10013391783389441 34.755407039767768 -0.1308458951063331 -232.19509438563443 -5.4756587168869952 -132.83147729329718 -22.899851964246345 -0.12203464502583172 -49.974057535794351 -1.370204609687002
leaf_weight=1233.2753028859775 0.0010041073310064963 1.1517490690202405 0.033887085390398676 6.1962107117825633 0.0035567729135068107 0.032494700031399343 0.001581771984533025 0.0092650720017861676 1.1187916776757527 0.61885973738036026 0.0061795124152601291 0.0035306843448412949 0.058541055998917901 0.0069932276121136274 0.24877085036514279 0.0010197740579003236 0.0018886402254696399 0.19092989367487681 0.0046979176672495839 0.0018617451438548418 0.005200438160613885 0.0057381007524978092 28.856388699547075 0.0030134076864040118 0.05387908520227104 0.0022568957075167336 0.013043851226987258 1.4232120569069402 0.0019970340654253968 0.71260464311049432
leaf_count=1604847 150 1599 1541 48445 76 109 85 82 10313 740 28 423 121 8 978 460 1047 3359 329 93 9 69 94730 687 274 229 178 10925 2 3292
internal_value=-0.0157028 -5.43714 -197.858 -0.00957543 -0.751532 -2.59679 -10.4425 -8.74349 -1.70709 -3.94015 -17.4174 -78.1566 -3.03158 -12.5614 -0.653294 -2.99507 -275.164 -7.1081 -0.00431479 -0.195717 -56.7398 -0.182566 -0.18917 -1.30961 -0.845492 -13.9556 -10.0628 -0.191996 -26.4946 -0.203809
internal_weight=1274.04 1.43832 0.0348912 1272.61 8.95954 2.05072 0.208864 0.203752 1.84186 0.723068 0.0456674 0.00511246 0.677401 0.0394879 1.40343 0.251679 0.00290841 0.194487 1263.65 30.3713 0.00706218 30.3642 30.3585 1.5021 1.49909 0.0711769 0.06892 1.42791 0.0150409 6.90882
internal_count=1785228 5775 1691 1779453 67081 15344 4025 3517 11319 1006 145 508 861 117 4084 2485 1507 3435 1712372 107525 102 107423 107354 12624 11937 683 454 11254 180 51737
is_linear=0
shrinkage=0.1


Tree=187
num_leaves=31
num_cat=0
split_feature=70 39 34 12 34 51 35 12 35 25 74 9 67 6 51 69 71 12 8 11 1 35 72 6 39 1 37 9 3 19
split_gain=215.146 259.999 22949.1 331.808 21159.5 132.328 632.2 63.6777 94.2923 165.218 823.659 36.5611 34.9321 37.6739 17.8876 532.999 28522.2 17.6004 388.21 15.5047 54.6757 14.8506 872.284 11.4666 11.0868 7.55021 778.799 7.06161 6.13091 4.76401
threshold=23874.885742187504 4381.0000000000009 534.00000000000011 741.91775512695324 794.00000000000011 1.5000000000000002 474.00000000000006 751.92855834960949 266.00000000000006 63700323.500000007 2998260.3750000005 51.549095153808601 3.5000000000000004 535.50000000000011 4.5000000000000009 29032.954101562504 32535.000000000004 15.683333396911623 3.0499999523162846 240.50000000000003 43511502.000000007 110.00000000000001 20578.000000000004 324.50000000000006 1417.0000000000002 4023914.0000000005 1.4428698420524599 699.03356933593761 104.50000000000001 14.500000000000002
decision_type=2 2 2 2 2 2 2 2 2 2 2 2 2 2 2 2 2 2 2 2 2 2 2 2 2 2 2 2 2 2
left_child=14 5 -3 4 -4 7 -7 17 -9 11 -11 29 13 -13 -1 21 -17 -2 -19 -20 -21 22 25 -5 -14 26 -16 28 -26 -10
right_child=1 2 3 23 -6 6 -8 8 9 10 -12 12 24 -15 15 16 -18 18 19 20 -22 -23 -24 -25 27 -27 -28 -29 -30 -31
leaf_value=0.00064502004404219746 0.091424581924445775 -122.45474751848913 -358.52420210609375 1.091859326180735 -0.103257134177872 -76.716884288835274 -0.10009374597463955 8.3793555538085069 -2.2227340507005029 -0.1000016690728377 -99.898956496555144 -0.68758772292365755 -1.9366038466189162 -3.3604361907076701 78.984561152685771 -484.44496554254675 -0.1057833856983223 -39.031048309956631 -0.14974382527636323 -7.2182542898186846 -0.10513767320843659 -0.081740595392830961 88.479598080885495 -0.11103288390981887 -0.36542606745553768 -0.10460734716800589 -0.10000995640349963 -1.4681975592866889 -0.82352210526475644 -3.9686733493314268
leaf_weight=1238.1030139890231 3.1842603687279967 0.015528813109186079 0.0016739943291164535 0.083202661542754686 0.10248960861279495 0.0013051955857853034 0.0061592972046254219 0.011797407350752631 0.042967247625819271 0.0047342207927284783 0.0010020145152122833 0.13480437080476887 0.04897081443892437 0.086618275637925068 0.0012644692252443959 0.0012387865025379466 0.065701291986714816 0.0025686487552033501 27.460102137989523 0.014051242731511794 0.04679214228830255 1.3450453808704983 0.0011289280787243608 1.6666227685120465 3.4205447360868506 0.13658378439004082 0.081745315589354661 0.063477462757780212 0.3194375668463415 0.024562431499361992
leaf_count=1629230 3068 799 530 109 363 252 587 214 189 20944 800 374 24 131 379 1252 3142 8 107313 7 356 4999 1124 779 3955 1463 1727 63 1044 3
internal_value=-0.00685901 -0.245328 -1.39423 -0.380237 -5.86337 -0.183739 -13.4968 -0.180889 -0.548105 -0.573501 -17.533 -0.550011 -0.511756 -1.73318 0.000208819 -0.330568 -9.06892 -0.131155 -0.156905 -0.153277 -1.74785 0.0430158 0.80326 -0.0538364 -0.441554 0.352517 1.10467 -0.422304 -0.404553 -2.85778
internal_weight=1276.48 36.7437 1.86952 1.85399 0.104164 34.8742 0.00746449 34.8667 4.15892 4.14712 0.00573624 4.14138 4.07385 0.221423 1239.74 1.63271 0.0669401 30.7078 27.5235 27.5209 0.0608434 1.56577 0.220722 1.74983 3.85243 0.219594 0.0830098 3.80346 3.73998 0.0675297
internal_count=1785228 141912 2580 1781 893 139332 839 138493 27741 27527 21744 5783 5591 505 1643316 14086 4394 110752 107684 107676 363 9692 4693 888 5086 3569 2106 5062 4999 192
is_linear=0
shrinkage=0.1


Tree=188
num_leaves=31
num_cat=0
split_feature=51 17 72 72 1 17 35 75 69 76 19 19 1 71 69 70 12 8 19 25 4 8 75 26 37 15 66 24 12 13
split_gain=6337.36 591942 967205 1.96677e+06 5252.75 539688 598.746 8384.64 14408.9 558.777 12932.5 2021.1 129.989 15730.1 12709.4 90.1654 18.211 233.299 47.1371 38.3782 960.003 36.9329 16.4913 12.1809 12.0618 40.9963 925.492 3.64609 3.16567 2.64575
threshold=4.5000000000000009 3961941.8750000005 20578.000000000004 37212.000000000007 3564671.5000000005 1511483.0000000002 110.00000000000001 5980387.0000000009 18343.500000000004 5460758.0000000009 4.5000000000000009 1.5000000000000002 5334087.0000000009 14000.500000000002 33758.375000000007 22485.630859375004 15.683333396911623 1.0000000180025095e-35 16587.500000000004 20200583.000000004 1341.5000000000002 1375.4444580078127 6897507.0000000009 1002230.2812500001 0.48447792232036596 1.0261877340000003 726.50000000000011 107057190.00000001 751.92855834960949 925.57617187500011
decision_type=2 2 2 2 2 2 2 2 2 2 2 2 2 2 2 2 2 2 2 2 2 2 2 2 2 2 2 2 2 2
left_child=15 4 -3 -4 5 -2 7 9 -9 12 11 -11 13 23 -15 27 -17 -18 19 20 -19 22 -21 -6 29 26 -26 -1 -27 -24
right_child=1 2 3 -5 6 -7 -8 8 -10 10 -12 -13 -14 14 -16 16 17 18 -20 21 -22 -23 24 -25 25 28 -28 -29 -30 -31
leaf_value=0.00034126296692770289 -0.10000754705593976 -0.10000349039672751 -5788.6556366945106 -0.10000032296166322 1.9669875918556672 -2099.3927968202606 -0.075994532999263009 -0.10000331278487487 -463.6275003532549 -269.25265450156866 -0.10586703748639364 -118.2063834910447 -0.10760689276145406 -477.44226294109126 -0.10000251543241181 0.066348870277613339 -23.583083203212809 -0.10249414798971748 -5.1474119076659619 0.65521741559246971 -100.07913257948201 -3.9259440078744987 -0.14816867832023548 -0.10373757568696543 -97.086908451542342 -0.14710361738719346 -0.10173140461351449 0.1236461567785707 -0.29880000575511867 -0.026631776921248664
leaf_weight=1235.6402787493348 0.10907602741620537 0.0038536236810387996 0.0010538034675318195 0.001324978181401093 0.048254736124363151 0.0012385123263811684 1.2575891278119371 0.0017727581393955907 0.0010786846730752586 0.0018576818847577661 0.053068154185439198 0.0016933886545302812 0.19740612869827601 0.0012569597656693068 0.0010027670985408577 3.3408153005064909 0.0042584044858661177 0.024162758989306702 0.019056563122268666 0.24231599162393891 0.0010002094853242506 0.026156064822138059 23.826643085874352 0.069067666860973986 0.001031067073332839 1.7486875389725618 0.021520075667136259 2.402762394304772 6.449096762024932 1.9367417915983391
leaf_count=1624927 3392 898 2103 574 303 101 3903 392 1502 133 31 126 73 60 64 3265 12 1875 806 102 2148 221 108178 590 1684 1737 816 3020 13585 8607
internal_value=-0.0123061 -6.02492 -978.855 -2564.44 -2.54911 -23.669 -1.12331 -4.62195 -175.45 -3.31816 -12.4688 -197.224 -1.68371 -4.28554 -265.619 -0.00405511 -0.156525 -0.178232 -0.175326 -0.172562 -4.07649 -0.169694 -0.166823 0.747952 -0.172685 -0.278154 -4.53602 0.00058057 -0.266441 -0.139032
internal_weight=1277.44 1.75059 0.00623241 0.00237878 1.74436 0.110315 1.63405 0.376459 0.00285144 0.373607 0.0566192 0.00355107 0.316988 0.119582 0.00225973 1275.68 37.6415 34.3007 34.2964 34.2774 0.025163 34.2522 34.226 0.117322 33.9837 8.22034 0.0225511 1238.04 8.19778 25.7634
internal_count=1785228 14245 3575 2677 10670 3493 7177 3274 1894 1380 290 259 1090 1017 124 1770983 143036 139771 139759 138953 4023 134930 134709 893 134607 17822 2500 1627947 15322 116785
is_linear=0
shrinkage=0.1


Tree=189
num_leaves=31
num_cat=0
split_feature=70 65 9 12 20 14 1 21 1 72 26 29 35 66 28 19 29 29 66 16 28 70 19 5 27 12 35 4 72 69
split_gain=72.5253 20.1527 208.084 14.1685 17.2315 1515.09 7.29086 14.9561 3.9211 3.22298 3.21811 1.74043 3.4172 3.85899 2.30228 4.81485 6.02647 3.77955 42.4177 1278.77 2653.04 8.94783 36.3076 27.8369 4.48691 3.09886 5.88249 3.40852 18.8414 3771.02
threshold=22485.630859375004 65529.000000000007 219.17081451416018 15.683333396911623 20300637.000000004 503.40409550000004 49447530.500000007 5521575.0000000009 60563569.000000007 331.50000000000006 91950000.000000015 563951.00000000012 42.000000000000007 234.50000000000003 525890.50000000012 693.50000000000011 586.50000000000011 984.50000000000011 110.50000000000001 724842.81250000012 9998614.0000000019 20989.254882812504 20.500000000000004 716.50000000000011 8620.1049804687518 683.76785278320324 386.00000000000006 36.500000000000007 22396.500000000004 23095.909179687504
decision_type=2 2 2 2 2 2 2 2 2 2 2 2 2 2 2 2 2 2 2 2 2 2 2 2 2 2 2 2 2 2
left_child=10 3 -3 -2 5 -5 7 9 -8 -6 11 14 -13 -14 -1 16 25 18 19 -18 -21 24 23 -23 -19 26 27 28 -16 -30
right_child=1 2 -4 4 6 -7 8 -9 -10 -11 -12 12 13 -15 15 -17 17 21 -20 20 -22 22 -24 -25 -26 -27 -28 -29 29 -31
leaf_value=-0.00025634810069202394 0.061198129159138207 -11.589537240182766 -0.10836704496739413 -0.11260519955589501 0.14058597722341384 76.392350544334462 0.11537273303261289 -1.8538468708719353 -0.14193378374045609 -0.24196274709712318 0.11902987222511537 0.087407941292950916 -0.10228103567536913 0.046329186742994161 -0.035609550547896877 -0.10867125729053007 -0.10519830931248929 0.18879125246137082 0.1026707679558978 -0.1000285581352858 199.03137253768662 -7.1827248203544132 -0.17894758845974709 -0.10029371369507692 0.034096939571383184 0.042166377484319381 0.056492736896790886 -0.090593874903945104 189.58751586039321 -0.10334752715733007
leaf_weight=1170.1762956864159 3.2623805359420777 0.017409873023907785 0.16922386838194753 0.25972012201647088 0.22620368283286296 0.0026146315550080726 0.60768761668231874 0.057229281223784123 23.315363097455759 8.3447751481427126 2.2886221841019951 1.7791541406358327 6.7941980581515224 2.3523045602256509 2.3594160645567874 2.7468398827119094 0.075394271792073975 2.0961992344124445 5.2600331375312512 0.0020040938301343339 0.001004362064986164 0.013728463090955101 0.26118157893322203 0.0093149512315449101 17.767579112481407 9.3274731277325973 5.6830327475030122 10.48740750050724 0.0010543655880612393 0.17387211132541372
leaf_count=1396652 3423 330 307 3735 26 846 6611 1015 116166 10736 6328 10481 25652 7920 5644 1149 317 25 5424 95 126 15 261 47 12429 96899 17382 49924 114 5149
internal_value=-0.00351882 -0.142916 -1.17937 -0.137554 -0.157314 0.649903 -0.16382 -0.242625 -0.135398 -0.231867 0.000558854 0.000339731 -0.0393958 -0.0640613 0.000693712 0.0204525 0.0270797 0.0622725 0.137085 2.44593 66.3793 0.0424501 -0.514662 -4.31976 0.0504216 -0.00491689 -0.0283958 -0.0654434 0.0386323 1.04001
internal_weight=1275.92 36.2626 0.186634 36.076 32.8136 0.262335 32.5513 8.62821 23.9231 8.57098 1239.66 1237.37 10.9257 9.1465 1226.44 56.2655 53.5187 25.4864 5.33844 0.0784027 0.00300846 20.148 0.284225 0.0230434 19.8638 28.0323 18.7048 13.0218 2.53434 0.174926
internal_count=1785228 143195 637 142558 139135 4581 134554 11777 122777 10762 1642033 1635705 44053 33572 1591652 195000 193851 18739 5962 538 221 12777 323 62 12454 175112 78213 60831 10907 5263
is_linear=0
shrinkage=0.1


Tree=190
num_leaves=31
num_cat=0
split_feature=28 1 66 29 29 66 5 20 70 3 70 35 14 36 19 69 41 66 27 29 29 20 34 20 16 24 72 74 66 12
split_gain=672.785 4314.52 37311.7 190703 731129 3171.81 77243.8 921.872 14490.3 88149.2 4870.96 515739 3450.61 1146.23 6172.6 15379.4 754.931 644.692 8679.96 20124.7 424827 6244.25 724.344 488.011 428.525 103.491 450.518 81.5523 915.585 35.3999
threshold=9866785.0000000019 11239098.500000002 62.500000000000007 586.50000000000011 1977.5000000000002 110.50000000000001 817.50000000000011 25414184.500000004 2402108.3750000005 11.500000000000002 119700.17968750001 274.00000000000006 503.40409550000004 0.031232302077114586 3.5000000000000004 24619.791992187504 522.84368896484386 116.50000000000001 3258687.6250000005 984.50000000000011 260.50000000000006 15208457.000000002 22.000000000000004 21723569.000000004 3224537.1250000005 7566590.5000000009 41232.000000000007 40723.216796875007 1455.5000000000002 15.683333396911623
decision_type=2 2 2 2 2 2 2 2 2 2 2 2 2 2 2 2 2 2 2 2 2 2 2 2 2 2 2 2 2 2
left_child=-1 2 3 -2 -5 6 -4 8 10 -10 13 12 23 14 15 -3 -8 18 -15 20 21 -20 -19 -12 -7 27 -27 -24 -29 -9
right_child=1 7 5 4 -6 24 16 29 9 -11 11 -13 -14 17 -16 -17 -18 22 19 -21 -22 -23 25 -25 -26 26 -28 28 -30 -31
leaf_value=0.00021939287475226311 -0.10001878009007899 -455.02962476328821 -896.01658996348419 -2603.9391386980501 -0.10001736125789173 -0.10109878390009737 -79.139242710169711 0.054654677027499612 -0.10069018201320759 -935.68685433493272 -0.15190306699485573 -1532.9229330560484 -88.835512784871696 -0.0067813386874676076 -0.10120459751671303 -0.10000854478127351 -0.100024001827306 -72.503513706105267 -0.10003740112264495 -0.10153398495361482 -1973.893076857926 -222.06443243983256 -0.01064127258439233 -49.373134091500354 -43.178655903019539 -27.706099356782445 -0.10104057303949139 -0.10005885880972279 -99.655494300828963 -0.16667634850514501
leaf_weight=1222.866259826005 0.02702454168555124 0.0010990711134447597 0.0010045578088231357 0.0014209787275277766 0.0044724753226923486 0.44414170145584464 0.001265194525046808 9.1869227392764881 0.0070192405740170574 0.0011757318013386562 0.2688017160524902 0.0022181298903324867 0.0044976179488047654 0.77388525940047936 0.017538461348294732 0.0022944187576285913 0.026934577948225069 0.001381148776090301 0.020352060694941235 0.048782818500034172 0.0011652690619806802 0.0013515679010775846 4.7444688417396828 0.0020295114551109874 0.0023213366640675295 0.0072447937952540347 0.032136548285277421 0.011500393900937511 0.0010044651000756582 33.860831652307439
leaf_count=1513981 3846 35 68 106 490 4245 116 14974 143 502 2794 3176 88 4859 26 61 1768 17 3127 756 145 854 8828 343 30 38 63 423 333 218993
internal_value=-0.0144115 -0.375813 -9.53891 -112.501 -627.915 -2.41357 -34.3415 -0.280702 -1.44742 -134.329 -1.26415 -14.1987 -1.96341 -0.630354 -23.9879 -147.441 -3.64615 -0.543716 -3.08974 -36.3877 -113.792 -13.9226 -0.0950133 -0.520749 -0.325076 -0.0741627 -5.17941 -0.0318981 -8.09695 -0.119442
internal_weight=1272.37 49.5063 0.508585 0.032918 0.00589345 0.475667 0.0292043 48.9977 5.94995 0.00819497 5.94175 0.277547 0.275329 5.66421 0.020932 0.00339349 0.0281998 5.64327 0.845537 0.0716517 0.0228689 0.0217036 4.79774 0.270831 0.446463 4.79636 0.0393813 4.75697 0.0125049 43.0478
internal_count=1785228 271247 10669 4442 596 6227 1952 260578 26611 645 25966 6401 3225 19565 122 96 1884 19443 9741 4882 4126 3981 9702 3137 4275 9685 101 9584 756 233967
is_linear=0
shrinkage=0.1


Tree=191
num_leaves=31
num_cat=0
split_feature=70 74 27 27 25 22 35 66 69 65 10 67 66 66 39 12 8 9 20 12 40 69 8 66 66 17 13 26 25 18
split_gain=63.2458 326.923 5410.26 18.5957 1088.07 2884.1 210.113 2823.62 10894.4 138.847 4287.01 4283.1 20.3873 1315.67 2662.95 17.2629 226.046 701.928 31.9835 42.8853 17.6968 806.515 9.74034 482.863 503.939 4.72089 22.9628 326.604 3.91996 3.84345
threshold=16.925988197326664 938.28558349609386 4916604.2500000009 3656736.7500000005 5877576.0000000009 2137589.5000000005 74.000000000000014 328.50000000000006 25628.027343750004 65529.000000000007 795.50000000000011 2.5000000000000004 110.50000000000001 75.500000000000014 2443.5000000000005 30.575187683105472 5.9968631267547616 17.952721595764164 20300637.000000004 877.07144165039074 36.471216201782234 35513.718750000007 805.24359130859386 12596.000000000002 1455.5000000000002 4742809.7500000009 84.039569854736342 7546649.2500000009 98701633.500000015 10000011.500000002
decision_type=2 2 2 2 2 2 2 2 2 2 2 2 2 2 2 2 2 2 2 2 2 2 2 2 2 2 2 2 2 2
left_child=3 2 -2 28 5 -5 7 -6 -9 12 11 -11 13 -8 -15 25 17 -17 19 -18 21 -20 -22 24 -24 -3 29 -28 -1 -27
right_child=1 15 -4 4 6 -7 9 8 -10 10 -12 -13 -14 14 -16 16 18 -19 20 -21 22 -23 23 -25 -26 26 27 -29 -30 -31
leaf_value=0.00030886960920575298 -0.10004563627244885 -0.074903390509450843 -191.40453670314673 -198.81518701306007 -0.10088467497303864 0.062530741525940403 -0.11230010644525149 -348.31675717402322 -0.10001234027455508 -0.10004055371328494 -0.10552986657531366 -290.30565089459327 0.0042261959121391857 -199.86531105324235 -0.10003059692310534 -93.014333753208348 -0.10171823186404452 -0.10005074143389903 -82.623253031739267 -7.6948269010563921 -0.14664735191685438 -0.10229246578870695 -99.849601860700247 -0.11165980212721785 -0.10003179537434675 0.57888397204967201 35.225732070185394 -0.10356972608776148 0.11067891408014351 0.054438945444076972
leaf_weight=1225.0411997672691 0.025797647892711158 2.5631191809747094 0.0015681803948309229 0.0010064427767620945 0.070705081018813939 0.002646937273361516 0.24398062261547071 0.0011487098507814127 0.004124376874287421 0.0010010389619312795 0.064272671617560215 0.0010337497280872299 6.3115296865649695 0.0010011748396436806 0.002001030104338497 0.0010762607101494764 0.01709223280582145 0.0033248698715297583 0.0012117799650099006 0.013169201886171378 28.697360382491041 0.052342126150496132 0.0010025103664491751 0.093525095943058328 0.0010235991754009703 0.14618668037895144 0.0028307760180155952 0.034598114587199885 3.226423209254107 3.1688750370096974
leaf_count=1545841 4010 2294 1698 44 680 32 12045 28 199 48 1905 170 55152 120 80 84 4139 244 274 387 140415 1842 547 236 179 2570 58 819 5315 3773
internal_value=-0.00405546 -0.136959 -11.0626 -0.000307803 -0.166397 -54.7248 -0.136651 -5.36549 -75.9569 -0.0766831 -4.62974 -147.535 -0.0306511 -0.921924 -66.7177 -0.128367 -0.160244 -22.8215 -0.15679 -3.40609 -0.153381 -1.96952 -0.150004 -1.15797 -49.4557 0.0272638 0.105375 2.56841 0.000598791 0.0775658
internal_weight=1269.8 34.8241 0.0273658 1234.97 6.70445 0.00365338 6.7008 0.0759782 0.00527309 6.62482 0.0663075 0.00203479 6.55851 0.246983 0.0030022 34.7967 28.8811 0.00440113 28.8767 0.0302614 28.8465 0.0535539 28.7929 0.0955512 0.00202611 5.91561 3.35249 0.0374289 1228.27 3.31506
internal_count=1785228 163569 5708 1621659 70503 76 70427 907 227 69520 2123 218 67397 12245 200 157861 148347 328 148019 4526 143493 2116 141377 962 726 9514 7220 877 1551156 6343
is_linear=0
shrinkage=0.1


Tree=192
num_leaves=31
num_cat=0
split_feature=13 27 70 69 19 66 71 5 6 40 5 20 8 71 71 74 10 12 25 37 13 69 73 3 10 66 22 76 76 15
split_gain=70.6621 671.321 68.809 29.8934 2730.72 2296.86 228.718 14.5777 255.502 621.396 145.568 63.6203 11.9026 7.23887 422.134 134.42 3761.8 5.75436 3.67372 3.01865 3.03145 3.29981 2.27029 1.96963 1.62556 1.93642 1.64517 2.2899 2.46227 5.48763
threshold=5796.5002441406259 3502301.7500000005 4051.014770507813 33758.375000000007 51.500000000000007 2534.5000000000005 119420.00000000001 256.50000000000006 115.50000000000001 32.464284896850593 238.50000000000003 20300637.000000004 1227.339294433594 194071.00000000003 181314.50000000003 13274.221679687502 469.50000000000006 15.683333396911623 103008818.50000001 0.57644763588905346 925.57617187500011 3180279.0000000005 11132553.500000002 114.50000000000001 4291.0000000000009 219.50000000000003 11923046.000000002 8020555.5000000009 8015906.5000000009 0.12321581900000002
decision_type=2 2 2 2 2 2 2 2 2 2 2 2 2 2 2 2 2 2 2 2 2 2 2 2 2 2 2 2 2 2
left_child=2 -2 18 4 5 6 -4 10 9 -9 22 -10 13 14 15 16 -13 -15 23 20 -19 -22 -5 24 26 -26 27 28 -1 -30
right_child=1 -3 3 7 -6 -7 -8 8 11 -11 -12 12 -14 17 -16 -17 -18 19 -20 -21 21 -23 -24 -25 25 -27 -28 -29 29 -31
leaf_value=0.0011926386351337305 0.10000154377287362 74.090342112168656 -0.12214908293563208 -0.11535776916891344 -137.69053969733275 -115.49362953281899 -23.142456854524625 -87.893242793428826 -6.5567273978983271 -0.10008994126748549 7.268049471321274 -195.15358642306265 -1.3695935781260213 0.15198879114635866 -42.775580979832704 -0.14887915587281128 -0.10011349537186894 -0.13112863234802327 0.097890178842602024 -0.19446951016499814 -0.12187119280441645 0.15587759054266898 0.072598025403101354 -0.13421715081310207 -0.10415369818507339 0.077796368050663325 -0.048167055130117931 0.022135776133686794 -0.010353655034293432 -0.16190700949320183
leaf_weight=1033.2569365094355 0.013229490655475185 0.0013515278446902821 0.78326446961116991 0.95390784347215318 0.0014535883342349223 0.0017331986403351643 0.0043398859325250996 0.0011390404398816008 0.015491445722299768 0.0027590644190011544 0.027906448326810884 0.0010253594987886068 0.079354198176136204 0.69553575579720472 0.0023432667418062927 1.3290506233841228 0.027696179273034211 17.629336617163446 3.8634705890722207 7.2389790511939323 0.91463581526872317 0.80352892289226918 1.9694511044552465 1.0887703797591246 0.6678550457135034 4.7100975783276953 7.0206448958365391 46.532922134950695 135.73998002894234 2.4320151013185969
leaf_count=1321324 1421 120 7609 2189 2133 252 1489 69 4587 1427 425 503 298 8 2638 12336 6698 89824 8792 14269 7696 58 2507 3346 3723 191296 25969 70775 1367 80
internal_value=-0.00316834 6.95823 -0.00324841 -0.146916 -0.754219 -0.502046 -0.248996 -0.131762 -0.153496 -25.7536 0.0798854 -0.150023 -0.146567 -0.143179 -0.368335 -0.295148 -7.06353 -0.131954 0.000529379 -0.139382 -0.118771 0.00802274 0.011267 0.000223925 0.000342895 0.0552011 0.000102055 0.00038029 -0.000483907 -0.0130212
internal_weight=1267.81 0.014581 1267.8 32.4829 0.790791 0.789338 0.787604 31.6921 28.7409 0.0038981 2.95127 28.737 28.7215 28.6421 1.36012 1.35777 0.0287215 27.282 1235.31 26.5865 19.3475 1.71816 2.92336 1231.45 1230.36 5.37795 1224.98 1217.96 1171.43 138.172
internal_count=1785228 1541 1783687 157015 11483 9350 9098 145532 140411 1496 5121 138915 134328 134030 22175 19537 7201 111855 1626672 111847 97578 7754 4696 1617880 1614534 195019 1419515 1393546 1322771 1447
is_linear=0
shrinkage=0.1


Tree=193
num_leaves=31
num_cat=0
split_feature=70 8 25 13 27 20 4 27 12 24 13 26 5 29 19 22 75 19 27 27 19 24 17 22 22 22 23 27 29 29
split_gain=45.3179 15.228 77.6458 13.8351 650.579 10.6362 844.471 207.206 10.1483 2.19963 2.1772 3.89095 1.74286 1.53972 8.85004 6.09639 3.93458 3.68411 3.6788 4.70215 3.15853 3.5102 4.83588 5.50905 2.85368 5.36486 2.83165 3.76046 2.6528 10.1248
threshold=22485.630859375004 1375.4444580078127 111000469.50000001 5792.8347167968759 3329736.2500000005 25414184.500000004 1.0000000180025095e-35 3329736.2500000005 15.683333396911623 107057190.00000001 925.57617187500011 5122458.7500000009 17658.500000000004 500179.50000000006 693.50000000000011 700.38925170898449 16967890.500000004 536.50000000000011 3590.0803222656255 4279.4707031250009 472.50000000000006 513315.50000000006 279143.01562500006 1444.9726562500002 452.90188598632818 335.52217102050787 506261.00000000006 7389.9160156250009 552.50000000000011 984.50000000000011
decision_type=2 2 2 2 2 2 2 2 2 2 2 2 2 2 2 2 2 2 2 2 2 2 2 2 2 2 2 2 2 2
left_child=3 5 -3 9 -5 6 -2 -8 -7 13 12 -12 -10 28 15 16 24 20 -19 -20 21 22 26 -24 25 -15 -17 -28 -1 -30
right_child=1 2 -4 4 -6 8 7 -9 10 -11 11 -13 -14 14 -16 17 -18 18 19 -21 -22 -23 23 -25 -26 -27 27 -29 29 -31
leaf_value=-0.00030717366559423245 -85.572333436062863 -9.4345625990477036 -0.10351498245934852 0.10000125436680658 66.334025999048819 0.075500956357858001 -21.134009891644482 -0.12786540702592336 -0.12808455886646861 0.11081830851777563 -0.12910696991786169 0.13600896122665868 -0.19127524082041503 -0.058147127615730668 -0.10104805393637949 -0.04604408244229765 0.10031227840930013 -0.055590093009833433 0.14925301178171865 -0.021337102078919503 0.047797065441207175 0.038306979239663488 0.21564499670351853 -0.050902363978574006 -0.12369839118785064 0.065019952015182514 0.10624208523958995 -0.0032135612919310303 0.1034182486678122 0.0064003359938149323
leaf_weight=939.80134203557475 0.0011672363615980444 0.010714131573473354 0.053189356621403769 0.083512990943062415 0.001509798043571208 2.5344484504749039 0.0047543137341843891 0.38159733807787211 17.570350862463975 1.8042714180564861 1.791845664309063 0.80107411428021302 5.8073371256000668 20.817979646365 9.799251473954369 3.8073872369514499 1.8404008221797301 15.259768038988115 2.2906877100467673 5.4843783098800287 25.121569764320327 21.333384338840226 0.80344301270088436 22.218840544887001 4.5011525809532023 4.2601552456617346 6.3813364306901121 6.1771955341100693 11.698749169691522 133.5864646648474
leaf_count=1536615 222 91 136 8039 217 3075 2312 6950 98801 3020 11948 1503 18157 2419 32180 31 3210 66 10 88 201 323 12 9976 26 20 45 25 12678 32832
internal_value=-0.00232199 -0.125984 -1.66797 0.000572611 1.27616 -0.122574 -0.642947 -0.38636 -0.1155 0.000484935 -0.134139 -0.0472003 -0.143782 0.000323768 -0.00916919 -0.00275181 -0.0415561 0.00844624 -0.0270643 0.0289221 0.017975 0.00563708 -0.0120575 -0.0416003 -0.0503831 -0.0372241 0.0295008 0.0524039 0.0016369 0.0142125
internal_weight=1266.03 28.9565 0.0639035 1237.07 0.0850228 28.8926 0.387519 0.386352 28.5051 1236.99 25.9706 2.59292 23.3777 1235.18 150.097 140.298 31.4197 108.878 23.0348 7.77507 85.8432 60.7216 39.3882 23.0223 29.5793 25.0781 16.3659 12.5585 1085.09 145.285
internal_count=1785228 143195 227 1642033 8256 142968 9484 9262 133484 1633777 130409 13451 116958 1630757 48632 16452 5675 10777 164 98 10613 10412 10089 9988 2465 2439 101 70 1582125 45510
is_linear=0
shrinkage=0.1


Tree=194
num_leaves=31
num_cat=0
split_feature=70 8 2 13 6 12 20 72 24 13 3 15 76 24 70 29 16 15 15 6 29 65 66 65 19 24 21 19 2 67
split_gain=37.7471 20.4397 58.8758 15.2989 977.077 8.4875 5.98838 6.86909 1.94152 1.89504 3.43766 1.41484 2.62125 3.2452 94.7648 3.27131 2.41478 2.71936 2.38581 1.62519 1.52109 1.92126 1.52964 5.17943 3.58672 3.16197 3.81343 3.70799 2.80779 2.68282
threshold=22485.630859375004 1375.4444580078127 64.500000000000014 5792.8347167968759 437.50000000000006 15.683333396911623 20300637.000000004 80758.000000000015 107057190.00000001 925.57617187500011 8.5000000000000018 0.076313121860331512 10045841.000000002 215.50000000000003 21728.332031250004 991077.50000000012 10506904.000000002 0.15256474250000004 0.16000327200000003 516.50000000000011 563951.00000000012 11.500000000000002 288.50000000000006 1023.5000000000001 22.500000000000004 13992.000000000002 2509193.1250000005 73.500000000000014 31.500000000000004 1.5000000000000002
decision_type=2 2 2 2 2 2 2 2 2 2 2 2 2 2 2 2 2 2 2 2 2 2 2 2 2 2 2 2 2 2
left_child=3 5 -3 8 -5 -2 7 -7 11 -8 -11 -1 16 15 -15 -14 20 -18 19 -19 22 -22 28 24 -24 26 27 -25 -13 -29
right_child=1 2 -4 4 -6 6 9 -9 -10 10 -12 12 13 14 -16 -17 17 18 -20 -21 21 -23 23 25 -26 -27 -28 29 -30 -31
leaf_value=-0.042420394454488412 0.05472542586567445 -8.0638524238065141 -0.10383406609759958 0.10000111502150875 99.131035424817384 -0.10967719444836972 -0.13879179327382629 -1.4390084542718693 0.10816287850396607 0.14579766241463918 -0.11964223140083403 0.0016194816648392369 0.032347046222551926 0.086446266105087613 9.764273525101288 -0.15575465530232571 -0.097387885295929635 0.13961667003706782 -0.16534642464916596 -0.15129083032154828 0.11242243672927313 -0.069002245474647964 0.020817052977549461 0.014728009009671209 -0.11218563014814587 -0.10007802433146869 0.087238927450885059 -0.099546418481526441 -0.12854406779187519 0.044872908231404857
leaf_weight=7.7087371589889235 2.6574276982227998 0.012558758000797622 0.03572212290958434 0.074555980563217328 0.0010097844797201097 0.080484212424744683 21.86938054240807 0.075182923458492534 1.6706210382808411 0.67647012608420443 1.7502801638495697 1149.7918458860597 5.2521471021170045 5.3799095101852767 0.01013698405586172 1.1220893838214419 5.0475876419695842 1.3429255073760944 0.44071740013441729 0.22408589720726002 0.65413349532788156 5.4214274148368853 2.7223734629401788 23.090661371212711 7.9444686920535359 2.8922951266968502 5.2620111516321009 5.6813394169864919 1.6596315604510881 1.6627589298795298
leaf_count=24166 3421 173 54 8134 122 3467 120610 1176 3020 166 14128 1192294 141026 27084 40 2568 1209 138 89 1 5549 11699 22938 88030 49785 35264 9769 6687 10871 1550
internal_value=-0.00204461 -0.118665 -2.17438 0.000519732 1.42335 -0.115004 -0.13345 -0.751707 0.000432672 -0.129489 -0.0456494 0.000286742 0.00055536 0.0475315 0.104647 -0.000765456 0.000100076 -0.058233 0.0402054 0.0980163 0.000441114 -0.0494689 0.000693658 -0.0165635 -0.0782409 0.000485431 0.00863348 -0.00495699 0.00143187 -0.0668488
internal_weight=1262.21 27.1575 0.0482809 1235.06 0.0755658 27.1092 24.4518 0.155667 1234.98 24.2961 2.42675 1233.31 1225.6 11.7643 5.39005 6.37424 1213.84 7.05532 2.00773 1.56701 1206.78 6.07556 1200.71 49.2559 10.6668 38.5891 35.6968 30.4348 1151.45 7.3441
internal_count=1785228 143195 227 1642033 8256 142968 139547 4643 1633777 134904 14294 1630757 1606591 170718 27124 143594 1435873 1437 228 139 1434436 17248 1417188 214023 72723 141300 106036 96267 1203165 8237
is_linear=0
shrinkage=0.1


Tree=195
num_leaves=31
num_cat=0
split_feature=70 8 12 70 24 6 73 20 20 20 6 26 13 5 51 51 26 76 72 26 1 17 76 20 70 4 16 14 73 65
split_gain=36.4139 29.1346 8.42218 13.4036 123.928 31.8055 4.54936 35.7798 354.394 3.86607 676.536 1.74706 1.72993 3.01973 1.36643 1.7138 287.359 702.965 20.0059 747.989 10.2764 721.97 1.28882 2.2227 4.17153 18.6807 2.27278 2.86793 1.97668 3.5438
threshold=21728.332031250004 1375.4444580078127 30.575187683105472 22485.630859375004 215.50000000000003 2490.5000000000005 10199966.000000002 58813718.500000007 53150000.000000007 30200552.000000004 389.50000000000006 91950000.000000015 925.57617187500011 14244.500000000002 6.5000000000000009 4.5000000000000009 1515343.0000000002 9162143.0000000019 22396.500000000004 1277289.1250000002 4023914.0000000005 1511483.0000000002 8020555.5000000009 63121575.500000007 20989.254882812504 831.50000000000011 1714598.0000000002 340.03814735331906 25584756.000000004 251.50000000000003
decision_type=2 2 2 2 2 2 2 2 2 2 2 2 2 2 2 2 2 2 2 2 2 2 2 2 2 2 2 2 2 2
left_child=11 2 6 4 -4 -6 -2 8 -8 10 -5 14 -11 -14 15 22 18 -18 20 -20 21 -17 -1 24 26 -26 -24 28 29 -28
right_child=1 -3 3 9 5 -7 7 -9 -10 12 -12 -13 13 -15 -16 16 17 -19 19 -21 -22 -23 23 -25 25 -27 27 -29 -30 -31
leaf_value=-0.0005036547968823718 -0.10280168445086627 -3.0534674510800199 -0.125388143310011 -68.198015889724687 -5.0509599034847135 -12.578653151257919 39.097072100580348 0.067225012891650129 0.10020469505836732 -0.13648533977739749 -0.13616082090395895 0.10531534478597847 0.1240021113249582 -0.12345050168155401 -0.15837039913279005 -0.10000690550722167 99.288202614264989 -0.10000089510236465 76.886999337732021 -0.1047612958830412 -0.13581743710067545 73.145372649774828 -0.056306012031653779 -0.016504160332629372 2.4151426794844419 -0.11315398285349926 0.14955180619770148 0.27842724592388363 -0.025460497420813546 0.029191387056756158
leaf_weight=1174.5831397362501 1.7531530482770126 0.033803957509976779 0.24553137220404683 0.0014684747249218968 0.019466469350505472 0.0078867748379707336 0.0025642962220898671 2.2081231212978603 0.025546889536599338 18.990871981516502 0.26691099830982218 1.5843544645376813 0.72650673281873568 1.5353783192046584 0.5429276866532281 0.094015861124821298 0.0010061556305630539 0.0024312482806294611 0.001298920581437212 0.044209728380844027 1.0468421821597171 0.0013652739262397509 3.0783389094443043 15.664113371571743 0.039691012352704003 0.11081471664754616 2.6924731536546345 0.47086920950675804 5.4309243991724179 26.750535329936419
leaf_count=1392958 3662 227 426 1069 235 3 232 2404 12 113366 8973 6328 1703 11645 605 3229 3236 3295 525 797 1706 693 22783 165299 145 44 4886 512 14754 19476
internal_value=-0.00208919 -0.119627 -0.11578 -0.140233 -0.836676 -7.22142 0.0178048 0.112357 3.65749 -0.131402 -0.508571 0.000373588 -0.126639 -0.0439699 0.000238474 0.000308484 0.120198 28.9917 0.0366416 2.09276 -0.0452785 0.948419 0.000192267 0.0152633 0.0281635 0.553602 0.0261053 0.0332829 0.029973 0.040198
internal_weight=1257.96 25.8172 25.7834 21.794 0.272885 0.0273532 3.98939 2.23623 0.0281112 21.5211 0.268379 1232.14 21.2528 2.26189 1230.55 1230.01 1.19117 0.0034374 1.18773 0.0455086 1.14222 0.0953811 1228.82 54.2378 38.5736 0.150506 38.4231 35.3448 34.8739 29.443
internal_count=1785228 143957 143730 137420 664 238 6310 2648 244 136756 10042 1641271 126714 13348 1634943 1634338 13481 6531 6950 1322 5628 3922 1620857 227899 62600 189 62411 39628 39116 24362
is_linear=0
shrinkage=0.1


Tree=196
num_leaves=31
num_cat=0
split_feature=51 37 17 69 27 36 15 36 70 8 72 12 10 72 20 69 28 26 13 3 32 36 23 22 66 66 65 65 65 20
split_gain=207981 6.15365e+07 7.37353e+07 264376 69213.3 269539 67879.9 3.29813e+06 27.305 30.6115 8.63736 6.56404 58.1858 939.685 11.9432 42.8377 3.63865 1.54143 1.49913 2.6635 1.28752 1.31433 3.69101 2.00035 3.38812 2.32477 2.17282 2.32383 57.0772 155.422
threshold=4.5000000000000009 0.57644763588905346 4635148.7500000009 32741.500000000004 3329736.2500000005 0.13180471211671832 1.8065899310000002 0.29275701940059667 22485.630859375004 1375.4444580078127 22009.500000000004 15.683333396911623 72.500000000000014 357414.50000000006 20300637.000000004 162745.50000000003 3998539.5000000005 91950000.000000015 925.57617187500011 8.5000000000000018 1.0000000180025095e-35 84523.812500000015 4.5000000000000009 1.0000000180025095e-35 234.50000000000003 256.50000000000006 269.50000000000006 1445.0000000000002 1312.0000000000002 3.5000000000000004
decision_type=2 2 2 2 2 2 2 2 2 2 2 2 2 2 2 2 2 2 2 2 2 2 2 2 2 2 2 2 2 2
left_child=8 2 -2 4 6 -6 10 -8 17 11 16 -10 13 -13 15 -14 -3 20 -16 -20 21 -1 23 24 26 -26 -23 28 -28 -30
right_child=1 3 -4 -5 5 -7 7 -9 9 -11 -12 12 14 -15 18 -17 -18 -19 19 -21 -22 22 -24 -25 25 -27 27 -29 29 -31
leaf_value=-0.00032656407485930002 -36708.02622728049 0.31754952458710606 -0.10000131371895447 -266.19336795535548 -1422.738374479444 -0.10017598570732074 -4320.2223317977432 -0.10000633182532109 0.047626303333467589 -3.3538401853707054 0.59987634795639444 -0.10060694021991523 -0.10782488495102363 -99.927528556708296 -0.13166157357417671 5.3392779320744692 -0.12811655377772518 0.10268563022842914 0.13438503620683026 -0.11391894063928631 -0.12244833646948278 -0.065877397755329095 0.078902947052195305 0.0659783537729937 0.052252616348437836 -0.11373778213089719 0.036299906345157333 -0.066701547050239132 -0.10005080475999753 21.448727173750278
leaf_weight=1190.6729828712923 0.0010052324877115595 0.22482921233966979 0.0012009853380163804 0.040212096816256815 0.001687006521137735 0.0063247759826481342 0.0018055044287262892 0.083209169692952001 2.5382493062453291 0.02902493040719889 0.24999992201152044 0.016069382074416327 0.067332437334612263 0.0010017277855061115 18.823667694441848 0.018378344348004658 0.98936017232384188 1.4684468627779086 0.60518293608683738 1.5096356577972643 0.8557422569301697 9.8579953477101672 8.005504398657278 4.2368316676964417 9.1160982244056168 0.92981137653912149 3.2525765707332552 2.2020658798992372 0.012007857218122697 0.0046406297515204633
leaf_count=1594581 1871 666 1753 1603 1596 398 228 3264 3262 227 990 893 1916 60 119802 2582 1876 6328 166 14128 18 3662 4077 2801 1699 3965 3759 6942 86 29
internal_value=-0.0477108 -36.0827 -16725.6 -13.0328 -6.49537 -299.659 -4.97926 -91.8489 -0.00175188 -0.108279 0.064616 -0.104284 -0.122609 -5.95842 -0.117871 1.06016 -0.0455934 0.000291771 -0.122693 -0.0428635 0.000169442 0.000254869 0.0186584 0.00237156 -0.00824871 0.0368892 -0.0378294 0.0127065 0.0661938 5.9065
internal_weight=1255.82 1.59963 0.00220622 1.59743 1.55722 0.00801178 1.5492 0.0850147 1254.22 23.6085 1.46419 23.5795 21.0413 0.0170711 21.0242 0.0857108 1.21419 1230.61 20.9385 2.11482 1229.15 1228.29 37.6175 29.612 25.3752 10.0459 15.3293 5.47129 3.26923 0.0166485
internal_count=1785228 14245 3624 10621 9018 1994 7024 3492 1770983 143036 3532 142809 139547 953 138594 4498 2542 1627947 134096 14294 1621619 1621601 27020 22943 20142 5664 14478 10816 3874 115
is_linear=0
shrinkage=0.1


Tree=197
num_leaves=31
num_cat=0
split_feature=14 24 65 65 70 12 24 22 37 65 36 9 37 65 19 65 65 2 14 19 65 65 65 66 14 14 48 16 36 48
split_gain=66.1683 1059.84 21336.9 419173 22.2724 5.87289 4.64232 55.3621 2.32382 2.12968 1.66141 12.6264 1074.03 2413.8 4.97977 6.77023 4.71368 12.2967 11.227 26.4629 94.9314 981.205 6.73547 5.18978 4.02313 3.43798 214.156 3.32667 4.5554 6.56007
threshold=4900951.6837481707 3.5000000000000004 1312.0000000000002 1905.0000000000002 22485.630859375004 15.683333396911623 1.0000000180025095e-35 3481911.7500000005 6279.4501953125009 256.50000000000006 9958.5131835937518 21.371429443359379 45715.779296875007 1268.0000000000002 176.50000000000003 269.50000000000006 327.50000000000006 1.5000000000000002 2634843.2373313853 3.5000000000000004 1445.0000000000002 915.50000000000011 1120.5000000000002 257.50000000000006 529873.7327572651 529873.7327572651 1.0000000180025095e-35 300.12500000000006 7170.2951660156259 1.0000000180025095e-35
decision_type=2 2 2 2 2 2 2 2 2 2 2 2 2 2 2 2 2 2 2 2 2 2 2 2 2 2 2 2 2 2
left_child=4 8 -3 -4 10 -6 7 -7 -2 -10 27 14 -13 -14 16 -16 23 22 25 -20 21 -21 -18 -12 -25 -19 -27 28 29 -1
right_child=1 2 3 -5 5 6 -8 -9 9 -11 11 12 13 -15 15 -17 17 18 19 20 -22 -23 -24 24 -26 26 -28 -29 -30 -31
leaf_value=0.070955743696037119 -0.096493264270534229 -0.088468028275586086 -2007.3881395226579 -0.02950007921496204 0.043446325246300536 5.8135293629838269 -0.12630063500026939 -0.021785325864134144 0.058510143869773448 -0.092608159020915876 0.0086523493178229018 -0.10023550934742929 -0.10001007382288039 -174.91912248807199 -0.14155926085508672 0.0019028668812185461 -0.054253233676813888 -0.12750085074828243 -0.10002391678701988 -0.10001693974686765 -0.10001402393967468 -55.842148406144133 0.021428855958146836 -0.10754446551515394 0.096295417940724992 -0.10037824845107379 21.616128918270743 -0.00018719545055725302 0.0027801374679965714 -0.034682539679906949
leaf_weight=27.376325266074495 2.2788799810656331 0.42280058164127599 0.0010959796800307222 0.020462736067656806 2.5058803795825808 0.016905682665815158 19.425306495082012 0.42478555660394568 4.1086986367403204 1.2063886459872835 168.93827960723331 0.46772372939747242 0.0025509278576159025 0.0011440206731094804 6.2653362447204 6.9256984633816501 19.400148468831116 8.1204446201365048 0.22350368939703535 0.026344696927480982 0.073423685616944567 0.0035879309698429998 29.856944573730562 6.3437821402055432 1.1426464411907522 0.32744534570889605 0.0046048575850363696 880.75143118958158 59.716730444145185 7.4859407530636934
leaf_count=34592 8624 1477 54 490 3424 478 138544 749 1261 867 135599 9938 107 31 719 1513 26270 25696 1945 162 630 36 13280 25103 1935 2548 23 1238712 104578 5843
internal_value=-0.00378539 -0.289772 -5.03661 -102.078 -0.00194015 -0.100815 -0.119011 0.201561 -0.0120118 0.0242102 -0.000132054 -0.00743817 -0.524478 -54.2271 -0.00645396 -0.0662372 -0.00309049 -0.0278119 -0.136842 -0.711901 -2.03506 -6.78165 -0.00837891 0.00504184 -0.0764326 -0.114604 0.200785 0.00172662 0.0195487 0.0482721
internal_weight=1253.87 8.03833 0.444359 0.0215587 1245.83 22.3729 19.867 0.441691 7.59397 5.31509 1223.45 248.124 0.471419 0.00369495 247.652 13.191 234.461 58.0364 8.77935 0.32686 0.103356 0.0299326 49.2571 176.425 7.48643 8.45249 0.33205 975.33 94.579 34.8623
internal_count=1785228 12773 2021 544 1772455 143195 139771 1227 10752 2128 1629260 245535 10076 138 235459 2232 233227 70590 31040 2773 828 198 39550 162637 27038 28267 2571 1383725 145013 40435
is_linear=0
shrinkage=0.1


Tree=198
num_leaves=31
num_cat=0
split_feature=66 36 67 70 65 14 52 65 29 18 12 75 12 68 16 29 65 65 4 25 66 14 65 16 65 24 48 65 65 66
split_gain=84.3039 9915.8 37256.9 20.1809 9.46093 121.101 1918.93 5635.93 832.722 2992.73 5.46989 4.42253 2.86206 2.75481 2.73363 13.2129 626.499 3025.53 4339.94 560.921 5.1112 54.8497 110.857 180.506 3.54794 21.9963 308.912 416.01 8.33889 27.7998
threshold=30026.500000000004 59262.511718750007 1.0000000180025095e-35 22485.630859375004 29517.500000000004 806350.8064516132 8.0833334922790545 55841.000000000007 1.0000000180025095e-35 75.500000000000014 15.683333396911623 6897507.0000000009 2904.8750000000005 38.000000000000007 28.583333015441898 1.0000000180025095e-35 14765.000000000002 16211.000000000002 17.500000000000004 2.5000000000000004 16430.000000000004 1481649.8315000001 353.50000000000006 3.0399999618530278 340.50000000000006 3.5000000000000004 1.0000000180025095e-35 588.00000000000011 335.50000000000006 237.50000000000003
decision_type=2 2 2 2 2 2 2 2 2 2 2 2 2 2 2 2 2 2 2 2 2 2 2 2 2 2 2 2 2 2
left_child=3 -2 -3 4 14 13 7 -7 -8 -10 -5 -12 -13 -6 15 20 -17 18 -18 -19 24 -22 23 -23 28 -26 -27 -28 -1 -30
right_child=1 2 -4 10 5 6 8 -9 9 -11 11 12 -14 -15 -16 16 17 19 -20 -21 21 22 -24 -25 25 26 27 -29 29 -31
leaf_value=0.0029383879877989678 -0.108100527463262 -0.10008848658424677 -525.15989102919298 0.039554365581624083 -0.10066180257783658 -255.27074954325863 -0.10351644885228528 -0.10002927947094149 -192.3577131070405 -0.10010512779102952 0.34031810078712021 -0.12008284191015264 -0.53855896779961299 0.055515131343400831 0.00074662414647334787 -0.082861406987250474 -0.10000469218104653 -60.574046858362806 -265.22427816841895 -0.10003394592053172 -0.10357779502375922 -0.10001610831919112 -0.10016332944332357 -35.024223897308168 -0.020974496513519882 -0.305667110861851 -0.10016789137270719 -36.951976386467528 -0.10017241058049189 3.711143383901339
leaf_weight=48.683325871252016 1.2562523958170793 0.0063958408012679824 0.0017134661777742366 2.4787151577493054 2.6509822126710594 0.0011756761140305208 0.19994877264446825 0.0032816038481087162 0.0010402658914472332 0.0036523149030358582 0.20759084129487959 18.107960511965079 0.16492047372139396 1.9677805627225096 1151.6342735103203 2.3530221978720745 0.0013589559221326422 0.0016535475042473982 0.0011315183087390324 0.02117648671992356 0.32040928427224358 0.0030630641522293436 0.011351650711731054 0.0028633412180170126 18.090935533016211 0.9764118556943292 0.0070329734166705293 0.0054271059389634502 0.070717157657781082 0.026238566999381874
leaf_count=18124 49456 1768 87 3422 79732 8 1416 62 42 280 190 133900 10 186 1467486 7732 39 28 15 281 333 21 19 20 16184 4078 52 30 92 135
internal_value=-0.00346483 -0.819612 -111.043 -0.00263798 -0.000976015 -0.140688 -2.49457 -67.4052 -1.08075 -42.7204 -0.0999363 -0.118646 -0.12386 -0.0341241 -0.000424139 -0.0195282 -0.251224 -15.8971 -120.556 -4.48008 -0.011448 -0.399532 -5.8878 -16.9736 -0.00951679 -0.0460776 -0.505327 -16.1513 0.00478352 0.931262
internal_weight=1249.26 1.26436 0.00810931 1248 1227.04 4.82786 0.209099 0.00445728 0.204641 0.00469258 20.9592 18.4805 18.2729 4.61876 1222.21 70.5761 2.37834 0.0253205 0.00249047 0.02283 68.1978 0.337687 0.0172781 0.00592641 67.8601 19.0798 0.988872 0.0124601 48.7803 0.0969557
internal_count=1785228 51311 1855 1733917 1596395 81726 1808 70 1738 322 137522 134100 133910 79918 1514669 47183 8095 363 54 309 39088 393 60 41 38695 20344 4160 82 18351 227
is_linear=0
shrinkage=0.1


Tree=199
num_leaves=31
num_cat=0
split_feature=70 12 70 6 28 24 70 72 22 24 28 25 1 24 10 37 69 35 39 13 41 5 5 5 9 24 37 18 72 39
split_gain=18.1214 4.87928 4.66457 75.089 1.55384 3.02523 6.26018 196.7 521.01 4.64554 2.75149 2.73308 4.0223 254.19 736.885 4.28891 2.62421 2.54695 4.67309 3.28268 5.49037 2.96689 4.23446 3.52775 2.5088 2.31425 2.28355 2.21503 3.87781 1952.17
threshold=22485.630859375004 15.683333396911623 5243335.7500000009 324.50000000000006 5000475.0000000009 225.50000000000003 20989.254882812504 50956.500000000007 5130751.5000000009 8.5000000000000018 3998539.5000000005 3808532.5000000005 4023914.0000000005 48.500000000000007 210.50000000000003 1.4428698420524599 5000.5000000000009 94.000000000000014 969.50000000000011 3.4820507764816289 77.231796264648452 2130.5000000000005 9807.5000000000018 11607.500000000002 271.69242858886724 748.50000000000011 23.240735054016117 5345490.0000000009 22396.500000000004 23.500000000000004
decision_type=2 2 2 2 2 2 2 2 2 2 2 2 2 2 2 2 2 2 2 2 2 2 2 2 2 2 2 2 2 2
left_child=4 -2 -3 -4 10 9 16 8 -8 27 11 17 13 14 -13 -14 -7 19 -19 -1 -21 -20 -23 -24 -17 -18 -22 -6 -29 -30
right_child=1 2 3 -5 5 6 7 -9 -10 -11 -12 12 15 -15 -16 24 25 18 21 20 26 22 23 -25 -26 -27 -28 28 29 -31
leaf_value=-0.00072646366480897577 0.035947179716354638 -0.12543074636267601 7.5590584783651256 -0.0052762643819067034 0.13706907592174278 0.081432604732449246 -0.10012028818071701 -0.11160621657365973 72.576112860595543 -0.054878650883354543 -0.080142708369160987 99.708529462134948 -0.11108490992323944 0.087143055179454587 -0.10001776568152294 0.10397343500247783 0.046213105913983137 -0.088447056682730535 0.062438180478468885 0.09373048510649247 -0.093312496198370995 -0.085712825948661142 0.099599970609956484 -0.073745685862993765 -0.10469192208294145 -0.10431156519413483 0.031155872909063187 -0.060860301147532297 97.856379061342068 0.01314493398237461
leaf_weight=1146.0509429156521 2.455970369054902 16.81000498642684 0.013360741735571557 0.73767802199108923 2.2377378772188088 9.1325032760176104 0.0034842451288480394 0.10299091133856564 0.0013759653109559622 8.8263233358858226 4.3445365495167598 0.0010019182229691328 1.4328077805007868 0.29667491609534125 0.0028265600707868543 5.3492081989372542 2.571889124191495 9.3250752190579451 5.2228150349957021 9.3339704242447947 2.8755262816635172 6.0266621144433863 3.3009142838315952 1.8220451169391223 0.64574697633658207 1.6942473389405339 3.0241465500987843 2.6348828552010701 0.0020417249132270712 1.6366899763125993
leaf_count=1105880 3424 138775 134 862 1598 7227 285 26 222 35759 10207 470 857 324 63 7350 8090 41249 15519 8138 30155 97898 137225 19734 915 46749 12154 33460 5259 15220
internal_value=-0.00169234 -0.0960735 -0.114537 0.129291 -0.000153759 0.0227819 0.057293 0.816115 20.4751 -0.00760883 -0.000705494 -0.000416622 0.058859 0.417534 26.02 0.0443482 0.051185 -0.000802557 -0.0319421 -0.000113486 0.0460018 0.000240882 -0.0288942 0.0379474 0.081497 -0.013566 -0.0295106 0.0564667 0.014262 0.13505
internal_weight=1247.92 20.017 17.561 0.751039 1227.9 28.8442 13.5065 0.107851 0.00486021 15.3377 1199.05 1194.71 7.72827 0.300503 0.00382848 7.42776 13.3986 1186.98 25.6975 1161.28 15.2336 16.3724 11.1496 5.12296 5.99496 4.26614 5.89967 6.51135 4.27361 1.63873
internal_count=1785228 143195 139771 996 1642033 153895 62599 533 507 91296 1488138 1477931 9979 857 533 9122 62066 1467952 311625 1156327 50447 270376 254857 156959 8265 54839 42309 55537 53939 20479
is_linear=0
shrinkage=0.1


end of trees

feature_importances:
Init_Fwd_Win_Bytes=812
Init_Bwd_Win_Bytes=655
Flow_IAT_Min=260
Fwd_IAT_Min=238
Bwd_Packets_Length_Total=166
Bwd_Packets/s=166
Active_Min=135
Flow_Bytes/s=131
Fwd_Header_Length=127
Bwd_Packet_Length_Mean=126
Flow_Duration=118
Flow_IAT_Mean=118
Bwd_Packet_Length_Std=117
Active_Std=110
Idle_Min=103
Fwd_IAT_Total=102
Bwd_Header_Length=100
Fwd_Packets_Length_Total=95
Fwd_Seg_Size_Min=94
Fwd_Packet_Length_Max=92
Active_Mean=90
Bwd_IAT_Min=86
Fwd_Packet_Length_Mean=83
Fwd_IAT_Mean=83
Down/Up_Ratio=83
Fwd_IAT_Std=80
URG_Flag_Count=78
Bwd_Packet_Length_Max=77
Total_Backward_Packets=75
Flow_IAT_Std=75
Fwd_Packets/s=71
Packet_Length_Max=71
Fwd_Packet_Length_Std=69
Avg_Packet_Size=69
Bwd_IAT_Mean=67
Bwd_IAT_Total=63
Fwd_Act_Data_Packets=61
Bwd_IAT_Std=60
Flow_IAT_Max=58
Bwd_IAT_Max=57
Flow_Packets/s=55
Fwd_IAT_Max=55
PSH_Flag_Count=55
Idle_Std=52
Total_Fwd_Packets=51
Packet_Length_Mean=51
FIN_Flag_Count=49
Packet_Length_Std=44
Idle_Mean=41
Idle_Max=40
Protocol=35
Active_Max=30
Packet_Length_Min=27
Fwd_PSH_Flags=26
Fwd_Packet_Length_Min=24
Bwd_Packet_Length_Min=24
ACK_Flag_Count=17
Fwd_URG_Flags=3

parameters:
[boosting: gbdt]
[objective: binary]
[metric: auc]
[tree_learner: serial]
[device_type: cpu]
[data_sample_strategy: bagging]
[data: ]
[valid: ]
[num_iterations: 200]
[learning_rate: 0.1]
[num_leaves: 31]
[num_threads: 0]
[seed: 0]
[deterministic: 0]
[force_col_wise: 0]
[force_row_wise: 0]
[histogram_pool_size: -1]
[max_depth: -1]
[min_data_in_leaf: 20]
[min_sum_hessian_in_leaf: 0.001]
[bagging_fraction: 1]
[pos_bagging_fraction: 1]
[neg_bagging_fraction: 1]
[bagging_freq: 0]
[bagging_seed: 3]
[bagging_by_query: 0]
[feature_fraction: 1]
[feature_fraction_bynode: 1]
[feature_fraction_seed: 2]
[extra_trees: 0]
[extra_seed: 6]
[early_stopping_round: 0]
[early_stopping_min_delta: 0]
[first_metric_only: 0]
[max_delta_step: 0]
[lambda_l1: 0]
[lambda_l2: 0]
[linear_lambda: 0]
[min_gain_to_split: 0]
[drop_rate: 0.1]
[max_drop: 50]
[skip_drop: 0.5]
[xgboost_dart_mode: 0]
[uniform_drop: 0]
[drop_seed: 4]
[top_rate: 0.2]
[other_rate: 0.1]
[min_data_per_group: 100]
[max_cat_threshold: 32]
[cat_l2: 10]
[cat_smooth: 10]
[max_cat_to_onehot: 4]
[top_k: 20]
[monotone_constraints: ]
[monotone_constraints_method: basic]
[monotone_penalty: 0]
[feature_contri: ]
[forcedsplits_filename: ]
[refit_decay_rate: 0.9]
[cegb_tradeoff: 1]
[cegb_penalty_split: 0]
[cegb_penalty_feature_lazy: ]
[cegb_penalty_feature_coupled: ]
[path_smooth: 0]
[interaction_constraints: ]
[verbosity: -1]
[saved_feature_importance_type: 0]
[use_quantized_grad: 0]
[num_grad_quant_bins: 4]
[quant_train_renew_leaf: 0]
[stochastic_rounding: 1]
[linear_tree: 0]
[max_bin: 255]
[max_bin_by_feature: ]
[min_data_in_bin: 3]
[bin_construct_sample_cnt: 200000]
[data_random_seed: 1]
[is_enable_sparse: 1]
[enable_bundle: 1]
[use_missing: 1]
[zero_as_missing: 0]
[feature_pre_filter: 1]
[pre_partition: 0]
[two_round: 0]
[header: 0]
[label_column: ]
[weight_column: ]
[group_column: ]
[ignore_column: ]
[categorical_feature: ]
[forcedbins_filename: ]
[precise_float_parser: 0]
[parser_config_file: ]
[objective_seed: 5]
[num_class: 1]
[is_unbalance: 0]
[scale_pos_weight: 1]
[sigmoid: 1]
[boost_from_average: 1]
[reg_sqrt: 0]
[alpha: 0.9]
[fair_c: 1]
[poisson_max_delta_step: 0.7]
[tweedie_variance_power: 1.5]
[lambdarank_truncation_level: 30]
[lambdarank_norm: 1]
[label_gain: ]
[lambdarank_position_bias_regularization: 0]
[eval_at: ]
[multi_error_top_k: 1]
[auc_mu_weights: ]
[num_machines: 1]
[local_listen_port: 12400]
[time_out: 120]
[machine_list_filename: ]
[machines: ]
[gpu_platform_id: -1]
[gpu_device_id: -1]
[gpu_device_id_list: ]
[gpu_use_dp: 0]
[num_gpu: 1]

end of parameters

pandas_categorical:[]
