tree
version=v4
num_class=1
num_tree_per_iteration=1
label_index=0
max_feature_idx=47
objective=binary sigmoid:1
feature_names=pslist.nproc pslist.nppid pslist.avg_threads pslist.nprocs64bit pslist.avg_handlers dlllist.ndlls dlllist.avg_dlls_per_proc handles.nhandles handles.avg_handles_per_proc handles.nport handles.nfile handles.nevent handles.ndesktop handles.nkey handles.nthread handles.ndirectory handles.nsemaphore handles.ntimer handles.nsection handles.nmutant ldrmodules.not_in_load ldrmodules.not_in_init ldrmodules.not_in_mem ldrmodules.not_in_load_avg ldrmodules.not_in_init_avg ldrmodules.not_in_mem_avg malfind.ninjections malfind.commitCharge malfind.protection malfind.uniqueInjections psxview.not_in_pslist psxview.not_in_eprocess_pool psxview.not_in_ethread_pool psxview.not_in_pspcid_list psxview.not_in_csrss_handles psxview.not_in_session psxview.not_in_deskthrd psxview.not_in_pslist_false_avg psxview.not_in_eprocess_pool_false_avg psxview.not_in_ethread_pool_false_avg psxview.not_in_pspcid_list_false_avg psxview.not_in_csrss_handles_false_avg psxview.not_in_session_false_avg psxview.not_in_deskthrd_false_avg modules.nmodules callbacks.ncallbacks callbacks.nanonymous callbacks.ngeneric
feature_infos=[21:240] [8:72] [1.6499999999999999:16.81818182] none [34.962499999999999:24845.951219999999] [670:3363] [7.3333333329999997:53.170731709999998] [3514:1047310] [71.139240509999993:33784.193550000004] none [266:807008] [966:7892] [22:159] [284:2668] [388:5637] [57:498] [296:4268] [69:382] [50:14687] [118:583] [6:239] [16:262] [6:239] [0.016176471000000001:0.44144144099999999] [0.040525738999999998:0.486486486] [0.016176471000000001:0.44144144099999999] [1:627] [1:220850] [6:3762] [1:90.666666669999998] [0:43] [0:1] [0:201] [0:43] [4:205] [2:45] [4:207] [0:0.55128205100000005] [0:0.043478260999999997] [0:0.83750000000000002] [0:0.93023255800000004] [0.025806452000000001:0.85416666699999999] [0.0083333330000000001:0.57692307700000001] [0.043749999999999997:0.86250000000000004] [126:138] [50:89] [0:1] none
tree_sizes=3278 3414 3397 3407 3411 3386 3376 3369 3384 3377 3385 3380 3386 3385 3374 3362 3373 3367 3379 3388 3376 3375 3388 3381 3377 3384 3380 3390 3390 3403 3403 3384 3396 3410 3409 3396 3395 3396 3396 3390 3408 3412 3425 3419 3431 3420 3442 3435 3434 3430 3442 3427 3420 3430 3435 3435 3450 3450 3455 3466 3464 3460 3468 3485 3486 3471 3482 3474 3489 3474 3490 3491 3493 3489 3488 3487 3497 3501 3507 3501 3521 3519 3522 3532 3520 3531 3529 3533 3521 3546 3537 3525 3555 3558 3541 3571 3574 3580 3557 3563 3578 3577 3592 3577 3572 3600 3589 3603 3618 3609 3596 3609 3603 3599 3608 3619 3621 3616 3624 3656 3618 3650 3624 3621 3621 3609 3625 3590 3370 3383 3608 3286 3602 3600 3440 3613 3645 3084 3411 3085 3209 3116 3077 2757 2844 2422 2627 2307 2185 2394 1956 2087 2175 1974 2090 1633 1739 1404 1287 1405 1409 1183 1400 1178 1168 1286 1293 1289 1183 1302 1171 1060 1059 840 1068 833 956 952 834 953 844 835 842 850 836 838 843 844 845 841 840 837 731 727 724 839 728 842 726 842

Tree=0
num_leaves=30
num_cat=0
split_feature=19 8 24 6 43 11 23 43 24 26 7 6 18 24 8 8 23 11 15 8 23 6 0 2 2 1 0 0 2
split_gain=43803.8 631.714 598.272 396.074 142.753 62.5849 37.1424 14.0626 12.2592 12.1376 11.0527 9.25344 90.5864 8.06848 1.46071 1.08991 7.4034 0.762039 12.0293 0.389219 11.79 0.199865 3.63798e-12 3.63798e-12 2.27374e-13 5.68434e-14 2.84217e-14 2.84217e-14 1.42109e-14
threshold=294.50000000000006 239.02812500000002 0.044492068000000003 45.930384850000003 0.18421783900000002 3368.0000000000005 0.021252902500000004 0.17143321700000003 0.056300077500000011 19.500000000000004 7006.5000000000009 43.305771605000011 187.50000000000003 0.043245386000000004 284.83350500000006 244.80777060000005 0.034805300500000004 3148.5000000000005 104.50000000000001 250.97438910000002 0.034632268000000008 39.415650410000005 131.00000000000003 10.001558275000002 10.243306600000002 18.500000000000004 29.500000000000004 27.500000000000004 12.814558585000002
decision_type=2 2 2 2 2 2 2 2 2 2 2 2 2 2 2 2 2 2 2 2 2 2 2 2 2 2 2 2 2
left_child=2 8 4 5 7 6 -4 -1 -2 15 -6 17 26 -9 -5 16 -3 22 -19 20 -17 -21 -8 -23 -22 -20 27 -13 -16
right_child=1 9 3 14 10 -7 11 13 -10 -11 -12 12 -14 -15 28 19 -18 18 25 21 24 23 -24 -25 -26 -27 -28 -29 -30
leaf_value=-0.22699955248957587 0.17309017262011234 -0.10523311441271425 -0.093636310786346474 -0.16698609372312256 0.17309017262011228 -0.12697712121215382 0.17309017262011234 -0.040291014105054715 0.016533323664147379 -0.074584419114456568 0.0016231475731030981 0.17309017262011234 -0.22699955248957587 -0.18699057997860705 -0.22699955248957582 -0.074584419114456568 -0.22699955248957587 0.013054282576237052 0.17309017262011234 -0.20699506623409147 -0.22699955248957587 -0.22699955248957587 0.17309017262011234 -0.22699955248957587 -0.22699955248957587 0.17309017262011234 0.17309017262011234 0.17309017262011234 -0.22699955248957587
leaf_weight=40.490918576717377 38.491367042064667 5.7487106621265402 5.2488227784633628 4.9988788366317776 13.247028917074205 6.998430371284484 5453.2769228816032 7.4983182549476606 5.7487106621265402 5.2488227784633628 5.2488227784633628 37.741535216569901 6.2485985457897177 7.4983182549476624 11.747365266084673 5.2488227784633628 37.991479158401489 4.998878836631774 69.234471887350082 4.998878836631774 19.495627462863922 11.247477382421492 5.7487106621265402 5528.5100493729115 133.96995282173157 8.4980940222740156 5.4987667202949515 16.746244102716446 9.7478137314319593
leaf_count=162 154 23 21 20 53 28 21818 30 23 21 21 151 25 30 47 21 152 20 277 20 78 45 23 22119 536 34 22 67 39
internal_value=-0.0299502 -0.223687 0.16636 0.170062 -0.116164 0.17188 0.172253 -0.196362 0.152747 -0.226582 0.124431 0.172502 0.135346 -0.113641 -0.215676 -0.226721 -0.210996 0.172946 0.16342 -0.226842 -0.221959 -0.226982 0.17309 -0.227 -0.227 0.17309 0.17309 0.17309 -0.227
internal_weight=11517.4 5796.7 5720.72 5646.73 73.9834 5620.24 5613.24 55.4876 44.2401 5752.46 18.4959 5607.99 66.2351 14.9966 26.4941 5747.21 43.7402 5541.76 82.7314 5703.47 158.714 5544.76 5459.03 5539.76 153.466 77.7326 59.9865 54.4878 21.4952
internal_count=46080 23192 22888 22592 296 22486 22458 222 177 23015 74 22437 265 60 106 22994 175 22172 331 22819 635 22184 21841 22164 614 311 240 218 86
is_linear=0
shrinkage=1


Tree=1
num_leaves=31
num_cat=0
split_feature=19 8 24 6 43 14 23 43 26 24 7 6 18 24 29 8 23 11 15 8 23 6 8 4 0 0 0 0 0 0
split_gain=35860.4 518.658 488.126 323.326 116.789 51.5491 30.3995 11.7629 10.1513 10.1168 9.09577 7.5181 73.9952 6.63151 1.35393 0.923795 6.21218 0.620921 9.94131 0.329149 9.85734 0.171073 0.00139366 0.00101246 3.63798e-12 3.63798e-12 3.63798e-12 3.63798e-12 2.84217e-14 2.84217e-14
threshold=294.50000000000006 239.02812500000002 0.044492068000000003 45.930384850000003 0.18421783900000002 943.50000000000011 0.021252902500000004 0.17143321700000003 19.500000000000004 0.056300077500000011 7006.5000000000009 43.305771605000011 187.50000000000003 0.043245386000000004 1.3259741945000003 244.80777060000005 0.034805300500000004 3148.5000000000005 104.50000000000001 250.97438910000002 0.034632268000000008 39.415650410000005 288.04616810000005 217.21506410000003 131.00000000000003 54.500000000000007 69.500000000000014 57.500000000000007 29.500000000000004 46.500000000000007
decision_type=2 2 2 2 2 2 2 2 2 2 2 2 2 2 2 2 2 2 2 2 2 2 2 2 2 2 2 2 2 2
left_child=2 9 4 5 7 6 -4 -1 15 -2 -6 17 28 -9 -5 16 -3 24 -19 20 -17 -21 -16 29 25 -8 27 -23 -13 -20
right_child=1 8 3 14 10 -7 11 13 -10 -11 -12 12 -14 -15 22 19 -18 18 23 21 -22 26 -24 -25 -26 -27 -28 -29 -30 -31
leaf_value=-0.17969212091748737 0.18410617613466684 -0.067934984851549016 -0.057435585586527366 -0.12209495630446772 0.18410617613466679 -0.088756528546693247 0.18410617613466684 -0.0093085513497812352 -0.040219939627152451 0.041827828204880138 0.028409131829254548 0.18410617613466684 -0.17969212091748737 -0.14259447740182715 -0.18157669436293211 -0.040219939627152451 -0.17969212091748737 0.038696235883751928 0.18410617613466684 -0.16108736980517482 -0.17969212091748737 -0.17969212091748737 -0.17969212091748737 0.18558265659424744 0.18410617613466684 0.18410617613466684 -0.17969212091748737 -0.17969212091748737 0.18410617613466684 0.18410617613466684
leaf_weight=39.98271855711937 38.21306774020195 5.7341105043888083 5.2385091036558142 4.9536387920379665 13.15125058591366 6.9710019677877417 5382.5835416913033 7.4969570338726026 5.2427054196596137 5.7496072351932517 5.2499965578317633 54.093823164701462 6.170172616839408 7.4348200857639313 5.1946121305227306 5.2427054196596137 37.514649510383606 4.9997869133949271 60.297243252396584 4.9468213319778434 151.53943946957588 5365.8289145082235 16.042448803782463 4.9635942727327338 5.7071464806795111 31.265237241983414 5.6765588074922553 98.722761869430542 5.4590096771717063 11.910566568374632
leaf_count=162 154 23 21 20 53 28 21692 30 21 23 21 218 25 30 21 21 152 20 243 20 614 21741 65 20 23 126 23 400 22 48
internal_value=-2.78644e-05 -0.176658 0.178009 0.181362 -0.0783482 0.183007 0.183347 -0.151409 -0.179306 0.165498 0.139685 0.183574 0.149952 -0.0756742 -0.169172 -0.179434 -0.164875 0.183975 0.175348 -0.179546 -0.175028 -0.179675 -0.180153 0.184201 0.184106 0.184106 -0.179692 -0.179692 0.184106 0.184106
internal_weight=11403.6 5724.41 5679.17 5605.85 73.3157 5579.66 5572.69 54.9145 5680.45 43.9627 18.4012 5567.45 65.723 14.9318 26.1907 5675.21 43.2488 5501.73 82.1712 5631.96 156.782 5475.18 21.2371 77.1714 5419.56 5413.85 5470.23 5464.55 59.5528 72.2078
internal_count=46080 23192 22888 22592 296 22486 22458 222 23015 177 74 22437 265 60 106 22994 175 22172 331 22819 635 22184 86 311 21841 21818 22164 22141 240 291
is_linear=0
shrinkage=0.1


Tree=2
num_leaves=31
num_cat=0
split_feature=19 8 24 6 43 14 23 43 26 23 7 6 18 24 11 8 20 11 15 8 23 2 15 19 5 24 29 6 13 2
split_gain=29892.8 433.313 406.494 268.962 96.9232 43.1139 25.5525 10.2481 8.84397 8.79564 7.76692 6.23099 61.5866 5.54475 1.36271 0.830468 5.60688 0.549695 8.5638 0.294135 8.58137 0.180346 0.171267 0.164673 0.0549516 0.0298608 0.00925104 0.00299579 0.000640203 5.49734e-05
threshold=294.50000000000006 239.02812500000002 0.044492068000000003 45.930384850000003 0.18421783900000002 943.50000000000011 0.021252902500000004 0.17143321700000003 19.500000000000004 0.033314418500000005 7006.5000000000009 43.305771605000011 187.50000000000003 0.043245386000000004 2967.5000000000005 244.80777060000005 68.500000000000014 3148.5000000000005 104.50000000000001 250.97438910000002 0.034632268000000008 10.795094760000003 149.50000000000003 380.50000000000006 2066.5000000000005 0.054516741000000007 1.3456232875000003 39.795163170000009 771.50000000000011 12.895059325000002
decision_type=2 2 2 2 2 2 2 2 2 2 2 2 2 2 2 2 2 2 2 2 2 2 2 2 2 2 2 2 2 2
left_child=2 9 4 5 7 6 -4 -1 15 21 -6 17 -13 -9 -5 16 -3 -8 -19 20 -17 25 27 -18 -25 -2 -16 -21 -20 -28
right_child=1 8 3 14 10 -7 11 13 -10 -11 -12 12 -14 -15 26 19 23 18 28 22 -22 -23 -24 24 -26 -27 29 -29 -30 -31
leaf_value=-0.16658494062695026 0.16996350144457298 -0.051473983114547678 -0.0518830500894365 -0.10997455769431219 0.16996350144457295 -0.080479537460690836 0.16996350144457298 -0.008379545209564257 -0.036270459064306905 0.027016175333315504 0.025574192414709391 0.16996350144457298 -0.16658494062695026 -0.13082607132219223 -0.17168947660386302 -0.036270459064306905 -0.1499978666776916 0.034849424919068298 0.16995743116075546 -0.16907587316932046 -0.16658494062695026 0.15060567499040745 -0.14933491303257695 -0.17810260239927761 -0.16658494062695026 0.17825402891813444 -0.16656823121313188 -0.16658494062695026 0.17109379188659585 -0.16697486627186267
leaf_weight=38.870449393987656 28.094299674034119 4.8725677132606497 5.2201589047908774 5.0712946802377727 12.836188644170763 6.9216232299804679 5289.7206825911999 7.4953892827033979 5.2327390909194937 4.957769811153411 5.2488165199756613 58.126137256622314 5.9985261410474768 7.299957275390625 4.8611824214458492 5.2327390909194937 5.7667791843414298 4.9966537952423087 69.992480590939522 4.8326174765825263 147.32380202412605 4.8514397740364066 5.7603638619184485 4.9053440690040615 26.633456066250801 5.1392020285129538 10.796801671385763 5312.2947505116463 5.3356958329677573 4.8038723468780509
leaf_count=162 116 20 21 21 53 28 21841 30 21 20 21 240 25 30 20 21 24 20 289 20 614 20 24 20 111 21 45 22140 22 20
internal_value=-4.43988e-05 -0.16375 0.16432 0.167421 -0.0721545 0.168939 0.169256 -0.139625 -0.166214 0.152306 0.128057 0.169469 0.138481 -0.0687941 -0.156379 -0.166337 -0.152359 0.169839 0.161628 -0.166444 -0.162115 0.168616 -0.166569 -0.165535 -0.168376 0.171246 -0.16788 -0.166587 0.170038 -0.166693
internal_weight=11109.5 5565.9 5543.6 5471.85 71.7508 5446.31 5439.39 53.6658 5522.86 43.0427 18.085 5434.17 64.1247 14.7953 25.5332 5517.62 42.1781 5370.05 80.3248 5475.44 152.557 38.0849 5322.89 37.3056 31.5388 33.2335 20.4619 5317.13 75.3282 15.6007
internal_count=46080 23192 22888 22592 296 22486 22458 222 23015 177 74 22437 265 60 106 22994 175 22172 331 22819 635 157 22184 155 131 137 85 22160 311 65
is_linear=0
shrinkage=0.1


Tree=3
num_leaves=31
num_cat=0
split_feature=19 8 24 6 43 11 23 27 43 24 7 6 18 24 6 8 24 11 15 23 6 19 20 21 8 6 15 2 10 8
split_gain=25258.4 366.791 343.748 226.908 81.2926 36.9514 21.9184 12.3137 9.19821 8.2615 6.81329 5.24168 51.9824 4.6939 1.33663 0.651689 27.9966 0.499797 7.62137 0.175838 0.174143 0.00994659 0.00599847 0.00561392 0.00351704 0.00186446 0.000511935 0.000234559 0.000133929 0.00031008
threshold=294.50000000000006 239.02812500000002 0.044492068000000003 45.930384850000003 0.18421783900000002 3368.0000000000005 0.021252902500000004 86.500000000000014 0.17143321700000003 0.056300077500000011 7006.5000000000009 43.305771605000011 187.50000000000003 0.043245386000000004 46.229807205000007 250.97438910000002 0.055777727500000006 3148.5000000000005 104.50000000000001 0.034805300500000004 39.415650410000005 549.50000000000011 68.500000000000014 72.500000000000014 231.15909090000002 36.929401995000006 149.50000000000003 12.760574010000001 798.50000000000011 244.80777060000005
decision_type=2 2 2 2 2 2 2 2 2 2 2 2 2 2 2 2 2 2 2 2 2 2 2 2 2 2 2 2 2 2
left_child=2 9 4 5 8 6 -4 15 -1 24 -6 17 -13 -10 -5 16 -3 -8 -19 -18 -17 26 -21 -16 -2 -20 -22 -25 29 -24
right_child=1 7 3 14 10 -7 11 -9 13 -11 -12 12 -14 -15 23 20 19 18 25 22 21 -23 28 27 -26 -27 -28 -29 -30 -31
leaf_value=-0.15636754845724302 0.15904631950458537 0.072870791713112684 -0.046920426802260849 -0.099521822969452278 0.15902790705870001 -0.074038409162557259 0.15902790705870007 0.0054820252790607109 -0.0075433799411931419 0.030016833636662878 0.023030008629415559 0.15902790705870007 -0.15636754845724302 -0.12094492056089326 -0.16043846338889511 -0.13702696045776491 -0.17449167649239949 0.031404218371173673 0.16099191108732297 -0.15985582202758022 -0.15636754212290471 -0.16087832214862918 -0.15731032099402817 -0.1563503031383861 0.16197512307665574 0.15901814557781249 -0.15734832274286845 -0.15717530337242339 -0.15636225547006394 -0.15636754845724302
leaf_weight=37.346585601568222 31.278456091880798 5.4550837874412528 5.1963062435388556 4.9234405457973507 12.370480477809908 6.8508047908544532 5097.804983317852 4.7180055379867545 7.4937003850936872 5.7161978334188452 5.2459438741207114 56.017270088195801 5.7633619755506507 7.1161723136901855 5.6308852732181576 4.6571749448776236 5.5997647941112509 4.9906373023986808 5.1513809561729422 5.1464650630950919 5100.1141188889742 4.8953574299812308 5.0949633419513729 8.0680160075426084 4.7186708599328986 67.451244354248047 5.3275105059146872 6.0159071236848822 154.91499747335911 11.065654993057249
leaf_count=162 134 22 21 21 53 28 21841 19 30 23 21 240 25 30 24 20 23 20 22 22 22123 21 22 35 20 289 23 26 672 48
internal_value=-5.46871e-05 -0.153678 0.15372 0.156633 -0.0671083 0.158054 0.158357 -0.155999 -0.130051 0.141696 0.118529 0.158561 0.129605 -0.062779 -0.14613 -0.156143 -0.150349 0.158907 0.150941 -0.157046 -0.156355 -0.156373 -0.156492 -0.15777 0.15943 0.159158 -0.156369 -0.156703 -0.156391 -0.156665
internal_weight=10692.1 5348.7 5343.44 5273.86 69.5729 5249.23 5242.38 5306.99 51.9565 41.7133 17.6164 5237.18 61.7806 14.6099 24.6382 5302.27 187.277 5175.4 77.5933 181.822 5114.99 5110.34 176.222 19.7148 35.9971 72.6026 5105.44 14.0839 171.076 16.1606
internal_count=46080 23192 22888 22592 296 22486 22458 23015 222 177 74 22437 265 60 106 22996 809 22172 331 787 22187 22167 764 85 154 311 22146 61 742 70
is_linear=0
shrinkage=0.1


Tree=4
num_leaves=31
num_cat=0
split_feature=19 8 24 6 43 14 23 27 43 11 24 6 18 24 23 8 24 11 15 6 23 28 2 20 8 16 4 32 15 37
split_gain=21568.4 313.705 294.187 193.526 68.7304 31.9009 19.1075 11.0263 8.44022 7.63926 7.47192 4.45957 44.3545 4.00915 1.35305 0.621316 24.3367 0.477894 6.93562 0.170953 0.107757 0.00656568 0.00620436 0.00373638 0.00217781 0.00184023 0.00149659 0.000474456 0.000317079 0.000232782
threshold=294.50000000000006 239.02812500000002 0.044492068000000003 45.930384850000003 0.18421783900000002 943.50000000000011 0.021252902500000004 86.500000000000014 0.17143321700000003 2553.0000000000005 0.056300077500000011 43.305771605000011 187.50000000000003 0.043245386000000004 0.028324411000000004 250.97438910000002 0.055777727500000006 3148.5000000000005 104.50000000000001 39.415650410000005 0.034805300500000004 114.50000000000001 13.494565485000001 68.500000000000014 231.15909090000002 638.50000000000011 217.21506410000003 4.5000000000000009 149.50000000000003 0.15910746200000003
decision_type=2 2 2 2 2 2 2 2 2 2 2 2 2 2 2 2 2 2 2 2 2 2 2 2 2 2 2 2 2 2
left_child=2 10 4 5 8 6 -4 15 -1 22 24 17 -13 -10 -5 16 -3 -8 -19 -17 -18 28 -6 -22 -2 -16 -20 -27 -21 -29
right_child=1 7 3 14 9 -7 11 -9 13 -11 -12 12 -14 -15 25 19 20 18 26 21 23 -23 -24 -25 -26 27 -28 29 -30 -31
leaf_value=-0.14820805504463822 0.15036406429431259 0.065227392591281547 -0.042464340744323807 -0.088780484806761581 0.15500967184474856 -0.067483402828627387 0.1503491808292941 0.0049315834511821513 -0.0067907098153681209 0.0026708465848007692 0.027079673750199068 0.1503491808292941 -0.14820805504463822 -0.11243794585780426 -0.15121409652872192 -0.12865531436722982 -0.16263972881700775 0.028311583756535849 0.15033908507878721 -0.14820803004460339 -0.15102545820870031 -0.15195743506884421 0.1503491808292941 -0.14822685115976406 0.15272066887263294 -0.14816103986376858 0.15222927492649732 -0.14985670594016184 -0.14899877615556484 -0.14884312590623702
leaf_weight=35.554206669330597 29.849138617515564 5.4831808209419242 5.1688959449529639 4.5580135285854366 4.5084747672081011 6.772160828113555 4864.7756963372231 4.720033884048461 7.4919560551643354 4.7426643073558798 5.7032700330018988 53.456625938415527 5.4867602884769431 6.9003559648990631 4.4744758158922222 4.4736861139535895 5.4162348359823218 4.9826341867446891 64.811855733394623 4855.3430299013853 4.9144906252622595 4.6769662201404563 7.7957579493522644 162.86857016384602 4.5145579874515525 5.4848822355270377 4.4782640635967246 4.4386711120605451 5.0763045102357855 4.6287470608949661
leaf_count=162 134 22 21 20 20 28 21841 19 30 19 23 240 25 30 20 20 23 20 291 22123 22 21 35 742 20 25 20 20 23 21
internal_value=-6.14603e-05 -0.145629 0.145293 0.148064 -0.06288 0.149409 0.149703 -0.147839 -0.122054 0.110496 0.133081 0.149901 0.122558 -0.057443 -0.137717 -0.147982 -0.14219 0.150228 0.142267 -0.148194 -0.148757 -0.148212 0.152057 -0.148309 0.150674 -0.149441 0.150461 -0.148895 -0.148209 -0.149339
internal_weight=10193.6 5093.04 5100.51 5033.52 66.9934 5009.93 5003.16 5052.97 49.9465 17.0469 40.067 4997.99 58.9434 14.3923 23.5848 5048.25 178.682 4939.05 74.2728 4869.57 173.199 4865.1 12.3042 167.783 34.3637 19.0268 69.2901 14.5523 4860.42 9.06742
internal_count=46080 23192 22888 22592 296 22486 22458 23015 222 74 177 22437 265 60 106 22996 809 22172 331 22187 787 22167 55 764 154 86 311 66 22146 41
is_linear=0
shrinkage=0.1


Tree=5
num_leaves=31
num_cat=0
split_feature=19 8 24 6 43 11 23 27 43 17 23 4 6 18 11 8 24 11 8 5 2 15 15 23 24 8 8 21 6 6
split_gain=18572.5 270.523 254.186 166.49 58.4762 28.0579 16.8815 10.024 7.87342 7.72737 7.06401 4.12632 3.82862 38.1733 1.40248 0.596876 21.3934 0.461442 6.86556 0.307248 0.19025 0.183636 0.178571 0.0680582 0.0496876 0.0131169 0.0100013 0.00452572 0.00403333 0.00272007
threshold=294.50000000000006 239.02812500000002 0.044492068000000003 45.930384850000003 0.18421783900000002 3368.0000000000005 0.021252902500000004 86.500000000000014 0.17143321700000003 106.50000000000001 0.033314418500000005 240.80973110000002 43.305771605000011 187.50000000000003 2967.5000000000005 250.97438910000002 0.055777727500000006 3148.5000000000005 218.84807690000002 1659.5000000000002 10.795094760000003 149.50000000000003 106.50000000000001 0.034805300500000004 0.054516741000000007 242.86884025000003 286.87962475000006 184.50000000000003 39.795163170000009 36.929401995000006
decision_type=2 2 2 2 2 2 2 2 2 2 2 2 2 2 2 2 2 2 2 2 2 2 2 2 2 2 2 2 2 2
left_child=2 10 4 5 8 6 -4 15 -1 25 20 -10 17 -14 -5 16 -3 -8 19 -19 24 27 -21 -18 -2 -6 -16 28 -17 -24
right_child=1 7 3 14 9 -7 12 -9 11 -11 -12 -13 13 -15 26 21 23 18 -20 22 -22 -23 29 -25 -26 -27 -28 -29 -30 -31
leaf_value=-0.14156748295417643 0.1433115166126849 0.058557704461250262 -0.038449060170080367 -0.08110695271207273 0.14325935387266989 -0.062386323296419077 0.14332082648098948 0.0044366713446793386 -0.10750867086384977 -0.0081396969154575085 0.012952391519820092 0.00048654852771850182 0.14332082648098948 -0.14156748295417643 -0.14745074108349948 -0.14464320233838698 -0.15329458938548157 0.16874600443416174 0.024015625998685498 0.12227230882857131 0.12253009627572614 -0.12242918076139263 0.14588725954232701 -0.14165044203177726 0.15458258282614001 0.15015944479947357 -0.14194033278017118 -0.14469303487713162 -0.14156733402075536 0.14331520955282723
leaf_weight=33.600184679031372 24.462396025657657 5.4961124062538138 5.1394090801477423 4.5513897240161922 7.5881436765193957 6.680874988436698 4606.2827114462852 4.7217992991209021 6.9655386805534345 4.4925708174705496 4.8400053381919852 7.189894050359726 50.61617374420166 5.1852136850357047 4.353746339678767 4.2670882344245902 5.1836372762918463 4.6334603279829016 5.1509311497211447 4.2535729557275763 4.2783693224191657 5.0160068720579138 4.4640768766403189 158.57597050070763 4.6556582301855078 4.3254122138023376 13.528083741664885 4.6454349607229224 4588.0784285962582 52.089808702468872
leaf_count=162 116 22 21 21 36 28 21841 19 29 18 20 31 240 25 20 20 23 20 23 20 20 24 21 764 21 20 65 22 22121 247
internal_value=-6.59762e-05 -0.139073 0.138455 0.141117 -0.0592572 0.142402 0.14269 -0.141194 -0.115213 0.10362 0.125858 -0.0526552 0.142887 0.116848 -0.130668 -0.141338 -0.135506 0.143198 0.135174 0.143923 0.14222 -0.141552 0.142032 -0.142019 0.145114 0.145765 -0.143282 -0.141573 -0.14157 0.143518
internal_weight=9645.31 4814.22 4831.09 4766.93 64.1617 4744.5 4737.82 4775.98 47.7556 16.4061 38.2364 14.1554 4732.68 55.8014 22.4332 4771.26 169.256 4676.87 70.5919 65.4409 33.3964 4602.01 60.8075 163.76 29.1181 11.9136 17.8818 4596.99 4592.35 56.5539
internal_count=46080 23192 22888 22592 296 22486 22458 23015 222 74 177 60 22437 265 106 22996 809 22172 331 308 157 22187 288 787 137 56 85 22163 22141 268
is_linear=0
shrinkage=0.1


Tree=6
num_leaves=31
num_cat=0
split_feature=19 8 24 6 43 11 23 21 27 43 24 2 6 18 2 8 24 11 8 5 6 15 14 8 23 0 7 8 2 28
split_gain=16101.1 234.856 221.51 144.235 49.8726 24.7352 15.0846 9.45302 9.22653 7.58202 6.78647 4.14562 3.30945 33.0837 1.46357 0.577724 18.9897 0.491302 8.25916 0.204833 0.195598 0.155369 0.116979 0.107902 0.044023 0.00649483 0.00629273 0.00503217 0.00387633 0.00309574
threshold=294.50000000000006 239.02812500000002 0.044492068000000003 45.930384850000003 0.18421783900000002 3368.0000000000005 0.021252902500000004 52.500000000000007 86.500000000000014 0.17778087200000001 0.056300077500000011 16.219433055000003 43.305771605000011 187.50000000000003 13.273920570000001 250.97438910000002 0.055777727500000006 3148.5000000000005 219.59487180000002 1659.5000000000002 39.415650410000005 106.50000000000001 705.50000000000011 242.86884025000003 0.034805300500000004 30.500000000000004 8635.5000000000018 231.15909090000002 11.026552730000001 114.50000000000001
decision_type=2 2 2 2 2 2 2 2 2 2 2 2 2 2 2 2 2 2 2 2 2 2 2 2 2 2 2 2 2 2
left_child=2 10 4 5 9 6 -4 23 15 22 27 -11 17 -14 26 16 -3 -8 19 -19 -17 -21 -1 -6 -18 -24 -5 -2 -23 -22
right_child=1 8 3 14 7 -7 12 -9 -10 11 -12 -13 13 -15 -16 20 24 18 -20 21 29 28 25 -25 -26 -27 -28 -29 -30 -31
leaf_value=-0.1184944014587308 0.13755368820537442 0.052684111965388275 -0.034821603863295074 -0.14119309193169657 0.13748549642600927 -0.056953332472657353 0.13753644852345839 -0.02922892295006322 0.003991626672821459 0.019834748583458503 0.018652753352425264 -0.094503863616862763 0.13753644852345839 -0.13608041813588376 -0.072798719590864189 -0.11404413697585575 -0.14576421215679153 0.15853736039839686 -0.0090910861510460385 0.118352434305923 -0.13608168978702506 0.13751952835289352 -0.13608041813588376 0.15752798136264076 -0.1361498537909871 -0.14043327618425405 -0.13677164030084971 0.14131228582201893 0.14073775230153746 -0.13880559797873743
leaf_weight=4.0321749895811072 26.593862265348438 5.4977911412715903 5.1089637279510489 4.3268411308527055 7.1392235904932004 6.591181978583335 4334.0118611752987 4.2762524932622901 4.7233393788337699 5.697370693087576 5.6331778764724723 7.1513710469007492 47.62432336807251 4.8710249364376059 4.3396657258272162 4.0303231924772254 4.9198253750801078 4.4480736255645743 4.0732838809490195 4.4665165543556204 4315.01725448668 49.796862855553627 24.744806677103046 4.3063869625329971 148.97804267704487 3.9790261387825003 12.570975720882414 4.1129858940839759 4.0468927025794974 4.1763774603605262
leaf_count=20 134 22 21 21 36 28 21841 18 19 24 23 31 240 25 21 20 23 20 18 22 22146 251 127 20 764 20 64 20 20 21
internal_value=-6.91003e-05 -0.133648 0.132807 0.135388 -0.0559588 0.136624 0.13691 0.09763 -0.135699 -0.108907 0.119548 -0.043804 0.137108 0.112148 -0.1246 -0.135846 -0.129933 0.137405 0.128897 0.137853 -0.136064 0.136275 -0.134444 0.145026 -0.136457 -0.136683 -0.137904 0.138057 0.137761 -0.136084
internal_weight=9071.29 4523.68 4547.6 4486.28 61.3266 4465.04 4458.45 15.7219 4487.34 45.6047 36.34 12.8487 4453.34 52.4953 21.2375 4482.62 159.396 4400.84 66.8316 62.7583 4323.22 58.3103 32.756 11.4456 153.898 28.7238 16.8978 30.7068 53.8438 4319.19
internal_count=46080 23192 22888 22592 296 22486 22458 74 23015 222 177 55 22437 265 106 22996 809 22172 331 313 22187 293 167 56 787 147 85 154 271 22167
is_linear=0
shrinkage=0.1


Tree=7
num_leaves=31
num_cat=0
split_feature=19 8 24 6 1 36 14 29 36 27 24 16 17 6 18 8 11 12 8 24 2 8 6 23 14 14 24 8 2 8
split_gain=14036.9 205.043 194.35 125.695 44.7667 42.8645 20.511 16.046 13.7743 8.58067 6.36079 3.82493 1.50552 1.46597 14.0873 17.9323 0.69802 0.644861 0.563384 17.0014 0.202118 0.0482906 0.703016 0.0290315 0.0248754 0.0573072 0.165905 0.0506439 0.0116746 0.0108813
threshold=294.50000000000006 239.02812500000002 0.044492068000000003 45.801662205000007 10.500000000000002 4.5000000000000009 943.50000000000011 1.0228917310000003 4.5000000000000009 86.500000000000014 0.056300077500000011 375.50000000000006 106.50000000000001 40.231663685000008 192.50000000000003 231.15909090000002 2947.5000000000005 52.500000000000007 250.97438910000002 0.055777727500000006 9.6436507935000026 221.94963370000002 39.564271590000011 0.034805300500000004 895.50000000000011 886.50000000000011 0.054430695000000008 215.24357280000001 13.494565485000001 287.50998165000004
decision_type=2 2 2 2 2 2 2 2 2 2 2 2 2 2 2 2 2 2 2 2 2 2 2 2 2 2 2 2 2 2
left_child=2 10 4 6 5 11 8 -5 -4 18 -2 -1 28 17 -15 -16 -6 21 19 -3 -20 24 -23 -21 25 -10 -27 -26 -7 -9
right_child=1 9 3 7 16 12 -8 29 13 -11 -12 -13 -14 14 15 -17 -18 -19 20 23 -22 22 -24 -25 27 26 -28 -29 -30 -31
leaf_value=-0.036584049262860477 0.1331530988805095 0.04747462606380265 -0.0064365948530028961 0.093787494928126838 -0.13149733566365374 0.13928883076339271 -0.048943188563558837 -0.13735426130178899 0.13272395648208246 0.0035913876437987861 0.016830209369983525 -0.14268473289902872 0.20601847925782124 0.13273334552342164 0.13322977656835008 -0.13763301190568561 -0.1738483719770465 0.17260480591167407 -0.10937100300058725 -0.13959095461283186 -0.13149422435630195 0.13282896345162276 0.089498190799070745 -0.1315487243561578 0.13268625858358415 0.13357324089963782 0.10841165297279137 0.14651652421259234 0.13247074037074877 -0.13229103701034645
leaf_weight=6.6342191398143786 28.754421561956406 5.491259664297103 7.1563922166824332 3.6614820361137417 25.501482486724857 4.1023824810981733 6.2616975456476203 6.089487940073016 3975.6091269999743 4.7246859520673743 5.6196178495883933 6.9646644443273544 4.1772680431604376 91.777856484055519 5.2328125983476621 4.5865435749292374 4.5925568789243689 4.0486126244068137 4.1338309198617926 4.6381446421146384 4037.1742516160011 53.562940657138824 4.0257329344749442 139.26927097141743 7.9832772165536863 8.6005145907402021 3.7688090056180945 3.9615400582551956 6.4756576716899872 14.009042367339132
leaf_count=28 154 22 34 19 140 21 27 31 21403 19 23 34 17 494 28 23 21 20 22 23 22165 288 21 764 43 46 20 19 35 76
internal_value=-7.1181e-05 -0.129104 0.128084 0.130603 -0.053011 0.037151 0.131908 -0.0987494 0.13218 -0.131097 0.114136 -0.0909235 0.155188 0.132418 0.120553 0.00671191 -0.13796 0.132715 -0.131249 -0.125218 -0.131472 0.132675 0.1298 -0.131808 0.132716 0.132703 0.125907 0.137273 0.135115 -0.133825
internal_weight=8488.59 4229.81 4258.78 4200.34 58.4482 28.3542 4176.58 23.76 4170.31 4195.43 34.374 13.5989 14.7553 4163.16 101.597 9.81936 30.094 4061.56 4190.71 149.399 4041.31 4057.51 57.5887 143.907 3999.92 3987.98 12.3693 11.9448 10.578 20.0985
internal_count=46080 23192 22888 22592 296 135 22466 126 22439 23015 177 62 73 22405 545 51 161 21860 22996 809 22187 21840 309 787 21531 21469 66 62 56 107
is_linear=0
shrinkage=0.1


Tree=8
num_leaves=31
num_cat=0
split_feature=19 8 24 6 1 36 11 21 36 27 23 16 6 18 5 11 8 23 44 12 17 2 8 23 24 11 19 8 2 8
split_gain=12294.3 179.86 171.192 110.232 39.0973 36.5994 18.4176 14.9512 12.865 8.04984 6.21544 3.54848 1.30844 12.457 15.7698 0.925442 0.560997 4.23194 0.498602 0.473002 0.286162 0.221933 0.205489 5.23608 0.0652409 0.0557362 1.07189 0.0144051 0.0130654 0.00503225
threshold=294.50000000000006 239.02812500000002 0.044492068000000003 45.801662205000007 10.500000000000002 4.5000000000000009 3368.0000000000005 65.500000000000014 4.5000000000000009 86.500000000000014 0.033314418500000005 375.50000000000006 40.231663685000008 192.50000000000003 1652.5000000000002 2553.0000000000005 244.80777060000005 0.034696455500000008 137.50000000000003 52.500000000000007 179.50000000000003 10.795094760000003 250.97438910000002 0.034483693000000003 0.054591212500000007 3148.5000000000005 267.50000000000006 285.54142905000003 11.099303490000002 217.46761135000003
decision_type=2 2 2 2 2 2 2 2 2 2 2 2 2 2 2 2 2 2 2 2 2 2 2 2 2 2 2 2 2 2
left_child=2 10 4 6 5 11 8 -5 -4 16 21 -1 19 -14 -15 -7 17 -3 -6 25 22 24 23 -18 -2 -10 -27 -9 29 -28
right_child=1 9 3 7 18 15 -8 27 12 -11 -12 -13 13 14 -16 -17 20 -19 -20 -21 -22 -23 -24 -25 -26 26 28 -29 -30 -31
leaf_value=-0.033158060096238944 0.12861561565392648 -0.015956131925410053 -0.0057867403008532055 0.094578151711291691 -0.12819039478327715 0.13005629625548598 -0.044655354661437781 -0.13523885979042974 0.12864857657876988 0.0032314014268327428 0.0030699225371528856 -0.13711290211167468 0.12866466905574575 -0.12857056592232993 0.13270714170583484 0.1855041958243705 -0.014984287138800968 -0.12802300029533403 -0.16852202804307681 0.16365702749846228 -0.098491335363326757 0.10418356213194054 -0.12761604891952746 -0.12766572006241597 0.14303873282722893 0.07660694063607465 0.12865158598536461 -0.12858794823066294 0.13474791475342934 0.13252367573748755
leaf_weight=6.5901159793138522 20.412465274333961 3.8573941439390209 7.1636451780796042 3.5149189531803158 24.649051412940029 9.64165550470352 6.1810344606637946 4.1853484511375454 3726.8036767095327 4.7258656322956076 4.7052928805351248 6.5445354282855988 85.533152461051941 4.4682184904813749 4.7826458066701889 4.3763747364282599 4.2941006124019614 26.649218425154686 3.5005331784486762 3.8530586063861838 3.4053986221551886 3.5905819088220587 3759.4600148648024 104.00313150882721 3.7055017054080954 4.1548028439283362 42.755034074187279 14.674042060971258 4.2509057819843283 3.6423109620809546
leaf_count=28 118 18 34 19 145 55 27 22 21530 19 20 34 494 24 27 18 18 156 16 20 20 20 22171 613 19 20 247 85 23 20
internal_value=-7.31277e-05 -0.125256 0.124087 0.126554 -0.0506263 0.0349851 0.127826 -0.0947735 0.1281 -0.127202 0.109333 -0.0849551 0.128347 0.116742 0.00650857 0.147367 -0.12736 -0.113853 -0.133206 0.128638 -0.127467 0.127378 -0.127492 -0.123198 0.130832 0.128602 0.125436 -0.130064 0.129442 0.128956
internal_weight=7910.07 3938.81 3971.27 3915.96 55.3023 27.1527 3893.59 22.3743 3887.41 3906.4 32.4138 13.1347 3880.24 94.784 9.25086 14.018 3901.67 30.5066 28.1496 3785.46 3871.16 27.7085 3867.76 108.297 24.118 3781.61 54.8031 18.8594 50.6483 46.3973
internal_count=46080 23192 22888 22592 296 135 22466 126 22439 23015 177 62 22405 545 51 73 22996 174 161 21860 22822 157 22802 631 137 21840 310 107 290 267
is_linear=0
shrinkage=0.1


Tree=9
num_leaves=31
num_cat=0
split_feature=19 8 24 6 1 36 14 10 36 26 1 6 16 6 18 41 8 23 7 43 5 24 17 8 23 21 11 39 5 8
split_gain=10810.3 158.399 151.375 97.0815 34.3087 31.4596 16.7906 14.1536 12.1094 10.8249 6.25501 8.8556 3.3161 1.18501 11.1154 13.8524 0.852249 6.19752 0.593158 0.528743 0.454787 0.308162 0.290101 0.216475 5.05061 0.21039 0.0645365 1.25113 0.0755457 0.0129911
threshold=294.50000000000006 239.02812500000002 0.044492068000000003 45.801662205000007 10.500000000000002 4.5000000000000009 943.50000000000011 636.50000000000011 4.5000000000000009 20.500000000000004 17.500000000000004 39.692127180000007 375.50000000000006 40.231663685000008 192.50000000000003 0.13954171550000002 244.80777060000005 0.034530291000000012 7006.5000000000009 0.17251309800000003 1828.5000000000002 0.055460693000000012 179.50000000000003 250.97438910000002 0.034483693000000003 185.50000000000003 3148.5000000000005 0.062541630500000014 1659.5000000000002 284.83350500000006
decision_type=2 2 2 2 2 2 2 2 2 2 2 2 2 2 2 2 2 2 2 2 2 2 2 2 2 2 2 2 2 2
left_child=2 10 4 6 5 12 8 -5 -4 16 11 -2 -1 20 -15 -16 17 -3 -7 -6 26 -12 23 24 -18 -25 -10 28 -28 -9
right_child=1 9 3 7 19 18 -8 29 13 -11 21 -13 -14 14 15 -17 22 -19 -20 -21 -22 -23 -24 25 -26 -27 27 -29 -30 -31
leaf_value=-0.030049887976727085 0.1300184588452323 0.013525242918124323 -0.0052031229975850564 0.099600890992855393 -0.12419986664223269 0.12525737399328396 -0.041498381391935818 -0.13187663324291343 0.12518972426046654 0.058909471985917554 0.1253017991473456 -0.087905168390753186 -0.13244033896896124 0.12520404571321958 0.12914987741944278 -0.12287223873378726 -0.013491443215496741 -0.12476277514997794 0.16949718262586688 -0.16979157367325981 0.16479991698572316 0.15569283005458395 -0.094150857854742809 -0.12430614669386644 -0.12435095687805149 -0.14933665760571521 0.14040964435517414 0.076301453394106267 0.12577862590735744 -0.12516161415484095
leaf_weight=6.5469349175691622 3.8822375088930157 3.7213042080402401 7.1700931340456 3.2797869294881847 23.370833471417431 8.5210152119398099 6.0944994539022437 3.6201847344636944 3461.2252091318369 3.2372547090053549 19.01137533783913 3.5881431251764297 6.1197419464588165 79.421551391482353 4.4749717116355878 4.2544353008270264 4.2924122214317313 25.097090497612953 4.7036829888820639 2.8544223159551612 2.8934155255556098 4.0466622561216345 3.2160578817129126 3485.4216321706772 96.484169498085976 3.3612842708826056 3.8545362800359717 5.4451651573181143 41.79540042579174 14.11085984110832
leaf_count=28 23 17 34 18 149 53 27 20 21535 13 118 17 34 494 27 24 18 158 20 12 15 19 20 22158 613 18 20 32 258 88
internal_value=-7.43575e-05 -0.12196 0.120675 0.1231 -0.0485443 0.0331132 0.124345 -0.0912332 0.124625 -0.123871 0.104871 0.0253463 -0.0795185 0.124883 0.113431 0.00632231 -0.124034 -0.106906 0.140992 -0.129162 0.12517 0.130635 -0.124171 -0.124198 -0.119629 -0.12433 0.125138 0.12161 0.127014 -0.126533
internal_weight=7345.12 3655.36 3689.76 3637.64 52.1166 25.8914 3616.63 21.0108 3610.53 3624.83 30.5284 7.47038 12.6667 3603.36 88.151 8.72941 3621.59 28.8184 13.2247 26.2253 3515.21 23.058 3592.78 3589.56 100.777 3488.78 3512.32 51.0951 45.6499 17.731
internal_count=46080 23192 22888 22592 296 135 22466 126 22439 23015 177 40 62 22405 545 51 23002 175 73 161 21860 137 22827 22807 631 22176 21845 310 278 108
is_linear=0
shrinkage=0.1


Tree=10
num_leaves=31
num_cat=0
split_feature=19 8 24 6 1 36 14 10 36 26 24 16 6 18 8 8 24 17 43 5 15 8 23 28 11 19 8 8 21 4
split_gain=9537.19 140.047 134.318 85.7917 30.2088 27.1863 15.2807 12.4185 11.4743 9.82294 5.99972 3.11446 1.07793 9.95959 12.2862 0.866862 6.17537 0.390916 0.345899 0.326417 0.30954 0.227147 4.89561 0.186468 0.0796071 1.30513 0.0141104 0.00890628 0.0043903 0.00420982
threshold=294.50000000000006 239.02812500000002 0.044492068000000003 45.801662205000007 10.500000000000002 4.5000000000000009 943.50000000000011 636.50000000000011 4.5000000000000009 20.500000000000004 0.056300077500000011 375.50000000000006 40.231663685000008 192.50000000000003 231.15909090000002 244.80777060000005 0.056204892000000006 106.50000000000001 0.17251309800000003 1828.5000000000002 150.50000000000003 250.97438910000002 0.034483693000000003 117.50000000000001 3148.5000000000005 267.50000000000006 216.80243900000002 284.83350500000006 42.500000000000007 218.56583510000004
decision_type=2 2 2 2 2 2 2 2 2 2 2 2 2 2 2 2 2 2 2 2 2 2 2 2 2 2 2 2 2 2
left_child=2 10 4 6 5 11 8 -5 -4 15 29 -1 19 -14 -15 16 -3 28 -6 24 21 22 -17 -23 -10 -26 -27 -9 -7 -2
right_child=1 9 3 7 18 17 -8 27 12 -11 -12 -13 13 14 -16 20 -18 -19 -20 -21 -22 23 -24 -25 25 26 -28 -29 -30 -31
leaf_value=-0.027227797455108484 0.12227479145237528 0.019657967763894391 -0.0046788565285751371 0.091143392240343901 -0.121373622899311 0.12205714231407623 -0.03784594040096631 -0.12796949649069864 0.12222563408932552 0.052859854910648763 0.0063684563670113291 -0.1284822419440263 0.12223803466071635 0.12358756090877276 -0.12115824799362691 -0.012147918800167181 -0.12194300558310232 0.16191990404662182 -0.15903995471318344 0.15665056410671718 -0.089205563757560738 -0.1214646513131579 -0.12150445150029765 -0.14738411102397667 0.062102749254282601 0.12227717645715191 0.12743633223560821 -0.12220379380714393 0.12685697809888996 0.12568074129317694
leaf_weight=6.5052366703748721 18.759410887956626 3.5465211421251324 7.1758326441049567 3.2284873723983791 21.613710418343548 5.6257621645927411 6.0185325741767874 3.3704815506935146 3203.8590152710676 3.2464094907045355 5.4503783434629431 5.6990737020969391 73.51691135764122 4.2749408483505231 3.9428801983594894 4.2905288040637961 23.406193897128105 3.8991432934999457 2.7480344027280799 2.7470997720956793 2.9991752356290808 3224.1046629846096 89.241786435246468 2.7779612094163886 3.8266935348510733 37.537614017724991 6.1730824559926978 13.061051756143568 2.8818106353282928 4.4994065314531317
leaf_count=28 126 16 34 18 149 38 27 20 21535 13 23 34 494 28 23 18 159 17 12 15 20 22161 613 15 20 252 38 88 18 28
internal_value=-7.51688e-05 -0.119121 0.117738 0.120129 -0.0466819 0.031459 0.121351 -0.0881573 0.121638 -0.121004 0.100804 -0.0745108 0.12191 0.110567 0.00615943 -0.121172 -0.103311 0.1357 -0.125622 0.122194 -0.121317 -0.121346 -0.116488 -0.121487 0.122165 0.118103 0.123006 -0.123386 0.123683 0.122934
internal_weight=6800.03 3382.32 3417.71 3368.73 48.9728 24.611 3349.07 19.66 3343.05 3353.61 28.7092 12.2043 3335.88 81.7347 8.21782 3350.37 26.9527 12.4067 24.3617 3254.14 3323.41 3320.41 93.5323 3226.88 3251.4 47.5374 43.7107 16.4315 8.50757 23.2588
internal_count=46080 23192 22888 22592 296 135 22466 126 22439 23015 177 62 22405 545 51 23002 175 73 161 21860 22827 22807 631 22176 21845 310 290 108 56 154
is_linear=0
shrinkage=0.1


Tree=11
num_leaves=31
num_cat=0
split_feature=19 8 6 1 36 2 16 26 23 7 5 2 42 8 23 10 17 8 24 17 6 28 24 24 7 14 11 19 17 16
split_gain=8438.25 124.15 119.909 97.2587 40.5946 38.1914 9.98616 8.96903 6.64202 4.91799 4.75681 1.38388 1.06294 0.882495 6.18185 0.450181 0.321731 0.239757 5.46006 0.155437 0.145318 0.133634 0.131385 0.12984 0.261489 0.0984207 0.0818933 1.3562 0.0254733 0.0168673
threshold=294.50000000000006 239.02812500000002 40.231663685000008 10.500000000000002 4.5000000000000009 12.210347850000002 376.50000000000006 20.500000000000004 0.034696455500000008 9058.5000000000018 1844.5000000000002 12.641025160000002 0.093039346000000009 244.80777060000005 0.034357372500000004 602.50000000000011 179.50000000000003 250.97438910000002 0.056123827500000008 125.50000000000001 45.66767826000001 117.50000000000001 0.055694358000000006 0.044492068000000003 7006.5000000000009 629.50000000000011 3148.5000000000005 267.50000000000006 123.50000000000001 588.50000000000011
decision_type=2 2 2 2 2 2 2 2 2 2 2 2 2 2 2 2 2 2 2 2 2 2 2 2 2 2 2 2 2 2
left_child=2 8 10 4 6 9 -4 13 12 -5 11 26 22 14 -3 -7 17 18 -15 28 23 -19 -2 24 -6 -8 -1 -28 -17 -30
right_child=1 7 3 5 20 15 25 -9 -10 -11 -12 -13 -14 16 -16 19 -18 21 -20 -21 -22 -23 -24 -25 -26 -27 27 -29 29 -31
leaf_value=0.11967265558407439 0.12013851822307563 0.025955662924384688 0.018616314988632247 0.12010122079576824 0.11969849394086901 -0.091394883280413397 -0.12710193342629614 0.047520119657944407 -0.059113337284014189 -0.012602833250527509 0.021456492817828039 0.19026308341103493 0.07151391639908522 0.0020996690703235332 -0.11954265675737141 -0.11932140348264375 -0.085101412616664665 -0.11900968507669184 -0.11913621916043918 -0.13829145146851748 0.13974743509578286 -0.14164678628907806 0.14398609267011284 0.11966687242019203 0.15078378206360335 -0.15039639500999805 0.057560946623613246 0.12061736574454374 -0.13150814513430406 -0.12102778027403981
leaf_weight=2957.250615209341 16.83285677433015 3.3720634728670147 9.2499506175518054 8.5949434041976911 7.2765439897775632 4.9863468110561362 3.9408233761787406 3.2498489022254935 2.4712051302194586 4.1367908865213385 4.9391643702983847 2.7747179269790641 4.9472251385450354 3.8894441723823538 21.788384407758713 26.973061442375183 2.822575330734252 2974.3696770071983 82.730593800544739 5.8777577280998221 4.704919606447219 2.6100896894931784 2.6777609735727301 58.230881333351135 4.3083345592021942 3.3603819608688354 3.7214288860559455 40.871107570827007 3.1838252842426291 2.9664550721645355
leaf_count=21530 121 15 43 62 53 33 24 13 10 24 24 17 32 16 160 199 20 22161 615 33 31 15 14 424 20 18 20 293 19 21
internal_value=-7.58481e-05 -0.11666 0.115194 0.0272528 0.0912725 -0.0755411 -0.0503938 -0.11852 0.0971274 0.0769831 0.119513 0.119674 0.112914 -0.118694 -0.100043 -0.119688 -0.118848 -0.118879 -0.113692 -0.123305 0.122737 -0.11903 0.123412 0.12159 0.131259 -0.137823 0.119609 0.115355 -0.120646 -0.126453
internal_weight=6279.11 3121.76 3157.35 147.791 91.0718 56.7192 16.5512 3094.83 26.929 12.7317 3009.56 3004.62 24.4578 3091.58 25.1604 43.9874 3066.42 3063.6 86.62 39.0011 74.5207 2976.98 19.5106 69.8158 11.5849 7.30121 3001.84 44.5925 33.1233 6.15028
internal_count=46080 23192 22888 1004 613 391 85 23015 177 86 21884 21860 167 23002 175 305 22827 22807 631 272 528 22176 135 497 73 42 21843 313 239 40
is_linear=0
shrinkage=0.1


Tree=12
num_leaves=31
num_cat=0
split_feature=19 8 6 1 36 2 16 26 2 5 11 2 8 24 10 15 8 23 24 6 17 19 11 19 41 14 17 2 16 24
split_gain=7484.14 110.353 108.28 85.2187 36.3876 33.5865 8.8355 8.23729 6.29359 4.75742 4.56663 1.18268 0.898044 6.21491 0.541363 0.345796 0.251039 6.08417 0.234778 0.119435 0.1093 0.0964204 0.0957581 1.39582 0.0917403 0.0688566 0.0181857 0.0127551 0.0119545 0.00963373
threshold=294.50000000000006 239.02812500000002 40.231663685000008 10.500000000000002 4.5000000000000009 12.210347850000002 376.50000000000006 20.500000000000004 10.826288275000001 1844.5000000000002 3119.5000000000005 12.702861745000002 244.80777060000005 0.056007762500000009 602.50000000000011 150.50000000000003 250.97438910000002 0.034357372500000004 0.055927353500000006 45.66767826000001 125.50000000000001 559.50000000000011 3148.5000000000005 267.50000000000006 0.14746746000000002 629.50000000000011 123.50000000000001 11.521744445000001 588.50000000000011 0.043245386000000004
decision_type=2 2 2 2 2 2 2 2 2 2 2 2 2 2 2 2 2 2 2 2 2 2 2 2 2 2 2 2 2 2
left_child=2 8 9 4 6 10 -4 12 18 11 -5 22 13 -3 -7 16 17 -14 -2 24 26 -18 -1 -24 -6 -8 -16 -19 -28 -26
right_child=1 7 3 5 19 14 25 -9 -10 -11 -12 -13 15 -15 20 -17 21 27 -20 -21 -22 -23 23 -25 29 -27 28 -29 -30 -31
leaf_value=0.11745376277811073 0.11774574024571614 0.032552654057069801 0.016745581732830903 0.11787404126087711 0.13084068316392325 -0.085011452822052885 -0.12390166604897457 0.042778507601490934 0.0059563614530815353 0.019281677227220979 -0.011776477836176157 0.18777625555095279 0.017911484882906049 -0.11749880883021974 -0.11714917596238877 -0.080446405098920593 -0.11687713554471496 -0.11686403129679507 0.15084122750913823 0.13622775750813557 -0.13363937246056737 -0.13674218009016922 0.05330746124372502 0.11830295278056667 0.123283194696575 -0.14404777660725981 -0.12781913169674211 -0.12416702428773706 -0.11864866252685879 0.11760504331085334
leaf_weight=2724.0107525661588 16.610291674733169 3.1958249807357815 9.2547056972980517 7.9310513734817487 6.0588014274835578 4.8329537510871878 3.6531269401311866 3.2490676492452613 6.1884226948022834 4.9462356194853774 4.1321986615657806 2.3886924237012854 3.4899609684944144 20.253980852663517 24.83543332666159 2.6285555064678183 2737.9351101741195 74.088489197194576 2.4610773697495452 4.3615050688385955 5.4938945546746245 2.4455552771687499 3.6218896210193625 37.667840495705605 3.1590290367603293 3.1675780713558197 2.9596690982580176 2.4713317006826392 2.7352015003561974 55.190786279737949
leaf_count=21532 130 14 43 62 40 33 24 13 35 24 24 15 14 161 199 20 22161 600 12 31 33 15 20 293 22 18 19 17 21 435
internal_value=-7.65565e-05 -0.114512 0.112967 0.0264361 0.0885507 -0.0731502 -0.0468999 -0.116356 0.0935829 0.117267 0.073463 0.117442 -0.116538 -0.0970492 -0.116438 -0.1167 -0.116734 -0.111214 0.122017 0.120213 -0.120654 -0.116895 0.117381 0.112602 0.119129 -0.133258 -0.118318 -0.1171 -0.123415 0.117912
internal_weight=5785.42 2875.02 2910.4 137.766 84.8455 52.9204 16.0754 2849.76 25.2598 2772.64 12.0633 2767.69 2846.51 23.4498 40.8572 2823.06 2820.43 80.0498 19.0714 68.7701 36.0242 2740.38 2765.3 41.2897 64.4086 6.82071 30.5303 76.5598 5.69487 58.3498
internal_count=46080 23192 22888 1004 613 391 85 23015 177 21884 86 21860 23002 175 305 22827 22807 631 142 528 272 22176 21845 313 497 42 239 617 40 457
is_linear=0
shrinkage=0.1


Tree=13
num_leaves=31
num_cat=0
split_feature=19 8 6 1 36 2 16 26 1 37 5 39 10 8 24 2 23 17 8 23 24 11 15 6 17 19 41 41 17 17
split_gain=6651.97 98.3611 98.0609 74.7986 32.7461 29.5934 7.85357 7.60724 6.38745 10.5405 4.76239 4.31362 0.992889 0.912264 5.73284 0.890602 0.429503 0.36314 0.259999 5.731 0.229473 0.110633 1.84109 0.0973689 0.0782122 0.069725 0.0679143 0.0547926 0.0145381 0.0129779
threshold=294.50000000000006 239.02812500000002 40.231663685000008 10.500000000000002 4.5000000000000009 12.210347850000002 376.50000000000006 20.500000000000004 17.500000000000004 0.047625394500000008 1844.5000000000002 0.079209784500000005 594.50000000000011 244.80777060000005 0.056007762500000009 12.702861745000002 0.029081714000000005 179.50000000000003 250.97438910000002 0.034357372500000004 0.055870742500000008 3148.5000000000005 104.50000000000001 45.66767826000001 125.50000000000001 559.50000000000011 0.14746746000000002 0.16667705300000002 121.50000000000001 123.50000000000001
decision_type=2 2 2 2 2 2 2 2 2 2 2 2 2 2 2 2 2 2 2 2 2 2 2 2 2 2 2 2 2 2
left_child=2 8 10 4 6 11 -4 13 9 -2 15 16 -7 14 -3 21 -5 18 19 -15 -10 -1 -23 26 29 -20 -6 -8 -18 -14
right_child=1 7 3 5 23 12 27 -9 20 -11 -12 -13 24 17 -16 -17 28 -19 25 -21 -22 22 -24 -25 -26 -27 -28 -29 -30 -31
leaf_value=0.11551964457898317 0.11979765036020043 0.029185279039493264 0.015065141634847368 0.071580046046227377 0.12748253617616939 -0.058532598964217898 -0.13957623627680515 0.038548387473738913 0.1160863287621255 -0.13971013063478838 0.017332092146611765 -0.035747369521272304 -0.11530545898396155 0.016138001516284313 -0.11556573360269209 0.1780589690126114 0.11600298164033745 -0.076524244277295123 -0.115015620397452 -0.11521304180908937 0.1472747260783312 0.031842291956841622 0.11625868728031015 0.133076957095631 -0.1296591842793624 -0.13251176569220877 0.11592747290199755 -0.12090888459998933 0.12591775195554541 -0.12078041293834596
leaf_weight=2503.9279845356941 3.5032806470990208 3.2074409872293499 9.2581239938735944 2.5721802711486799 5.6191677600145331 3.0271948575973502 2.8681213036179534 3.2452301532030097 14.625077515840532 2.8291366398334503 4.952019862830638 2.8801258727908126 24.487705618143085 3.4863358438014975 18.617314152419567 2.2731850594282141 3.2986014783382416 2.4733313694596282 2515.4312402680516 70.350148051977158 2.8128109574317923 2.7870730906724921 35.385528817772865 4.0350841954350463 5.1157440990209571 2.2798021063208571 53.654499799013138 3.4804393649101257 2.6808589100837708 5.2594724074006072
leaf_count=21532 27 14 43 20 40 19 17 13 123 13 24 19 213 14 161 15 28 20 22161 617 14 14 299 31 33 15 457 25 19 40
internal_value=-7.72046e-05 -0.112624 0.111011 0.0256849 0.0860629 -0.0709203 -0.0436776 -0.114462 0.0898791 0.00385725 0.115303 0.0701007 -0.113468 -0.114652 -0.0942926 0.115494 0.10575 -0.114823 -0.11486 -0.109011 0.121117 0.115438 0.110095 0.118046 -0.118238 -0.115031 0.117023 -0.129342 0.120448 -0.116273
internal_weight=5320.42 2642.86 2677.56 128.237 78.9154 49.3219 15.6067 2619.09 23.7703 6.33242 2549.33 11.4318 37.8901 2615.85 21.8248 2544.37 8.55164 2594.02 2591.55 73.8365 17.4379 2542.1 38.1726 63.3088 34.8629 2517.71 59.2737 6.34856 5.97946 29.7472
internal_count=46080 23192 22888 1004 613 391 85 23015 177 40 21884 86 305 23002 175 21860 67 22827 22807 631 137 21845 313 528 286 22176 497 42 47 253
is_linear=0
shrinkage=0.1


Tree=14
num_leaves=31
num_cat=0
split_feature=19 6 8 1 6 2 27 1 2 11 19 7 21 10 19 4 45 12 43 2 36 15 23 24 43 23 11 15 6 8
split_gain=5923.38 89.0872 87.8631 65.7381 30.4593 26.1395 20.9054 5.83205 9.99841 5.15409 4.55903 4.35224 1.29206 1.1376 1.0654 0.715215 18.7114 0.429888 0.327856 0.751739 0.417108 0.315404 0.242873 0.159416 0.140331 1.6348 0.131718 1.84046 0.127065 0.0962706
threshold=294.50000000000006 40.231663685000008 239.02812500000002 10.500000000000002 41.908738390000003 12.210347850000002 167.00000000000003 17.500000000000004 10.764455710000002 3368.0000000000005 169.50000000000003 9058.5000000000018 40.500000000000007 582.50000000000011 572.50000000000011 244.63852235000004 87.500000000000014 71.500000000000014 0.18137003800000004 13.320110040000001 4.5000000000000009 124.50000000000001 0.034357372500000004 0.055870742500000008 0.11366757350000002 0.036177539000000009 3148.5000000000005 104.50000000000001 45.66767826000001 248.03420850000003
decision_type=2 2 2 2 2 2 2 2 2 2 2 2 2 2 2 2 2 2 2 2 2 2 2 2 2 2 2 2 2 2
left_child=1 9 7 4 12 11 14 8 -2 21 -6 -5 -3 -7 15 16 22 24 19 -12 -20 26 -4 -9 25 -17 -1 -28 -22 -26
right_child=2 3 6 5 10 13 -8 23 -10 -11 18 -13 -14 -15 -16 17 -18 -19 20 -21 28 -23 -24 -25 29 -27 27 -29 -30 -31
leaf_value=0.11383263522578009 0.12367602970383436 -0.048329093263524553 -0.14591703155574731 0.11473909728002839 0.0027705019643357214 -0.050719170425809805 0.19246048443413666 0.11432568420331068 -0.13285650142067754 0.0016552985131801771 0.12274460355810096 -0.016568987810507994 -0.12215878054676957 -0.11623561912320131 -0.18443540365689315 -0.034139735115361433 0.14916563621825024 -0.068607416219048464 0.15224014146361306 0.050299517729111912 0.11439198217463092 0.15100883733926107 -0.11359540997670559 0.14116626042488944 -0.12053931777655287 -0.11340818524707251 0.0290894930824112 0.11433900154488148 0.1367499607169797 -0.11336483961641493
leaf_weight=2298.5298882201314 3.2550088465213802 5.0163488090038282 2.4347254931926718 6.8896141275763494 3.8252135738730422 2.8881676793098441 2.2414387315511695 13.426624201238157 2.84920634329319 4.1071644872426978 3.4918247088789931 3.9838533326983452 4.4939505383372307 32.172748230397701 2.0906324684619895 2.8274053186178199 2.8203841596841803 2.1515381410717955 3.3045056462287894 2.4285415261983871 48.080788969993591 2.2729755267500868 51.510597221553326 2.6494831442832938 18.857383400201797 32.597077526152134 2.7478777915239325 32.304858773946762 2.6837951168417922 2285.6039505898952
leaf_count=21541 26 23 15 62 31 18 9 123 14 18 28 24 28 287 9 23 13 19 17 21 444 13 490 14 172 313 14 298 21 21952
internal_value=-7.74471e-05 0.109282 -0.110966 0.0249748 0.083738 -0.0688287 -0.112795 0.0871519 0.00393679 0.113579 0.108619 0.0666301 -0.0832162 -0.110839 -0.11308 -0.113018 -0.101927 -0.113286 0.115369 0.0930275 0.117815 0.113776 -0.115054 0.118749 -0.113328 -0.107081 0.11374 0.107656 0.115574 -0.113424
internal_weight=4884.54 2459.22 2425.32 119.259 73.325 45.9344 2403.14 22.1803 6.10422 2339.96 63.8147 10.8735 9.5103 35.0609 2400.89 2398.8 56.7657 2342.04 59.9895 5.92037 54.0691 2335.86 53.9453 16.0761 2339.89 35.4245 2333.58 35.0527 50.7646 2304.46
internal_count=46080 22888 23192 1004 613 391 23015 177 40 21884 562 86 51 305 23006 22997 518 22479 531 49 482 21866 505 137 22460 336 21853 312 465 22124
is_linear=0
shrinkage=0.1


Tree=15
num_leaves=31
num_cat=0
split_feature=19 6 8 1 36 2 27 16 24 5 11 10 19 8 45 20 2 16 11 15 6 24 17 17 24 14 17 16 14 8
split_gain=5282.92 81.3949 78.6368 57.6871 27.78 23.139 18.2514 6.50599 5.41332 5.09745 4.03252 1.22957 0.72419 0.715135 28.329 1.4353 0.687864 0.461586 0.138166 1.8566 0.0617619 0.0427527 0.0711411 0.041852 0.0298846 0.0201612 0.00710963 0.00476851 0.00377182 0.0051281
threshold=294.50000000000006 40.231663685000008 239.02812500000002 10.500000000000002 4.5000000000000009 12.210347850000002 167.00000000000003 376.50000000000006 0.056300077500000011 1844.5000000000002 3119.5000000000005 582.50000000000011 572.50000000000011 250.97438910000002 87.500000000000014 65.500000000000014 12.702861745000002 1007.5000000000001 3148.5000000000005 104.50000000000001 45.66767826000001 0.044492068000000003 106.50000000000001 125.50000000000001 0.056385697000000005 629.50000000000011 123.50000000000001 588.50000000000011 906.50000000000011 213.05409360000002
decision_type=2 2 2 2 2 2 2 2 2 2 2 2 2 2 2 2 2 2 2 2 2 2 2 2 2 2 2 2 2 2
left_child=1 9 8 4 7 10 12 -3 -2 16 -5 -7 13 14 15 -4 18 -15 -1 -20 21 22 -6 26 -17 -9 -13 -28 -21 -30
right_child=2 3 6 5 20 11 -8 25 -10 -11 -12 23 -14 17 -16 24 -18 -19 19 28 -22 -23 -24 -25 -26 -27 27 -29 29 -31
leaf_value=0.11233888275635846 0.11328071230120365 0.012553477605198565 -0.19174966540842525 0.1131805741305896 0.1135353401755082 -0.04595122179411399 0.17634249524417589 -0.1183947897045798 -0.0065585922451191509 0.009692075104591304 -0.015265527309939759 -0.11214930497853826 -0.17133062996477477 -0.11195230426011121 0.17858154576889493 -0.12349511354551335 0.16985020468015541 -0.062293864196721851 0.026550053215144011 0.11252101998641338 0.12752064253930223 0.11234857750904254 0.1325393762337162 -0.12348219826900959 -0.11198887790836497 -0.13029240868043498 -0.11964645684324367 -0.11309920506738087 0.11230164920030393 0.11925437251256771
leaf_weight=2105.064491070807 15.729353830218317 8.9573663622140867 2.3467470407485953 6.3276393786072713 5.7541788890957815 2.8700591251254073 2.203391730785369 3.0560497269034377 4.9572872519493094 4.8530980125069609 3.982531264424324 20.641682289540775 2.0285820066928855 2114.1246609985828 3.4377900063991538 2.3288164213299742 2.0744835138320914 1.873487427830695 2.7116175740957251 25.545468106865886 3.4499804005026808 41.468924291431904 2.9951701164245605 4.422234594821929 73.462566912174225 2.6674704775214195 2.3528792560100547 2.109975203871727 2.1448781862854949 2.0989456325769424
leaf_count=21532 154 43 10 62 56 18 9 24 23 24 24 214 9 22170 14 16 15 18 14 259 31 424 17 33 769 18 19 21 22 18
internal_value=-7.72702e-05 0.10774 -0.109498 0.0242633 0.081234 -0.0669136 -0.111321 -0.04066 0.0845628 0.112063 0.0635654 -0.108438 -0.111609 -0.111554 -0.102367 -0.114727 0.112295 -0.111908 0.112239 0.105769 0.114578 0.113689 0.120041 -0.114512 -0.112342 -0.12394 -0.112932 -0.116551 0.11298 0.11574
internal_weight=4478.04 2255.55 2222.49 111.056 68.3491 42.707 2201.81 14.6809 20.6866 2144.49 10.3102 32.3968 2199.6 2197.57 81.5759 78.1381 2139.64 2116 2137.57 32.5009 53.6683 50.2183 8.74935 29.5268 75.7914 5.72352 25.1045 4.46285 29.7893 4.24382
internal_count=46080 22888 23192 1004 613 391 23015 85 177 21884 86 305 23006 22997 809 795 21860 22188 21845 313 528 497 73 287 785 42 254 40 299 40
is_linear=0
shrinkage=0.1


Tree=16
num_leaves=31
num_cat=0
split_feature=19 6 8 1 6 2 27 42 2 11 7 19 24 10 8 45 20 28 2 43 2 36 16 11 15 24 4 17 24 23
split_gain=4718.69 74.3027 70.5019 50.7827 25.5478 20.5568 16.0552 5.47905 10.1103 5.41623 3.97658 3.83188 1.08618 0.897871 0.718052 24.8106 0.952826 0.503251 0.433579 0.353856 0.665686 0.317462 0.284782 0.159291 1.85764 0.145317 0.106561 0.0278535 0.0212792 0.0188954
threshold=294.50000000000006 40.231663685000008 239.02812500000002 10.500000000000002 41.908738390000003 12.302792355000001 167.00000000000003 0.092121565000000002 10.725099295000001 3368.0000000000005 9058.5000000000018 169.50000000000003 0.043245386000000004 582.50000000000011 250.97438910000002 87.500000000000014 65.500000000000014 124.50000000000001 9.6588137470000017 0.18137003800000004 13.320110040000001 4.5000000000000009 729.50000000000011 3148.5000000000005 104.50000000000001 0.056300077500000011 269.57808775000007 124.50000000000001 0.056385697000000005 0.032667431500000003
decision_type=2 2 2 2 2 2 2 2 2 2 2 2 2 2 2 2 2 2 2 2 2 2 2 2 2 2 2 2 2 2
left_child=1 9 7 4 12 10 14 25 -9 22 29 -6 -3 -7 15 16 -4 18 -16 20 -13 -21 23 -1 -25 -2 -23 -15 -18 -5
right_child=2 3 6 5 11 13 -8 8 -10 -11 -12 19 -14 27 17 -17 28 -19 -20 21 -22 26 -24 24 -26 -27 -28 -29 -30 -31
leaf_value=0.111033509121263 0.11173616205203843 -0.045958217572503436 -0.17649673658608472 0.11265258297491175 0.0042767207837295642 -0.052238563458430309 0.16405389333387199 0.1201115478653469 -0.14781554800537303 -0.003897574886653328 -0.018062807682544587 0.11812450790462375 -0.11590619701057446 -0.11116461051959624 -0.0660170749083894 0.16579626590583646 -0.12082214898616719 -0.16400201879664272 -0.1106905584760471 0.14569263870077373 0.045541454238711754 0.11144931617571872 0.15224832816069875 0.024209918484735693 0.11146707191864234 0.1410193107997447 0.13618676754323844 -0.11889468888088234 -0.11071892190135335 0.10041592783181584
leaf_weight=1926.970082744956 11.698016017675402 5.0086226910352689 2.2969717383384696 4.2558823451399785 3.5350274816155425 2.6846014037728336 2.1349994242191306 3.12076362222433 2.5668608918786049 4.114524006843566 4.1518155038356781 2.9593663215637198 3.987308643758297 20.809127606451515 2.1749903932213774 3.3375604450702658 2.1514071673154822 1.7689806967973698 1933.4869849011302 3.0911760032176963 2.2050749137997627 40.820284858345985 1.668793000280856 2.6781805008649853 27.414443582296371 1.9817468971014012 1.8189606517553318 6.0069489777088156 67.194996118545532 1.793803848326206
leaf_count=21542 126 24 10 44 31 17 9 29 12 18 25 28 27 233 23 14 16 8 22166 17 21 450 9 14 301 10 15 52 769 20
internal_value=-7.75394e-05 0.106368 -0.108201 0.0236322 0.0791515 -0.065062 -0.110027 0.0816824 -0.000805644 0.110715 0.0573023 0.104953 -0.0769616 -0.107376 -0.110317 -0.100716 -0.113131 -0.110689 -0.11064 0.111946 0.0871335 0.114748 0.110956 0.110921 0.103701 0.115978 0.112505 -0.112896 -0.111032 0.109024
internal_weight=4099.89 2065.97 2033.91 103.128 63.4258 39.7022 2014.55 19.3674 5.68762 1962.85 10.2015 54.4299 8.99593 29.5007 2012.41 74.9809 71.6434 1937.43 1935.66 50.8949 5.16444 45.7304 1958.73 1957.06 30.0926 13.6798 42.6392 26.8161 69.3464 6.04969
internal_count=46080 22888 23192 1004 613 391 23015 177 41 21884 89 562 51 302 23006 809 795 22197 22189 531 49 482 21866 21857 315 136 465 285 785 64
is_linear=0
shrinkage=0.1


Tree=17
num_leaves=31
num_cat=0
split_feature=19 6 8 1 36 2 27 16 5 8 1 2 39 10 8 45 20 23 2 15 28 11 39 24 7 4 7 24 1 17
split_gain=4219.94 68.2633 63.2879 44.5965 23.742 18.2853 14.1993 5.49171 5.34617 5.10555 5.05139 7.77349 4.01125 1.37841 0.700995 21.859 0.643091 0.579433 0.532297 0.446444 0.34663 0.170241 1.92799 0.0978004 0.0842589 0.0761796 0.0315657 0.0265622 0.0382948 0.0224447
threshold=294.50000000000006 40.231663685000008 239.02812500000002 10.500000000000002 4.5000000000000009 12.210347850000002 167.00000000000003 376.50000000000006 1844.5000000000002 239.02812500000002 17.500000000000004 10.781365240000001 0.079209784500000005 582.50000000000011 250.97438910000002 87.500000000000014 65.500000000000014 0.029056695000000004 12.702861745000002 149.50000000000003 124.50000000000001 3148.5000000000005 0.062541630500000014 0.055927353500000006 8962.5000000000018 269.57808775000007 9038.5000000000018 0.044492068000000003 9.5000000000000018 125.50000000000001
decision_type=2 2 2 2 2 2 2 2 2 2 2 2 2 2 2 2 2 2 2 2 2 2 2 2 2 2 2 2 2 2
left_child=1 8 10 4 7 12 14 9 18 -3 11 -2 17 -7 15 16 -4 -5 21 20 -16 -1 24 -12 -23 27 -19 28 -6 -15
right_child=2 3 6 5 25 13 -8 -9 -10 -11 23 -13 -14 29 19 -17 -18 26 -20 -21 -22 22 -24 -25 -26 -27 -28 -29 -30 -31
leaf_value=0.10986887193736539 0.11870746287561532 -0.070426549998910903 -0.16462871240661653 0.052145642052748957 0.11203649455587453 -0.037827257610193864 0.1544042276172406 -0.11985611193114019 0.0035494329912279863 0.083450326987154363 0.11039807105499373 -0.12174275752280653 -0.048331788947359663 -0.11035315948130693 -0.10957083007412811 0.15579478898930987 -0.10987417081344492 0.11030921096051971 0.16280840942107958 -0.063644064140941523 -0.15488291386477188 0.13166129388914402 0.032430817716490236 0.13468219121291389 0.11022569530065827 0.13269288462042034 0.12678328404700404 0.10990334862601502 0.12795528289245417 -0.11872560820181761
leaf_weight=1760.2142453864217 2.6879471242427853 4.0929718762636167 2.2201688140630713 1.9266766160726527 5.4909595549106589 2.8184022977948215 2.046110436320304 5.1421771273016921 4.7479667142033568 4.55683334171772 10.65001907199621 2.6901140213012695 2.5704672187566757 21.019980959594253 1766.4072864949703 3.2034514099359503 63.374656863510609 2.8469550833106041 1.8925678282976139 2.1151225715875617 1.6898721456527699 1.9996524155139983 3.4851231649518004 1.964307203888892 22.105229660868645 1.6869705691933621 1.9664633497595785 36.021490231156349 2.0850178971886635 3.7772903591394416
leaf_count=21532 27 17 10 19 60 18 9 42 24 26 126 13 19 254 22165 14 785 34 15 24 8 11 35 11 267 15 14 440 13 33
internal_value=-7.70816e-05 0.105126 -0.107057 0.0229712 0.0768564 -0.0632369 -0.108881 -0.0380153 0.109522 0.0106379 0.0795823 -0.00156609 0.0579549 -0.104096 -0.109174 -0.0992708 -0.111727 0.0984894 0.109803 -0.109559 -0.109614 0.109747 0.101952 0.11418 0.112004 0.111842 0.117039 0.111035 0.116418 -0.111629
internal_weight=3749.5 1890.45 1859.05 96.0027 59.0764 36.9262 1841.06 13.792 1794.44 8.64981 17.9924 5.37806 9.31056 27.6157 1839.01 68.7983 65.5948 6.7401 1789.7 1770.21 1768.1 1787.8 27.59 12.6143 24.1049 45.2844 4.81342 43.5975 7.57598 24.7973
internal_count=46080 22888 23192 1004 613 391 23015 85 21884 43 177 40 86 305 23006 809 795 67 21860 22197 22173 21845 313 137 278 528 48 513 73 287
is_linear=0
shrinkage=0.1


Tree=18
num_leaves=31
num_cat=0
split_feature=19 6 8 10 36 8 27 16 11 24 8 42 37 6 8 45 20 28 12 11 15 0 24 4 24 14 5 24 24 7
split_gain=3778.26 62.5144 56.8909 39.5493 27.9049 20.0951 12.6082 6.35161 5.59522 4.70707 4.19251 1.09892 1.09217 0.999991 0.683168 19.3453 0.43972 0.241549 0.218895 0.203285 2.12376 0.117659 0.068728 0.0551219 0.0332451 0.0221162 0.021899 0.0113992 0.0104972 0.0169525
threshold=294.50000000000006 40.231663685000008 239.02812500000002 582.50000000000011 4.5000000000000009 239.02812500000002 167.00000000000003 376.50000000000006 3368.0000000000005 0.057455741000000012 239.02812500000002 0.093039346000000009 0.032024293500000002 38.644957980000008 250.97438910000002 87.500000000000014 65.500000000000014 124.50000000000001 61.500000000000007 3148.5000000000005 104.50000000000001 39.500000000000007 0.044492068000000003 269.57808775000007 0.055870742500000008 687.50000000000011 1678.5000000000002 0.056385697000000005 0.044492068000000003 7006.5000000000009
decision_type=2 2 2 2 2 2 2 2 2 2 2 2 2 2 2 2 2 2 2 2 2 2 2 2 2 2 2 2 2 2
left_child=1 8 9 4 7 12 13 10 18 11 -3 24 26 -4 15 16 -15 -16 19 -1 -21 -7 -9 25 -2 28 -5 -18 29 -6
right_child=2 3 6 5 23 21 -8 22 -10 -11 -12 -13 -14 14 17 -17 27 -19 -20 20 -22 -23 -24 -25 -26 -27 -28 -29 -30 -31
leaf_value=0.10884624431297152 0.1097391260093019 -0.064364462412139431 -0.0055930519065206172 0.1089861871238776 0.10962798697838178 -0.11008957445008888 0.14665345643482144 -0.11320741390261996 -0.0082507556789739485 -0.064076714057677939 0.075973853355952248 0.046233368479979255 0.029252670578524188 -0.15517041556206082 -0.10857841710982943 0.14778512950823633 -0.11660663433016685 -0.14742394748451981 0.14627848527829265 0.012344437419534629 0.10933139079896861 -0.13415227188947948 -0.13424740766680213 0.12952732426853322 0.12455960557632358 0.11992750031444642 0.12342301542826001 -0.10859732969835395 0.10911492877311937 0.12015587596831052
leaf_weight=1607.6471049562097 9.5989507734775561 4.0337761044502241 0.95002160221338172 2.4131143689155605 4.1733789518475524 21.714644387364391 1.9440579265356053 3.9173991084098807 4.0982094109058371 2.05793672800064 4.5074258297681808 3.2599913105368605 2.2546445578336716 2.1248195320367804 1613.2412829250097 3.0473640561103812 1.83520858734846 1.6023361682891835 1.5520001500844944 2.50170670449734 23.153685875236988 2.2418498769402495 2.5717883259057999 1.5618213340640057 1.7969132289290417 2.3000627830624572 1.8610220551490781 56.019763514399529 33.061586566269398 2.4143488109111786
leaf_count=21542 123 17 11 32 53 278 9 40 18 9 26 32 20 10 22178 14 16 8 8 14 302 16 14 15 13 21 15 769 439 18
internal_value=-7.70565e-05 0.104015 -0.10604 0.0224055 0.0705029 -0.0699571 -0.107866 -0.0469662 0.108448 0.0775442 0.0096959 0.0974303 0.0855663 -0.10816 -0.108218 -0.0980046 -0.110492 -0.108617 0.108741 0.108705 0.099874 -0.112341 -0.121546 0.111081 0.112076 0.110394 0.115272 -0.108851 0.109841 0.113486
internal_weight=3425.46 1727.98 1697.48 89.0269 58.5416 30.4853 1680.76 15.0304 1638.95 16.7138 8.5412 14.6559 6.52878 1678.82 1677.87 63.0272 59.9798 1614.84 1634.85 1633.3 25.6554 23.9565 6.48919 43.5112 11.3959 41.9494 4.27414 57.855 39.6493 6.58773
internal_count=46080 22888 23192 1004 643 361 23015 97 21884 177 43 168 67 23006 22995 809 795 22186 21866 21858 316 294 54 546 136 531 47 785 510 71
is_linear=0
shrinkage=0.1


Tree=19
num_leaves=31
num_cat=0
split_feature=19 6 8 10 36 8 27 16 5 2 8 6 8 45 14 20 20 11 39 27 4 24 7 24 4 21 14 17 24 41
split_gain=3386.46 57.0482 51.2321 35.0269 25.1681 18.0711 11.2297 5.73081 5.51896 4.71709 3.44324 1.34363 0.652706 17.1794 0.50329 0.303948 0.274596 0.229263 2.36198 0.170689 0.141444 0.071567 0.0616423 0.0477632 0.0418113 0.0389995 0.0163044 0.00886416 0.00821359 0.00775713
threshold=294.50000000000006 40.231663685000008 239.02812500000002 582.50000000000011 4.5000000000000009 231.15909090000002 167.00000000000003 376.50000000000006 1844.5000000000002 10.826288275000001 239.02812500000002 38.005850760000008 250.97438910000002 87.500000000000014 936.50000000000011 65.500000000000014 51.500000000000007 3148.5000000000005 0.062541630500000014 86.500000000000014 221.19230770000004 0.056483920500000007 8962.5000000000018 0.044492068000000003 269.57808775000007 83.500000000000014 687.50000000000011 124.50000000000001 0.056385697000000005 0.14746746000000002
decision_type=2 2 2 2 2 2 2 2 2 2 2 2 2 2 2 2 2 2 2 2 2 2 2 2 2 2 2 2 2 2
left_child=1 8 9 4 7 20 11 10 14 21 -3 -4 13 15 17 -13 25 -1 22 -14 -5 -2 -19 -9 26 27 29 -7 -17 -6
right_child=2 3 6 5 24 16 -8 23 -10 -11 -12 12 19 -15 -16 28 -18 18 -20 -21 -22 -23 -24 -25 -26 -27 -28 -29 -30 -31
leaf_value=0.10793450654462991 0.10842047560440467 -0.058874204363034414 0.030842625293226501 0.11146643636238407 0.11257602978766229 -0.10802552985967018 0.14031588496541275 -0.11180817940823183 -0.0015136049430577402 -0.0072575403014264964 0.069143124178217913 -0.14748922529066358 -0.10769272010394822 0.14125126183625197 0.16902085464536684 -0.11480822388892775 -0.069575127239844298 0.12742486477434259 0.013559467011105209 -0.13831739276694596 0.076729775374897446 0.13231536192632523 0.10826628977795877 -0.13003751839285824 0.12666089705030978 -0.12572070936307331 0.11785664440686006 -0.11345214305067844 -0.10771270907552111 0.10825400887172956
leaf_weight=1466.4208465777338 9.368206858634947 3.9722480326890928 0.70418393611907859 3.411920718848708 4.7853699773550025 15.818859666585931 1.83431977033615 3.5866914428770533 4.6300511211156836 4.8282513394951811 4.4600308686494827 2.0174469202756873 1471.0002394504845 2.8781897276639929 1.3431076183915127 1.6852388195693482 1.8012257367372502 1.8486606478691161 2.9035265929996958 1.8222160786390293 1.7857258170843122 1.4470492750406254 18.341616168618202 2.3984589278697968 1.4435329847037781 1.513491041958331 2.115870587527751 3.7174695841968051 51.083771158009768 31.408438198268414
leaf_count=21543 133 17 8 40 58 233 9 40 24 35 26 10 22179 14 7 16 14 11 33 10 21 9 266 14 15 11 21 42 769 452
internal_value=-7.73386e-05 0.103037 -0.105125 0.0219384 0.0689049 -0.0687683 -0.106962 -0.0442793 0.107495 0.0749276 0.00883718 -0.107258 -0.107322 -0.0968853 0.107834 -0.109396 -0.10705 0.107779 0.0978927 -0.107731 0.0995322 0.111618 0.11002 -0.119113 0.109954 -0.110256 0.109324 -0.109058 -0.107939 0.108825
internal_weight=3126.38 1577.71 1548.67 82.2193 54.1706 28.0487 1533.03 14.4174 1495.49 15.6435 8.43228 1531.19 1530.49 57.6646 1490.86 54.7865 22.851 1489.51 23.0938 1472.82 5.19765 10.8153 20.1903 5.98515 39.7532 21.0498 38.3097 19.5363 52.769 36.1938
internal_count=46080 22888 23192 1004 643 361 23015 97 21884 177 43 23006 22998 809 21860 795 300 21853 310 22189 61 142 277 54 546 286 531 275 785 510
is_linear=0
shrinkage=0.1


Tree=20
num_leaves=31
num_cat=0
split_feature=19 6 8 10 36 8 27 14 16 1 17 8 6 37 8 45 11 15 23 12 27 8 24 24 6 17 14 17 41 16
split_gain=3037.66 52.1358 46.2473 31.0206 22.7429 16.1892 10.0259 5.78003 5.18363 4.78995 8.19504 2.82761 1.28695 1.09171 0.618624 15.2979 0.254093 2.34869 0.214105 0.177606 0.121354 0.0690125 0.0586766 0.033453 0.0332844 0.0171545 0.0122394 0.00765963 0.00537384 0.0087804
threshold=294.50000000000006 40.231663685000008 239.02812500000002 582.50000000000011 4.5000000000000009 239.02812500000002 167.00000000000003 952.50000000000011 376.50000000000006 17.500000000000004 131.50000000000003 239.02812500000002 38.005850760000008 0.032024293500000002 250.97438910000002 87.500000000000014 3148.5000000000005 104.50000000000001 0.034131780500000007 98.500000000000014 86.500000000000014 255.16440320000004 0.056300077500000011 0.044492068000000003 45.801662205000007 123.50000000000001 681.50000000000011 124.50000000000001 0.14746746000000002 605.50000000000011
decision_type=2 2 2 2 2 2 2 2 2 2 2 2 2 2 2 2 2 2 2 2 2 2 2 2 2 2 2 2 2 2
left_child=1 7 9 4 8 13 12 16 11 10 -2 -3 -4 25 15 18 19 -18 -14 -1 -16 -7 -11 -10 26 -5 28 -23 29 -6
right_child=2 3 6 5 24 21 -8 -9 23 22 -12 -13 14 -15 20 -17 17 -19 -20 -21 -22 27 -24 -25 -26 -27 -28 -29 -30 -31
leaf_value=0.1071231511030054 0.11614276965438497 -0.053874188355300015 0.027047042067563521 0.10768683282401484 0.11705895046943336 -0.12950395077655527 0.13505884307123486 -0.012745535989734906 -0.11057068302570938 0.10783013918295165 -0.1474823259886742 0.062899526977045733 -0.1409510086119706 0.023258582655036344 -0.10690733008653126 0.13584173527802246 0.0018059620148955003 0.1076748280008329 -0.10710636369191517 0.14442199071001713 -0.13361203690389717 -0.1071764454511627 0.12864180282481141 -0.12644844161027508 0.12461901447638307 0.1216561838025188 0.11545717616388163 -0.11204188178856636 0.10740183144142329 0.10741449520096594
leaf_weight=1336.496730402112 2.4449032172560683 3.9101621061563474 0.72170747816562553 2.1451698020100625 1.5958991907536977 1.6726009622216249 1.7209778279066075 4.0440428406000128 3.2798318378627291 8.3859035000205022 2.2777098268270493 4.4149336516857147 1.9448192715644825 2.130628764629364 1340.2942429147661 2.7025602757930747 2.3482776731252697 19.46727068349719 48.048840034753084 1.2778579294681538 1.7038433477282513 14.179249312728645 1.6157476678490628 2.2286122441291809 1.3073703944683064 1.4894377216696737 2.2766457535326472 4.1923569478094569 28.792701672762632 2.3108155727386475
leaf_count=21544 29 17 8 33 15 14 9 18 40 127 11 26 10 20 22179 14 14 302 785 6 10 229 10 14 14 14 25 51 455 37
internal_value=-7.76886e-05 0.102139 -0.104299 0.0214883 0.067358 -0.0675818 -0.106157 0.106629 -0.0417404 0.0719996 -0.0110033 0.00805281 -0.106455 0.0800941 -0.106524 -0.0958957 0.106984 0.0962789 -0.108423 0.107159 -0.106941 -0.110057 0.111192 -0.116995 0.108953 0.113411 0.108368 -0.108287 0.107874 0.111354
internal_weight=2851.42 1439.56 1411.86 75.9264 50.117 25.8094 1397.14 1363.63 13.8335 14.7243 4.72261 8.3251 1395.42 5.76524 1394.69 52.6962 1359.59 21.8155 49.9937 1337.77 1342 20.0442 10.0017 5.50844 36.2834 3.63461 34.9761 18.3716 32.6994 3.90671
internal_count=46080 22888 23192 1004 643 361 23015 21884 97 177 40 43 23006 67 22998 809 21866 316 795 21550 22189 294 137 54 546 47 532 280 507 52
is_linear=0
shrinkage=0.1


Tree=21
num_leaves=31
num_cat=0
split_feature=19 6 8 10 36 8 27 5 16 1 17 8 6 8 45 20 11 11 6 19 10 24 27 24 21 6 24 7 14 17
split_gain=2727.24 47.7272 41.6865 27.4875 20.5864 14.5187 8.96842 5.61522 4.69855 4.34045 7.02293 2.32144 1.23791 0.582421 13.6529 0.49849 0.420347 0.283144 2.30142 0.544926 0.167078 0.154662 0.086716 0.0417885 0.0368861 0.024987 0.0235871 0.0214068 0.00904222 0.0053012
threshold=294.50000000000006 40.231663685000008 239.02812500000002 582.50000000000011 4.5000000000000009 231.15909090000002 167.00000000000003 1844.5000000000002 376.50000000000006 17.500000000000004 131.50000000000003 239.02812500000002 38.005850760000008 250.97438910000002 87.500000000000014 52.500000000000007 3368.0000000000005 3148.5000000000005 39.795163170000009 264.50000000000006 689.50000000000011 0.055870742500000008 86.500000000000014 0.056300077500000011 84.500000000000014 45.801662205000007 0.044492068000000003 8983.5000000000018 681.50000000000011 124.50000000000001
decision_type=2 2 2 2 2 2 2 2 2 2 2 2 2 2 2 2 2 2 2 2 2 2 2 2 2 2 2 2 2 2
left_child=1 7 9 4 8 20 12 16 11 10 -2 -3 -4 14 21 24 17 -1 19 -19 -5 -14 -15 -11 29 28 -10 -21 -6 -7
right_child=2 3 6 5 25 15 -8 -9 26 23 -12 -13 13 22 -16 -17 -18 18 -20 27 -22 -23 -24 -25 -26 -27 -28 -29 -30 -31
leaf_value=0.10639956193410804 0.11466171849370575 -0.049301945532884424 0.023798077906841918 0.10907648910841172 0.10707418337372394 -0.10647522610319969 0.13064649286218677 -0.0055658925923444506 -0.10947355813785709 0.10703263608340513 -0.13629873270829401 0.057192252018987526 -0.13705669389853908 -0.10620699644783126 0.13130853541034479 -0.044940549101424435 0.16689847368811603 0.03775479935038166 -0.034826774364453215 0.11993354310448433 0.068284871339207381 -0.10640912288055381 -0.12959793573011139 0.12529340923589716 -0.12466263132858074 0.12218779533768748 -0.12336570634820075 0.10682570885990046 0.11388306135768732 -0.11090777210198571
leaf_weight=1217.035117443651 2.2393532320857039 3.8488233089447004 0.73732752352952857 2.9797802343964603 29.797328084707264 13.189531933516273 1.6070502400398243 4.506490856409072 2.99593262374401 7.6415256857871992 2.2210600674152374 4.3722852766513824 1.7108271569013584 1220.3365932404995 2.5253883153200141 1.3176700919866551 1.142222762107848 1.1851139217615188 1.2895585112273682 1.3516731224954153 1.5144174508750436 43.869082991033792 1.5869683027267445 1.4990323558449743 1.3346376828849305 1.205286819487809 2.06430983543396 15.924425434321163 2.0870072916150084 3.3920687548816195
leaf_count=21543 29 17 8 42 507 234 9 24 40 127 11 26 9 22179 14 10 5 10 17 12 19 786 10 10 11 14 14 273 25 45
internal_value=-7.75811e-05 0.101328 -0.103577 0.0210475 0.0658415 -0.0664919 -0.105439 0.105857 -0.0393284 0.070565 -0.0103039 0.00733555 -0.105737 -0.105812 -0.0950196 -0.104303 0.106263 0.106207 0.0943296 0.103351 0.0953309 -0.107559 -0.106237 0.110027 -0.108669 0.108054 -0.115141 0.107851 0.10752 -0.107382
internal_weight=2598.51 1312.53 1285.97 70.0991 46.371 23.7281 1272.37 1242.43 13.2814 13.601 4.46041 8.22111 1270.77 1270.03 48.1053 19.2339 1237.93 1236.79 19.7508 18.4612 4.4942 45.5799 1221.92 9.14056 17.9162 33.0896 5.06024 17.2761 31.8843 16.5816
internal_count=46080 22888 23192 1004 643 361 23015 21884 97 177 40 43 23006 22998 809 300 21860 21855 312 295 61 795 22189 137 290 546 54 285 532 279
is_linear=0
shrinkage=0.1


Tree=22
num_leaves=31
num_cat=0
split_feature=19 6 8 10 36 8 27 11 16 24 8 6 37 8 45 11 15 1 24 28 1 6 24 7 14 17 23 41 16 6
split_gain=2450.09 43.7502 37.6007 24.3525 18.6668 13.0542 8.03504 5.84449 4.26632 3.96155 1.90513 1.19527 1.10768 0.545526 12.2069 0.307589 2.43022 0.130519 0.108838 0.0623443 0.0459262 0.0187059 0.0167265 0.0145263 0.00667265 0.00432717 0.0033945 0.00299604 0.00478043 0.00234094
threshold=294.50000000000006 40.231663685000008 239.02812500000002 582.50000000000011 4.5000000000000009 239.02812500000002 167.00000000000003 3368.0000000000005 376.50000000000006 0.056300077500000011 239.02812500000002 38.005850760000008 0.032024293500000002 250.97438910000002 87.500000000000014 3148.5000000000005 104.50000000000001 40.500000000000007 0.055870742500000008 124.50000000000001 14.500000000000002 45.801662205000007 0.044492068000000003 9008.5000000000018 681.50000000000011 124.50000000000001 0.034632268000000008 0.14746746000000002 605.50000000000011 45.66767826000001
decision_type=2 2 2 2 2 2 2 2 2 2 2 2 2 2 2 2 2 2 2 2 2 2 2 2 2 2 2 2 2 2
left_child=1 7 9 4 8 12 11 15 10 -2 -3 -4 23 14 18 17 -17 -1 -13 -15 25 24 -10 -5 27 -7 -20 28 -6 -27
right_child=2 3 6 5 21 20 -8 -9 22 -11 -12 13 -14 19 -16 16 -18 -19 26 -21 -22 -23 -24 -25 -26 29 -28 -29 -30 -31
leaf_value=0.10575407514400131 0.10679163031725472 -0.045108748107035232 0.0209988644016465 0.10605284447362986 0.11375776623947782 -0.10588193286443114 0.12690667194654875 -0.015690646229947272 -0.10849879462323855 -0.014814884386241798 0.051976250642383919 -0.13236266704022748 0.016699269956392506 -0.10558386389227539 0.12747137031754999 -0.0045050102185650413 0.1062699618886252 0.13866280610028178 -0.11073485810448365 -0.12806898995995661 -0.12732583138925388 0.11999825492057868 -0.12070099071412309 0.11988669625025589 0.11247960938740276 -0.11228551047845881 -0.10559318384630199 0.10597679497680985 0.10599165510803749 -0.10697731781853728
leaf_weight=1107.6788100190461 8.6737084425985795 3.7891709059476835 0.75126577913761039 1.7651295624673395 1.3521898724138837 12.17091863229871 1.4947402626276005 3.9883736073970786 2.733939539641141 3.8759565502405158 4.3321501314640045 1.6000483632087696 2.0118708349764347 1110.6516022570431 2.3502691686153403 2.2544889748096493 16.292444933205843 1.2064927518367756 1.3281927555799473 1.2344920486211766 1.1673871614038933 1.1094669103622425 1.9069687351584432 1.3317107111215589 1.910757079720496 1.8743710815906518 38.595865115523338 23.864685397595167 1.9152927398681638 1.4922186061739919
leaf_count=21544 154 17 8 33 15 236 9 18 40 23 26 9 20 22181 14 14 302 6 16 8 10 14 14 14 25 21 770 455 37 27
internal_value=-7.75048e-05 0.100574 -0.10293 0.0206163 0.064347 -0.0654165 -0.104796 0.105149 -0.0370279 0.0692335 0.00667923 -0.105095 0.0744705 -0.105177 -0.0942403 0.105576 0.0928046 0.10579 -0.106789 -0.105609 -0.108197 0.107255 -0.113513 0.112002 0.106768 -0.10676 -0.105764 0.106366 0.109206 -0.109933
internal_weight=2366.7 1196.15 1170.56 64.7282 42.9146 21.8136 1158.01 1131.42 12.7622 12.5497 8.12132 1156.51 5.10871 1155.76 43.8744 1127.43 18.5469 1108.89 41.5241 1111.89 16.7049 30.1524 4.64091 3.09684 29.0429 15.5375 39.9241 27.1322 3.26748 3.36659
internal_count=46080 22888 23192 1004 643 361 23015 21884 97 177 43 23006 67 22998 809 21866 316 21550 795 22189 294 546 54 47 532 284 786 507 52 48
is_linear=0
shrinkage=0.1


Tree=23
num_leaves=31
num_cat=0
split_feature=19 6 8 10 6 8 27 14 1 10 36 16 24 6 20 8 45 11 8 19 23 1 24 27 24 12 0 8 14 23
split_gain=2202.28 40.1811 34.0483 21.5741 17.229 11.7039 7.20811 5.65288 3.97074 6.103 1.95837 6.77786 1.92838 1.15803 0.561537 0.508774 10.9306 0.331205 2.65552 0.568372 0.259713 0.0915874 0.0770724 0.0448222 0.0332983 0.0218504 0.0180539 0.0149025 0.0049221 0.0024684
threshold=294.50000000000006 40.231663685000008 239.02812500000002 582.50000000000011 41.908738390000003 231.15909090000002 167.00000000000003 952.50000000000011 17.500000000000004 707.50000000000011 4.5000000000000009 376.50000000000006 0.043245386000000004 38.005850760000008 53.500000000000007 250.97438910000002 87.500000000000014 3148.5000000000005 218.84807690000002 264.50000000000006 0.029056695000000004 40.500000000000007 0.055870742500000008 86.500000000000014 0.056300077500000011 44.500000000000007 39.500000000000007 269.91825975000006 687.50000000000011 0.034632268000000008
decision_type=2 2 2 2 2 2 2 2 2 2 2 2 2 2 2 2 2 2 2 2 2 2 2 2 2 2 2 2 2 2
left_child=1 7 8 4 12 20 13 17 9 -2 11 -6 -3 -4 26 16 22 21 19 -19 -5 -1 -15 -17 -10 -21 -7 28 -12 -24
right_child=2 3 6 5 10 14 -8 -9 24 -11 27 -13 -14 15 -16 23 -18 18 -20 25 -22 -23 29 -25 -26 -27 -28 -29 -30 -31
leaf_value=0.10517678852898399 0.11333613892441537 -0.021045651915610988 0.018573826705959674 0.050692019000854675 0.1408023602293362 -0.10590080737456249 0.12371073218836184 -0.014626706180838077 0.10568285348547418 -0.13229157569150718 0.10573396828458984 -0.10808856625692238 -0.11835967407267663 -0.12838951660080353 -0.033767685627837572 -0.10502230268656013 0.12419589181315814 0.033030821684013452 -0.060176065152174718 0.12094178413275102 0.10767303287476215 0.13365681192964218 -0.10962036025133193 -0.12315128877733089 0.12272595423940087 0.10559953738826247 -0.11795021226527957 0.11877620253180717 0.11164327828744099 -0.10503274439825977
leaf_weight=1007.4895435646176 1.9595457501709441 4.3637889027595502 0.76371490210294624 1.1246121898293524 2.5771554261446026 13.661509644240143 1.3856238573789585 3.967104271054267 6.3293532580137253 2.0909294039011002 24.622170522809036 1.9013894498348234 3.8178498484194279 1.4902526885271061 1.1255511865019787 1009.8183412887156 2.1797854900360099 1.1290244832634986 1.0856721997261036 0.99478429555892844 2.7703324258327484 1.1304257512092579 1.2133909687399853 1.3656287863850582 1.3999216705560682 13.886846993118523 1.3680027537047852 0.9572235718369474 1.4951286427676667 35.099812567234039
leaf_count=21544 29 24 8 15 18 278 9 18 127 11 506 28 33 9 7 22179 14 10 13 7 46 6 16 10 10 286 15 13 21 770
internal_value=-7.75001e-05 0.0998865 -0.102329 0.0201861 0.0628581 -0.0643805 -0.10422 0.104514 0.0667405 -0.0134614 0.096389 0.0351344 -0.0664559 -0.10452 -0.101896 -0.104609 -0.0935456 0.104975 0.0911726 0.101435 0.0912205 0.105209 -0.106101 -0.105047 0.10877 0.106625 -0.106998 0.106521 0.106072 -0.105186
internal_weight=2154.56 1089.47 1065.1 59.7847 39.7347 20.05 1053.32 1029.68 11.7798 4.05048 31.5531 4.47854 8.18164 1051.93 16.1551 1051.17 39.9832 1025.72 17.0963 16.0107 3.89494 1008.62 37.8035 1011.18 7.72927 14.8816 15.0295 27.0745 26.1173 36.3132
internal_count=46080 22888 23192 1004 643 361 23015 21884 177 40 586 46 57 23006 300 22998 809 21866 316 303 61 21550 795 22189 137 293 293 540 527 786
is_linear=0
shrinkage=0.1


Tree=24
num_leaves=31
num_cat=0
split_feature=19 6 8 10 36 8 27 5 37 2 16 8 11 6 8 45 14 11 6 19 24 21 1 24 5 8 24 14 17 24
split_gain=1980.88 36.814 30.7523 19.1592 15.4876 10.5529 6.47327 5.78331 3.6014 5.72315 3.47828 1.4062 1.12807 1.12537 0.47267 9.80029 0.341895 0.361772 2.87502 0.585816 0.0548664 0.0363304 0.026948 0.0222977 0.0151549 0.01102 0.00846477 0.00357288 0.00230844 0.00193469
threshold=294.50000000000006 40.231663685000008 239.02812500000002 582.50000000000011 4.5000000000000009 239.02812500000002 167.00000000000003 1844.5000000000002 0.047625394500000008 10.826288275000001 376.50000000000006 239.02812500000002 3148.5000000000005 38.005850760000008 250.97438910000002 87.500000000000014 1609.0000000000002 3148.5000000000005 39.873397435000008 264.50000000000006 0.055870742500000008 190.50000000000003 14.500000000000002 0.056300077500000011 1640.5000000000002 269.91825975000006 0.044492068000000003 687.50000000000011 124.50000000000001 0.044492068000000003
decision_type=2 2 2 2 2 2 2 2 2 2 2 2 2 2 2 2 2 2 2 2 2 2 2 2 2 2 2 2 2 2
left_child=1 7 8 4 10 12 13 16 23 -10 11 -3 -5 -4 15 20 17 -1 19 -19 -15 -16 28 -2 -21 27 -12 29 -7 -6
right_child=2 3 6 5 25 22 -8 -9 9 -11 26 -13 -14 14 21 -17 -18 18 -20 24 -22 -23 -24 -25 -26 -27 -28 -29 -30 -31
leaf_value=0.10465988669423892 0.10550965405949296 -0.039450408021015078 0.016463047558681811 0.10656029414928619 0.10723894299721225 -0.1047628150142276 0.12096044099777455 -0.012340759545008901 0.11089605297314094 -0.1334468301304996 -0.10689963527748159 0.045855577071191714 0.0030934028966665668 -0.12499844940939171 -0.1045249055429055 0.1213798673341985 0.16433264608215853 0.030419497955069753 -0.075926319059444428 0.11856225482230223 -0.1046685087671069 -0.1256759293616235 -0.12241605954614915 0.12010492479524344 0.10525012234818897 0.11690876492202901 -0.11636329525007 0.11047851848736495 -0.1080077464509875 0.10479482848964759
leaf_weight=915.81870045140386 5.7369994930922967 3.7042853534221631 0.77484316378831763 2.8890237770974663 3.9089725390076735 10.059880558401344 1.280795395374297 4.2583111673593512 1.9005946889519694 1.9340808838605879 2.275711547583342 4.0396585762500763 1.6587565094232557 1.3831178992986668 918.32317046821117 2.0157403945922843 0.95289212465286155 1.1046736650168867 0.98644023388624269 0.91725005209445853 33.01170638948679 0.81281542778015037 1.0122474133968342 1.2803349792957304 12.637697760015724 0.87925742566585441 1.6165018081665037 1.3663812763988961 2.8032519184052935 18.886939518153667
leaf_count=21543 124 17 8 54 71 236 9 24 33 10 40 26 13 9 22184 14 4 10 13 7 786 5 10 10 283 13 14 21 48 441
internal_value=-7.67446e-05 0.0992597 -0.101805 0.0198241 0.0616158 -0.0633769 -0.103702 0.103933 0.0655874 -0.0123422 -0.0337112 0.00504979 0.0688218 -0.104003 -0.104101 -0.0929264 0.104464 0.104402 0.0893245 0.100444 -0.105486 -0.104544 -0.106706 0.108173 0.106151 0.105912 -0.11083 0.105512 -0.10547 0.105214
internal_weight=1960.23 991.777 968.454 55.1009 36.6777 18.4232 957.602 936.676 10.852 3.83468 11.6362 7.74394 4.54778 956.321 955.547 36.4106 932.418 931.465 15.6461 14.6596 34.3948 919.136 13.8754 7.01733 13.5549 25.0416 3.89221 24.1623 12.8631 22.7959
internal_count=46080 22888 23192 1004 643 361 23015 21884 177 43 97 43 67 23006 22998 809 21860 21856 313 300 795 22189 294 134 290 546 54 533 284 512
is_linear=0
shrinkage=0.1


Tree=25
num_leaves=31
num_cat=0
split_feature=19 6 8 10 6 8 27 11 1 10 24 36 16 15 37 8 45 11 8 19 1 24 21 1 24 11 5 8 0 14
split_gain=1782.41 33.8835 27.7734 16.9693 14.4284 9.477 5.81862 5.65569 3.27269 5.46953 1.84457 1.50712 5.5321 1.19813 1.14664 0.441131 8.79348 0.395036 2.73399 0.841489 0.0695545 0.0406001 0.0259106 0.0196791 0.0172214 0.013632 0.011007 0.00872377 0.00381875 0.0026892
threshold=294.50000000000006 40.231663685000008 239.02812500000002 582.50000000000011 41.908738390000003 239.02812500000002 167.00000000000003 3368.0000000000005 17.500000000000004 736.50000000000011 0.043245386000000004 4.5000000000000009 376.50000000000006 152.50000000000003 0.032024293500000002 250.97438910000002 87.500000000000014 3148.5000000000005 219.59487180000002 261.50000000000006 40.500000000000007 0.055777727500000006 190.50000000000003 14.500000000000002 0.056300077500000011 3112.5000000000005 1640.5000000000002 270.61403360000003 72.500000000000014 687.50000000000011
decision_type=2 2 2 2 2 2 2 2 2 2 2 2 2 2 2 2 2 2 2 2 2 2 2 2 2 2 2 2 2 2
left_child=1 7 8 4 10 14 13 17 9 -2 -3 12 -6 15 25 16 21 20 19 -19 -1 -4 28 -7 -10 -5 -21 29 -17 -13
right_child=2 3 6 5 11 23 -8 -9 24 -11 -12 27 -14 -15 -16 22 -18 18 -20 26 -22 -23 -24 -25 -26 -27 -28 -29 -30 -31
leaf_value=0.10419724186830437 0.11085961755760894 -0.01658318970850307 -0.12287711049146686 0.10447223638536812 0.13583503690722956 -0.10492654855954367 0.11857952586781489 -0.016821260306805797 0.10464242567639799 -0.13788245785248587 -0.11524570350308271 0.10465291430406243 -0.10652744794132618 0.019318794763671529 0.0063197630286360371 -0.10407531911958023 0.11894403699982521 -0.00067841193931680453 -0.073377147654546435 0.11649173971194014 0.12981164807158249 -0.10420780089452207 -0.12264360845127834 -0.12001568463362276 0.11795817323643283 0.11958352854678066 0.10467592768163775 0.11574778873861696 -0.11120036663247279 0.10943570048981982
leaf_weight=832.22786261513829 1.7803318314254266 4.2515004128217688 1.2121125161647821 1.4190016090869932 2.3340276628732712 11.696239043027159 1.1809787601232518 3.8957504630088797 5.2405359819531441 1.755829781293869 3.4186284840106964 20.390699870884426 1.578903906047344 0.79305516183376212 1.8372170180082319 833.76204696297646 1.8593386262655247 0.79328836500644406 0.98352078348398286 0.84395312517881294 1.0614755451679219 29.87605319917202 0.75270690023898978 0.93329430371522981 1.1922303810715673 1.0305147282779215 11.974681533873079 0.77186606824397941 0.75290125980973144 1.2475316189229477
leaf_count=21544 31 24 8 35 18 284 9 18 127 9 33 507 28 16 20 22171 14 5 11 7 6 783 5 10 10 12 293 12 9 21
internal_value=-7.64853e-05 0.0986553 -0.101336 0.0194071 0.0601348 -0.062435 -0.103237 0.103392 0.0646293 -0.0126497 -0.0605577 0.0953028 0.0380395 -0.103539 0.0660385 -0.103651 -0.0923014 0.103944 0.0876348 0.0992686 0.10423 -0.104936 -0.104098 -0.106042 0.10711 0.11083 0.105454 0.105301 -0.104082 0.104929
internal_weight=1782.85 902.69 880.158 50.9094 33.9932 16.9163 870.189 851.781 9.96893 3.53616 7.67013 26.323 3.91293 869.008 4.28673 868.215 32.9475 847.885 14.5954 13.6119 833.289 31.0882 835.268 12.6295 6.43277 2.44952 12.8186 22.4101 834.515 21.6382
internal_count=46080 22888 23192 1004 643 361 23015 21884 177 40 57 586 46 23006 67 22990 805 21866 316 305 21550 791 22185 294 137 47 300 540 22180 528
is_linear=0
shrinkage=0.1


Tree=26
num_leaves=31
num_cat=0
split_feature=19 6 8 10 6 8 5 27 1 10 24 15 36 16 20 8 45 23 11 39 2 23 7 21 24 0 8 0 41 6
split_gain=1604.65 31.1322 25.0727 15.062 12.9488 8.57696 5.71382 5.23417 2.95459 4.822 1.68638 1.41256 1.39115 4.90667 0.497 0.407272 7.90022 0.294466 0.254739 3.01133 0.208426 0.0290603 0.0238368 0.018569 0.0124533 0.00708136 0.00646532 0.00278194 0.00199728 0.00207174
threshold=294.50000000000006 40.231663685000008 239.02812500000002 582.50000000000011 41.908738390000003 231.15909090000002 1844.5000000000002 167.00000000000003 17.500000000000004 736.50000000000011 0.043245386000000004 153.50000000000003 4.5000000000000009 376.50000000000006 53.500000000000007 250.97438910000002 87.500000000000014 0.029056695000000004 3148.5000000000005 0.062541630500000014 13.915330960000002 0.03362246800000001 8962.5000000000018 190.50000000000003 0.056300077500000011 39.500000000000007 270.61403360000003 72.500000000000014 0.14746746000000002 45.074251305000011
decision_type=2 2 2 2 2 2 2 2 2 2 2 2 2 2 2 2 2 2 2 2 2 2 2 2 2 2 2 2 2 2
left_child=1 6 8 4 10 17 18 11 9 -2 -3 15 13 -6 25 16 21 -5 -1 20 22 -4 -20 27 -10 -7 28 -17 29 -14
right_child=2 3 7 5 12 14 -8 -9 24 -11 -12 -13 26 -15 -16 23 -18 -19 19 -21 -22 -23 -24 -25 -26 -27 -28 -29 -30 -31
leaf_value=0.10378175319645727 0.10987253450603195 -0.015003831459435506 -0.120231893330164 0.040296901887949363 0.13254770068902064 -0.10431277865621998 -0.014327892059954786 0.11650777467713969 0.10418276198980909 -0.13308668514245597 -0.1112171655729763 0.042065761790548481 0.10991823802183934 -0.10586924659035785 -0.033827321751802267 -0.10367279214628829 0.11682600355770952 0.10606622616638027 0.11825307589138666 -0.018402003547829844 0.15550960068688613 -0.10379235923209158 0.1042178916161153 -0.12003006212961594 0.11600554087722553 -0.11289873797640822 0.11417412084647027 -0.11003406945093702 0.10403094982450918 0.10447877446119669
leaf_weight=755.82885218597949 1.6246449276804906 4.2302934937179115 1.1196459531784118 0.99095655232667867 2.1615977585315735 10.25953748449683 4.1354418545961371 1.0866157561540593 4.7616871893405914 1.642996221780777 3.1996292173862457 0.66957256197929282 1.2619379833340709 1.4370796866714952 1.0704063214361657 757.3376290127635 1.7113274186849583 2.1746801398694515 1.380287565290925 2.1625066325068465 0.91815006732940752 27.135655792430043 9.812506750226019 0.69513998925685783 1.0959978327155111 1.0598232112824906 0.70754632540047069 0.68810402601957221 16.830258401110768 1.5729948319494722
leaf_count=21543 31 24 8 15 18 278 24 9 127 9 33 13 19 28 7 22174 14 46 11 35 4 783 267 5 10 15 12 9 467 42
internal_value=-7.56822e-05 0.0981072 -0.100914 0.0190448 0.0589068 -0.0614237 0.102902 -0.102817 0.0638959 -0.0122893 -0.0564372 -0.103119 0.0946577 0.0373393 -0.0989577 -0.103242 -0.0918076 0.0854781 0.103532 0.0902969 0.109706 -0.104444 0.105949 -0.103694 0.106395 -0.105117 0.104782 -0.103679 0.104445 0.1069
internal_weight=1620.76 821.194 799.569 46.9567 31.4013 15.5554 774.238 790.444 9.12533 3.26764 7.42992 789.357 23.9714 3.59868 12.3898 788.688 29.9666 3.16564 770.102 14.2735 12.1109 28.2553 11.1928 758.721 5.85769 11.3194 20.3727 758.026 19.6652 2.83493
internal_count=46080 22888 23192 1004 643 361 21884 23015 177 40 57 23006 586 46 300 22993 805 61 21860 317 282 791 278 22188 137 293 540 22183 528 61
is_linear=0
shrinkage=0.1


Tree=27
num_leaves=31
num_cat=0
split_feature=19 6 8 10 36 8 11 27 1 17 16 15 14 8 11 8 19 8 45 1 23 21 1 24 12 8 24 0 24 1
split_gain=1445.06 28.6304 22.639 13.3629 11.8556 7.70784 5.60227 4.71154 2.66799 3.95567 2.57067 1.34624 1.18129 0.951108 0.465978 3.13808 0.912063 0.375101 7.10347 0.053247 0.0208803 0.0133574 0.0117019 0.00902923 0.00543971 0.00469562 0.00309835 0.0020303 0.00153961 0.00171951
threshold=294.50000000000006 40.231663685000008 239.02812500000002 582.50000000000011 4.5000000000000009 239.02812500000002 3368.0000000000005 167.00000000000003 17.500000000000004 132.50000000000003 376.50000000000006 153.50000000000003 853.50000000000011 239.02812500000002 3148.5000000000005 220.18730460000003 261.50000000000006 250.97438910000002 87.500000000000014 40.500000000000007 0.03362246800000001 190.50000000000003 14.500000000000002 0.056300077500000011 44.500000000000007 270.61403360000003 0.044492068000000003 72.500000000000014 0.044492068000000003 9.5000000000000018
decision_type=2 2 2 2 2 2 2 2 2 2 2 2 2 2 2 2 2 2 2 2 2 2 2 2 2 2 2 2 2 2
left_child=1 6 8 4 10 12 14 11 9 -2 13 17 -5 -3 19 16 -16 18 20 -1 -4 27 -7 -10 -18 28 -12 -19 29 -6
right_child=2 3 7 5 25 22 -8 -9 23 -11 26 -13 -14 -15 15 -17 24 21 -20 -21 -22 -23 -24 -25 -26 -27 -28 -29 -30 -31
leaf_value=0.10340936502914753 0.10907209359263191 -0.033307944399941745 -0.11793992752194989 0.10569486708724954 0.10457326287623479 -0.10400284425874047 -0.018397941293203487 0.1146970014501225 0.10377022872714947 -0.1204537909878477 -0.10512514291778632 0.036431285264429812 -0.0074070545417608269 0.0397059171882286 -0.0093614745967744006 -0.10486434554525137 0.11304780833038962 -0.10331111329437592 0.11497593125258854 0.12656025467992607 -0.10341928231145375 -0.11776453802364194 -0.1165818410343028 0.1142891112194222 0.10398821283033675 0.11276244114940362 -0.11166715601698747 -0.10899856600774638 0.10367261457764305 0.10960619597769342
leaf_weight=686.30356848984957 1.4236967358738168 3.6075941473245638 1.0317687094211638 2.3129933178424831 2.2743588965386219 9.6538114510476554 3.8161496669054022 0.99793381989002128 4.3248079493641853 1.5887777283787725 1.7267953716218474 0.69439057633280654 1.5371744744479654 3.52965347468853 0.75083018839359006 0.82222352176904756 0.70870275050401588 687.54411449842155 1.5721063390374173 0.99492135643958945 24.63741579093039 0.64046420156955619 0.80089996941387731 1.0058276429772375 10.224280728027223 0.64781888574361701 1.2465586364269254 0.6282343752682199 15.025135483592747 0.96765016391873349
leaf_count=21544 30 17 8 52 60 284 18 9 127 10 40 13 15 26 5 8 7 22174 14 6 783 5 10 10 296 12 14 9 461 13
internal_value=-7.51967e-05 0.0975775 -0.100534 0.0186841 0.0576698 -0.0604205 0.102436 -0.102437 0.0632441 -0.0119798 -0.0297453 -0.10274 0.0605391 0.00280032 0.103095 0.0839651 0.0972536 -0.102875 -0.0913656 0.103443 -0.104003 -0.10333 -0.104966 0.105755 0.104575 0.104396 -0.107868 -0.103316 0.104099 0.106075
internal_weight=1473.04 746.951 726.09 43.3304 29.0256 14.3049 703.621 717.746 8.34311 3.01247 10.1106 716.748 3.85017 7.13725 699.805 12.506 11.6838 716.054 27.2413 687.298 25.6692 688.813 10.4547 5.33064 10.933 18.915 2.97335 688.172 18.2671 3.24201
internal_count=46080 22888 23192 1004 643 361 21884 23015 177 40 97 23006 67 43 21866 316 308 22993 805 21550 791 22188 294 137 303 546 54 22183 534 73
is_linear=0
shrinkage=0.1


Tree=28
num_leaves=31
num_cat=0
split_feature=19 6 8 10 6 8 5 27 1 17 24 6 37 36 10 8 45 11 15 18 23 11 21 1 24 8 14 8 14 17
split_gain=1301.7 26.4716 20.4599 11.8171 10.9284 6.94285 5.60722 4.24351 2.41529 3.48328 1.59871 1.4077 1.15211 1.06886 1.27795 0.340357 6.39592 0.317048 2.93041 0.159699 0.0150025 0.0123099 0.00964431 0.00857891 0.00656192 0.00354994 0.00110582 0.00107285 0.000806036 0.000690772
threshold=294.50000000000006 40.231663685000008 239.02812500000002 582.50000000000011 41.908738390000003 239.02812500000002 1844.5000000000002 167.00000000000003 17.500000000000004 132.50000000000003 0.043245386000000004 38.005850760000008 0.032024293500000002 4.5000000000000009 478.50000000000006 250.97438910000002 87.500000000000014 3148.5000000000005 104.50000000000001 178.50000000000003 0.03362246800000001 3133.5000000000005 190.50000000000003 14.500000000000002 0.056300077500000011 270.61403360000003 687.50000000000011 213.05409360000002 906.50000000000011 124.50000000000001
decision_type=2 2 2 2 2 2 2 2 2 2 2 2 2 2 2 2 2 2 2 2 2 2 2 2 2 2 2 2 2 2
left_child=1 6 8 4 10 12 17 11 9 -2 -3 -4 21 14 -6 16 20 -1 -19 -20 -13 -5 -17 29 -10 26 -15 -21 -29 -7
right_child=2 3 7 5 13 23 -8 -9 24 -11 -12 15 -14 25 -16 22 -18 18 19 27 -22 -23 -24 -25 -26 -27 -28 28 -30 -31
leaf_value=0.10307418867015272 0.10824778656270198 -0.01145158536760812 0.046119093255507206 0.1034226803996765 0.0995227138280525 -0.10313922226582306 -0.015809382301670668 0.11310819188453891 0.10339967070535371 -0.11575546084747451 -0.10857195608896134 -0.11594411670758403 -0.0025188550124581525 0.10340900298422435 -0.02844381008468988 -0.10298759127285793 0.11335353907612354 -0.027813313427439104 0.14839732282671214 0.10319685917824542 -0.10310802497780709 0.11949476805319695 -0.11579099325969389 -0.11485884743821076 0.11277546167021496 0.11149551677140856 0.10692550218327422 0.10433606801872497 0.10802232517798496 -0.10528035815363622
leaf_weight=622.85118164867163 1.2975239362567657 4.1329529620707062 0.63758622854947944 1.1254142820835107 1.6870637200772791 6.8334647640585864 4.0136430859565726 0.9149995818734159 3.9265571441501379 1.4929294437170026 2.8732156120240688 0.94882486760616913 1.6918793320655821 15.272033093497161 1.4521515071392057 624.42566613666713 1.4418134912848461 1.8867318853735913 0.87908154726028342 6.87872840836644 22.566667778417468 0.82655469700694073 0.58888416737317939 0.73499699309468347 0.92169845849275578 0.59249058924615283 0.94987783022224981 1.792959636077285 0.88644282147288311 1.9329890441149471
leaf_count=21543 30 24 8 36 20 236 24 9 127 10 33 8 20 507 26 22184 14 14 4 232 787 11 5 10 10 12 21 49 18 48
internal_value=-7.44869e-05 0.0970706 -0.100186 0.0182616 0.0561655 -0.0594756 0.102015 -0.102094 0.0625222 -0.0115969 -0.0512805 -0.102397 0.0578786 0.0938922 0.0403274 -0.102542 -0.0910908 0.10276 0.0868769 0.107609 -0.103626 0.110228 -0.103 -0.104481 0.105182 0.103893 0.103615 0.103858 0.105556 -0.103611
internal_weight=1338.46 679.294 659.163 40.1051 26.9598 13.1453 639.189 651.524 7.63871 2.79045 7.00617 650.609 3.64385 19.9536 3.13922 649.972 24.9573 635.175 12.3239 10.4372 23.5155 1.95197 625.015 9.50145 4.84826 16.8144 16.2219 9.55813 2.6794 8.76645
internal_count=46080 22888 23192 1004 643 361 21884 23015 177 40 57 23006 67 586 46 22998 809 21860 317 303 795 47 22189 294 137 540 528 299 67 284
is_linear=0
shrinkage=0.1


Tree=29
num_leaves=31
num_cat=0
split_feature=19 6 8 10 36 8 14 27 16 37 2 12 8 8 11 8 19 5 8 45 1 23 21 1 5 24 8 0 24 24
split_gain=1172.74 24.5705 18.4969 10.4254 10.0001 6.31259 5.52983 3.82387 2.26609 2.19836 3.12342 1.83056 0.782121 0.577496 0.520745 3.66545 0.850072 0.357974 0.316466 5.75456 0.0410041 0.0108843 0.00697302 0.00629709 0.00456936 0.00442113 0.00254411 0.00195668 0.00143647 0.00104888
threshold=294.50000000000006 40.231663685000008 239.02812500000002 582.50000000000011 4.5000000000000009 231.15909090000002 952.50000000000011 167.00000000000003 376.50000000000006 0.047625394500000008 10.826288275000001 72.500000000000014 239.02812500000002 239.02812500000002 3148.5000000000005 221.94963370000002 261.50000000000006 1708.5000000000002 250.97438910000002 87.500000000000014 40.500000000000007 0.03362246800000001 190.50000000000003 14.500000000000002 1640.5000000000002 0.056300077500000011 270.61403360000003 72.500000000000014 0.044492068000000003 0.044492068000000003
decision_type=2 2 2 2 2 2 2 2 2 2 2 2 2 2 2 2 2 2 2 2 2 2 2 2 2 2 2 2 2 2
left_child=1 6 9 4 8 17 14 11 12 25 -11 18 -3 -7 20 16 -16 -5 19 21 -1 -4 27 -15 -18 -2 29 -20 -10 -6
right_child=2 3 7 5 26 13 -8 -9 28 10 -12 -13 -14 23 15 -17 24 -19 22 -21 -22 -23 -24 -25 -26 -27 -28 -29 -30 -31
leaf_value=0.10277354138272828 0.10333773416040007 -0.029388773617584463 -0.11419863609022191 0.10442692889316495 0.10515336743929715 -0.0186740728446225 -0.019910880668319874 0.11170942612686539 -0.10457374226017786 0.10681184782388264 -0.11332042762463344 0.087119573294401356 0.037996254557659703 -0.10325774131986738 -0.0054749052712866602 -0.14634077724315042 0.11198369069197392 0.024124223238473595 -0.10269469280491146 0.11192588406210835 0.12377571641966889 -0.10278240009925761 -0.11406442297088665 -0.11332750067359199 0.10337028391071852 0.11141290211493365 0.11035794831188186 -0.10847240107665301 -0.10938288914513505 0.10298925969744695
leaf_weight=565.20311181619763 3.5619144793599835 3.5440613925457018 0.87097913771868363 1.7973034195601933 2.7344383671879742 0.87249507382511993 3.7205980494618407 0.83776035159826179 1.5363463647663596 1.2020754124969246 1.3897480368614195 0.5109030231833448 3.3511439114809036 7.9579915422946197 0.76814460754394254 0.66760656610131341 0.6632385328412046 0.80321078747510899 566.2811112832278 1.3203928470611561 0.93113788962364097 20.289548207074404 0.54049491882324119 0.67357833497226227 8.6278067212551814 0.83739662542939175 0.54135123826563436 0.58675658330321212 1.042589299380779 12.375458220019935
leaf_count=21544 124 17 8 50 73 6 18 9 40 33 10 10 26 284 5 5 7 11 22177 14 6 783 5 10 299 10 12 9 14 461
internal_value=-7.37994e-05 0.0965607 -0.0998716 0.0178083 0.054538 -0.0584315 0.101611 -0.101784 -0.0265489 0.0618335 -0.0112241 -0.102087 0.00336107 -0.0962064 0.102395 0.0805671 0.0956265 0.0796241 -0.10225 -0.090614 0.102808 -0.103252 -0.102711 -0.104044 0.103985 0.104875 0.103622 -0.102701 -0.106518 0.103381
internal_weight=1216.04 617.812 598.229 37.23 25.1254 12.1046 580.582 591.238 9.47414 6.99113 2.59182 590.4 6.89521 9.50406 576.861 10.7268 10.0592 2.60051 589.889 22.4809 566.134 21.1605 567.408 8.63157 9.29105 4.39931 15.6512 566.868 2.57894 15.1099
internal_count=46080 22888 23192 1004 643 361 21884 23015 97 177 43 23006 43 300 21866 316 311 61 22996 805 21550 791 22191 294 306 134 546 22186 54 534
is_linear=0
shrinkage=0.1


Tree=30
num_leaves=31
num_cat=0
split_feature=19 6 8 10 6 8 5 27 1 17 12 24 14 36 10 11 39 8 45 18 23 21 4 24 5 8 0 4 14 30
split_gain=1056.9 22.7957 16.7252 9.20381 9.18725 5.64771 5.46948 3.44718 1.99693 2.75221 1.67318 1.50621 1.14473 0.922792 0.989671 0.365342 2.99826 0.289894 5.18383 0.108712 0.00789021 0.00505898 0.00478942 0.00345829 0.00338948 0.00194602 0.00143247 0.000697506 0.000612427 0.000515269
threshold=294.50000000000006 40.231663685000008 239.02812500000002 582.50000000000011 41.908738390000003 239.02812500000002 1844.5000000000002 167.00000000000003 17.500000000000004 132.50000000000003 72.500000000000014 0.043245386000000004 853.50000000000011 4.5000000000000009 478.50000000000006 3148.5000000000005 0.062541630500000014 250.97438910000002 87.500000000000014 178.50000000000003 0.03362246800000001 190.50000000000003 252.27370125000002 0.056300077500000011 1640.5000000000002 270.61403360000003 72.500000000000014 216.71032570000003 687.50000000000011 1.5000000000000002
decision_type=2 2 2 2 2 2 2 2 2 2 2 2 2 2 2 2 2 2 2 2 2 2 2 2 2 2 2 2 2 2
left_child=1 6 8 4 11 12 15 10 9 -2 17 -3 29 14 -6 -1 19 18 20 -17 -4 26 -7 -10 -21 28 -19 -26 -15 -5
right_child=2 3 7 5 13 22 -8 -9 23 -11 -12 -13 -14 25 -16 16 -18 21 -20 24 -22 -23 -24 -25 27 -27 -28 -29 -30 -31
leaf_value=0.10250236518433536 0.10681480769967121 -0.0084735237075561267 -0.11266633772911994 0.10320777676503939 0.095240105908070888 -0.11200126358236505 -0.016847843710575919 0.11047431633845364 0.10280455536839186 -0.10920941377503038 0.07255519269715964 -0.10614401857098701 -0.013905449394829399 0.10277623787798247 -0.022012487720970558 0.13383750765486735 -0.030454167575063581 -0.10243171368212037 0.1106657930239085 0.11071622231939215 -0.10251107284577513 -0.11254828474867938 -0.10291878054328263 0.11025315175597016 0.10259851363066082 0.1093360362004394 -0.10760906531697781 0.10622312298974368 0.10564882769168174 0.10657511950478844
leaf_weight=512.64690007828176 1.0779766738414758 4.0461474396288422 0.79826195538044586 1.0267691202461704 1.5593010447919398 0.63146851398050774 3.893078237771987 0.76607708632945914 3.2417101841419935 1.3021956980228422 0.54980140924453635 2.5893616061657667 1.457853654399514 12.573629220947618 1.3371603041887281 1.4143208861350993 1.8895297907292832 513.64082118496299 1.2076468020677555 0.60664071887731541 18.404859110713005 0.49530956894159217 7.2067838311195374 0.77170747891068447 6.1457720622420311 0.4941790699958809 0.53496092557907005 0.58111697994172562 0.78873270750045854 0.81521672010421742
leaf_count=21543 30 24 8 37 20 9 24 9 127 10 10 33 15 507 26 8 35 22177 14 7 783 5 285 10 253 12 9 14 21 15
internal_value=-7.31423e-05 0.0960877 -0.0995845 0.0173697 0.0529993 -0.0574478 0.101243 -0.101501 0.0611984 -0.0113724 -0.101804 -0.0465873 0.0522996 0.0924434 0.0411101 0.102122 0.0837786 -0.101983 -0.0902952 0.108453 -0.102933 -0.102447 -0.10365 0.104237 0.103557 0.103174 -0.102437 0.102912 0.102946 0.104698
internal_weight=1104.5 561.704 542.791 34.5266 23.3885 11.1381 527.177 536.398 6.39359 2.38017 535.632 6.63551 3.29984 16.753 2.89646 523.284 10.6374 535.082 20.4108 8.74785 19.2031 514.671 7.83825 4.01342 7.33353 13.8565 514.176 6.72689 13.3624 1.84199
internal_count=46080 22888 23192 1004 643 361 21884 23015 177 40 23006 57 67 586 46 21860 317 22996 805 282 791 22191 294 137 274 540 22186 267 528 52
is_linear=0
shrinkage=0.1


Tree=31
num_leaves=31
num_cat=0
split_feature=19 6 8 10 36 11 8 27 17 16 37 2 37 8 11 8 19 8 45 1 7 23 4 21 24 5 8 0 24 39
split_gain=952.535 21.213 15.1282 8.10654 8.47128 5.38458 5.10281 3.10874 2.20995 2.00579 1.822 1.69461 1.15447 0.652184 0.583389 3.07732 0.9224 0.261414 4.67587 0.0317082 0.0121454 0.00568908 0.00385446 0.0036775 0.00231923 0.00230626 0.00129419 0.00104945 0.000762751 0.000742549
threshold=294.50000000000006 40.231663685000008 239.02812500000002 582.50000000000011 4.5000000000000009 3368.0000000000005 239.02812500000002 167.00000000000003 180.50000000000003 376.50000000000006 0.047625394500000008 10.887111035000002 0.032024293500000002 239.02812500000002 3148.5000000000005 221.94963370000002 261.50000000000006 250.97438910000002 87.500000000000014 40.500000000000007 9119.5000000000018 0.03362246800000001 251.36516260000005 190.50000000000003 0.056300077500000011 1640.5000000000002 269.91825975000006 72.500000000000014 0.044492068000000003 0.062541630500000014
decision_type=2 2 2 2 2 2 2 2 2 2 2 2 2 2 2 2 2 2 2 2 2 2 2 2 2 2 2 2 2 2
left_child=1 5 10 4 9 14 12 8 17 13 24 -12 20 -3 19 16 -16 18 21 -1 -5 -4 -8 27 -2 -18 28 -19 -6 -27
right_child=2 3 7 6 26 -7 22 -9 -10 -11 11 -13 -14 -15 15 -17 25 23 -20 -21 -22 -23 -24 -25 -26 29 -28 -29 -30 -31
leaf_value=0.10225904672782478 0.1027730419799732 -0.026037020073102657 -0.11131673211766453 0.10281057573127526 0.1044505545444262 -0.020389341162140393 -0.1115320369154377 0.10938085246182315 0.12766509836510059 -0.10546720760050908 0.071549858001748803 -0.10410983519256756 -0.01134684988067774 0.036553800323673558 -0.014603936331882839 -0.12554861295755834 0.1095947747763393 -0.10219608812996493 0.10955064198555607 0.12136463203079846 0.12069174364008597 -0.10230319641849678 -0.10263826984209046 -0.11121257213376562 0.10917951644737185 0.10242685492721484 0.10815457939495102 -0.10683891330963896 0.10243659500779984 0.105052999346821
leaf_weight=464.96470759250224 2.9430920947343107 3.4889168590307253 0.7306048870086731 0.94621368125080907 2.3075380697846386 3.6339959651231757 0.52621001005172718 0.6997496634721746 0.42027311958372493 2.2437034137547016 1.1660361271351578 1.0381603911519048 1.5559911504387853 3.184007927775383 0.724065721035 0.69430155679583627 0.55424015223979939 465.78526809252799 1.1032770872116078 0.87028688192367454 0.63462512567639351 16.85283531807363 6.5892154704779387 0.45328110456466575 0.69934894144535054 5.9456758126616478 0.47002714872360307 0.48736361786723037 10.162441672757266 1.3147699050605295
leaf_count=21544 124 17 8 38 73 18 7 9 11 54 34 9 20 26 5 5 7 22173 14 6 9 786 287 5 10 265 13 9 460 34
internal_value=-7.23883e-05 0.095596 -0.099322 0.0169112 0.0513242 0.100874 -0.0564535 -0.101244 -0.101547 -0.0236738 0.0605771 -0.0111846 0.0498016 0.00382839 0.101801 0.0769102 0.0933726 -0.101745 -0.0901476 0.102295 0.109989 -0.102678 -0.103296 -0.10221 0.104003 0.103377 0.103003 -0.102201 0.102809 0.102902
internal_weight=1003.19 510.811 492.379 32.1089 21.8566 478.702 10.2523 486.533 485.833 8.91663 5.84664 2.2042 3.13683 6.67292 475.068 9.23305 8.53875 485.413 18.6867 465.835 1.58084 17.5834 7.11543 466.726 3.64244 7.81469 12.94 466.273 12.47 7.26045
internal_count=46080 22888 23192 1004 643 21884 361 23015 23006 97 177 43 67 43 21866 316 311 22995 808 21550 47 794 294 22187 134 306 546 22182 533 299
is_linear=0
shrinkage=0.1


Tree=32
num_leaves=31
num_cat=0
split_feature=19 6 8 10 36 5 8 27 12 16 1 2 8 8 11 15 37 18 8 45 18 15 23 4 21 24 8 8 0 7
split_gain=858.662 19.7563 13.7088 7.13762 7.75933 5.312 4.67141 2.80445 2.15775 1.83235 1.70656 1.17507 0.532542 0.494604 0.421895 3.20251 0.702429 0.399762 0.242374 4.21232 0.0812615 0.00838012 0.00417383 0.00282264 0.00267903 0.00183616 0.000978083 0.000959018 0.000769975 0.000620578
threshold=294.50000000000006 40.231663685000008 239.02812500000002 582.50000000000011 4.5000000000000009 1844.5000000000002 231.15909090000002 167.00000000000003 73.500000000000014 376.50000000000006 17.500000000000004 10.887111035000002 239.02812500000002 239.02812500000002 3148.5000000000005 101.50000000000001 0.041704724500000005 214.50000000000003 250.97438910000002 87.500000000000014 177.50000000000003 103.50000000000001 0.03362246800000001 251.36516260000005 190.50000000000003 0.056300077500000011 213.05409360000002 269.91825975000006 72.500000000000014 9242.5000000000018
decision_type=2 2 2 2 2 2 2 2 2 2 2 2 2 2 2 2 2 2 2 2 2 2 2 2 2 2 2 2 2 2
left_child=1 5 10 4 9 14 17 8 18 12 11 -2 -3 -8 -1 -16 20 -5 19 22 -17 -22 -4 -15 28 -12 -23 -6 -20 -28
right_child=2 3 7 6 27 -7 13 -9 -10 -11 25 -13 -14 23 15 16 -18 -19 24 -21 21 26 -24 -25 -26 -27 29 -29 -30 -31
leaf_value=0.10203910849324418 0.064558940293054881 -0.023710023324624581 -0.11012458090574531 0.10394462806980867 0.10253786020113874 -0.017572287586180662 -0.021508601981915346 0.10841058422613575 0.12595664487657091 -0.10492839034130984 0.1023481580611785 -0.086891286888155339 0.033074620894443858 -0.11034548390933535 -0.13667289938180724 0.13799708639901592 0.025147635849885237 0.012425876749936053 -0.10198292553154981 0.10856144259473975 0.11353295739980458 0.1020525711156539 -0.10204665466726089 -0.10238264928033364 -0.11003243811496942 0.10827857182478876 0.10279322136960167 0.10735860474062986 -0.10615088061458205 0.10674624220780791
leaf_weight=421.52799870073795 1.0081107337027782 3.4503147900104576 0.66786810755729753 1.449371457099913 11.311646632850167 3.774618871510028 0.84246131777763356 0.63853631168603797 0.41736004129052062 2.0400800816714764 2.6935676820576195 1.0416361577808855 3.1679361164569855 0.48099209740757931 0.63286806643009086 0.79812425374984552 1.1919321119785307 0.71163613907992829 422.4934692364186 1.0069168433547027 0.84296689182519902 4.171302417293191 15.133166227489708 5.9762964406982064 0.41431907564401527 0.64760566875338543 0.72495705820620038 0.42829040531069118 0.44369710609316726 0.87823903746902943
leaf_count=21543 29 17 8 47 533 24 6 9 6 54 127 11 26 7 3 4 34 14 22181 14 9 213 783 287 5 10 31 13 9 23
internal_value=-7.20877e-05 0.0951341 -0.099072 0.0164504 0.0497474 0.100541 -0.055341 -0.101009 -0.101312 -0.0220702 0.059429 -0.0124047 0.00347089 -0.0935737 0.101576 0.0804385 0.0964016 0.0738068 -0.101528 -0.0897507 0.107855 0.104219 -0.102388 -0.102976 -0.101995 0.103498 0.102859 0.102714 -0.101987 0.104959
internal_weight=911.008 464.402 446.606 29.859 20.3983 434.543 9.46076 441.215 440.577 8.65833 5.39092 2.04975 6.61825 7.29975 430.768 9.24039 8.60752 2.16101 440.159 16.808 7.41559 6.61747 15.801 6.45729 423.351 3.34117 5.7745 11.7399 422.937 1.6032
internal_count=46080 22888 23192 1004 643 21884 361 23015 23006 97 177 40 43 300 21860 317 314 61 23000 805 280 276 791 294 22195 137 267 546 22190 54
is_linear=0
shrinkage=0.1


Tree=33
num_leaves=31
num_cat=0
split_feature=19 6 8 10 6 11 26 15 27 45 24 24 43 19 11 12 19 8 45 16 4 20 1 20 23 21 36 10 8 0
split_gain=774.062 18.4203 12.446 6.27917 7.34713 5.23295 4.25714 2.57863 2.53641 2.46391 1.63429 1.46881 0.676797 0.720209 0.618454 3.73988 0.933451 0.217068 3.80363 0.120136 0.271411 0.0448858 0.024592 0.0141136 0.00300215 0.0019551 0.00189302 0.00137762 0.000752473 0.00056551
threshold=294.50000000000006 40.231663685000008 239.02812500000002 582.50000000000011 41.908738390000003 3368.0000000000005 4.5000000000000009 155.50000000000003 167.00000000000003 86.500000000000014 0.056300077500000011 0.043245386000000004 0.17778087200000001 169.50000000000003 3148.5000000000005 43.500000000000007 261.50000000000006 250.97438910000002 87.500000000000014 666.50000000000011 250.28670450000001 19.500000000000004 40.500000000000007 20.500000000000004 0.03362246800000001 190.50000000000003 4.5000000000000009 651.50000000000011 269.91825975000006 72.500000000000014
decision_type=2 2 2 2 2 2 2 2 2 2 2 2 2 2 2 2 2 2 2 2 2 2 2 2 2 2 2 2 2 2
left_child=1 5 10 4 11 14 9 8 17 -5 -2 -3 -6 -14 22 -16 -17 18 24 20 -11 -15 -1 -23 -4 29 -25 -18 -28 -19
right_child=2 3 7 6 12 -7 -8 -9 -10 19 -12 -13 13 21 15 16 27 25 -20 -21 -22 23 -24 26 -26 -27 28 -29 -30 -31
leaf_value=0.10184179860449674 0.10242304130386726 -0.0044211444337060356 -0.10906881639565227 0.11905060031318411 -0.015534480184704415 -0.020782877247595328 0.10461610928553045 0.17270862819275878 0.10754783149014513 -0.020953442821752502 -0.015658120265990557 -0.10560358771348244 0.018365352954908275 0.13050187379925912 -0.19135136516919399 -0.017537059904428224 0.10790772174214758 -0.10179068813963202 0.10768214006069084 -0.133769661464297 -0.10225167076767126 0.083121519908687519 0.11925834407484877 0.10720646824242133 -0.10190019138852691 -0.10898710791570372 0.10215521207551824 0.10256218077799904 0.1066417765337294 -0.10553543221956757
leaf_weight=382.16665835492313 3.1174555830657473 3.9092771559953752 0.60986196249723157 0.54754824563860705 0.56904779374599357 3.5425021946430197 1.4130990877747533 0.34442199021577735 0.58216926455497642 0.44488799199461926 1.8783355876803396 2.2664634166285396 1.0890345536172379 0.58517478778958221 0.49897858500480552 0.7106306105852126 0.52275263145565976 382.92301475070417 0.91815510392189104 0.98541214875876892 5.3349822284653783 0.37965184822678466 0.81244263052940269 0.87418988719582458 13.883451551198958 0.37830289453267951 9.0079135159030521 6.2009715661406517 0.39000517874956209 0.40369544923305412
leaf_count=21544 154 24 8 13 22 18 45 5 9 10 23 33 31 5 2 5 9 22179 14 15 278 21 6 14 786 5 480 300 13 9
internal_value=-7.20745e-05 0.0946653 -0.0988355 0.0159852 0.0481349 0.10021 -0.0542787 -0.100794 -0.10103 -0.0849828 0.0580265 -0.0415546 0.0910894 0.0960118 0.101306 0.0736704 0.0914581 -0.101334 -0.0896978 -0.101496 -0.095994 0.103537 0.101879 0.102056 -0.102202 -0.101802 0.102755 0.102978 0.102341 -0.101795
internal_weight=827.29 422.252 405.039 27.7967 19.0708 394.455 8.72593 400.043 399.699 7.31283 4.99579 6.17574 12.895 12.326 390.912 7.93333 7.43435 399.116 15.4115 6.76528 5.77987 11.2369 382.979 10.6518 14.4933 383.705 10.2721 6.72372 9.39792 383.327
internal_count=46080 22888 23192 1004 643 21884 361 23015 23010 316 177 57 586 564 21866 316 314 23001 808 303 288 533 21550 528 794 22193 507 309 493 22188
is_linear=0
shrinkage=0.1


Tree=34
num_leaves=31
num_cat=0
split_feature=19 6 8 10 36 5 8 27 15 16 37 2 13 11 12 39 8 8 45 18 23 4 21 24 4 8 24 0 1 1
split_gain=697.866 17.1989 11.3573 5.52113 6.69105 5.14024 3.81672 2.28422 2.19777 1.5962 1.59461 1.22919 1.07824 0.439286 3.35289 0.670783 0.425135 0.198085 3.43174 0.0638752 0.00219266 0.00170998 0.00142898 0.00136963 0.00123256 0.000506727 0.000447722 0.000415696 0.000238894 0.000233611
threshold=294.50000000000006 40.231663685000008 239.02812500000002 582.50000000000011 4.5000000000000009 1844.5000000000002 239.02812500000002 167.00000000000003 155.50000000000003 376.50000000000006 0.047625394500000008 10.887111035000002 723.50000000000011 3148.5000000000005 43.500000000000007 0.062541630500000014 239.02812500000002 250.97438910000002 87.500000000000014 178.50000000000003 0.03362246800000001 251.36516260000005 190.50000000000003 0.056300077500000011 216.71032570000003 269.91825975000006 0.044492068000000003 72.500000000000014 9.5000000000000018 10.500000000000002
decision_type=2 2 2 2 2 2 2 2 2 2 2 2 2 2 2 2 2 2 2 2 2 2 2 2 2 2 2 2 2 2
left_child=1 5 10 4 9 13 12 8 17 16 23 -12 -5 -1 -15 19 -3 18 20 -16 -4 -8 27 -2 -21 26 28 -19 -6 -28
right_child=2 3 7 6 25 -7 21 -9 -10 -11 11 -13 -14 14 15 -17 -18 22 -20 24 -22 -23 -24 -25 -26 -27 29 -29 -30 -31
leaf_value=0.10166305709402115 0.10213726277635385 -0.02117355408888839 -0.10813172621062368 0.10940088019278266 0.10280276804673777 -0.018007448429946848 -0.10860445845475386 0.10677932731742726 0.13673013507682458 -0.10418309383869535 0.061475109432203572 -0.10041402310250401 -0.017672046850207564 -0.17544182955252829 0.12752504221344263 0.025709162501246219 0.030596398507345024 -0.10161739815363208 0.10689908601561122 0.10178163718834482 -0.10171666598434344 -0.10194331664717644 -0.10805911424067416 0.10753954500380723 0.1060543363310528 0.10599600359856814 0.10166124913066057 -0.10498426588994419 0.10530906278302515 0.10385149232742422
leaf_weight=346.32928922958672 2.2301679821684952 3.4080344736576134 0.5563633516430827 1.2967438939958804 1.2441807314753495 3.6589601784944525 0.41822069883346547 0.53036593645810981 0.38877853751182456 1.7798927547410128 0.98540207929909207 0.89499154314398766 1.3766057919710872 0.49020293354987998 1.2761807218194006 1.191093888133764 2.9674141481518745 347.04385752696544 0.83655553311109621 4.2098726024851203 12.583778476342557 4.9082154519855976 0.34509178251027961 0.59437545016407956 0.80411206558346737 0.35493155755102712 7.0830202531069517 0.36709858104586501 0.5477447286248206 0.52292898297309864
leaf_count=21543 124 17 8 38 60 24 7 9 5 54 34 9 29 2 8 33 26 22179 14 254 786 287 5 10 20 13 442 9 13 18
internal_value=-7.1031e-05 0.0942165 -0.0985963 0.0155373 0.0463913 0.0999111 -0.0535318 -0.100599 -0.100903 -0.0204532 0.0557734 -0.0155776 0.0439664 0.101129 0.0779195 0.0945208 0.00292246 -0.101158 -0.0894856 0.107551 -0.101988 -0.102466 -0.101627 0.103274 0.102467 0.102287 0.102147 -0.101621 0.103569 0.101812
internal_weight=751.224 383.868 367.357 25.9079 17.9081 357.96 7.99979 362.652 362.122 8.15534 4.70494 1.88039 2.67335 354.301 7.97146 7.48126 6.37545 361.733 13.9767 6.29017 13.1401 5.32644 347.756 2.82454 5.01398 9.75281 9.39787 347.411 1.79193 7.60595
internal_count=46080 22888 23192 1004 643 21884 361 23015 23006 97 177 43 67 21860 317 315 43 23001 808 282 794 294 22193 134 274 546 533 22188 73 460
is_linear=0
shrinkage=0.1


Tree=35
num_leaves=31
num_cat=0
split_feature=19 6 8 14 10 6 26 12 27 45 2 24 23 16 16 11 12 19 4 8 45 8 1 24 23 36 4 21 8 8
split_gain=629.22 16.0917 10.3113 5.06094 4.84417 6.21249 3.61049 2.84727 2.06776 2.01657 1.48376 1.36472 0.617185 1.33842 1.08711 0.616131 2.80398 1.00499 0.29448 0.180653 3.09713 0.100551 0.019109 0.00181828 0.00160374 0.00138105 0.00125537 0.0010453 0.000839998 0.000449984
threshold=294.50000000000006 40.231663685000008 239.02812500000002 952.50000000000011 582.50000000000011 41.908738390000003 4.5000000000000009 74.500000000000014 167.00000000000003 86.500000000000014 10.826288275000001 0.043245386000000004 0.021252902500000004 376.50000000000006 470.50000000000006 3148.5000000000005 43.500000000000007 261.50000000000006 226.18763860000004 250.97438910000002 87.500000000000014 239.02812500000002 40.500000000000007 0.056903048500000004 0.03362246800000001 4.5000000000000009 251.36516260000005 190.50000000000003 216.80243900000002 270.61403360000003
decision_type=2 2 2 2 2 2 2 2 2 2 2 2 2 2 2 2 2 2 2 2 2 2 2 2 2 2 2 2 2 2
left_child=1 3 10 15 5 11 9 8 19 -6 23 -3 13 -7 -15 22 -17 -18 -11 20 24 -20 -1 -2 -4 -14 -23 -21 -19 -27
right_child=2 4 7 -5 6 12 -8 -9 -10 18 -12 -13 25 14 -16 16 17 28 21 27 -22 26 -24 -25 -26 29 -28 -29 -30 -31
leaf_value=0.10150283733868476 0.10186129711049297 -0.0025853466693050286 -0.10729830025994209 -0.020856683126204839 0.1158855262639637 0.12867871984350457 0.10400879677840934 0.21214338774579461 0.10609365609628936 -0.01957490198886018 -0.015878849577467411 -0.10339246180441448 0.1062793657961409 -0.103240791382958 0.078023906975222657 -0.16330219849306563 -0.026916982224456987 0.10185228206590394 -0.15191057025350344 -0.10146592311031577 0.10620060493367858 -0.10773450989558347 0.11740388735711432 0.10913603712581782 -0.10155110702203672 0.10169440873206313 -0.10175593280680627 -0.10723365664393153 0.10472622454081754 0.10558276616326362
leaf_weight=313.88849608041346 2.1689392607659097 3.8483010176569286 0.50712855905294141 3.4505681172013274 0.46829067636281152 1.0606892220675939 1.2306641554459927 0.29118525981902976 0.48283795267343421 0.42168248817324627 1.7709861304610965 2.0628218529745936 0.7750065103173237 0.73595019429922082 0.60109562054276466 0.47474971413612266 0.67134240269660939 4.2890159320086241 0.44487865269184101 314.94582435488701 0.76167076081037599 0.38132120482623566 0.75758716464042564 0.40824709832668293 11.403891947120426 7.3972916444763541 4.448899076320231 0.31453263014554877 1.3331065215170381 0.31009831558912981
leaf_count=21544 135 24 8 18 13 26 45 2 9 7 35 33 14 25 23 2 5 266 2 22191 14 7 6 7 786 486 287 5 43 12
internal_value=-7.12927e-05 0.0937471 -0.0983958 0.0996057 0.0150576 0.0447584 -0.052375 -0.10042 -0.100697 -0.0835921 0.0545894 -0.0377643 0.0895926 0.0447956 -0.0217496 0.100899 0.0710467 0.0887249 -0.0999897 -0.101001 -0.0892945 -0.106418 0.101541 0.103014 -0.101796 0.102255 -0.102228 -0.101472 0.102534 0.101851
internal_weight=682.107 349.052 333.055 324.865 24.187 16.7913 7.39574 328.707 328.416 6.16507 4.34817 5.91112 10.8801 2.39774 1.33705 321.414 6.76821 6.29346 5.69678 327.933 12.6727 5.2751 314.646 2.57719 11.911 8.4824 4.83022 315.26 5.62212 7.70739
internal_count=46080 22888 23192 21884 1004 643 361 23015 23013 316 177 57 586 74 48 21866 316 314 303 23004 808 296 21550 142 794 512 294 22196 309 498
is_linear=0
shrinkage=0.1


Tree=36
num_leaves=31
num_cat=0
split_feature=19 6 8 5 20 20 1 45 45 19 4 43 27 1 23 13 6 11 12 39 14 8 45 4 8 18 20 21 39 23
split_gain=567.444 14.9524 9.43298 4.95897 4.65747 4.64734 5.81018 3.63459 3.32268 3.31831 2.33413 2.15462 1.66747 1.49367 0.867547 0.729146 0.642578 0.439693 2.56559 0.717867 0.244581 0.160245 2.80041 0.127465 0.0695495 0.0484134 0.0221137 0.0116788 0.00409148 0.00112279
threshold=294.50000000000006 40.231663685000008 239.02812500000002 1844.5000000000002 16.500000000000004 18.500000000000004 10.500000000000002 86.500000000000014 86.500000000000014 169.50000000000003 221.19230770000004 0.17778087200000001 249.50000000000003 17.500000000000004 0.021252902500000004 795.50000000000011 41.908738390000003 3148.5000000000005 43.500000000000007 0.062541630500000014 697.50000000000011 250.97438910000002 87.500000000000014 226.18763860000004 239.02812500000002 178.50000000000003 19.500000000000004 42.500000000000007 0.18859024300000002 0.03362246800000001
decision_type=2 2 2 2 2 2 2 2 2 2 2 2 2 2 2 2 2 2 2 2 2 2 2 2 2 2 2 2 2 2
left_child=1 3 13 17 -3 -6 9 -4 -8 14 -10 -11 21 15 -7 -2 -13 -1 -19 25 -12 22 29 -22 -25 -20 -18 -28 -26 -9
right_child=2 4 7 -5 5 6 8 12 10 11 20 16 -14 -15 -16 -17 26 18 19 -21 23 -23 -24 24 28 -27 27 -29 -30 -31
leaf_value=0.10135733015343446 0.048822932770315138 0.34915268720367371 0.26729941078621006 -0.018215973473035559 -0.1375879792777645 0.022534643989987484 0.10787165595409545 -0.10655575898044262 0.10310977736316151 -0.082750991299048351 -0.026011902340746174 0.23216477139808603 0.10551079491398106 0.10279966474164451 -0.082412220530671043 -0.082467747147453307 0.12306647369684331 -0.15376473510074817 0.12483568991712542 0.018017368627364458 -0.042691714334400638 -0.10132969954018203 0.10557664536690028 -0.1430003352107963 -0.1020820953685931 0.10201443015301735 0.083347976979508548 0.10204923686345269 -0.089835171484093868 -0.10151753216135713
leaf_weight=284.36203447170556 0.81090926192700752 0.40875661373138683 0.26878996938466926 3.5463047325611106 1.9822619557380701 1.8361455686390429 1.1869802977889765 0.46190308779477796 0.66550460271537293 0.63197432830929656 0.47594792302697886 0.40095101483166118 0.39203531667590041 2.4145246492698789 1.3794646002352235 0.88429241627454758 0.4920417293906193 0.45479327440261741 1.2003144100308416 1.0880431793630121 0.35178750194609154 285.63870564848185 0.69305327162146646 0.43869103677570809 4.2104975683614612 4.1213199505582452 0.34979923628270615 7.3609190937131643 0.29168643802404393 10.43587850499898
leaf_count=21543 31 2 2 24 10 25 39 8 29 27 16 5 8 137 22 9 5 2 8 33 6 22196 14 3 276 274 26 491 22 787
internal_value=-7.05415e-05 0.0933291 -0.0981823 0.0993223 0.0146843 0.00848536 0.0229109 -0.100258 -0.0458583 0.0650027 -0.0742187 0.095464 -0.10059 0.0522852 -0.0224865 -0.0196641 0.108555 0.100754 0.0757449 0.0920296 -0.0946765 -0.100862 -0.0893355 -0.100851 -0.104992 0.107162 0.102512 0.101201 -0.101289 -0.101731
internal_weight=619.236 317.236 302 294.773 22.4634 22.0547 20.0724 297.89 7.6211 12.4513 6.43412 9.23569 297.622 4.10973 3.21561 1.6952 8.60371 291.227 6.86447 6.40968 5.76861 297.23 11.5908 5.29266 4.94088 5.32163 8.20276 7.71072 4.50218 10.8978
internal_count=46080 22888 23192 21884 1004 1002 992 23015 391 601 352 554 23013 177 47 40 527 21860 317 315 323 23005 809 307 301 282 522 517 298 795
is_linear=0
shrinkage=0.1


Tree=37
num_leaves=31
num_cat=0
split_feature=19 6 8 11 14 20 1 45 19 45 4 43 27 37 15 12 11 12 19 6 14 8 45 4 8 20 1 8 41 23
split_gain=511.691 13.9931 8.59101 4.88807 3.8647 3.58294 4.14967 3.08484 2.98332 2.9614 2.07346 1.93292 1.50631 1.40011 1.12133 0.887581 0.607588 2.14981 1.06017 0.554861 0.318938 0.146083 2.52842 0.123717 0.0498786 0.0162589 0.0148644 0.0111313 0.00509942 0.000822277
threshold=294.50000000000006 40.231663685000008 239.02812500000002 3368.0000000000005 575.50000000000011 18.500000000000004 10.500000000000002 86.500000000000014 169.50000000000003 86.500000000000014 221.19230770000004 0.17778087200000001 249.50000000000003 0.047625394500000008 60.500000000000007 47.500000000000007 3148.5000000000005 43.500000000000007 261.50000000000006 41.908738390000003 671.50000000000011 250.97438910000002 87.500000000000014 226.18763860000004 239.02812500000002 19.500000000000004 40.500000000000007 242.86884025000003 0.29910903400000005 0.03362246800000001
decision_type=2 2 2 2 2 2 2 2 2 2 2 2 2 2 2 2 2 2 2 2 2 2 2 2 2 2 2 2 2 2
left_child=1 3 13 16 14 -6 8 -4 -7 -8 -11 -10 21 -2 -3 -15 26 -18 -19 -13 -12 22 29 -22 -25 -21 -1 -27 -26 -9
right_child=2 4 7 -5 5 6 9 12 11 10 20 19 -14 15 -16 -17 17 18 -20 25 23 -23 -24 24 28 27 -28 -29 -30 -31
leaf_value=0.10122707552919696 0.10264918483025949 0.27572378484703525 0.23429480623722962 -0.020933518011736339 -0.1327619007631404 -0.026458287465598085 0.10720583279535988 -0.10589313478627918 -0.0794702210732188 0.1028091099133599 -0.0050092541490558227 0.23620919360160728 0.10495964580719504 -0.097571182151458921 0.1014816649852858 0.050944790973137623 -0.14610184993023298 -0.035039520361174442 0.1022006951318407 0.12044294803530693 -0.046497641661380706 -0.1012016416250716 0.10501854240088633 -0.13743198001639273 -0.1018794293542475 0.085206134185267457 0.11576048575162193 0.10207666225457449 -0.087663247881179018 -0.10137343525880377
leaf_weight=257.65944156423211 2.2073070099577303 0.46228742599487604 0.27556314319372077 3.3541995957493773 1.8554130494594598 3.0457210447639245 1.0803557392209757 0.4204288721084567 0.59425215981900681 0.60384483542293299 0.38466404378414143 0.3266653474420308 0.35649585723876853 0.76964268647134282 1.8369597438722847 0.84333794843405485 0.43195343017578025 0.63919439911842335 4.7142900573089719 0.45441426336765278 0.40375092811882485 258.76699559111148 0.6302630193531521 0.41218359023332585 3.855995511636138 0.42464063130319107 0.70566755533218284 4.9518757611513138 0.26998871285468329 9.4555129874497634
leaf_count=21544 134 2 2 18 10 39 39 8 27 29 12 4 8 11 146 32 2 5 309 5 7 22196 14 3 279 34 6 346 22 787
internal_value=-7.27084e-05 0.0928603 -0.0980109 0.0990258 0.0141834 -0.000886952 0.0136702 -0.100119 0.0557011 -0.0450679 -0.0728078 0.0927627 -0.10046 0.0508985 0.136515 -0.0199204 0.100549 0.0684991 0.0858145 0.109384 -0.0927165 -0.100732 -0.0891729 -0.0995434 -0.104263 0.102279 0.101267 0.100744 -0.100949 -0.101566
internal_weight=562.193 288.468 273.726 267.505 20.963 18.6638 16.8084 269.905 9.79757 7.01078 5.93043 6.75185 269.63 3.82029 2.29925 1.61298 264.151 5.78544 5.35348 6.1576 5.32658 269.273 10.5062 4.94192 4.53817 5.83093 258.365 5.37652 4.12598 9.87594
internal_count=46080 22888 23192 21884 1004 856 846 23015 455 391 352 416 23013 177 148 43 21866 316 314 389 323 23005 809 311 304 385 21550 380 301 795
is_linear=0
shrinkage=0.1


Tree=38
num_leaves=31
num_cat=0
split_feature=19 6 8 5 14 20 1 19 45 45 4 43 27 26 2 15 8 11 39 14 8 8 45 18 8 43 2 20 39 23
split_gain=461.511 13.0725 7.81801 4.77008 3.34961 3.13888 3.63506 2.70421 2.65819 2.63969 1.84188 1.72883 1.36095 1.32042 1.80778 0.659726 0.508339 0.436695 2.11361 0.310524 0.140913 0.133077 2.28334 0.0367048 0.0362231 0.0231671 0.0249658 0.00964894 0.00696224 0.00156912
threshold=294.50000000000006 40.231663685000008 239.02812500000002 1844.5000000000002 575.50000000000011 18.500000000000004 10.500000000000002 169.50000000000003 86.500000000000014 86.500000000000014 221.19230770000004 0.17778087200000001 249.50000000000003 4.5000000000000009 10.826288275000001 60.500000000000007 239.02812500000002 3148.5000000000005 0.062541630500000014 671.50000000000011 231.15909090000002 250.97438910000002 87.500000000000014 178.50000000000003 239.02812500000002 0.18137003800000004 13.281275365000001 19.500000000000004 0.19064374700000003 0.03380151650000001
decision_type=2 2 2 2 2 2 2 2 2 2 2 2 2 2 2 2 2 2 2 2 2 2 2 2 2 2 2 2 2 2
left_child=1 3 13 17 15 -6 7 -7 -4 -8 -11 -9 21 14 -2 -3 -13 -1 23 -12 -21 22 -10 -19 -22 26 -18 -27 -26 -15
right_child=2 4 8 -5 5 6 9 11 12 10 19 16 -14 29 -16 -17 25 18 -20 20 24 -23 -24 -25 28 27 -28 -29 -30 -31
leaf_value=0.10110844909005437 0.101228558056909 0.23337829693893553 0.20946038620108501 -0.018230352149433755 -0.12869312975525679 -0.024064568694911647 0.10659074121518559 -0.075966146366458473 -0.1014164693378744 0.10253793495450987 -0.0045085591785382732 0.23347741483433154 0.10446600817924426 0.10218440574432425 -0.11612314302270216 0.10134066437691527 0.10191240842989463 0.12249556408703539 -0.033620417671856598 -0.041723405140551381 -0.13278653222424883 -0.10108604376288283 0.10451876154851376 0.10168491237371297 -0.10169788616257749 0.1173064249585998 0.061474554610397816 0.10180045950810507 -0.083690311045603719 0.10926226003059077
leaf_weight=233.3597184792161 0.68875672109425001 0.48977231979370417 0.27727194130420585 3.4365556240081778 1.729158073663714 3.0154774207621795 0.98290073592215677 0.56124987825751294 8.9486104380339349 0.54775280598551024 0.38464528322219838 0.30572029948234547 0.3240172490477552 1.6011531958356497 0.86106413602828979 1.6643448937684295 0.31926175672560919 1.1298407390713681 1.4027785081416366 0.40399323403835286 0.38561473786830891 234.39619271177799 0.57287336885929185 3.3917971858754754 3.5170861165970568 0.44290502369403828 0.29260234069079161 4.2733684852719307 0.22866201121360052 0.38939737901091565
leaf_count=21543 60 2 2 24 10 39 39 27 795 29 12 4 8 102 9 146 23 8 35 7 3 22196 14 274 281 6 18 338 20 6
internal_value=-7.33983e-05 0.0924124 -0.0978557 0.0987478 0.0137351 -0.000835024 0.0132818 0.0536 -0.0999919 -0.0442867 -0.0714089 0.0914034 -0.100343 0.0496817 -0.0195298 0.131361 0.108077 0.100428 0.0736162 -0.0907747 -0.098091 -0.100615 -0.0890261 0.106885 -0.103603 0.100882 0.0825744 0.103257 -0.100599 0.103569
internal_weight=510.325 262.265 248.059 242.721 19.5445 17.3904 15.6612 9.21059 244.519 6.45065 5.46775 6.19511 244.242 3.54037 1.54982 2.15412 5.63386 239.284 5.92442 4.92 4.53536 243.918 9.52148 4.52164 4.13136 5.32814 0.611864 4.71627 3.74575 1.99055
internal_count=46080 22888 23192 21884 1004 856 846 455 23015 391 352 416 23013 177 69 148 389 21860 317 323 311 23005 809 282 304 385 41 344 301 108
is_linear=0
shrinkage=0.1


Tree=39
num_leaves=31
num_cat=0
split_feature=19 6 8 11 14 20 10 20 8 45 24 27 26 2 45 6 11 15 15 2 8 45 43 8 1 23 6 23 10 4
split_gain=416.239 12.1972 7.07601 4.69354 2.9259 2.75982 3.18232 2.70372 2.41152 2.31759 2.31573 1.22981 1.19121 1.62035 1.14778 0.655072 0.629727 1.95322 0.409047 0.375136 0.12113 2.06244 0.0926495 0.0250156 0.0115673 0.00115413 0.000507875 0.000448515 0.000429972 0.000384213
threshold=294.50000000000006 40.231663685000008 239.02812500000002 3368.0000000000005 575.50000000000011 18.500000000000004 582.50000000000011 23.500000000000004 231.15909090000002 86.500000000000014 0.043245386000000004 249.50000000000003 4.5000000000000009 10.826288275000001 86.500000000000014 41.908738390000003 3148.5000000000005 104.50000000000001 60.500000000000007 11.487211930000003 250.97438910000002 87.500000000000014 0.17778087200000001 239.02812500000002 40.500000000000007 0.03380151650000001 36.505813955000008 0.03362246800000001 1167.5000000000002 251.36516260000005
decision_type=2 2 2 2 2 2 2 2 2 2 2 2 2 2 2 2 2 2 2 2 2 2 2 2 2 2 2 2 2 2
left_child=1 3 12 16 18 -6 7 10 19 -4 -7 20 13 -2 -10 -12 24 -18 -3 -8 21 27 -9 -16 -1 -14 -19 -11 -29 -25
right_child=2 4 9 -5 5 6 8 22 14 11 15 -13 25 -15 23 -17 17 26 -20 -21 -22 -23 -24 29 -26 -27 -28 28 -30 -31
leaf_value=0.10100247630539044 0.10111049898030822 0.20561613390039624 0.19054806821390932 -0.020585023299431474 -0.12523173903426207 0.071943742829957844 0.10239307297827574 0.045297867300314237 0.11491826429000092 -0.10478975295581652 -0.10992897080236111 0.10402344814674336 0.10197554274871223 -0.11451712015277099 -0.12970669366683776 -0.001221755780590897 -0.041283657110208261 0.10476279122434207 0.10121310619993081 -0.012973416902988991 -0.100981678994463 0.10407073862898619 0.10173056847394533 -0.10514657226742326 0.11429593452317531 0.10833501137861504 0.10134247610645733 -0.10100553238622273 -0.1057700311503381 -0.10117366635564161
leaf_weight=211.40343307889998 0.6239035036414855 0.4996269941329986 0.27442833594977756 3.2647034376859656 1.6056045591831232 1.9670379860326628 0.91252600774168857 0.31028854381293047 0.25595247559249434 0.3489450961351358 1.6462443349882963 0.29436663165688415 1.4515996584668753 0.78948946297168732 0.34773570299148593 0.83575634844601143 1.2823195122182358 0.50167927611619267 1.507763006724417 0.40782460756599903 212.2984976451844 0.52047495543956834 4.6619817609898746 0.26487079076468978 0.65660230815410514 0.35520283877849568 3.2244993336498737 7.5639755502343178 0.19427626207470883 3.0056210579350591
leaf_count=21544 60 2 2 18 10 24 52 15 4 8 31 8 102 9 2 28 14 16 146 9 22196 14 387 7 6 6 286 781 6 287
internal_value=-7.33456e-05 0.0919221 -0.0977376 0.098426 0.01331 -0.000783572 0.0128875 0.0475355 -0.0499534 -0.0998772 -0.00909746 -0.100237 0.0494323 -0.0193342 -0.08973 -0.0733243 0.100216 0.0651687 0.127198 0.0667591 -0.10051 -0.0888944 0.098209 -0.104207 0.101044 0.103226 0.101803 -0.101283 -0.101125 -0.101495
internal_weight=463.277 238.562 224.715 220.333 18.2288 16.2214 14.6158 9.42131 5.19453 221.495 4.44904 221.221 3.2202 1.41339 3.87418 2.482 217.069 5.0085 2.00739 1.32035 220.926 8.62767 4.97227 3.61823 212.06 1.8068 3.72618 8.1072 7.75825 3.27049
internal_count=46080 22888 23192 21884 1004 856 846 485 361 23015 83 23013 177 69 300 59 21866 316 148 61 23005 809 402 296 21550 108 302 795 787 294
is_linear=0
shrinkage=0.1


Tree=40
num_leaves=31
num_cat=0
split_feature=18 2 24 45 11 11 14 27 20 43 14 24 11 41 15 6 5 18 21 20 6 19 6 4 45 45 21 8 45 1
split_gain=376.106 15.8689 10.8634 4.12198 2.96442 2.82802 2.48638 1.6621 1.52862 1.83959 1.94273 1.47927 1.23017 3.54019 3.18479 0.889674 0.583605 0.476193 0.340687 0.333187 0.470639 0.263063 0.238299 0.606558 1.29671 0.153592 0.0911608 0.0715262 1.50802 0.0542243
threshold=205.50000000000003 10.082207205000001 0.045086793000000007 86.500000000000014 3723.5000000000005 4860.5000000000009 575.50000000000011 222.50000000000003 18.500000000000004 0.17143321700000003 601.50000000000011 0.043245386000000004 3148.5000000000005 0.14815617400000003 104.50000000000001 45.801662205000007 937.50000000000011 146.50000000000003 65.500000000000014 23.500000000000004 37.658813750000007 272.50000000000006 40.231663685000008 240.80973110000002 87.500000000000014 85.500000000000014 53.500000000000007 250.97438910000002 87.500000000000014 16.500000000000004
decision_type=2 2 2 2 2 2 2 2 2 2 2 2 2 2 2 2 2 2 2 2 2 2 2 2 2 2 2 2 2 2
left_child=2 5 6 -3 12 25 -1 21 -8 -10 11 -11 15 -14 -15 19 -12 26 -17 20 -4 -5 -23 24 29 -2 -18 28 -25 -24
right_child=1 3 4 7 -6 -7 8 -9 9 10 16 -13 13 14 -16 18 17 -19 -20 -21 -22 22 23 27 -26 -27 -28 -29 -30 -31
leaf_value=0.15395786060269834 0.18194510970948788 0.10686271483113281 0.10141561737163951 -0.012939830220952001 0.37438737919386561 -0.10144538285849827 -0.122264557873332 0.10323339107254231 -0.10121522974170361 0.046899453308244299 0.15790922712108446 -0.098236515569226496 0.10664696653685478 -0.16631197997727226 0.10245687189529684 0.057644429876340914 0.031092954547630898 -0.072496598671284634 -0.10113935466833829 0.10090126772683566 -0.076324934066925032 -0.13186903152706184 -0.11787659562549323 -0.10114515304788663 0.10298840629804691 0.10095751686894981 0.10167249951371822 -0.10088642069525447 0.10374183016748284 -0.075283466026336121
leaf_weight=0.80182844493538041 0.24753822386264701 0.96941610146313806 0.35585572570562263 0.34465974383056064 0.3915179967880239 0.77296134922653426 1.4862410128116588 0.40228879731148381 1.6485928199253974 1.2820677347481251 0.86147895269095931 1.5528284078463912 4.0004409207031122 1.1219544466584919 0.7262823013588785 0.25207584444433351 0.25042409542947985 0.25119868479669094 0.29125881474465132 193.5453566191718 0.25625361129641533 2.3749777376651755 0.54045715741813072 7.275062048342078 0.45971140358597029 4.336168322712183 0.67968718055635691 191.98320807283744 0.37789558619260777 0.66871726606041193
leaf_count=30 1 43 36 37 2 69 10 16 164 13 15 31 276 13 35 17 14 13 28 21606 9 17 8 790 23 476 60 22174 11 43
internal_value=-7.41656e-05 -0.0944231 0.0947236 -0.0988545 0.0994899 0.0754935 -0.0139352 -0.09983 -0.0307365 -0.0098927 0.0209731 -0.0325995 0.0989533 0.0537648 -0.0606967 0.100311 0.0953189 0.0496744 -0.0274729 0.100668 0.0270063 -0.10023 -0.100378 -0.100007 -0.0399702 0.105331 0.0826696 -0.100509 -0.091028 -0.0943211
internal_weight=420.508 210.753 209.755 205.396 200.941 5.35667 8.81435 204.427 8.01252 6.52628 4.87769 2.8349 200.549 5.84868 1.84824 194.701 2.04279 1.18131 0.543335 194.157 0.612109 204.025 203.68 201.305 1.66889 4.58371 0.930111 199.636 7.65296 1.20917
internal_count=46080 23708 22372 23162 22022 546 350 23119 320 310 146 44 22020 324 48 21696 102 87 45 21651 45 23103 23066 23049 74 477 74 22975 801 51
is_linear=0
shrinkage=0.1


Tree=41
num_leaves=31
num_cat=0
split_feature=18 2 24 45 11 14 11 27 20 43 14 24 11 41 15 6 11 15 20 6 19 27 45 17 6 10 45 43 4 18
split_gain=339.36 14.332 10.0632 3.72162 2.54619 2.16567 1.62861 1.50109 1.36167 1.66077 1.88863 1.27255 1.14011 3.17891 2.80564 0.820885 0.447581 0.373661 0.311922 0.418547 0.269367 0.191102 2.93452 0.302948 0.201798 0.139945 0.103352 0.0292514 0.0264656 0.020618
threshold=205.50000000000003 10.082207205000001 0.045086793000000007 86.500000000000014 4860.5000000000009 575.50000000000011 3723.5000000000005 222.50000000000003 18.500000000000004 0.17778087200000001 601.50000000000011 0.043245386000000004 3148.5000000000005 0.14815617400000003 104.50000000000001 45.801662205000007 2639.5000000000005 80.500000000000014 23.500000000000004 37.658813750000007 272.50000000000006 20.500000000000004 87.500000000000014 132.50000000000003 40.231663685000008 470.50000000000006 85.500000000000014 0.16909748500000002 226.18763860000004 178.50000000000003
decision_type=2 2 2 2 2 2 2 2 2 2 2 2 2 2 2 2 2 2 2 2 2 2 2 2 2 2 2 2 2 2
left_child=2 4 5 -3 26 -1 12 20 -7 27 11 -11 15 29 -15 18 25 -17 19 -4 -5 24 23 -23 -22 -12 -2 -10 -26 -14
right_child=1 3 6 7 -6 8 -8 -9 9 10 16 -13 13 14 -16 17 -18 -19 -20 -21 21 22 -24 -25 28 -27 -28 -29 -30 -31
leaf_value=0.14846632229661202 0.16831329946980089 0.10623201481068328 0.10128207713280984 -0.011665502858519692 -0.10130718005389033 -0.11970444557758078 0.28869904354726622 0.10291842161133509 -0.10108259447796122 0.04198340964321938 0.16995211109796654 -0.094375171053638268 0.1184050289171059 -0.16130565772370781 0.10221895397711717 0.07198446370645642 0.0027338693184158704 -0.10109506292609548 0.10079713484962607 -0.072275164761523653 -0.13144815076832814 0.030824371989891648 0.10302692888286449 -0.10081061070221323 -0.050330954584912463 0.10408047814787547 0.10086568675317856 -0.058242073396841613 -0.10085107881612938 0.1014880871832365
leaf_weight=0.75097891641780545 0.24113953113555808 0.88210653606802125 0.32239452563226123 0.34410999901592632 0.70030993968248356 1.3720802068710325 0.45280268788337608 0.3650632044300427 1.4432772072032092 1.2886036448180676 0.49578613042831399 1.4596319673582911 0.98972009122371618 1.045073823072016 0.658619089052081 0.21890606451779504 0.36352587910369027 0.28995015332475305 175.29886851739138 0.24419746175408363 2.1792873144149771 0.17688267119228918 0.75227220822125751 15.093649177812038 0.10375850647687812 0.92287782719358802 3.9269178761169314 0.1791666131466626 166.26079745404422 2.6480468199588358
leaf_count=30 1 43 36 37 69 10 2 16 160 13 3 31 8 13 35 16 25 29 21606 9 12 14 33 1850 4 69 476 9 21153 268
internal_value=-7.82663e-05 -0.0942536 0.0943847 -0.0986831 0.0751241 -0.0134631 0.0992843 -0.0996587 -0.0296235 -0.00953555 0.0215552 -0.0304388 0.0988123 0.0532963 -0.0594315 0.100191 0.101733 -0.0266376 0.100558 0.02648 -0.100059 -0.100223 -0.0897872 -0.0992858 -0.101216 0.127101 0.104768 -0.0963517 -0.10082 0.106091
internal_weight=381.471 191.026 190.445 186.158 4.86837 8.27593 182.169 185.276 7.52495 6.15287 4.53043 2.74824 181.716 5.34146 1.70369 176.374 1.78219 0.508856 175.865 0.566592 184.911 184.567 16.0228 15.2705 168.544 1.41866 4.16806 1.62244 166.365 3.63777
internal_count=46080 23708 22372 23162 546 350 22022 23119 320 310 141 44 22020 324 48 21696 97 45 21651 45 23103 23066 1897 1864 21169 72 477 169 21157 276
is_linear=0
shrinkage=0.1


Tree=42
num_leaves=31
num_cat=0
split_feature=18 2 24 45 11 14 27 20 43 14 24 11 11 41 19 6 42 7 15 20 21 19 27 45 23 6 5 45 4 18
split_gain=306.231 12.9471 9.35891 3.36096 2.29376 1.88682 1.35596 1.21936 1.48786 1.45449 1.09259 0.985372 1.05736 2.85354 1.69333 0.753158 0.449523 0.382767 0.332373 0.293216 0.399042 0.275192 0.175659 2.64883 0.30274 0.144244 0.110345 0.0706447 0.0305411 0.0149193
threshold=205.50000000000003 10.082207205000001 0.045086793000000007 86.500000000000014 4860.5000000000009 575.50000000000011 222.50000000000003 18.500000000000004 0.17143321700000003 601.50000000000011 0.043245386000000004 3723.5000000000005 3148.5000000000005 0.14815617400000003 273.50000000000006 45.801662205000007 0.090908912500000008 7547.5000000000009 80.500000000000014 23.500000000000004 33.500000000000007 272.50000000000006 20.500000000000004 87.500000000000014 0.031228269000000003 40.231663685000008 1210.5000000000002 85.500000000000014 226.18763860000004 178.50000000000003
decision_type=2 2 2 2 2 2 2 2 2 2 2 2 2 2 2 2 2 2 2 2 2 2 2 2 2 2 2 2 2 2
left_child=2 4 5 -3 27 -1 21 -7 -9 10 -10 12 15 29 -15 19 17 26 -17 20 -4 -5 25 24 -24 -23 -11 -2 -27 -14
right_child=1 3 11 6 -6 7 -8 8 9 16 -12 -13 13 14 -16 18 -18 -19 -20 -21 -22 22 23 -25 -26 28 -28 -29 -30 -31
leaf_value=0.14340349406392158 0.15773083107109864 0.10565742587963972 0.10118026036734636 -0.010513449826048564 -0.10118225005382538 -0.11748323061732956 0.10263476863233958 -0.10099648056348404 0.037614850983118585 0.017022276135516139 -0.090376771123147334 0.24138044917176821 0.11638347885937401 -0.15539486894639976 0.052819916621610064 0.067956360305308688 0.14334217533885302 -0.067042627731902574 -0.10098993549316147 0.10069895530453193 -0.074903818992049925 -0.12757861042216287 0.024421739817226847 0.10273257550444946 -0.10083373787099595 -0.046065398242425268 0.10132994608830491 0.10078272532531096 -0.10077113208512774 0.10134750134419102
leaf_weight=0.70226634619757433 0.23204627633094732 0.80228260951116581 0.30104649998247524 0.34366081282496352 0.63440922833979119 1.2637707293033598 0.33118925616145034 1.3545138407498596 1.2941236738115549 0.2159859202802179 1.3761962149292231 0.48530545830726524 0.91028949618339483 0.83707729028537847 0.73227584175765514 0.2092150985263278 0.80625832779332984 0.24007465690374374 0.2626169640570879 158.76381111284718 0.22480703238397837 2.0285942554473868 0.19573076255619248 0.68253503181040365 13.652092409320174 0.10212075524032016 0.55203701369464397 3.5559982983395457 150.55227305367589 2.399206546600908
leaf_count=30 1 43 36 37 69 10 16 164 13 13 31 2 8 12 36 16 19 12 29 21606 9 12 10 33 1854 4 58 476 21153 268
internal_value=-8.16443e-05 -0.0941038 0.0940395 -0.0985318 0.0747985 -0.0129623 -0.0995076 -0.0284221 -0.00914664 0.0185949 -0.0283479 0.0990973 0.0986779 0.0528193 -0.0582398 0.100078 0.087684 0.0431696 -0.0260774 0.100452 0.0259028 -0.0999071 -0.100091 -0.0895844 -0.0990633 -0.101091 0.0776207 0.104271 -0.100734 0.105483
internal_weight=346.044 173.113 172.931 168.69 4.42245 7.80523 167.888 7.10296 5.83919 4.48468 2.67032 165.126 164.64 4.87885 1.56935 159.761 1.81436 1.0081 0.471832 159.29 0.525854 167.557 167.213 14.5304 13.8478 152.683 0.768023 3.78804 150.654 3.3095
internal_count=46080 23708 22372 23162 546 350 23119 320 310 146 44 22022 22020 324 48 21696 102 83 45 21651 45 23103 23066 1897 1864 21169 71 477 21157 276
is_linear=0
shrinkage=0.1


Tree=43
num_leaves=31
num_cat=0
split_feature=18 2 24 45 11 14 27 20 43 14 24 6 11 11 39 19 11 7 19 20 6 27 45 6 5 2 6 45 17 6
split_gain=276.328 11.6973 8.68 3.03565 2.06737 1.64731 1.225 1.09433 1.33854 1.26761 0.935671 0.749102 0.625168 1.00498 2.51922 1.4074 0.403618 0.342132 0.280507 0.274653 0.369483 0.161495 2.39123 0.349521 0.158417 0.135075 0.103584 0.048882 0.0305969 0.0162449
threshold=205.50000000000003 10.082207205000001 0.045086793000000007 86.500000000000014 4860.5000000000009 575.50000000000011 222.50000000000003 18.500000000000004 0.17143321700000003 601.50000000000011 0.043245386000000004 45.801662205000007 3723.5000000000005 3148.5000000000005 0.062541630500000014 271.50000000000006 2677.5000000000005 8503.5000000000018 272.50000000000006 23.500000000000004 37.75582656000001 20.500000000000004 87.500000000000014 42.454647005000005 937.50000000000011 13.967925320000001 40.231663685000008 85.500000000000014 169.50000000000003 43.305771605000011
decision_type=2 2 2 2 2 2 2 2 2 2 2 2 2 2 2 2 2 2 2 2 2 2 2 2 2 2 2 2 2 2
left_child=2 4 5 -3 27 -1 18 -7 -9 10 -10 12 13 19 -15 -16 24 -13 -5 20 -4 26 23 -23 -11 -26 -20 -2 -28 -21
right_child=1 3 11 6 -6 7 -8 8 9 16 -12 17 -14 14 15 -17 -18 -19 21 29 -22 22 -24 -25 25 -27 28 -29 -30 -31
leaf_value=0.13880292662834651 0.14930672593873309 0.10513427438486467 0.10105360352529046 -0.0094727952062993621 -0.10106930854570158 -0.11554674200991966 0.10237921238985187 -0.10090117141458438 0.033725389579200814 0.14093969419394337 -0.086236166374302967 0.074654244106611076 0.21106036808124828 0.10493897565643469 -0.17175729501945647 0.026378963386578014 -0.01601990673470503 -0.10087929633936291 -0.12427857527363295 0.10070948706076487 -0.074864426167829332 0.05963427980952242 0.10246739314827993 -0.10060601029634308 0.10112004798512771 4.7329413114235258e-05 -0.10070195357642049 0.10070776561452709 -0.052521166548460486 0.089760120732955584
leaf_weight=0.6554106567054977 0.22118079662322943 0.72936371713876624 0.27757244557142158 0.34329365007579227 0.57464604079723347 1.1616839766502378 0.30038237757980724 1.2267136154696343 1.2987725208513439 0.71622665878385283 1.3019840801134706 0.18854805827140708 0.49862691760063071 3.0092359897680572 0.60427954047918297 0.88142360048368573 0.32180540775880206 0.27010887302458286 1.8817570656537999 142.41441123466939 0.20950610656291246 0.13763079978525361 0.61910011805594045 12.419196211732922 0.47485621320083737 0.18324830243363976 136.28719597356394 3.2198734995909035 0.1319317827001204 1.3680129535496224
leaf_count=30 1 43 37 37 69 10 16 164 13 15 31 15 2 276 5 39 18 34 12 21422 8 10 33 1854 53 16 21145 476 12 184
internal_value=-8.38514e-05 -0.0939632 0.0936778 -0.0983893 0.0745103 -0.0124911 -0.0993652 -0.0273236 -0.00876922 0.0175334 -0.0263295 0.0988832 0.0992753 0.0989006 0.0523361 -0.0542089 0.0847901 -0.0287197 -0.0997643 0.100351 0.0253863 -0.099969 -0.0893903 -0.0988497 0.108395 0.0729765 -0.100977 0.103832 -0.100655 0.100605
internal_weight=313.928 156.866 157.062 152.85 4.0157 7.3407 152.12 6.68529 5.52361 4.29689 2.60076 149.722 149.263 148.764 4.49494 1.4857 1.69614 0.458657 151.82 144.27 0.487079 151.477 13.1759 12.5568 1.37433 0.658105 138.301 3.44105 136.419 143.782
internal_count=46080 23708 22372 23162 546 350 23119 320 310 146 44 22022 21973 21971 320 44 102 49 23103 21651 45 23066 1897 1864 84 69 21169 477 21157 21606
is_linear=0
shrinkage=0.1


Tree=44
num_leaves=31
num_cat=0
split_feature=18 2 24 45 11 14 27 43 6 18 20 21 20 16 11 11 15 14 19 43 27 45 13 23 2 6 17 45 6 2
split_gain=249.33 10.5692 8.07127 2.74216 1.86412 1.4395 1.10679 0.989033 0.687201 1.9041 0.675527 1.22855 0.670974 0.440262 0.404852 0.433552 1.42354 0.371237 0.285349 0.219282 0.147896 2.1594 0.357475 0.138997 0.302855 0.0746922 0.0406116 0.0341556 0.0182975 0.00843502
threshold=205.50000000000003 10.082207205000001 0.045086793000000007 86.500000000000014 4860.5000000000009 575.50000000000011 222.50000000000003 0.18421783900000002 40.231663685000008 187.50000000000003 18.500000000000004 40.500000000000007 23.500000000000004 518.50000000000011 3723.5000000000005 3148.5000000000005 104.50000000000001 671.50000000000011 272.50000000000006 0.21431444000000002 20.500000000000004 87.500000000000014 842.50000000000011 0.021252902500000004 16.219433055000003 40.231663685000008 173.50000000000003 85.500000000000014 43.642953320000011 13.915330960000002
decision_type=2 2 2 2 2 2 2 2 2 2 2 2 2 2 2 2 2 2 2 2 2 2 2 2 2 2 2 2 2 2
left_child=2 4 5 -3 27 -1 18 10 14 12 -7 -12 -10 23 15 -4 -17 -9 -5 -11 25 22 -22 24 28 -20 -27 -2 -13 -18
right_child=1 3 8 6 -6 7 -8 17 9 19 11 13 -14 -15 -16 16 29 -19 20 -21 21 -23 -24 -25 -26 26 -28 -29 -30 -31
leaf_value=0.13466188205115534 0.14246811924274511 0.10465822616800016 0.10063369122304566 -0.0085334013340484551 -0.10096719605767256 -0.11385141794433587 0.10214886180275816 0.10184794035740648 -0.10360475699950256 -0.0018186964022885261 0.039463239876968675 -0.10172259604165979 0.10111497045569001 0.056019300401470067 0.18992837912262961 -0.035346727730866258 0.10111691609883065 -0.054314592237899056 -0.12144376022240747 -0.10908705394275529 0.073060283866278358 0.10222839549129246 -0.10049764276573046 -0.1076783048667671 0.016461787976369588 -0.10063602693708845 -0.039943287797514125 0.10064002250630753 -0.067322760467828605 0.11582261705451094
leaf_weight=0.61033515585586329 0.20923177897930134 0.66280466970056195 126.99724589521065 0.34299336653202672 0.52046036068350066 1.0659819096326826 0.27237892430275579 0.73247933806851495 0.16776572912931387 0.28501430666074146 1.7570138610899446 0.60156553518027112 3.5029411045834422 0.25369645003229369 0.49859398603439231 1.0098788482137018 2.251072568353266 0.19216676615178585 1.7403704375028599 0.57512037549167871 0.1199381188489469 0.56142791127786118 11.262424820102749 1.1374745988287032 0.36864572390913963 123.41269204905257 0.1103479964658608 2.9153234185650945 0.20811837585642934 0.47179293632507313
leaf_count=30 1 43 21178 37 69 10 16 75 5 31 12 49 465 22 2 15 291 15 12 31 9 33 1855 96 10 21148 9 476 31 4
internal_value=-8.54716e-05 -0.0938314 0.0932948 -0.0982555 0.0742542 -0.0119925 -0.0992314 -0.0261616 0.0986674 0.0603777 -0.0425463 -0.0249779 0.0917585 -0.0690425 0.0999894 0.0996464 0.0660559 0.0693931 -0.0996301 -0.0735426 -0.0998579 -0.0892255 -0.0986688 -0.082743 -0.0586723 -0.100872 -0.100582 0.103441 -0.0928806 0.103665
internal_weight=284.817 142.13 142.687 138.485 3.64502 6.92748 137.823 6.31714 135.759 4.53084 5.3925 4.32651 3.67071 2.5695 131.229 130.73 3.73274 0.924646 137.55 0.860135 137.207 11.9438 11.3824 2.3158 1.17833 125.263 123.523 3.12456 0.809684 2.72287
internal_count=46080 23708 22372 23162 546 350 23119 320 22022 532 230 220 470 208 21490 21488 310 90 23103 62 23066 1897 1864 186 90 21169 21157 477 80 295
is_linear=0
shrinkage=0.1


Tree=45
num_leaves=31
num_cat=0
split_feature=18 2 24 45 11 14 27 20 43 17 7 6 11 39 19 18 24 19 11 20 21 7 27 45 16 17 6 17 4 6
split_gain=224.964 9.55072 7.52768 2.47731 1.68147 1.26019 1.00008 0.890369 1.08927 1.07669 1.09228 0.648724 0.573483 2.67889 1.04183 0.454772 0.352923 0.289749 0.278452 0.232854 0.313061 0.201597 0.135189 1.95046 0.329414 0.0626581 0.0540507 0.0445966 0.0240567 0.0206234
threshold=205.50000000000003 10.082207205000001 0.045086793000000007 86.500000000000014 4860.5000000000009 575.50000000000011 222.50000000000003 18.500000000000004 0.17143321700000003 86.500000000000014 5297.0000000000009 45.801662205000007 3148.5000000000005 0.062541630500000014 272.50000000000006 148.50000000000003 0.043245386000000004 272.50000000000006 2964.5000000000005 23.500000000000004 34.500000000000007 11423.500000000002 20.500000000000004 87.500000000000014 718.50000000000011 106.50000000000001 40.231663685000008 173.50000000000003 313.90688870000002 43.305771605000011
decision_type=2 2 2 2 2 2 2 2 2 2 2 2 2 2 2 2 2 2 2 2 2 2 2 2 2 2 2 2 2 2
left_child=2 4 5 -3 28 -1 17 -7 -9 16 -11 12 19 21 -15 25 -10 -5 -13 20 -4 -14 26 24 -24 -12 -19 -28 -2 -21
right_child=1 3 11 6 -6 7 -8 8 9 10 15 18 13 14 -16 -17 -18 22 -20 29 -22 -23 23 -25 -26 -27 27 -29 -30 -31
leaf_value=0.13095680424097808 0.10057879681027693 0.10422526457450119 0.10088035594759377 -0.0076858794684880986 -0.10087486504299599 -0.11236180173868403 0.10194115407748763 -0.10073842355756538 0.016557393826508636 0.29527798197481714 0.03302033522054567 0.069961261197756863 0.10428231559109653 -0.15544788664585127 0.02189301335578038 -0.087979862699485711 -0.053863872583066824 -0.11899347923947201 -0.10075523061812955 0.10058096448329289 -0.075837329084957328 0.1743724193675433 0.071398449278231607 0.10201291344070151 -0.10038788204797498 0.10138934235514725 -0.10057627484408567 -0.036507204741260818 0.13682899959950559 0.087116356591824679
leaf_weight=0.5670720492489626 2.6394177190959454 0.60209501953795452 0.23304022615775366 0.34274762868881126 0.47134113265201438 0.97667045891284932 0.24693523719906707 1.010844620876014 1.4707353552803397 0.22397066652774789 0.17639296408742666 0.16355974925681849 2.5464491643942888 0.57627444900572278 0.77917459793388844 0.19168771710246801 1.3788646357133985 1.6055031195282925 0.22975334106013179 116.75046854559332 0.17592314817011356 0.48919984698295582 0.11286069406196197 0.50901940045878369 10.202752409037201 0.55838443152606487 111.73138865828514 0.10874954983591933 0.19671325385570515 1.1487473719753314
leaf_count=30 476 43 37 37 69 10 16 164 14 1 15 15 276 6 38 12 37 12 34 21422 8 2 9 33 1855 67 21148 9 1 184
internal_value=-8.68288e-05 -0.0937074 0.0929 -0.0981293 0.074026 -0.0115218 -0.099105 -0.0250157 -0.00799113 0.0154469 0.0971004 0.0984604 0.0988714 0.0633852 -0.0535042 0.0491914 -0.0175181 -0.0995034 -0.0297626 0.100188 0.024862 0.115577 -0.0997567 -0.0890791 -0.0985084 0.0849765 -0.100776 -0.100514 0.103093 0.10045
internal_weight=258.417 128.77 129.647 125.462 3.30747 6.55462 124.86 5.98755 5.01088 4.00004 1.15044 123.093 122.699 4.3911 1.35545 0.926465 2.8496 124.613 0.393313 118.308 0.408963 3.03565 124.27 10.8246 10.3156 0.734777 113.446 111.84 2.83613 117.899
internal_count=46080 23708 22372 23162 546 350 23119 320 310 146 95 22022 21973 322 44 94 51 23103 49 21651 45 278 23066 1897 1864 82 21169 21157 477 21606
is_linear=0
shrinkage=0.1


Tree=46
num_leaves=31
num_cat=0
split_feature=18 2 24 45 11 14 27 43 6 18 20 21 20 16 14 19 11 15 43 23 2 7 27 45 16 17 8 6 45 27
split_gain=202.928 8.63069 7.06396 2.23819 1.51722 1.10369 0.903698 0.822871 0.65021 1.6831 0.564526 0.914334 0.562246 0.341517 0.314157 0.293721 0.210713 1.46921 0.191053 0.147628 0.298545 0.138554 0.123846 1.76166 0.316551 0.0537921 0.0423738 0.0215401 0.0170559 0.00799482
threshold=205.50000000000003 10.082207205000001 0.045086793000000007 86.500000000000014 4860.5000000000009 575.50000000000011 222.50000000000003 0.18421783900000002 40.231663685000008 187.50000000000003 18.500000000000004 40.500000000000007 23.500000000000004 518.50000000000011 671.50000000000011 272.50000000000006 3148.5000000000005 104.50000000000001 0.21431444000000002 0.021252902500000004 16.219433055000003 11423.500000000002 20.500000000000004 87.500000000000014 715.50000000000011 174.50000000000003 231.15909090000002 43.75754069500001 85.500000000000014 23.500000000000004
decision_type=2 2 2 2 2 2 2 2 2 2 2 2 2 2 2 2 2 2 2 2 2 2 2 2 2 2 2 2 2 2
left_child=2 4 5 -3 28 -1 15 10 16 12 -7 -12 -10 19 -9 -5 -4 -18 -11 20 27 -19 25 24 -24 26 -17 -13 -2 -26
right_child=1 3 8 6 -6 7 -8 14 9 18 11 13 -14 -15 -16 22 17 21 -20 -21 -22 -23 23 -25 29 -27 -28 -29 -30 -31
leaf_value=0.12765377117171731 0.13211927788654002 0.10383166895207621 0.10051884071859347 -0.0069215848545526835 -0.10079137348965084 -0.11104875287700443 0.10175380202509915 0.10174519924167423 -0.10301265730850512 -0.004129278434568351 0.03050544764322068 -0.10148291159994256 0.10091985052483197 0.051545521997501557 -0.050745712821001744 -0.11616733683397076 -0.030961583970847351 0.10302013596750284 -0.10862290678827975 -0.10674586593479657 0.020348361446831144 0.162471641800818 0.076710881183844407 0.10181856682237836 -0.071174933845879321 -0.026501412887688133 -0.10048954439545488 -0.060109149690089694 0.10052345586386885 -0.10057215336140904
leaf_weight=0.52569972723722358 0.18400661647319783 0.54675818141549726 104.09256046731025 0.3425463754683723 0.42682240530848492 0.89364096522331227 0.22382669756188889 0.63996854843571771 0.14182438142597664 0.26461277413181949 1.7729881219565866 0.52115446468815274 2.8911935540381819 0.22413948830217112 0.17125350143760443 1.7539346739649762 0.95034897048026268 2.2817872818559413 0.51652071764692664 0.96796346222981799 0.36572251468896866 0.47332319617271412 0.10217365110292753 0.46141417650505978 0.093456059228627875 0.097648991271852448 100.88411492621526 0.16588834766298532 2.3894918211735785 9.1539029469713551
leaf_count=30 1 43 21178 37 69 10 16 75 5 31 12 52 465 22 15 16 15 295 31 96 10 2 8 33 17 8 21145 28 476 1839
internal_value=-8.93823e-05 -0.0935875 0.0924564 -0.0980067 0.0738224 -0.0110126 -0.0989824 -0.0237508 0.098249 0.0576722 -0.0391617 -0.0231727 0.0913839 -0.0655676 0.0695535 -0.0993804 0.0996847 0.0762516 -0.0732252 -0.0785578 -0.0526402 0.113234 -0.0996618 -0.0889273 -0.0983409 -0.100687 -0.100757 -0.0914931 0.102783 -0.100275
internal_weight=234.521 116.66 117.861 113.66 3.00032 6.24842 113.113 5.72272 111.612 3.81415 4.9115 4.01786 3.03302 2.24487 0.811222 112.889 107.798 3.70546 0.781133 2.02073 1.05277 2.75511 112.547 9.81095 9.34953 102.736 102.638 0.687043 2.5735 9.24736
internal_count=46080 23708 22372 23162 546 350 23119 320 22022 532 230 220 470 208 90 23103 21490 312 62 186 90 297 23066 1897 1864 21169 21161 80 477 1856
is_linear=0
shrinkage=0.1


Tree=47
num_leaves=31
num_cat=0
split_feature=18 2 24 45 11 14 27 20 43 14 11 41 19 24 6 42 10 19 43 20 21 4 8 45 11 7 16 6 14 13
split_gain=183.084 7.79962 6.6027 2.02229 1.36941 0.969384 0.816647 0.731393 0.887077 1.0644 0.628238 2.32706 0.952728 0.543182 0.523072 0.341549 0.383152 0.297305 0.198951 0.196984 0.251709 0.124861 0.121366 1.61984 0.118301 0.0911082 0.0554581 0.0259388 0.214181 0.0237094
threshold=205.50000000000003 10.082207205000001 0.045086793000000007 86.500000000000014 4860.5000000000009 575.50000000000011 222.50000000000003 18.500000000000004 0.17143321700000003 601.50000000000011 3148.5000000000005 0.14815617400000003 271.50000000000006 0.043245386000000004 45.801662205000007 0.090908912500000008 629.50000000000011 272.50000000000006 0.23914963400000003 23.500000000000004 34.500000000000007 261.16909380000004 250.97438910000002 87.500000000000014 3368.0000000000005 11423.500000000002 839.50000000000011 43.305771605000011 805.50000000000011 791.50000000000011
decision_type=2 2 2 2 2 2 2 2 2 2 2 2 2 2 2 2 2 2 2 2 2 2 2 2 2 2 2 2 2 2
left_child=2 4 5 -3 -2 -1 17 -7 -9 13 14 25 -13 -10 19 16 21 -5 -16 20 -4 -11 23 24 -19 -12 29 -21 -29 -26
right_child=1 3 10 6 -6 7 -8 8 9 15 11 12 -14 -15 18 -17 -18 22 -20 27 -22 -23 -24 -25 26 -27 -28 28 -30 -31
leaf_value=0.12471498285097329 0.10250491698274498 0.10347402205076631 0.10072157271930936 -0.0062325977173293967 -0.10071587300823043 -0.10988808545967044 0.10158477017145269 -0.1006062825993328 0.015472786890059707 -0.0027986362030724705 0.1037767675366133 -0.15464247920600444 0.021521931619070414 -0.080635711899894283 -0.10071740741620556 0.13429170028579904 -0.10153900235207131 -0.022218166062709249 0.056633225023872441 0.10047578204705601 -0.071782034836224834 0.10122744380314758 -0.10043858290930979 0.10162879112450368 -0.11514255536335004 0.15310340019134208 -0.03918969544325894 0.10058085853351717 -0.04949833924225111 -0.10026248694335822
leaf_weight=0.48630383284762402 2.3345151594839986 0.49635022878646751 0.19113543629646201 0.34238138608634372 0.38647968135774124 0.81670255959033955 0.20284661510959168 0.83395179547369469 1.3155850162729625 0.1580390636809168 2.1574834249913692 0.53362989379093029 0.72284995950758457 1.0633908440358937 0.1725423401221623 0.66453383164480329 0.15982859767973423 0.18819992011412878 0.15039359498769045 95.691454976564273 0.15173861756920815 0.42749458458274603 95.901828756090254 0.42829453153535713 1.4946877490729091 0.45308813452720631 0.13337973365560163 0.86255449429154296 0.10687293764203787 3.7758879396133125
leaf_count=30 477 43 37 37 69 10 16 164 13 10 276 9 39 31 27 19 11 32 18 21422 8 62 22206 34 14 2 9 177 7 771
internal_value=-9.02493e-05 -0.0934723 0.092041 -0.0978885 0.0736402 -0.0105545 -0.0988639 -0.0226479 -0.00723538 0.0133161 0.0980489 0.0585204 -0.0532955 -0.0274873 0.0996195 0.0821652 0.0356914 -0.0992615 -0.0274381 0.100043 0.0243802 0.0731502 -0.099574 -0.0858015 -0.100156 0.112338 -0.102871 0.100311 0.0840356 -0.104482
internal_weight=212.804 105.685 107.12 102.964 2.72099 5.92583 102.468 5.43953 4.62282 3.78887 101.194 3.86705 1.25648 2.37898 97.3267 1.4099 0.745362 102.265 0.322936 97.0038 0.342874 0.585534 101.922 6.02045 5.59216 2.61057 5.40396 96.6609 0.969427 5.27058
internal_count=46080 23708 22372 23162 546 350 23119 320 310 146 22022 326 48 44 21696 102 83 23103 45 21651 45 72 23066 860 826 278 794 21606 184 785
is_linear=0
shrinkage=0.1


Tree=48
num_leaves=31
num_cat=0
split_feature=18 2 24 45 11 14 27 43 11 41 19 6 20 23 16 19 14 16 20 20 20 8 45 11 2 7 0 6 7 13
split_gain=165.207 7.04739 6.14072 1.82702 1.23714 0.853707 0.737886 0.690229 0.634665 2.08344 0.913249 0.482876 0.471288 0.728895 0.871677 0.300418 0.263049 0.239596 0.211611 0.184881 0.243863 0.123672 1.45094 0.12124 0.106232 0.0625866 0.06126 0.0257947 0.214476 0.0176692
threshold=205.50000000000003 10.082207205000001 0.045086793000000007 86.500000000000014 4860.5000000000009 575.50000000000011 222.50000000000003 0.18421783900000002 3148.5000000000005 0.14815617400000003 273.50000000000006 45.801662205000007 18.500000000000004 0.021252902500000004 376.50000000000006 272.50000000000006 671.50000000000011 502.50000000000006 35.500000000000007 23.500000000000004 21.500000000000004 250.97438910000002 87.500000000000014 3368.0000000000005 13.681673735000002 11423.500000000002 56.500000000000007 43.305771605000011 8781.5000000000018 791.50000000000011
decision_type=2 2 2 2 2 2 2 2 2 2 2 2 2 2 2 2 2 2 2 2 2 2 2 2 2 2 2 2 2 2
left_child=2 4 5 -3 -2 -1 15 12 11 25 -11 19 -7 14 -14 -5 -9 -16 -13 20 -4 22 23 -17 -15 -10 29 -21 -29 -25
right_child=1 3 8 6 -6 7 -8 16 9 10 -12 18 13 24 17 21 -18 -19 -20 27 -22 -23 -24 26 -26 -27 -28 28 -30 -31
leaf_value=0.12210251534681647 0.10233414515586288 0.10314916180911626 0.10065421455901485 -0.0056116800091961594 -0.10064759073344161 -0.10885957254592755 0.10143220980622136 0.10170896388431734 0.10343604863771423 -0.13055713579469219 0.043038282126838259 0.067933738424994367 0.046561656579210499 -0.02228797835664403 -0.10143926171151502 -0.020104311822164433 -0.046945594775022102 0.030255585857957026 -0.10063559140464787 0.10043050682122355 -0.076000118261724856 -0.10039668214424036 0.10147197561007973 -0.11349937988344157 -0.10718458944767439 0.14556489739220743 -0.033674453466156107 0.100515765920262 -0.057227183359056348 -0.10006679612325134
leaf_weight=0.44895574427209695 2.1157041457481678 0.45045875106006761 0.17978588584810395 0.3422460095025589 0.34992645471356798 0.74560733139514912 0.18380522029474278 0.55712961894460011 1.9582754180300979 0.65059236506931462 0.56729990337044001 0.13277746830135484 1.7697246260941035 0.17783678555861093 0.70171344699338067 0.1872429228387763 0.15138076152652502 0.17201124224811792 0.16958212619647384 86.622257085051388 0.13822370488196611 86.809935864759609 0.38810534542426456 1.3710223613306878 0.86096042301505804 0.43007788062095631 0.1275010285899042 0.78862539120018382 0.096771109849214554 3.4270564194303006
leaf_count=30 477 43 38 37 69 10 16 75 276 12 36 15 10 32 77 32 15 20 30 21422 7 22206 34 14 81 2 8 178 6 772
internal_value=-8.98793e-05 -0.0933461 0.0916652 -0.0977567 0.0735266 -0.0101356 -0.0987315 -0.0216942 0.0978634 0.0567451 -0.0496956 0.099546 -0.0363579 -0.0216773 0.00621321 -0.0991286 0.0699473 -0.0755123 -0.0266105 0.0999803 0.0238709 -0.0994753 -0.0849349 -0.0990847 -0.0926507 0.111022 -0.102087 0.100257 0.0832749 -0.103905
internal_weight=193.073 95.753 97.3196 93.2874 2.46563 5.58532 92.8369 5.13636 91.7343 3.60625 1.21789 88.128 4.42785 3.68225 2.64345 92.6531 0.70851 0.873725 0.30236 87.8257 0.31801 92.3109 5.50093 5.11282 1.0388 2.38835 4.92558 87.5077 0.885397 4.79808
internal_count=46080 23708 22372 23162 546 350 23119 320 22022 326 48 21696 230 220 107 23103 90 97 45 21651 45 23066 860 826 113 278 794 21606 184 786
is_linear=0
shrinkage=0.1


Tree=49
num_leaves=31
num_cat=0
split_feature=18 2 24 45 11 14 6 18 23 27 20 1 2 16 4 19 11 15 43 4 45 20 17 21 13 7 8 23 18 4
split_gain=149.064 6.36968 5.73245 1.60774 1.10058 0.787869 0.678117 1.32929 0.750631 0.667262 0.550683 0.670926 0.951627 0.61568 0.539945 0.24943 0.240087 1.11419 0.154873 0.11793 1.00833 0.11701 0.0801988 0.120245 0.063722 0.0453297 0.00917093 0.0916776 0.00875482 0.00710137
threshold=205.50000000000003 10.108113385000001 0.044492068000000003 86.500000000000014 4860.5000000000009 575.50000000000011 40.231663685000008 187.50000000000003 0.021252902500000004 222.50000000000003 18.500000000000004 10.500000000000002 16.219433055000003 376.50000000000006 253.91169840000003 272.50000000000006 3148.5000000000005 104.50000000000001 0.21431444000000002 244.63852235000004 87.500000000000014 91.500000000000014 133.50000000000003 111.50000000000001 1231.5000000000002 11423.500000000002 250.97438910000002 0.034357372500000004 233.50000000000003 313.90688870000002
decision_type=2 2 2 2 2 2 2 2 2 2 2 2 2 2 2 2 2 2 2 2 2 2 2 2 2 2 2 2 2 2
left_child=2 4 5 -3 21 -1 16 8 -8 15 -7 12 13 -12 -15 -5 -4 -18 -9 20 22 29 23 -17 28 -19 27 -21 -24 -2
right_child=1 3 6 9 -6 10 7 18 -10 -11 11 -13 -14 14 -16 19 17 25 -20 26 -22 -23 24 -25 -26 -27 -28 -29 -30 -31
leaf_value=0.12003095081746143 0.10039410141745864 0.1029242590143378 0.10038448228545215 -0.011359242497828341 -0.10058431359850997 -0.10794615791506686 -0.1017494799506902 -0.0053121604234677502 0.10067622897120101 0.10129448802837707 0.1709260025645003 -0.10059762533583932 -0.028384878344818305 -0.10159278990633072 0.10148979289572467 0.02304057950319029 -0.027143899201707566 0.10230378320625107 -0.10793608891928147 -0.022868847192606657 0.10126071914593462 -0.019540566186820135 -0.11212142127903753 -0.10155906660204335 -0.037385922827164339 0.13939239812640281 -0.10035872668861284 -0.10047672959638498 -0.10075942775899248 0.12293119146952013
leaf_weight=0.40845886734314163 1.7785683390684424 0.39743801229633291 77.21729294070974 0.32292641699314018 0.32712171250022937 0.68006996810436238 0.19845990184694517 0.2204958212096243 2.3804080965928733 0.16652845544740458 0.48040103819221325 0.68024222343228746 2.1879217261448503 0.22804809734225273 0.30738595686852932 0.13270825240761031 0.82797165820375029 1.7595316662918778 0.44150979002006352 0.16828983090817828 0.27808927372097958 0.082365375012159237 1.2482746243476874 0.18601776356808841 0.14262812118977297 0.40547513961791981 78.294917250517756 1.5933405188843606 1.4848848085384814 0.15174084901809681
leaf_count=28 475 40 21178 35 71 10 14 31 518 16 9 153 35 23 30 19 15 295 31 10 29 22 13 31 29 2 22130 426 361 1
internal_value=-9.11726e-05 -0.093219 0.0912801 -0.0977302 0.0695354 -0.0130268 0.0974954 0.0526497 0.0850983 -0.0986794 -0.0249348 -0.0103999 0.00875149 0.0887364 0.0149944 -0.0990765 0.0993074 0.0715182 -0.0737549 -0.0994156 -0.0813745 0.0971851 -0.0972733 -0.0496794 -0.102548 0.10925 -0.100198 -0.0930628 -0.105949 0.102166
internal_weight=175.18 86.7558 88.4237 84.416 2.3398 4.97253 83.4511 3.24087 2.57887 84.0186 4.56407 3.884 3.20376 1.01584 0.535434 83.8521 80.2103 2.99298 0.662006 83.5292 3.4726 2.01267 3.19451 0.318726 2.87579 2.16501 80.0565 1.76163 2.73316 1.93031
internal_count=46080 23708 22372 23139 569 288 22084 594 532 23099 260 250 97 62 53 23083 21490 312 62 23048 482 498 453 50 403 297 22566 436 374 476
is_linear=0
shrinkage=0.1


Tree=50
num_leaves=31
num_cat=0
split_feature=18 2 24 45 11 14 11 41 19 27 20 43 14 6 19 42 10 1 14 20 21 6 4 8 45 11 8 7 6 18
split_gain=134.461 5.76313 5.34915 1.49111 1.00962 0.664591 0.639142 1.7959 0.73732 0.602353 0.546297 0.662103 0.955046 0.421404 0.303651 0.275166 0.296255 0.162372 0.157965 0.156402 0.199457 0.109684 0.105768 0.0833945 1.20619 0.0951641 0.0329206 0.0301548 0.0249244 0.214261
threshold=205.50000000000003 10.082207205000001 0.045086793000000007 86.500000000000014 4860.5000000000009 575.50000000000011 3148.5000000000005 0.14815617400000003 273.50000000000006 222.50000000000003 18.500000000000004 0.17143321700000003 601.50000000000011 45.801662205000007 272.50000000000006 0.090908912500000008 629.50000000000011 23.500000000000004 770.50000000000011 23.500000000000004 37.500000000000007 44.280688530000006 208.23532665000002 250.97438910000002 87.500000000000014 3368.0000000000005 239.02812500000002 11423.500000000002 43.305771605000011 177.50000000000003
decision_type=2 2 2 2 2 2 2 2 2 2 2 2 2 2 2 2 2 2 2 2 2 2 2 2 2 2 2 2 2 2
left_child=2 4 5 -3 -2 -1 13 27 -9 14 -7 -12 26 19 -5 16 21 22 -15 20 -4 -14 -16 24 25 -24 -13 -8 -21 -30
right_child=1 3 6 9 -6 10 7 8 -10 -11 11 12 15 18 17 -17 -18 -19 -20 28 -22 -23 23 -25 -26 -27 -28 -29 29 -31
leaf_value=0.11770747982085368 0.10195402090615154 0.10258614383474457 0.10054094690654794 -0.0045469499868465409 -0.10052998156815518 -0.10713340145636191 0.10304599934223616 -0.12499603973519385 0.039260551000197492 0.10117012851083512 -0.10045316749368378 -0.041839849173561081 -0.0084101413268562932 0.055592736746548202 0.1009694253954508 0.13071508822719341 -0.10120595487150824 0.049039392353846606 -0.10057314972606693 0.10035260322831241 -0.073648462998067543 0.10086192533401746 -0.024838183071351352 -0.1003245770713118 0.10126299915105096 -0.10353379547845182 -0.017090835723554163 0.13426691763215443 0.10046424879279531 -0.074809479666419432
leaf_weight=0.38058427697978814 1.7410940844565623 0.37072526570409436 0.14844195148907502 0.33992299111559887 0.28681410010904063 0.61978229135274876 1.6611260301433501 0.59552009147591867 0.5050439490005374 0.15085697080939908 0.62864354299381409 0.9708118876442321 0.12563058547675587 0.12157236062921484 0.026330741122363999 0.6025334254372865 0.12614962179213762 0.073744968511163189 0.13863478018902242 70.980295009445399 0.11798516707494855 0.34172801743261516 0.15973673085681994 71.108933022245765 0.31863877573050547 4.0420177660416812 1.2040709694847462 0.38016051054000843 0.65607367409393091 0.078040779568254948
leaf_count=30 477 43 38 37 69 10 276 12 36 16 164 6 8 17 3 19 11 10 28 21422 7 64 30 22200 33 790 38 2 178 6
internal_value=-8.94065e-05 -0.0930752 0.0908558 -0.0974807 0.073316 -0.00930898 0.0974994 0.0533463 -0.0496194 -0.0984538 -0.0197738 -0.00623631 0.0113342 0.0994197 -0.0988497 0.0831107 0.0347825 -0.099273 -0.0276103 0.0998789 0.0234025 0.0714885 -0.0994176 -0.0994873 -0.086317 -0.100542 -0.0281382 0.10886 0.100163 0.0818316
internal_weight=159.002 78.6188 80.3828 76.5909 2.02791 4.99993 75.3829 3.14185 1.10056 76.2202 4.61935 3.99957 3.37092 72.241 76.0693 1.19604 0.593508 75.7294 0.260207 71.9808 0.266427 0.467359 75.6557 75.6293 4.52039 4.20175 2.17488 2.04129 71.7144 0.734114
internal_count=46080 23708 22372 23162 546 350 22022 326 48 23119 320 310 146 21696 23103 102 83 23066 45 21651 45 72 23056 23053 853 820 44 278 21606 184
is_linear=0
shrinkage=0.1


Tree=51
num_leaves=31
num_cat=0
split_feature=18 2 24 45 11 43 11 41 19 27 1 43 2 23 6 4 39 14 4 23 7 8 45 6 7 6 14 8 39 45
split_gain=121.309 5.22053 5.01081 1.2913 0.888446 0.768093 0.643438 1.61205 0.647698 0.545186 0.496087 0.494523 0.830636 0.282641 0.253698 0.234779 0.810357 0.225245 0.167384 0.122884 0.0414818 0.0275056 0.523532 0.0790273 0.0212379 0.0192428 0.0313695 0.00635318 0.0105752 0.00389082
threshold=205.50000000000003 10.123332825 0.046474661500000007 86.500000000000014 4860.5000000000009 0.18421783900000002 3148.5000000000005 0.14815617400000003 271.50000000000006 222.50000000000003 11.500000000000002 0.17143321700000003 16.219433055000003 0.045952288000000008 45.801662205000007 240.80973110000002 0.047625394500000008 589.50000000000011 259.2577344500001 0.030304688500000006 7465.0000000000009 250.97438910000002 87.500000000000014 40.231663685000008 11423.500000000002 43.572403230000006 744.50000000000011 215.73328590000003 0.063844627000000015 85.500000000000014
decision_type=2 2 2 2 2 2 2 2 2 2 2 2 2 2 2 2 2 2 2 2 2 2 2 2 2 2 2 2 2 2
left_child=2 4 5 -3 13 11 14 24 -9 15 -7 -1 17 29 25 16 19 -13 -19 -5 -20 22 -17 -23 -8 -4 -27 -18 -29 -2
right_child=1 3 6 9 -6 10 7 8 -10 -11 -12 12 -14 -15 -16 21 27 18 20 -21 -22 23 -24 -25 -26 26 -28 28 -30 -31
leaf_value=-0.10063176258224714 0.11831304483516059 0.10243761516667971 0.10031928100544994 -0.007039894907908799 -0.10047462586167949 0.10089108037535893 0.10276684529297382 -0.13999895994061665 0.018844164820287966 0.10105782309875522 -0.10097293796053131 0.096187121146959043 -0.041621777518240789 -0.10030337847688192 -0.013334058462552837 -0.10040881839972973 -0.10977397113615539 -0.042423623046354164 0.10107236620051824 0.096213359374224622 0.023830272453705979 0.10099502506561167 0.10130657714873888 -0.10029499084495569 0.12996151061188183 0.10030322336215554 0.01861972009519236 -0.10730261955705844 -0.079482214206276658 0.1003388034183491
leaf_weight=0.6635712927673002 0.13082630932330985 0.32134630647487838 64.38538060663268 0.20807188004255195 0.27447642828337837 0.91373930592089869 1.5069242950994515 0.436317622894421 0.62359649268910289 0.13664500834420223 0.14045536704361439 0.70522259548306487 2.3827249491587281 0.072257370688021072 0.19733884325250883 2.4088594813365485 0.72998685389757134 0.28545503271743655 0.15447742748074234 0.25841051479801536 0.12642896873876452 0.019510295242070153 0.13592686131596554 64.449058669386432 0.35478413105010975 0.12350168824195762 0.07591504487209022 0.32542037777602673 0.23552589025348425 1.5157088986597953
leaf_count=169 1 38 21462 10 73 218 276 9 39 16 16 6 31 24 37 766 9 12 30 31 16 2 11 22195 2 41 8 9 36 487
internal_value=-8.76644e-05 -0.0929622 0.0904308 -0.0975562 0.0665928 -0.00253051 0.097807 0.0519017 -0.0465442 -0.0984889 0.0739958 -0.0212141 -0.006793 0.093272 0.0998773 -0.0988854 -0.062805 0.05847 0.0115054 0.0501578 0.0663076 -0.0998316 -0.0896344 -0.100234 0.107949 0.100223 0.0692075 -0.103624 -0.0956216 0.101767
internal_weight=144.298 71.222 73.0758 69.2288 1.99327 5.37207 67.7038 2.92162 1.05991 68.9074 1.05419 4.31788 3.65431 1.71879 64.7821 68.7708 1.75742 1.27158 0.566361 0.466482 0.280906 67.0134 2.54479 64.4686 1.86171 64.5848 0.199417 1.29093 0.560946 1.64654
internal_count=46080 23708 22372 23123 585 498 21874 326 48 23085 234 264 95 512 21548 23069 95 64 58 41 46 22974 777 22197 278 21511 49 54 45 488
is_linear=0
shrinkage=0.1


Tree=52
num_leaves=31
num_cat=0
split_feature=19 6 8 14 37 10 36 26 45 14 21 45 1 27 23 2 8 8 11 8 8 45 11 8 2 13 18 6 8 2
split_gain=109.391 5.50996 2.16378 1.97483 2.12663 0.869755 1.62813 0.879389 0.582956 0.493236 0.632083 0.400185 0.342627 0.333005 0.290569 0.14655 0.143084 0.087868 0.478909 0.0719873 0.036743 0.580288 0.0120705 0.00249416 0.00046602 0.000426462 0.000287866 6.10069e-05 4.62712e-05 3.43202e-05
threshold=294.50000000000006 40.231663685000008 239.02812500000002 886.50000000000011 0.041704724500000005 582.50000000000011 4.5000000000000009 4.5000000000000009 86.500000000000014 601.50000000000011 41.500000000000007 86.500000000000014 17.500000000000004 249.50000000000003 0.029593308000000002 10.887111035000002 242.86884025000003 221.94963370000002 3148.5000000000005 231.15909090000002 250.97438910000002 87.500000000000014 3723.5000000000005 239.02812500000002 13.915330960000002 767.50000000000011 178.50000000000003 41.908738390000003 175.24285715000002 11.860669315000001
decision_type=2 2 2 2 2 2 2 2 2 2 2 2 2 2 2 2 2 2 2 2 2 2 2 2 2 2 2 2 2 2
left_child=1 3 12 17 22 6 9 11 -4 -3 -11 -7 15 20 -6 -2 -12 25 -19 -13 21 -10 24 -21 28 -1 -27 -8 -5 -25
right_child=2 5 8 4 14 7 27 -9 13 10 16 19 -14 -15 -16 -17 -18 18 -20 23 -22 -23 -24 29 -26 26 -28 -29 -30 -31
leaf_value=0.10027584500732119 0.041078644265369252 -0.033539600938786648 0.11552513081653148 0.10381475651163215 -0.012789896568178956 0.10299166717193815 0.10296038529268768 0.1012776544701509 -0.10037556991615226 0.12283744593505586 -0.1014255996248915 -0.028893448672491207 0.10067398840314822 0.10106752285048191 -0.11526958100973908 -0.076672058091378448 0.020274641632739347 0.1003360388363016 -0.085620360637930257 -0.11277661547609169 -0.10026588178457346 0.10114561014032408 0.1263100777995641 -0.10254609985509472 0.10684134965112857 0.10455214493230716 0.10033201552281168 0.10053033422928702 0.10104835474238738 -0.10050222480598436
leaf_weight=57.553969575790688 0.20987620134837826 2.8145738206803794 0.12635624408721824 0.070791088044642736 0.40987507021054603 0.10922938701696661 0.10959126381203521 0.31306798313744355 2.2720909002237017 0.52328919060528267 0.21014320151880383 0.14756104024127137 0.56795045221224427 0.082675857469438507 0.85139206657186151 0.21293148770928383 0.17880870029330254 0.87847727327607461 0.16441408544778824 0.19898314028978337 58.268736738711596 0.15247955266386259 0.32981932163238525 0.088978858664631733 0.23973046243190765 0.3932848172262301 0.27442100225016475 1.8029104114975778 0.41436366946436465 1.0714785753516478
leaf_count=21310 29 46 2 2 35 13 6 45 795 5 25 7 137 8 19 11 21 304 4 2 22196 14 2 5 4 21 95 540 88 289
internal_value=-8.6341e-05 0.0863534 -0.0966599 0.0962496 0.00566099 0.00583513 0.025663 -0.0521216 -0.0990447 -0.0128283 0.051073 -0.0818354 0.0499349 -0.0994908 -0.0819667 -0.0182222 -0.0454776 0.0997897 0.0710196 -0.0952319 -0.099764 -0.087702 0.11045 -0.102433 0.103234 0.100305 0.102818 0.10067 0.101452 -0.100659
internal_weight=131.042 69.1492 61.8931 61.5805 2.31597 7.56862 5.63932 1.9293 60.9023 3.72681 0.912241 1.61623 0.990758 60.776 1.26127 0.422808 0.388952 59.2646 1.04289 1.507 60.6933 2.42457 1.0547 1.35944 0.724885 58.2217 0.667706 1.9125 0.485155 1.16046
internal_count=46080 22888 23192 21884 150 1004 643 361 23015 97 51 316 177 23013 54 40 46 21734 308 303 23005 809 96 296 94 21426 116 546 90 294
is_linear=0
shrinkage=0.1


Tree=53
num_leaves=31
num_cat=0
split_feature=18 6 2 45 11 14 10 14 8 27 16 44 11 15 23 19 8 45 11 4 14 0 18 20 7 24 15 13 23 10
split_gain=98.7475 4.53475 4.2691 1.0699 0.725499 0.64996 0.872293 1.396 0.515947 0.445776 0.271818 1.01594 0.240547 0.799123 0.230655 0.21088 0.096656 0.862047 0.097086 0.0683723 0.0516452 0.040044 0.0338224 0.121249 0.0114572 0.0100387 0.00513843 0.0047331 0.00516849 0.00377424
threshold=205.50000000000003 40.231663685000008 10.123332825 86.500000000000014 4860.5000000000009 575.50000000000011 470.50000000000006 750.50000000000011 231.15909090000002 222.50000000000003 376.50000000000006 137.50000000000003 3148.5000000000005 104.50000000000001 0.045952288000000008 272.50000000000006 250.97438910000002 87.500000000000014 3368.0000000000005 240.80973110000002 589.50000000000011 57.500000000000007 176.50000000000003 30.500000000000004 11423.500000000002 0.043245386000000004 60.500000000000007 791.50000000000011 0.031676716000000008 632.50000000000011
decision_type=2 2 2 2 2 2 2 2 2 2 2 2 2 2 2 2 2 2 2 2 2 2 2 2 2 2 2 2 2 2
left_child=1 12 4 -4 14 26 20 10 -9 15 19 -12 -1 -14 -2 -5 17 18 -17 -8 -7 27 23 -10 -15 -22 -3 -20 -29 -24
right_child=2 5 3 9 -6 6 7 8 22 -11 11 -13 13 24 -16 16 -18 -19 21 -21 25 -23 29 -25 -26 -27 -28 28 -30 -31
leaf_value=0.10025788830986311 0.10143972990046622 0.11871056071156093 0.10202784264209158 -0.0097126152492069944 -0.10038853303294777 -0.023524791843865096 0.16233378823350411 0.10087240799454621 -0.10029837693682551 0.10086470054989718 -0.10108083723654 0.10057808171670379 -0.02496246807067997 0.10159892747570404 -0.10024822415470463 -0.014797761715822906 -0.10024025391997447 0.10093500558691637 -0.10822545055263727 0.10283846369361403 -0.061435011683497902 -0.030979786776946058 -0.084076494740357638 0.063355402661892393 0.12318816213953199 -0.046102201775111817 0.10026368984443271 -0.070944974110546968 -0.10045083317080022 -0.10429681243998967
leaf_weight=51.840210215421394 1.35233360598795 0.2655450701713552 0.26768139703199167 0.26467349473386903 0.22494184179231513 0.8540613874793056 0.27683769748546261 0.16862463392317273 0.16985668451525271 0.1120809440035363 0.3333913104142997 0.9966477458365256 0.66655899817123954 1.2564039309509096 0.059184255078434833 0.13872414734214533 52.726663524401374 0.23739556944929052 0.91346864355728108 0.63903267285786569 0.84002983290702082 0.081015692092478164 0.11041014827787876 0.061722288839519024 0.30560353398323048 0.86846228037029505 0.35007236804813147 0.061197355389595365 1.9852402280084787 0.56312338099814951
leaf_count=21178 488 2 38 34 73 9 4 26 64 16 48 292 15 295 24 31 22202 33 14 120 10 6 27 10 2 38 146 5 744 86
internal_value=-8.27399e-05 0.0893892 -0.092835 -0.0974237 0.0664029 0.0104578 0.000226209 0.0340601 -0.0597271 -0.0983683 0.0788984 0.0500297 0.0988749 0.0667052 0.0929831 -0.0987642 -0.099184 -0.0828853 -0.0966095 0.120822 -0.0436037 -0.100342 -0.0896472 -0.0566801 0.105823 -0.053641 0.108221 -0.10224 -0.0995685 -0.100982
internal_weight=118.991 60.5666 58.4246 56.7881 1.63646 6.49782 5.8822 3.31965 1.07374 56.5205 2.24591 1.33004 54.0688 2.22857 1.41152 56.4084 56.1437 3.41704 3.17965 0.91587 2.56255 3.04092 0.905113 0.231579 1.56201 1.70849 0.615617 2.95991 2.04644 0.673534
internal_count=46080 22372 23708 23123 585 882 734 677 213 23085 464 340 21490 312 512 23069 23035 833 800 124 57 769 187 74 297 48 148 763 749 113
is_linear=0
shrinkage=0.1


Tree=54
num_leaves=31
num_cat=0
split_feature=18 6 2 45 11 14 10 14 8 27 11 39 16 44 4 39 23 4 14 14 18 20 8 45 6 24 5 10 15 45
split_gain=89.0467 4.26232 3.85736 0.966724 0.655802 0.584509 0.747184 1.25202 0.462852 0.402814 0.257133 0.755224 0.233313 0.918603 0.224534 0.623418 0.208472 0.0474472 0.0456578 0.0435106 0.0311469 0.10919 0.0203369 0.387531 0.0653066 0.00831289 0.00751486 0.00480747 0.00370049 0.00154835
threshold=205.50000000000003 40.231663685000008 10.123332825 86.500000000000014 4860.5000000000009 575.50000000000011 470.50000000000006 750.50000000000011 231.15909090000002 222.50000000000003 3148.5000000000005 0.062541630500000014 376.50000000000006 137.50000000000003 240.80973110000002 0.032438654000000004 0.045952288000000008 240.80973110000002 959.50000000000011 589.50000000000011 176.50000000000003 30.500000000000004 250.97438910000002 87.500000000000014 40.231663685000008 0.043245386000000004 1880.5000000000002 631.50000000000011 60.500000000000007 85.500000000000014
decision_type=2 2 2 2 2 2 2 2 2 2 2 2 2 2 2 2 2 2 2 2 2 2 2 2 2 2 2 2 2 2
left_child=1 10 4 -4 16 28 19 12 -9 14 -1 26 17 -14 15 -5 29 -8 -17 -7 21 -10 23 -16 -24 -21 -12 -22 -3 -2
right_child=2 5 3 9 -6 6 7 8 20 -11 11 -13 13 -15 22 18 -18 -19 -20 25 27 -23 24 -25 -26 -27 -28 -29 -30 -31
leaf_value=0.1002333477155245 0.11309636746167653 0.11661619990630055 0.10183632258656777 0.089273344622553319 -0.10035150912451936 -0.021444993565852 0.15374487866437103 0.1007890177712927 -0.10026993192383316 0.10078188390880249 0.10226613196960055 -0.022651834279195093 -0.10097740946115326 0.1005233626222297 -0.10031093224693131 -0.060228002374584338 -0.10022454076269467 0.10258238527475072 -0.10270939764869631 -0.056454038723147776 -0.079121291508649008 0.0593076176514305 0.10082151233219204 0.10096486742892979 -0.10021864550151738 -0.042363143293373248 0.12050058502838137 -0.10384764283082185 0.10023855974133392 0.1002505689842052
leaf_weight=46.917862343485467 0.10238907486200233 0.24436776340007682 0.24264048878103395 0.23543781251646478 0.20360706653445948 0.84376695379614863 0.26374662062153298 0.15269769728183735 0.15373406372964382 0.10149412462487717 1.1324441274628037 0.67497144266962994 0.30195819749496922 0.90227012219838731 1.7968325157416973 0.37163684912957229 0.053564138710498699 0.5795907701831311 0.79252171330153942 0.82362330146133877 0.092581223230808973 0.059464054647833109 0.016163617372511818 0.10103728715330351 47.792015273589641 0.85153371933847666 0.2823696732521056 0.52185658435337245 0.31683394301217049 1.1225765410345045
leaf_count=21178 1 2 38 34 73 9 4 26 64 16 272 38 48 292 766 22 24 120 39 10 25 10 2 11 22195 38 2 88 146 487
internal_value=-7.86698e-05 0.0888871 -0.0927148 -0.0972966 0.0663353 0.0101159 0.00027619 0.0337518 -0.0591806 -0.0982402 0.0987046 0.0643832 0.078246 0.0499974 -0.0986354 -0.0591342 0.0928804 0.118583 -0.089148 -0.0399635 -0.0886947 -0.0557614 -0.0997477 -0.0895956 -0.100151 -0.0492912 0.105905 -0.100122 0.10737 0.101324
internal_weight=108.048 55.1157 52.9319 51.4498 1.48214 6.10803 5.54682 3.0279 0.980334 51.2071 49.0076 2.08979 2.04757 1.20423 51.1056 1.3996 1.27853 0.843337 1.16416 2.51892 0.827636 0.213198 49.706 1.89787 47.8082 1.67516 1.41481 0.614438 0.561202 1.22497
internal_count=46080 22372 23708 23123 585 882 734 677 213 23085 21490 312 464 340 23069 95 512 124 61 57 187 74 22974 777 22197 48 274 113 148 488
is_linear=0
shrinkage=0.1


Tree=55
num_leaves=31
num_cat=0
split_feature=18 6 2 45 11 19 1 43 27 45 15 11 17 10 4 39 14 23 24 14 43 2 6 8 45 6 24 7 14 45
split_gain=80.29 4.0114 3.48625 0.873698 0.592743 0.554316 1.3354 0.400361 0.364076 0.360846 0.288639 0.27449 0.751941 0.591015 0.228649 0.575785 0.198319 0.188398 0.092182 0.0796323 0.0427136 0.0376438 0.0359861 0.0184356 0.350521 0.0590771 0.00730372 0.00585915 0.00510258 0.001129
threshold=205.50000000000003 40.231663685000008 10.123332825 86.500000000000014 4860.5000000000009 169.50000000000003 10.500000000000002 0.17778087200000001 222.50000000000003 86.500000000000014 98.500000000000014 3148.5000000000005 125.50000000000001 673.50000000000011 240.80973110000002 0.047625394500000008 589.50000000000011 0.045952288000000008 0.053291649500000003 705.50000000000011 0.18137003800000004 13.553914960000002 41.908738390000003 250.97438910000002 87.500000000000014 40.231663685000008 0.054379239000000003 11423.500000000002 766.50000000000011 85.500000000000014
decision_type=2 2 2 2 2 2 2 2 2 2 2 2 2 2 2 2 2 2 2 2 2 2 2 2 2 2 2 2 2 2
left_child=1 11 4 -4 17 16 7 -7 14 -8 19 -1 13 -13 15 18 -3 29 -5 -11 21 -9 -22 24 -16 -25 -17 -14 -21 -2
right_child=2 5 3 8 -6 6 9 20 -10 10 -12 12 27 -15 23 26 -18 -19 -20 28 22 -23 -24 25 -26 -27 -28 -29 -30 -31
leaf_value=0.10021115409461792 0.11169590527083269 0.0096131628854356568 0.10166276250553352 -0.0045417332150773137 -0.10031801944815107 -0.064868237906509446 0.1007031966926641 0.10042482754190581 0.10070705454865581 -0.016768331206789788 0.10077973929614699 -0.13073813505709639 0.10144345227080453 0.062675529917793113 -0.10028145597062553 -0.085148934315365424 -0.045629319429039146 -0.1002031289229515 0.095302262580867228 -0.079198689886936346 0.14056997321736781 0.0072994304289927536 0.1011086921903359 0.10074272654658181 0.10087225732966452 -0.10019779784507184 -0.10471005752080341 0.11817330107798577 -0.10265465116647327 0.10022669026975373
leaf_weight=42.461962827597745 0.093747422099112465 1.0918241662438952 0.21990594733506341 0.17529656458645948 0.18428966915234912 0.15463884209748391 0.14321072329767026 0.090660008019767591 0.09190045134164293 0.13843441591598094 0.090678202686831355 0.29617765848524769 1.0697665943298487 0.33861087344121188 1.6262949085794378 0.26735334005206823 1.6053844979032872 0.04847666760906566 0.19570742873474956 0.10830645367968827 0.2801263341680168 0.083280026447027922 1.3203192403307182 0.014636301435529186 0.091501981019973644 43.25254629983101 0.66730204387567937 0.26027050614356984 0.64542210043873638 1.0159789635799823
leaf_count=21178 1 20 38 9 73 27 30 31 16 24 15 6 265 39 766 6 39 24 32 36 4 10 482 2 11 22195 48 2 164 487
internal_value=-7.40442e-05 0.0883465 -0.0926148 -0.0971916 0.0662606 0.00977061 0.0389385 0.0894516 -0.0981344 -0.0475949 -0.0692036 0.0985203 0.0619794 -0.0275668 -0.0985291 -0.0572759 -0.0232673 0.092766 0.0481267 -0.0864804 0.102901 0.0558377 0.108016 -0.0997265 -0.0895666 -0.10013 -0.0991147 0.104717 -0.0992842 0.101196
internal_weight=98.124 50.1791 47.9449 46.6024 1.34249 5.75229 3.05508 1.92902 46.3825 1.12605 0.982841 44.4268 1.96483 0.634789 46.2906 1.30566 2.69721 1.1582 0.371004 0.892163 1.77439 0.17394 1.60045 44.985 1.7178 43.2672 0.934655 1.33004 0.753729 1.10973
internal_count=46080 22372 23708 23123 585 882 823 554 23085 269 239 21490 312 45 23069 95 59 512 41 224 527 41 486 22974 777 22197 54 267 200 488
is_linear=0
shrinkage=0.1


Tree=56
num_leaves=31
num_cat=0
split_feature=11 6 45 23 23 8 14 20 43 2 14 1 11 19 27 16 6 18 18 8 8 45 42 4 18 8 43 1 8 39
split_gain=72.3961 5.35964 2.53725 0.809745 0.636497 0.687672 0.424029 0.461803 0.468822 0.759964 0.529236 0.396915 0.359899 0.60661 0.34326 0.0944847 0.219562 0.181924 0.0701632 0.142403 0.0408751 0.678854 0.0210461 0.00353217 0.00158917 0.000736994 0.000240709 8.0621e-05 2.76651e-05 1.11582e-05
threshold=3368.0000000000005 40.231663685000008 86.500000000000014 0.033387816500000007 0.024079808000000005 272.76508580000007 575.50000000000011 18.500000000000004 0.17143321700000003 16.219433055000003 589.50000000000011 27.500000000000004 3148.5000000000005 267.50000000000006 222.50000000000003 376.50000000000006 43.896519805000004 148.50000000000003 190.50000000000003 231.15909090000002 250.97438910000002 87.500000000000014 0.11905859850000002 209.55680360000005 233.50000000000003 239.02812500000002 0.28573411100000007 40.500000000000007 239.02812500000002 0.062541630500000014
decision_type=2 2 2 2 2 2 2 2 2 2 2 2 2 2 2 2 2 2 2 2 2 2 2 2 2 2 2 2 2 2
left_child=1 12 -2 4 6 18 -3 -8 -9 10 -10 14 27 -14 20 -12 -17 -18 -6 -20 21 23 -5 -4 -25 -24 -7 -1 -26 -15
right_child=2 3 11 22 5 26 7 8 9 -11 15 -13 13 29 -16 16 17 -19 19 -21 -22 -23 25 24 28 -27 -28 -29 -30 -31
leaf_value=0.10018342970715417 0.10946210724838601 0.11225013660265615 -0.077508886463940413 -0.017510380882934839 0.10039173020912991 -0.10038696045093519 -0.1058970619036856 -0.10046254640046821 0.21082558456518241 -0.02387408147830538 0.10481745617845567 0.10072252446218187 -0.027932318486065085 0.10028257859336707 0.10064619408994918 -0.10122355753659328 0.10068129410627531 -0.078706985083019612 0.10128216212190036 -0.03945644151453398 -0.10017835523105321 0.10070097654349919 -0.10837209675658761 -0.10623957900071948 -0.10176676275583714 -0.10030178010902846 -0.092909418029790233 0.10254433546626118 -0.10026583118155713 0.10098950433633876
leaf_weight=39.075030355947092 0.59521667857188632 0.26730048819445018 0.060075344517826923 0.030831315671093651 1.1575181781081481 0.16749508678913105 0.51611431688070331 0.43344267108477685 0.25464779464527976 1.8799100001342595 0.15664244873914868 0.099783517187460258 0.59743453981354722 0.59877289924770594 0.085973303299396231 0.11936116777360439 0.23870137019548565 0.074077270459383726 0.18390519684180606 0.11803832044824958 38.723237372818403 0.17892341641709197 0.1410907581448555 0.65259835496544871 0.13393236510455597 0.5715555096976459 0.057942697661928833 0.14517829194664855 1.4778659064322708 0.35604595416225493
leaf_count=21579 34 30 2 12 475 54 10 169 3 35 8 34 20 292 16 12 68 12 33 14 21976 33 2 12 8 299 18 6 769 45
internal_value=-7.08061e-05 0.0849969 -0.095534 -0.000319188 0.0126443 0.0640848 -0.00935258 -0.0182024 -0.00386487 0.0115095 0.0903754 -0.0984803 0.0983231 0.0510971 -0.0989615 0.0382808 0.0141626 0.0581957 0.0891933 0.0462634 -0.0993777 -0.0869937 -0.0984 -0.101441 -0.102076 -0.1019 -0.0984651 0.100192 -0.100391 0.100546
internal_weight=89.1486 47.141 42.0076 6.36857 5.6251 1.6849 3.9402 3.6729 3.15678 2.72334 0.84343 41.4124 40.7725 1.55225 41.3126 0.588782 0.43214 0.312779 1.45946 0.301944 41.2266 2.5034 0.743478 2.32447 2.2644 0.712646 0.225438 39.2202 1.6118 0.954819
internal_count=46080 23196 22884 1254 941 594 347 317 307 138 103 22850 21942 357 22816 100 92 80 522 47 22800 824 313 791 789 301 72 21585 777 337
is_linear=0
shrinkage=0.1


Tree=57
num_leaves=31
num_cat=0
split_feature=11 8 45 29 23 27 14 20 43 14 1 14 17 27 16 19 6 6 8 45 8 14 4 18 8 13 18 11 8 2
split_gain=65.2889 4.9988 2.29281 1.02431 1.18426 0.419752 0.373778 0.423677 0.425426 0.717767 0.359004 0.328981 0.781337 0.310475 0.197634 0.0859054 0.0985645 0.039096 0.0385634 0.612283 0.0208133 0.0166839 0.00451984 0.00116713 0.000944195 0.000212323 0.000123826 4.06796e-05 2.04407e-05 1.76119e-05
threshold=3368.0000000000005 221.94963370000002 86.500000000000014 1.1430319790000003 0.024079808000000005 18.500000000000004 575.50000000000011 18.500000000000004 0.17143321700000003 601.50000000000011 27.500000000000004 886.50000000000011 125.50000000000001 222.50000000000003 376.50000000000006 234.50000000000003 44.127876050000005 45.801662205000007 250.97438910000002 87.500000000000014 239.02812500000002 871.50000000000011 209.55680360000005 233.50000000000003 239.02812500000002 767.50000000000011 178.50000000000003 3175.5000000000005 239.02812500000002 10.243306600000002
decision_type=2 2 2 2 2 2 2 2 2 2 2 2 2 2 2 2 2 2 2 2 2 2 2 2 2 2 2 2 2 2
left_child=1 11 -2 4 6 24 -3 -8 -9 20 13 25 -13 18 -11 16 -16 21 19 22 -10 27 -4 -24 -5 -1 -27 -6 -25 -28
right_child=2 3 10 5 17 -7 7 8 9 14 -12 12 -14 -15 15 -17 -18 -19 -20 -21 -22 -23 23 28 -26 26 29 -29 -30 -31
leaf_value=0.10016892614356541 0.10853970744489726 0.11099687072313467 -0.073388724958300858 -0.10735739853026516 0.1002918875565755 0.1003032107773848 -0.10530572701452737 -0.10041868395946174 -0.034275955365598111 0.12924198780608517 0.10065414955379973 -0.12259133425079996 0.10084677102691537 0.10058439825147758 -0.037116996959648638 -0.066776342344113657 0.10053017849739343 0.031685918934076442 -0.10016135863952438 0.10063393663424139 -0.013003489121648474 0.037812104310174122 -0.10561213861845216 -0.1015959313574194 -0.10032980942847974 0.10358677250613638 0.10022321337902501 0.10339583051913559 -0.10024063143778308 0.1021456961586899
leaf_weight=35.14303385745734 0.54291750432457675 0.24445445218589101 0.05725451000034798 0.2528661675751207 1.4005829681409521 0.11376897257287044 0.46948803216218982 0.39235774322878603 0.89153233869001292 0.49351089890114952 0.090346075012347593 0.22505920031107862 0.51377951051108539 0.077837222255765393 0.076314455363899469 0.073633753228932619 0.16342491027899086 0.09293929929845024 35.043878414435312 0.16199896717444051 0.95010895724408329 0.043906209990382083 0.59382435306906733 0.12138041853904713 0.78373866528272629 0.28543238202109833 0.22242906887549907 0.043535504024475702 1.3375474519561974 0.060644206474535167
leaf_count=21381 34 30 2 4 700 54 10 169 6 15 34 10 138 16 6 13 58 23 21976 33 38 6 12 8 384 21 121 3 769 6
internal_value=-6.97707e-05 0.0844401 -0.0954905 0.00355348 0.0220055 -0.0820325 -0.0085642 -0.0168902 -0.00323952 0.0111568 -0.0984456 0.0988335 0.0327848 -0.0989267 0.0898046 0.0276973 0.056714 0.0946091 -0.0993428 -0.0867175 -0.0233014 0.0985391 -0.101102 -0.101875 -0.102044 0.1002 0.102117 0.100385 -0.100353 0.100635
internal_weight=80.9635 42.9365 38.027 6.48616 5.33579 1.15037 3.75483 3.51037 3.04088 2.64853 37.4841 36.4504 0.738839 37.3937 0.806884 0.313373 0.239739 1.58096 37.3159 2.27201 1.84164 1.48802 2.11001 2.05275 1.0366 35.7115 0.568506 1.44412 1.45893 0.283073
internal_count=46080 23196 22884 1519 1077 442 345 315 305 136 22850 21677 148 22816 92 77 64 732 22800 824 44 709 791 789 388 21529 148 703 777 127
is_linear=0
shrinkage=0.1


Tree=58
num_leaves=31
num_cat=0
split_feature=11 8 45 29 23 27 43 17 1 16 14 17 27 8 18 6 4 8 45 14 4 18 8 13 18 11 8 2 18 27
split_gain=58.9079 4.65936 2.07218 0.916832 1.06773 0.379116 0.335861 0.816703 0.324719 0.312878 0.307962 0.687397 0.280826 0.222485 0.116616 0.0415708 0.0406055 0.0363651 0.552237 0.0181788 0.00564022 0.000857917 0.00069246 0.000157237 9.13983e-05 3.00637e-05 1.51065e-05 1.30311e-05 9.11941e-06 6.35985e-06
threshold=3368.0000000000005 221.94963370000002 86.500000000000014 1.1430319790000003 0.024079808000000005 18.500000000000004 0.17143321700000003 86.500000000000014 27.500000000000004 376.50000000000006 886.50000000000011 125.50000000000001 222.50000000000003 239.02812500000002 148.50000000000003 45.801662205000007 258.22043050000008 250.97438910000002 87.500000000000014 871.50000000000011 209.55680360000005 233.50000000000003 239.02812500000002 767.50000000000011 178.50000000000003 3175.5000000000005 239.02812500000002 10.243306600000002 181.50000000000003 10.500000000000002
decision_type=2 2 2 2 2 2 2 2 2 2 2 2 2 2 2 2 2 2 2 2 2 2 2 2 2 2 2 2 2 2
left_child=1 10 -2 4 6 22 -3 13 12 -9 23 -12 17 -8 16 19 -11 18 20 25 -4 -22 -5 -1 -25 -6 -23 -26 -13 -24
right_child=2 3 8 5 15 -7 7 9 -10 14 11 28 -14 -15 -16 -17 -18 -19 -20 -21 21 26 29 24 27 -27 -28 -29 -30 -31
leaf_value=0.10015283275431924 0.1077088262842144 -0.10037896773607982 -0.069148105697338411 -0.10660940945665848 0.10026413966276132 0.10027436712310439 -0.046974653357657187 0.19498125413893119 0.10059220885517567 0.0078547113255253882 -0.11492664458212101 0.10154480974291805 0.10052854310808611 0.011109828925642985 -0.072395444515135035 0.028795601750472632 0.1006077937714744 -0.10014598182641771 0.10057333688544197 0.034510494995742234 -0.10505083906919487 -0.10144184711718135 -0.10021402910828586 0.10323805213374873 0.1002019642121568 0.10306517728253949 -0.10021781353543049 0.10193907486919172 0.10051451958798147 -0.10135847431222962
leaf_weight=31.803581177024171 0.49484816868789394 0.355153299402445 0.05482034850865547 0.23032602667808511 1.2676327819935975 0.10297053155954927 1.4759710977086804 0.24983437359333027 0.081796286627649262 0.063615626830141991 0.21651442698202927 0.11369595129508525 0.070467175915836289 1.1920332461595533 0.066675067413598299 0.092088771052658447 0.18289116839878261 31.713634094456211 0.14666655892506231 0.043328236322849878 0.54003885760903347 0.1099878754466771 0.65693217341322452 0.25909783644601603 0.20130265632178634 0.039512493181973585 1.2105245486600322 0.054978708270937204 0.35154332953970879 0.05243320984300226
leaf_count=21381 34 169 2 4 700 54 40 1 34 14 10 12 16 45 12 23 64 21976 33 6 12 8 378 21 121 3 769 6 126 6
internal_value=-6.66816e-05 0.0839659 -0.0954492 0.00345648 0.0211512 -0.0818846 -0.00807375 0.00207243 -0.0984123 0.111517 0.0987779 0.0322656 -0.0988932 -0.0210232 0.0449355 0.0938036 0.0766711 -0.0993093 -0.0864412 0.0982365 -0.100762 -0.101693 -0.101845 0.100181 0.101914 0.100349 -0.10032 0.100575 0.100766 -0.100299
internal_weight=73.4949 39.0721 34.4228 6.0714 5.02874 1.04266 3.58617 3.23102 33.9279 0.563016 33.0007 0.681754 33.8461 2.668 0.313182 1.44256 0.246507 33.7757 2.06204 1.35047 1.91537 1.86055 0.939691 32.319 0.515379 1.30715 1.32051 0.256281 0.465239 0.709365
internal_count=46080 23196 22884 1519 1077 442 345 176 22850 91 21677 148 22816 85 90 732 78 22800 824 709 791 789 388 21529 148 703 777 127 138 384
is_linear=0
shrinkage=0.1


Tree=59
num_leaves=31
num_cat=0
split_feature=11 8 45 29 23 14 20 23 16 43 1 2 14 19 26 27 18 6 14 8 45 4 8 8 18 8 29 13 18 0
split_gain=53.0814 4.40824 1.873 0.817414 0.915623 0.345367 0.366114 0.343548 0.453862 0.362195 0.293713 0.291956 0.288612 0.623249 0.268251 0.254012 0.115942 0.0814245 0.0407449 0.0342941 0.498057 0.00688518 0.00632032 0.0101978 0.000631115 0.000500987 0.000370185 0.000116447 6.74865e-05 3.124e-05
threshold=3368.0000000000005 221.94963370000002 86.500000000000014 1.2500152265000002 0.024079808000000005 575.50000000000011 18.500000000000004 0.021252902500000004 376.50000000000006 0.18421783900000002 27.500000000000004 14.111192365000003 886.50000000000011 261.50000000000006 6.5000000000000009 222.50000000000003 134.50000000000003 45.801662205000007 871.50000000000011 250.97438910000002 87.500000000000014 209.55680360000005 260.09543935000005 262.74251700000008 233.50000000000003 239.02812500000002 1.1202956195000002 767.50000000000011 178.50000000000003 24.500000000000004
decision_type=2 2 2 2 2 2 2 2 2 2 2 2 2 2 2 2 2 2 2 2 2 2 2 2 2 2 2 2 2 2
left_child=1 12 -2 4 5 -3 -7 8 -8 22 15 -10 27 -14 25 19 29 18 26 20 21 -4 -9 -24 -23 -5 -6 -1 -29 -11
right_child=2 3 10 14 17 6 7 9 11 16 -12 -13 13 -15 -16 -17 -18 -19 -20 -21 -22 24 23 -25 -26 -27 -28 28 -30 -31
leaf_value=0.1001382728744815 0.10696014868043183 0.11036515045268391 -0.064834740722699194 -0.10594181885560959 0.10031898478735815 -0.10455762030055971 0.043406988653148272 -0.10643155927367248 0.097545864241681532 0.10325336917146562 0.10053610867385088 -0.10089328506267654 -0.11197814607390631 0.10061996148655142 0.10016691120898631 0.10047803607739086 -0.066014956563405641 0.0057013383675907046 0.019520569278319518 -0.10013206964337602 0.10051855444398775 -0.10454813554965128 -0.032695176795998281 -0.10023362266358596 -0.10028933988613126 -0.10026396331834614 0.089616068713254837 0.10292387712001215 0.10051991499386773 0.10024801406544666
leaf_weight=28.781042055692531 0.45073131576646375 0.23144192667677943 0.052733764983723286 0.20965377986431111 1.1617239366751162 0.40896730870008502 1.6066284652333713 0.46500886441208411 0.090322377276606747 0.056336861569434404 0.074051541392690434 0.41386483609676361 0.2039953637868156 0.42554668593220413 0.071623814408667386 0.063791755819692209 0.057724444195628166 0.10900739207863797 0.066366385202854761 28.699467180063948 0.13277804059907783 0.49087706208229054 0.032478894456289709 0.071732786600477993 1.1951930535724384 0.60054877889342606 0.033240445773117133 0.23512059263884921 0.23201269505079836 0.089591107796877623
leaf_count=21381 34 30 2 4 687 10 24 41 19 3 34 95 2 146 48 16 12 31 12 21976 33 12 19 45 777 370 20 21 127 49
internal_value=-6.49676e-05 0.0832611 -0.0954097 0.0032908 0.0192583 -0.00771266 -0.0160124 -0.00345482 0.0174308 -0.0604963 -0.09838 -0.065344 0.0987218 0.0317302 -0.0853344 -0.0988608 0.0539528 0.0886196 0.0957856 -0.0992768 -0.0861612 -0.100416 -0.101443 -0.0791844 -0.101529 -0.101733 0.100021 0.100164 0.10173 0.101408
internal_weight=66.8136 35.654 31.1596 5.77626 4.89444 3.5241 3.29266 2.88369 2.11082 0.772873 30.7089 0.504187 29.8777 0.629542 0.881826 30.6348 0.203652 1.37034 1.26133 30.571 1.87158 1.7388 0.569221 0.104212 1.68607 0.810203 1.19496 29.2482 0.467133 0.145928
internal_count=46080 23196 22884 1519 1097 347 317 307 138 169 22850 114 21677 148 422 22816 64 750 719 22800 824 791 105 64 789 374 707 21529 148 52
is_linear=0
shrinkage=0.1


Tree=60
num_leaves=31
num_cat=0
split_feature=11 8 45 29 23 27 14 14 43 14 17 1 27 8 42 18 17 24 8 45 4 11 4 18 8 13 18 14 8 2
split_gain=47.8834 4.11074 1.69312 0.733597 0.873 0.312789 0.30615 0.342822 0.818 0.269858 0.551381 0.265669 0.22976 0.121944 0.106278 0.0589671 0.0452168 0.144984 0.0323584 0.449154 0.0181312 0.0173385 0.00824105 0.000464553 0.000373796 8.62852e-05 4.98123e-05 8.85065e-06 8.28391e-06 7.16275e-06
threshold=3368.0000000000005 221.94963370000002 86.500000000000014 1.1430319790000003 0.024079808000000005 18.500000000000004 575.50000000000011 601.50000000000011 0.17778087200000001 886.50000000000011 125.50000000000001 27.500000000000004 222.50000000000003 239.02812500000002 0.090908912500000008 140.50000000000003 123.50000000000001 0.050968163000000004 250.97438910000002 87.500000000000014 263.00826060000003 2738.5000000000005 209.55680360000005 233.50000000000003 239.02812500000002 767.50000000000011 178.50000000000003 862.50000000000011 239.02812500000002 10.243306600000002
decision_type=2 2 2 2 2 2 2 2 2 2 2 2 2 2 2 2 2 2 2 2 2 2 2 2 2 2 2 2 2 2
left_child=1 9 -2 4 6 24 -3 13 21 25 -11 12 18 -8 15 20 -6 -18 19 22 -10 -9 -4 -24 -5 -1 -27 -19 -25 -28
right_child=2 3 11 5 16 -7 7 8 14 10 -12 -13 -14 -15 -16 -17 17 27 -20 -21 -22 -23 23 28 -26 26 29 -29 -30 -31
leaf_value=0.10012510007222684 0.10628532081655413 0.10931440530886263 -0.060501202968333383 -0.1053451627412126 0.10024506356521411 0.10023235954086525 -0.0577855189997371 -0.10042847804724837 0.025683950545908808 -0.10554122493930405 0.1006586530631035 0.10048530290438032 0.10043238482550254 -0.0092566727473238943 0.12535074155756723 -0.049616868138234939 -0.10051418729759398 0.10027367667059009 -0.10011948639129811 0.10046902553374489 0.10042644306296367 -0.031072060630643428 -0.10409743972361044 -0.101178576325229 -0.10024712002101679 0.10264071207669333 0.10016528429230905 0.10195245317530309 -0.10017842902305617 0.10158609827776025
leaf_weight=26.045414619147785 0.41029589599930005 0.21132725256029461 0.050956607796261433 0.19072215631604184 1.0250565080787053 0.085313871619291604 1.2476965221576399 0.29974356887396414 0.052225681021809578 0.19550592161249269 0.38516008178703487 0.067036760970949127 0.057746072299777462 0.88513293606229115 0.45830005058087409 0.055899258702993393 0.049158138688653596 0.078226960496976972 25.971449536387809 0.12019875436089922 0.085736986482515931 0.040971183567307889 0.44598885998129834 0.09036325756460406 0.58487355150282383 0.21330294758081336 0.16481447289697826 0.052467440720647573 0.99137228925246745 0.045215984690003097
leaf_count=21381 34 30 2 4 669 54 16 157 10 10 138 34 16 38 20 11 11 48 21976 33 46 17 12 8 384 21 121 4 769 6
internal_value=-6.86919e-05 0.0827624 -0.0953716 0.00312726 0.0191699 -0.0815095 -0.00717421 -0.0150499 0.033489 0.0986687 0.0312327 -0.0983483 -0.098829 -0.0376458 0.0990955 0.0370267 0.0921306 0.0458831 -0.0992449 -0.0858742 0.0721327 -0.0920883 -0.100062 -0.101382 -0.101501 0.100148 0.101564 0.100948 -0.100262 0.100471
internal_weight=60.6577 32.4523 28.2054 5.40285 4.54194 0.86091 3.33703 3.12571 0.992877 27.0494 0.580666 27.7951 27.7281 2.13283 0.652162 0.193862 1.20491 0.179853 27.6703 1.69888 0.137963 0.340715 1.57868 1.52772 0.775596 26.4687 0.423333 0.130694 1.08174 0.21003
internal_count=46080 23196 22884 1519 1077 442 345 315 261 21677 148 22850 22816 54 87 67 732 63 22800 824 56 174 791 789 388 21529 148 52 777 127
is_linear=0
shrinkage=0.1


Tree=61
num_leaves=31
num_cat=0
split_feature=11 8 45 29 23 2 43 8 27 17 14 19 1 27 0 18 17 24 8 45 2 4 21 18 8 13 18 14 8 2
split_gain=43.1813 3.84275 1.53063 0.657228 0.79423 0.317512 0.611674 0.338021 0.282646 0.26407 0.252875 0.50286 0.240305 0.207825 0.155168 0.0987085 0.0409614 0.13108 0.0305626 0.405002 0.0191792 0.00968901 0.00225544 0.000342195 0.00027489 6.3905e-05 3.68025e-05 6.5493e-06 6.12605e-06 5.30138e-06
threshold=3368.0000000000005 221.94963370000002 86.500000000000014 1.1430319790000003 0.024079808000000005 16.219433055000003 0.17778087200000001 239.02812500000002 18.500000000000004 86.500000000000014 886.50000000000011 261.50000000000006 27.500000000000004 222.50000000000003 22.500000000000004 148.50000000000003 123.50000000000001 0.050968163000000004 250.97438910000002 87.500000000000014 13.432303075000002 209.55680360000005 39.500000000000007 233.50000000000003 239.02812500000002 767.50000000000011 178.50000000000003 862.50000000000011 239.02812500000002 10.243306600000002
decision_type=2 2 2 2 2 2 2 2 2 2 2 2 2 2 2 2 2 2 2 2 2 2 2 2 2 2 2 2 2 2
left_child=1 10 -2 4 5 6 20 -7 24 22 25 -12 13 18 -11 -16 -6 -18 19 21 -3 -4 -8 -23 -5 -1 -27 -19 -25 -28
right_child=2 3 12 8 16 7 9 -9 -10 14 11 -13 -14 -15 15 -17 17 27 -20 -21 -22 23 -24 28 -26 26 29 -29 -30 -31
leaf_value=0.10011318392961421 0.10567688042002131 -0.025484050261912784 -0.056201010697654034 -0.10481123678878744 0.10022179001996001 -0.074646237153900813 0.016284973574717806 0.0096740073716105723 0.10021025694422246 0.1792872149366285 -0.10361845717701712 0.10050721105672294 0.10043928801161713 0.10039110061983288 0.10038202001018988 -0.061560738232556124 -0.10046507884185452 0.10024768080173779 -0.1001081048535776 0.10042424162432216 -0.1003873155207681 -0.1036930070914277 0.029213704587863362 -0.10106521843043448 -0.10022370551235467 0.10238539943971681 0.10014955270220777 0.10176497201063715 -0.1001614929309449 0.10143382461164062
leaf_weight=23.569527837389625 0.37327956163790332 0.039081447757779664 0.049452264793226841 0.17340678721666325 0.92771392583381362 0.95712448284029961 0.28978360816836357 0.9446478639729321 0.077211344731040299 0.24666328728199005 0.18340124376118083 0.35291500628227368 0.060683745425193503 0.052271200343965485 0.15923741168808192 0.049288647482171655 0.044500761199742556 0.070800102665089071 23.502475248242263 0.10880636377260078 0.27282317716162652 0.40504111908376195 0.25251076504355296 0.081851101480424404 0.52933281089644879 0.19346126634627481 0.14915253862272948 0.047557514626532793 0.89717470173491165 0.040971408598124981
leaf_count=21381 34 17 2 4 669 10 5 31 54 1 2 146 34 16 75 10 11 48 21976 33 157 12 39 8 384 21 121 4 769 6
internal_value=-6.28736e-05 0.0821924 -0.0953344 0.00305665 0.0183699 -0.00667091 0.0312252 -0.0327627 -0.0814017 0.0694445 0.0986135 0.0307034 -0.0983169 -0.0987975 0.125605 0.0621041 0.0921017 0.0458464 -0.0992132 -0.0855767 -0.091002 -0.0996944 0.022305 -0.101248 -0.101356 0.100134 0.101414 0.100857 -0.100237 0.100426
internal_weight=55.1021 29.5711 25.531 5.08168 4.30173 3.21116 1.30939 1.90177 0.779951 0.997484 24.4894 0.536316 25.1578 25.0971 0.455189 0.208526 1.09057 0.162858 25.0448 1.54233 0.311905 1.43352 0.542294 1.38407 0.70274 23.9531 0.383585 0.118358 0.979026 0.190124
internal_count=46080 23196 22884 1519 1077 345 304 41 442 130 21677 148 22850 22816 86 85 732 63 22800 824 174 791 44 789 388 21529 148 52 777 127
is_linear=0
shrinkage=0.1


Tree=62
num_leaves=31
num_cat=0
split_feature=11 8 45 29 19 43 44 27 14 17 1 27 17 14 8 45 20 16 4 41 18 8 13 18 18 21 14 8 8 2
split_gain=38.9026 3.62692 1.38384 0.587 0.732598 0.395336 0.560461 0.255441 0.236466 0.44579 0.217362 0.187984 0.177895 0.10739 0.0289063 0.36513 0.0128605 0.0118597 0.0112065 0.000934855 0.000252205 0.0002023 4.73305e-05 2.71975e-05 2.59225e-05 7.71997e-06 7.22038e-06 5.79388e-06 4.53105e-06 3.92414e-06
threshold=3368.0000000000005 221.94963370000002 86.500000000000014 1.1430319790000003 169.50000000000003 0.18137003800000004 137.50000000000003 18.500000000000004 886.50000000000011 125.50000000000001 27.500000000000004 222.50000000000003 123.50000000000001 589.50000000000011 250.97438910000002 87.500000000000014 19.500000000000004 594.50000000000011 209.55680360000005 0.13044303750000003 233.50000000000003 239.02812500000002 767.50000000000011 178.50000000000003 70.500000000000014 42.500000000000007 862.50000000000011 175.24285715000002 239.02812500000002 10.243306600000002
decision_type=2 2 2 2 2 2 2 2 2 2 2 2 2 2 2 2 2 2 2 2 2 2 2 2 2 2 2 2 2 2
left_child=1 8 -2 4 13 6 19 21 22 -10 11 14 16 -3 15 18 -7 -8 -4 -6 -20 -5 -1 -24 -18 -21 -19 -11 -22 -25
right_child=2 3 10 7 5 12 17 -9 9 27 -12 -13 -14 -15 -16 -17 24 26 20 25 28 -23 23 29 -26 -27 -28 -29 -30 -31
leaf_value=0.10010240366755362 0.10512814351186416 0.0063848230221748778 -0.051984984162767325 -0.10433290802739797 -0.083274144987906557 0.12361569079845874 0.048039178652803813 0.10019025122384906 -0.09781267263701765 0.10181764258542639 0.10039762373897226 0.10035377301968645 -0.028016043117283392 -0.038506919197265961 -0.10009780381388429 0.10038374760982692 0.10224510050955921 0.10025823043169782 -0.10332978275536311 -0.10160578171298838 -0.10096286910654394 -0.10020251032157426 0.10215511518198983 0.10013531282362281 0.10021726037877628 -0.10028996875048449 0.1018680670809174 0.10043109030259277 -0.10014616158918228 0.1012962908701413
leaf_weight=21.328771944565244 0.33943042316241445 0.86871100938878898 0.048186169937262657 0.15758759528398503 0.035374853352550417 0.33756442577578105 0.051672322151716688 0.069876952504273504 0.17551949433982272 0.033691505901515484 0.054930551676078632 0.047313636634497835 0.10627803066745389 1.3784400441218165 21.267995479283854 0.098489765543490537 0.068886771565303206 0.23069179197773337 0.36771897971630074 0.056408411357551813 0.074133198708295822 0.47905630792956799 0.17542551015503605 0.13497701071901247 0.74258793611079454 0.212801476882305 0.031688010087236762 0.28563560300972313 0.81191520264837891 0.03712023829575628
leaf_count=21381 34 20 2 4 37 24 16 54 10 2 34 16 32 39 21976 33 21 174 12 4 8 384 21 121 573 134 3 136 769 6
internal_value=-6.141e-05 0.081458 -0.0952978 0.002912 0.01735 0.0635203 -0.00190749 -0.0813044 0.0985609 0.0302095 -0.0982854 -0.0987659 0.095764 -0.0211525 -0.0991815 -0.0852654 0.107213 0.0918288 -0.0993094 -0.0985574 -0.101128 -0.101225 0.100121 0.101279 0.100389 -0.100566 0.100453 0.100577 -0.100214 0.100386
internal_weight=50.1089 26.9988 23.1101 4.82763 4.12111 1.87395 0.618637 0.706521 22.1711 0.494847 22.7707 22.7158 1.25532 2.24715 22.6684 1.40044 1.14904 0.314052 1.30195 0.304585 1.25377 0.636644 21.6763 0.347523 0.811475 0.26921 0.26238 0.319327 0.886048 0.172097
internal_count=46080 23196 22884 1519 1077 1018 368 442 21677 148 22850 22816 650 59 22800 824 618 193 791 175 789 388 21529 148 594 138 177 138 777 127
is_linear=0
shrinkage=0.1


Tree=63
num_leaves=31
num_cat=0
split_feature=8 18 14 19 42 45 43 44 8 43 39 27 8 23 43 11 8 45 10 18 8 45 10 15 13 2 18 7 13 10
split_gain=35.0641 3.5441 0.973797 0.888043 0.727552 0.461714 0.313241 0.437124 0.215535 0.199532 0.217436 0.148653 0.118753 0.16788 0.133686 0.0696384 0.0298697 0.178463 0.00954055 0.00807681 0.0064483 0.12365 0.00143313 0.000695176 0.000580164 0.000445812 0.000121615 6.39901e-05 3.50555e-05 3.4883e-05
threshold=231.15909090000002 185.50000000000003 886.50000000000011 169.50000000000003 0.07692692750000002 86.500000000000014 0.18137003800000004 137.50000000000003 239.02812500000002 0.19512426600000002 0.065007438500000014 222.50000000000003 221.94963370000002 0.032147645000000009 0.16647479900000003 2943.5000000000005 244.80777060000005 87.500000000000014 470.50000000000006 687.00000000000011 250.97438910000002 87.500000000000014 634.50000000000011 60.500000000000007 1062.5000000000002 14.754950520000001 70.500000000000014 9160.5000000000018 767.50000000000011 869.50000000000011
decision_type=2 2 2 2 2 2 2 2 2 2 2 2 2 2 2 2 2 2 2 2 2 2 2 2 2 2 2 2 2 2
left_child=2 3 12 8 25 29 7 22 -2 -6 -11 15 28 14 -14 -7 17 24 -8 20 21 -18 -5 -16 27 -4 -20 -17 -1 -3
right_child=1 5 4 6 9 11 18 -9 -10 10 -12 -13 13 -15 23 16 19 -19 26 -21 -22 -23 -24 -25 -26 -27 -28 -29 -30 -31
leaf_value=0.1000926542893605 -0.058772985559035165 0.10082887793846698 0.10075535740333674 -0.10048746621848098 -0.093644182816815802 0.10016203593691145 0.12316695164673735 0.10046463144291806 0.0061805513351905813 -0.10311493947723445 0.10046183738599589 0.10033618462890732 -0.040294269026174577 -0.085673533063166565 0.10963619606112969 -0.10358475552290053 -0.10013004122999081 0.10029381585421088 0.10367467529772699 -0.035149817910932767 -0.10009105081248613 0.10041770829079677 -0.07561928175597836 0.10022056863850651 -0.086766716866357604 0.10762946771026519 0.10021092856463039 -0.10028885540711792 0.10115646654850362 0.10433271975006178
leaf_weight=19.300855005742061 1.1332269734703038 0.063188200874722322 0.33247808361193054 0.18817647366086021 0.49163623817730695 0.017534437822184112 0.27123368176398799 0.23261817730963208 0.9302306156605481 0.086144018918275833 0.13419835543027148 0.037463692482559874 0.079294394701718285 0.077092985215131193 0.16033484041690826 0.086017545312645605 0.59769298066385701 0.052210920490324497 0.12526957021327689 0.019358981342519566 19.700702105415985 0.032410976476967335 0.026428438257426023 0.15347296505933627 0.030412838037591428 0.13172315061092377 0.53123068710556254 0.18689933576388285 0.31481268489733238 0.051629528636112809
leaf_count=21381 19 39 149 129 24 15 50 165 35 3 57 13 32 8 2 3 627 24 15 17 22339 8 30 121 35 2 442 143 148 5
internal_value=-5.63277e-05 -0.0820798 0.0937405 0.0119932 0.00530229 -0.0975746 0.0742506 0.00550513 -0.0294912 -0.0582037 0.0208724 -0.0986806 0.0989193 0.0492555 0.0757171 -0.0990404 -0.099209 -0.0704741 0.10739 -0.0997111 -0.0997725 -0.0898144 -0.097425 0.105031 -0.0998677 0.102706 0.100872 -0.101328 0.10011 0.102404
internal_weight=45.576 24.3139 21.262 3.43841 1.17618 20.8755 1.37496 0.447223 2.06346 0.711979 0.220342 20.7607 20.0859 0.470195 0.393102 20.7232 20.7057 0.355541 0.927734 20.3502 20.3308 0.630104 0.214605 0.313808 0.30333 0.464201 0.6565 0.272917 19.6157 0.114818
internal_count=46080 24153 21927 885 235 23268 831 324 54 84 60 23224 21692 163 155 23211 23196 205 507 22991 22974 635 159 123 181 151 457 146 21529 44
is_linear=0
shrinkage=0.1


Tree=64
num_leaves=31
num_cat=0
split_feature=8 18 14 10 42 2 45 16 44 43 39 27 8 41 41 11 6 8 45 18 8 45 2 19 13 2 2 36 43 20
split_gain=31.5825 3.32166 0.893106 0.791169 0.651163 0.540189 0.417611 0.274642 0.70745 0.172324 0.196438 0.134474 0.114811 0.149323 0.113673 0.0629963 0.0307028 0.0275251 0.160936 0.00876685 0.00583944 0.111865 0.0034728 0.00518595 0.00071218 0.000358334 0.000326349 0.000256127 0.000414195 8.35985e-05
threshold=231.15909090000002 185.50000000000003 886.50000000000011 470.50000000000006 0.07692692750000002 16.219433055000003 86.500000000000014 376.50000000000006 137.50000000000003 0.19512426600000002 0.065007438500000014 222.50000000000003 221.94963370000002 0.18108108750000004 0.14584588700000004 2943.5000000000005 41.908738390000003 244.80777060000005 87.500000000000014 687.00000000000011 250.97438910000002 87.500000000000014 14.031267085000001 218.50000000000003 1062.5000000000002 14.754950520000001 14.754950520000001 4.5000000000000009 0.16647479900000003 19.500000000000004
decision_type=2 2 2 2 2 2 2 2 2 2 2 2 2 2 2 2 2 2 2 2 2 2 2 2 2 2 2 2 2 2
left_child=2 3 12 5 26 -2 -3 16 22 -6 -11 15 -1 14 -14 -8 -5 18 24 20 21 -19 23 -9 -17 -15 -4 -24 -29 -18
right_child=1 6 4 7 9 -7 11 8 -10 10 -12 -13 13 25 -16 17 29 19 -20 -21 -22 -23 27 -25 -26 -27 -28 28 -30 -31
leaf_value=0.1000993070370228 0.061549828043965263 0.10217280064687956 0.10068381462041338 0.14846334218274623 -0.09040721933010934 -0.061137154939434758 0.10014661324754491 -0.027749818390490528 0.10028668918507569 -0.1028101074632122 0.10041790470849028 0.10030410534351755 0.10022905915020935 0.10013353993554992 -0.05887497625260503 -0.10120016062782207 0.10382899734674318 -0.10011769089529927 0.10026580997326794 -0.032033639250967298 -0.10008238191676221 0.10037780210722298 -0.10065101958727285 -0.10009046946033494 -0.084437339120600086 0.10863557835514787 0.1068509606654332 -0.10007954203411787 -0.079356190968294701 0.1002570690880239
leaf_weight=17.750743272888947 0.47940518445102775 0.10411477548768999 0.30104150861734413 0.25951989111490525 0.45997778902528808 1.4274829596979544 0.015868134389171895 0.018059135181829333 0.53374538320349529 0.07816566526889801 0.12147811712929979 0.033908840734510615 0.064032781228887781 0.074966830783523619 0.15032644022721797 0.24724041693844157 0.097235683701001108 0.54087829636410489 0.047254920122213662 0.019130709406453117 17.827398407156579 0.029337730025872588 0.20492512575583532 0.021960188692901284 0.028240165091119707 0.14634479582309723 0.12001202255487442 0.024564629304222763 0.015879076672717929 0.20090187195455655
leaf_count=21529 49 44 149 5 24 32 15 19 459 3 57 13 41 82 38 146 5 627 24 17 22339 8 78 25 35 2 2 31 20 162
internal_value=-4.97354e-05 -0.0814166 0.0936063 0.0114158 0.00528415 -0.0302928 -0.097551 0.0691833 0.0323317 -0.056734 0.0208489 -0.0986577 0.0988545 0.0481382 -0.0113479 -0.0990174 0.123314 -0.0991861 -0.0702347 -0.0996934 -0.0997638 -0.0898022 -0.0947607 -0.067446 -0.0994818 0.105756 0.102442 -0.0992157 -0.0919431 0.101422
internal_weight=41.4441 22.1771 19.2671 3.28368 1.08068 1.90689 18.8934 1.37679 0.819134 0.659622 0.199644 18.7893 18.1864 0.435671 0.214359 18.7553 0.557657 18.7395 0.322736 18.4167 18.3976 0.570216 0.285388 0.0400193 0.275481 0.221312 0.421054 0.245369 0.0404437 0.298138
internal_count=46080 24153 21927 885 235 81 23268 804 632 84 60 23224 21692 163 79 23211 172 23196 205 22991 22974 635 173 44 181 84 151 129 51 167
is_linear=0
shrinkage=0.1


Tree=65
num_leaves=31
num_cat=0
split_feature=19 6 14 8 37 14 20 10 14 2 43 26 45 45 24 27 23 8 11 16 4 43 20 10 8 45 8 15 11 8
split_gain=28.4458 2.54042 0.725188 0.648593 0.607977 0.268252 0.353279 0.228717 0.566684 0.996923 0.294693 0.272312 0.159295 0.11949 0.109269 0.0905894 0.0781467 0.0475228 0.177807 0.0357673 0.028004 0.0198821 0.0142556 0.0108269 0.01033 0.159842 0.000802704 0.000357745 0.000198043 6.13737e-05
threshold=294.50000000000006 40.231663685000008 886.50000000000011 239.02812500000002 0.041704724500000005 575.50000000000011 18.500000000000004 582.50000000000011 601.50000000000011 16.219433055000003 0.17778087200000001 4.5000000000000009 86.500000000000014 86.500000000000014 0.056300077500000011 249.50000000000003 0.030077321500000004 221.94963370000002 3148.5000000000005 417.50000000000006 226.18763860000004 0.18137003800000004 28.500000000000004 470.50000000000006 250.97438910000002 87.500000000000014 211.44173440000003 60.500000000000007 3723.5000000000005 239.02812500000002
decision_type=2 2 2 2 2 2 2 2 2 2 2 2 2 2 2 2 2 2 2 2 2 2 2 2 2 2 2 2 2 2
left_child=1 2 17 14 28 27 -7 8 9 -8 19 13 -5 -9 -2 24 26 -1 -19 -10 -15 22 -12 -23 25 -14 -6 -3 -4 -22
right_child=3 5 4 12 16 6 7 11 10 -11 21 -13 15 20 -16 -17 -18 18 -20 -21 29 23 -24 -25 -26 -27 -28 -29 -30 -31
leaf_value=0.1000880923316657 0.10023926429628943 0.10774661333335681 0.10099735483062999 0.10386664891020636 -0.027043939732650509 -0.10366312804501461 0.11214587995920521 0.10095501080813854 -0.10057420438549568 -0.062901040822838122 0.013322757389485896 0.10048221359252925 -0.10010785509694475 -0.018629288498907309 -0.021789125731150966 0.1002888248921503 -0.10540993298450328 0.10010570212567574 -0.081179303164194305 0.0064241209299818278 -0.10353345402563451 0.12560928056211465 0.10018643093101243 0.10042401343025309 -0.10007233194980159 0.10031370217602276 -0.013356652368534352 0.10008835807389363 0.10615668770516394 -0.1002099960901623
leaf_weight=15.931830750836532 0.17534172500018286 0.13345485925674383 0.23316306667402287 0.03868698421865957 0.084124105807859451 0.32171989604830775 0.4470976055017678 0.034238669089972862 0.075056137517094501 1.1948130861856043 0.035855434369295835 0.10126088774995878 0.62735529651400312 0.046108636539429426 0.12618953874334693 0.022712654899804785 0.28683843614999205 0.25235140294535163 0.068868734641000628 0.053517863270826638 0.065921574831008911 0.34308179700747132 0.039938036527018994 0.33969831955619156 15.910889019025488 0.042487549595534801 0.087323657236993313 0.11234863637946546 0.1092652752995491 0.35368624189868569
leaf_count=21426 154 2 94 2 25 10 36 13 24 45 6 45 795 7 23 8 14 304 4 22 2 14 35 303 22196 14 15 146 2 294
internal_value=-4.46744e-05 0.0784507 0.0947432 -0.096181 0.0018372 0.00331156 -0.00387562 0.00638023 0.0195596 -0.0152352 0.0839569 -0.0490597 -0.0988146 -0.0793479 0.0491709 -0.0992868 -0.0734847 0.0993203 0.0612387 -0.056037 -0.0926035 0.107685 0.059094 0.113079 -0.0995602 -0.0873953 -0.0200726 0.104246 0.102644 -0.100732
internal_weight=37.6952 20.7516 17.0538 16.9437 0.800715 3.6978 3.45199 3.13027 2.52906 1.64191 0.887148 0.601216 16.6421 0.499955 0.301531 16.6034 0.458286 16.2531 0.32122 0.128574 0.465716 0.758574 0.0757935 0.68278 16.5807 0.669843 0.171448 0.245803 0.342428 0.419608
internal_count=46080 22888 21884 23192 150 1004 856 846 485 81 404 361 23015 316 177 23013 54 21734 308 46 303 358 41 317 23005 809 40 148 96 296
is_linear=0
shrinkage=0.1


Tree=66
num_leaves=31
num_cat=0
split_feature=11 8 45 29 10 2 16 44 20 14 14 19 1 26 27 6 0 8 6 8 45 2 36 43 29 18 8 20 13 18
split_gain=25.6609 2.79595 0.965395 0.383072 0.535745 0.574092 0.299308 0.575008 0.200982 0.223189 0.178212 0.318692 0.146819 0.139444 0.126931 0.0817189 0.149304 0.0382476 0.0247508 0.0162767 0.255024 0.00840074 0.000859105 0.00282178 0.000177719 9.5945e-05 6.94047e-05 4.55689e-05 1.44229e-05 8.21928e-06
threshold=3368.0000000000005 221.94963370000002 86.500000000000014 1.2500152265000002 470.50000000000006 16.219433055000003 376.50000000000006 137.50000000000003 18.500000000000004 589.50000000000011 886.50000000000011 261.50000000000006 27.500000000000004 6.5000000000000009 222.50000000000003 45.074251305000011 30.500000000000004 208.24695120000004 41.908738390000003 250.97438910000002 87.500000000000014 13.816757605000001 4.5000000000000009 0.18137003800000004 1.1202956195000002 233.50000000000003 239.02812500000002 19.500000000000004 767.50000000000011 178.50000000000003
decision_type=2 2 2 2 2 2 2 2 2 2 2 2 2 2 2 2 2 2 2 2 2 2 2 2 2 2 2 2 2 2
left_child=1 10 -2 4 5 8 18 21 -3 -10 28 -12 14 26 17 24 -17 -4 -6 20 25 -8 -23 -24 -9 -19 -5 -20 -1 -30
right_child=2 3 12 13 6 -7 7 15 9 -11 11 -13 -14 -15 -16 16 -18 19 27 -21 -22 22 23 -25 -26 -27 -28 -29 29 -31
leaf_value=0.10006867963235355 0.10337706513884155 -0.0086700438899539219 0.10097363131038982 -0.10303526262753715 0.14554857070682556 -0.057763435496582687 -0.042761923606315394 0.10024903368432821 0.14779681684618318 -0.032082271814626438 -0.093842793331885083 0.10032312273027322 0.10026597066884889 0.10009205814115213 0.10023858940528399 0.10022709212139749 -0.10026702673412227 -0.10237447053104998 0.10309702467974347 -0.10006554649446914 0.10026933910811492 -0.10058474092177627 -0.10009966392912495 -0.051899345745353265 0.09149600743049581 -0.10015284182260289 -0.10013123910437978 0.10021550595410707 0.10144342005772876 0.10025917507741129
leaf_weight=14.303112345049156 0.24135553056839576 0.26902752369642224 0.0095494799315901657 0.1136114615947007 0.24664052925072588 1.3135119039798155 0.03181344328913871 0.46076320845168051 0.2863262704340741 0.090868951694574207 0.13331948686391193 0.23100337933283299 0.037186716625002059 0.037659460445865989 0.032012805109844389 0.088271276443265378 0.064123815333005041 0.28772651217877765 0.079936539521440864 14.262033107050227 0.067855674657039344 0.1915087258676067 0.044639532687142491 0.016685618029441684 0.024425958632491529 0.59926494437968358 0.29859256892814301 0.17509552882984281 0.11883608344942409 0.11563619063235819
leaf_count=21381 34 6 1 4 5 32 33 456 81 20 2 146 34 48 16 81 29 13 5 21976 33 84 62 10 23 777 370 170 21 127
internal_value=-4.12765e-05 0.0787568 -0.0950607 0.00259163 0.014118 -0.0197999 0.0607995 0.0269845 0.0573647 0.104463 0.0983502 0.0292705 -0.0981919 -0.0841033 -0.0986755 0.0797441 0.0158645 -0.0990937 0.122962 -0.0992193 -0.0865794 -0.0911923 -0.0972861 -0.0869851 0.0998084 -0.100874 -0.100932 0.101119 0.100081 0.100859
internal_weight=34.2724 18.7354 15.537 3.8335 3.38364 1.95973 1.4239 0.922232 0.646223 0.377195 14.9019 0.364323 15.2956 0.449863 15.2584 0.637584 0.152395 15.2264 0.501673 15.2169 0.954847 0.284647 0.252834 0.0613252 0.485189 0.886991 0.412204 0.255032 14.5376 0.234472
internal_count=46080 23196 22884 1519 1097 139 958 778 107 101 21677 148 22850 422 22816 589 110 22800 180 22799 823 189 156 72 479 790 374 175 21529 148
is_linear=0
shrinkage=0.1


Tree=67
num_leaves=31
num_cat=0
split_feature=11 8 45 29 14 17 10 16 14 16 11 19 1 27 43 44 10 24 2 8 8 45 6 10 15 18 8 2 18 1
split_gain=23.1228 2.61989 0.873185 0.319599 0.603543 0.877272 0.980446 0.427473 0.248099 0.192539 0.171487 0.261797 0.132831 0.114838 0.104043 0.167238 0.0605225 0.0403565 0.0377189 0.0346023 0.0148751 0.230569 0.0114175 0.00909418 0.000413491 7.08378e-05 2.96731e-05 7.7257e-06 7.38935e-06 5.11189e-06
threshold=3368.0000000000005 231.15909090000002 86.500000000000014 1.1430319790000003 601.50000000000011 86.500000000000014 470.50000000000006 376.50000000000006 753.50000000000011 607.50000000000011 3148.5000000000005 267.50000000000006 27.500000000000004 222.50000000000003 0.18137003800000004 137.50000000000003 849.50000000000011 0.043245386000000004 14.111192365000003 208.24695120000004 250.97438910000002 87.500000000000014 41.908738390000003 470.50000000000006 66.500000000000014 233.50000000000003 239.02812500000002 14.754950520000001 70.500000000000014 40.500000000000007
decision_type=2 2 2 2 2 2 2 2 2 2 2 2 2 2 2 2 2 2 2 2 2 2 2 2 2 2 2 2 2 2
left_child=1 10 -2 4 5 6 17 22 14 -10 18 -12 13 19 15 24 26 -3 29 -4 21 25 -8 -16 -6 -21 -5 -24 -25 -1
right_child=2 3 12 16 8 -7 7 -9 9 -11 11 -13 -14 -15 23 -17 -18 -19 -20 20 -22 -23 27 28 -26 -27 -28 -29 -30 -31
leaf_value=0.10006214213305281 0.10305221890483685 -0.11680564778661072 0.10088012455645319 -0.10272786812248236 -0.10099401099347685 0.14289000330627469 0.14078849364830398 -0.095362356616628188 -0.10016396065321959 0.1003998623851946 -0.029746249315983842 0.10023432261358607 0.10024071171295397 0.1002158390447119 0.12397547580773167 0.10026333297952097 0.10011626758544559 -0.076780163410864286 0.052500080829647633 -0.10214366797710189 -0.10005930791525411 0.10024365964138462 0.10007267821345392 0.10144652005412752 -0.08555118438680559 -0.1001383483262379 -0.10012335876640491 0.10194301848602848 0.10010271698709705 0.10102142535098389
leaf_weight=12.990495151432697 0.21904087002621686 0.75956948287785031 0.0086483284831019303 0.051468165591359027 0.039330598607193679 0.26378287543775503 0.22580493986606587 0.11518855480244383 0.13413496594876051 0.074420640245079994 0.26449743984267193 0.37415187398437411 0.033655980892945858 0.028972624684684756 0.32920798670966178 0.11916162358829729 0.015725155943073332 0.37690562981879339 0.1688681229134098 0.26090403087437053 12.905585265281841 0.061413281538989395 0.03071506682317704 0.048166346678044647 0.031008294667117298 0.54231183382216841 0.29144557256950065 0.078601649205666035 0.27199183008633554 0.055789068341255965
leaf_count=21447 34 13 1 2 9 24 3 20 140 71 20 350 34 16 14 118 22 46 20 13 21976 33 47 12 32 777 384 29 367 6
internal_value=-3.50157e-05 0.0780407 -0.0950463 -0.00266642 0.00835401 -0.0259792 -0.0540515 0.0708239 0.0690133 -0.0285951 0.0970126 0.0464027 -0.0981812 -0.0986648 0.0932803 0.0280875 -0.0917173 -0.103531 0.0994584 -0.099083 -0.0992086 -0.0865106 0.127946 0.112305 -0.0941862 -0.10079 -0.100514 0.101418 0.100305 0.100066
internal_weight=31.171 17.1104 14.0605 3.25663 2.89799 1.85057 1.58679 0.45031 1.04742 0.208556 13.8538 0.638649 13.8415 13.8078 0.838867 0.189501 0.358639 1.13648 13.2152 13.7789 13.7702 0.864629 0.335122 0.649366 0.0703389 0.803216 0.342914 0.109317 0.320158 13.0463
internal_count=46080 23196 22884 1353 945 182 158 99 763 211 21843 370 22850 22816 552 159 408 59 21473 22800 22799 823 79 393 41 790 386 76 379 21453
is_linear=0
shrinkage=0.1


Tree=68
num_leaves=31
num_cat=0
split_feature=11 8 45 29 19 42 44 14 19 1 26 27 6 0 8 8 8 45 2 24 18 18 8 17 18 13 18 19 8 10
split_gain=20.8658 2.41014 0.789815 0.313509 0.42508 0.243563 0.377454 0.168462 0.2728 0.120177 0.11413 0.103898 0.0833864 0.0971373 0.0770283 0.0313048 0.0135807 0.208475 0.00780242 0.00583654 0.00216767 5.23178e-05 4.20209e-05 3.15205e-05 1.1509e-05 1.11969e-05 6.42091e-06 1.10747e-06 9.92338e-07 7.14385e-07
threshold=3368.0000000000005 221.94963370000002 86.500000000000014 1.2500152265000002 169.50000000000003 0.090908912500000008 137.50000000000003 886.50000000000011 261.50000000000006 27.500000000000004 6.5000000000000009 222.50000000000003 45.074251305000011 30.500000000000004 239.02812500000002 208.24695120000004 250.97438910000002 87.500000000000014 13.816757605000001 0.043245386000000004 197.50000000000003 233.50000000000003 239.02812500000002 89.500000000000014 70.500000000000014 767.50000000000011 178.50000000000003 289.50000000000006 239.02812500000002 470.50000000000006
decision_type=2 2 2 2 2 2 2 2 2 2 2 2 2 2 2 2 2 2 2 2 2 2 2 2 2 2 2 2 2 2
left_child=1 7 -2 4 14 6 18 25 -9 11 22 15 27 -14 -3 -4 17 21 -6 -7 24 -17 -5 -20 -21 -1 -27 -8 -23 -25
right_child=2 3 9 10 5 19 12 8 -10 -11 -12 -13 13 -15 -16 16 -18 -19 23 20 -22 28 -24 29 -26 26 -28 -29 -30 -31
leaf_value=0.10005622992828148 0.10275890525604432 -0.035185350488197341 0.10079566487037472 -0.10256852540257272 -0.040699380766183312 0.11877217155255333 0.10016697113663918 -0.090436198754610911 0.10027896125707547 0.1002178453294548 0.10007536408591629 0.1001952654030252 0.10014314883682832 -0.10022057448268634 0.0067224204177508606 -0.1019357279486932 -0.10005366363634896 0.10022043343222238 -0.096550525296651479 0.10181740155300989 0.069274627308270942 -0.10057530350671827 -0.10010751061853096 -0.10055477678227176 0.10013433265989635 0.10134651474184071 0.10021251095143563 0.10095600686867566 -0.10008030242123314 -0.10011475161854298
leaf_weight=11.712820968881713 0.19873329898109382 1.0342466845177112 0.0078315548598738571 0.096864929422736057 0.025463897036388849 0.23028632666682824 0.27400751737877671 0.12281508836895305 0.19265557656763121 0.030459785484709623 0.030837420315947384 0.026220624335110965 0.045391040301183239 0.05181896552676335 0.76153797702863801 0.2365327924489965 11.678082001861183 0.055581258435267955 0.026490327785722911 0.047731490252772346 0.024078148300759494 0.044541893992573023 0.24452079590992071 0.058519466605503112 0.27303950308123603 0.10558383190073151 0.094727250805590302 0.019023442058824003 0.44622318231267855 0.099850371887441725
leaf_count=21381 34 24 1 4 30 8 349 2 146 34 48 16 54 28 35 13 21976 33 4 21 26 8 370 17 364 21 127 4 769 133
internal_value=-3.57062e-05 0.0775872 -0.0950333 0.00235247 0.0131899 0.0599341 0.0153928 0.0981589 0.0260321 -0.0981715 -0.0841635 -0.0986551 0.0735938 -0.00666315 -0.0174135 -0.0990733 -0.0991989 -0.0864485 -0.0925949 0.106445 0.0982126 -0.100714 -0.100806 -0.0997433 0.100385 0.100069 0.10081 0.100218 -0.100125 -0.100277
internal_weight=28.2965 15.5723 12.7242 3.34371 2.97149 1.1757 0.600565 12.2286 0.315471 12.5255 0.372223 12.495 0.390241 0.09721 1.79578 12.4688 12.461 0.782879 0.210324 0.575135 0.344849 0.727298 0.341386 0.18486 0.320771 11.9131 0.200311 0.293031 0.490765 0.15837
internal_count=46080 23196 22884 1519 1097 1038 619 21677 148 22850 422 22816 435 82 59 22800 22799 823 184 419 411 790 374 154 385 21529 148 353 777 150
is_linear=0
shrinkage=0.1


Tree=69
num_leaves=31
num_cat=0
split_feature=8 18 14 14 17 10 42 16 45 43 44 43 39 8 41 27 41 14 24 8 45 43 4 6 18 10 8 45 10 2
split_gain=18.8069 2.29226 0.593041 0.579756 0.784689 0.838908 0.40171 0.376565 0.25778 0.190651 0.188217 0.113996 0.125528 0.0867398 0.116686 0.0815001 0.0723488 0.0452272 0.0357529 0.0162797 0.101923 0.0153275 0.0134037 0.00743972 0.00633022 0.00521536 0.00355033 0.0678219 0.00175782 0.000152785
threshold=231.15909090000002 185.50000000000003 886.50000000000011 601.50000000000011 86.500000000000014 470.50000000000006 0.07692692750000002 376.50000000000006 86.500000000000014 0.17778087200000001 137.50000000000003 0.19512426600000002 0.065007438500000014 221.94963370000002 0.18108108750000004 222.50000000000003 0.14584588700000004 731.50000000000011 0.043245386000000004 244.80777060000005 87.500000000000014 0.18137003800000004 262.14833735000008 41.908738390000003 687.00000000000011 470.50000000000006 250.97438910000002 87.500000000000014 635.50000000000011 14.754950520000001
decision_type=2 2 2 2 2 2 2 2 2 2 2 2 2 2 2 2 2 2 2 2 2 2 2 2 2 2 2 2 2 2
left_child=2 3 13 4 5 18 -4 23 -3 10 28 -8 -13 -1 16 17 -15 -10 -2 20 -19 22 -11 -7 26 -23 27 -21 -5 -16
right_child=1 8 6 9 -6 7 11 -9 15 21 -12 12 -14 14 29 -17 -18 19 -20 24 -22 25 -24 -25 -26 -27 -28 -29 -30 -31
leaf_value=0.10006236338358887 -0.11464875134912887 0.10129744073401702 0.10148852926416363 -0.10017099505603029 0.1396007009965842 0.13537199819481902 -0.086676749094923372 -0.094818371676674007 0.10008866971074742 0.00017519412196283666 0.10028249896218025 -0.10175753684671587 0.10027826057684389 0.10014655567742106 0.10008721196439521 0.10018425652571011 -0.057110240429297812 -0.10069414181958465 -0.075506658251032685 -0.1000715552213479 0.1001738924642448 0.11961770302881752 0.10024120496351217 0.1011317090991381 -0.029107413214758317 0.10025436131899119 -0.10004998966423802 0.10022883873675054 -0.061233100879659455 0.10689546033289261
leaf_weight=10.780117705086012 0.67859591916203432 0.064887220680245217 0.26596518099540922 0.095942597894463688 0.24690792043111276 0.21103259827941645 0.31316181103466079 0.10496512165991589 0.011405377706977471 0.02463432852528058 0.089327906258404144 0.049256313592195511 0.081864326319191605 0.03953705963795151 0.045346223807428032 0.020590661210008743 0.1125049683614634 0.16996630167704907 0.35566585272317752 0.32850836330908073 0.029670858522877097 0.29127419501310214 0.02931602782336995 0.090743928507436067 0.012706164037809553 0.26624477631412446 10.81739501422271 0.017821755958721042 0.013187468401156366 0.12069102376699448
leaf_count=21529 13 44 151 132 24 3 24 20 17 8 125 3 57 41 82 13 38 179 46 627 24 14 33 76 17 367 22339 8 24 2
internal_value=-3.01493e-05 -0.0785554 0.0928745 0.008256 -0.0251165 -0.0533399 0.00428805 0.0683293 -0.0974556 0.0778052 -0.00735747 -0.0539 0.0243822 0.0985438 0.047077 -0.0985861 -0.0162171 -0.0989455 -0.101188 -0.099145 -0.0708403 0.105446 0.05455 0.125076 -0.0996506 0.110371 -0.0997309 -0.0897643 -0.0954657 0.105036
internal_weight=25.7792 13.9708 11.8084 2.49784 1.68791 1.441 0.710248 0.406742 11.473 0.809927 0.198458 0.444282 0.131121 11.0982 0.318079 11.4081 0.152042 11.3875 1.03426 11.3761 0.199637 0.611469 0.0539504 0.301777 11.1764 0.557519 11.1637 0.34633 0.10913 0.166037
internal_count=46080 24153 21927 885 182 158 235 99 23268 703 281 84 60 21692 163 23224 79 23211 59 23194 203 422 41 79 22991 381 22974 635 156 84
is_linear=0
shrinkage=0.1


Tree=70
num_leaves=31
num_cat=0
split_feature=8 18 14 14 17 10 42 16 45 43 44 43 39 8 41 27 2 14 24 8 45 18 6 10 8 45 2 2 2 7
split_gain=16.9708 2.10227 0.544648 0.517258 0.687108 0.737922 0.359455 0.333006 0.233192 0.170478 0.221307 0.0980206 0.113485 0.0843981 0.106082 0.0737314 0.0676485 0.0409163 0.0382283 0.0147645 0.0921697 0.00676387 0.00521505 0.00375968 0.00321392 0.0613625 0.00191183 0.000111812 5.14375e-05 8.91278e-06
threshold=231.15909090000002 185.50000000000003 886.50000000000011 601.50000000000011 86.500000000000014 470.50000000000006 0.07692692750000002 376.50000000000006 86.500000000000014 0.18137003800000004 137.50000000000003 0.19512426600000002 0.065007438500000014 221.94963370000002 0.18108108750000004 222.50000000000003 10.857360860000002 731.50000000000011 0.043245386000000004 244.80777060000005 87.500000000000014 687.00000000000011 41.908738390000003 470.50000000000006 250.97438910000002 87.500000000000014 13.710213320000003 14.754950520000001 14.754950520000001 9160.5000000000018
decision_type=2 2 2 2 2 2 2 2 2 2 2 2 2 2 2 2 2 2 2 2 2 2 2 2 2 2 2 2 2 2
left_child=2 3 13 4 5 18 28 22 -3 10 26 -8 -13 -1 16 17 -15 -10 -2 20 29 24 -7 -11 25 -21 -5 -16 -4 -19
right_child=1 8 6 9 -6 7 11 -9 15 23 -12 12 -14 14 27 -17 -18 19 -20 21 -22 -23 -24 -25 -26 -27 -28 -29 -30 -31
leaf_value=0.10005644245935004 -0.1131894439294104 0.10117470298881115 0.10043035664898564 -0.060463875739614509 0.13479602213566466 0.13101377281943974 -0.083269382287441129 -0.093588352867695429 0.10008022726982975 0.11744135256955782 0.10024522291579085 -0.10158767838166144 0.10025178619946203 0.1001166254845277 0.10007891993117889 0.10016669662694816 -0.055685294269340685 -0.10181299927928922 -0.071449609735987935 -0.10006475459417584 0.10015732891241017 -0.026422467401524725 0.10102589488494845 0.10023043926684111 -0.10004523305116836 0.10020701687739303 -0.10029128868240351 0.10619639982715907 0.10367188569972868 -0.10013984558142824
leaf_weight=9.7548010322207102 0.62152989767491751 0.058779989922185361 0.17264084916678335 0.013742197304964066 0.23095967998960976 0.19697098433971405 0.29437147272983566 0.096163412905298173 0.010320838657205011 0.26818796584848315 0.11977843902423035 0.04463968425989151 0.074092473019845784 0.037639674701495873 0.041034187190234661 0.01863430091179985 0.10735167673556134 0.044992144685237601 0.33916077512549236 0.29726583891897185 0.026851516857277602 0.012603344046511533 0.082190131972311065 0.24096281389938667 9.7884253473603149 0.016129124443978071 0.098036699841031805 0.10988789051771164 0.068327724933624268 0.10889417873113416
leaf_count=21529 13 44 149 20 24 3 24 20 17 14 165 3 57 47 82 13 32 3 46 627 24 17 76 367 22339 8 137 2 2 176
internal_value=-2.76271e-05 -0.0782507 0.0927062 0.00808197 -0.0244686 -0.052001 0.00428542 0.0669007 -0.0974388 0.0769429 0.00580454 -0.0523333 0.0243663 0.0984604 0.0458472 -0.0985696 -0.0152392 -0.098929 -0.0984537 -0.0991285 -0.070799 -0.0996347 0.122185 0.109296 -0.0997261 -0.0897576 -0.0953949 0.104533 0.10135 -0.100629
internal_weight=23.3954 12.6906 10.7048 2.30768 1.56697 1.33602 0.654072 0.375325 10.3829 0.740708 0.231557 0.413104 0.118732 10.0507 0.295913 10.3241 0.144991 10.3055 0.960691 10.2952 0.180738 10.1144 0.279161 0.509151 10.1018 0.313395 0.111779 0.150922 0.240969 0.153886
internal_count=46080 24153 21927 885 182 158 235 99 23268 703 322 84 60 21692 163 23224 79 23211 59 23194 203 22991 79 381 22974 635 157 84 151 179
is_linear=0
shrinkage=0.1


Tree=71
num_leaves=31
num_cat=0
split_feature=8 18 14 14 17 10 42 16 45 43 44 24 32 8 41 27 41 24 11 8 18 8 45 6 10 2 2 2 13 43
split_gain=15.3132 1.92688 0.501247 0.462893 0.602963 0.648488 0.321343 0.295075 0.210949 0.152286 0.1994 0.0937586 0.0986023 0.082115 0.0965295 0.0667028 0.0592133 0.0411354 0.0317889 0.0149662 0.00714297 0.00552359 0.0878396 0.00367844 0.00271814 0.00230054 8.19271e-05 3.78806e-05 4.5848e-06 3.53035e-06
threshold=231.15909090000002 185.50000000000003 886.50000000000011 601.50000000000011 86.500000000000014 470.50000000000006 0.07692692750000002 376.50000000000006 86.500000000000014 0.18137003800000004 137.50000000000003 0.053750369000000006 2.5000000000000004 221.94963370000002 0.18108108750000004 222.50000000000003 0.14584588700000004 0.043245386000000004 2943.5000000000005 239.02812500000002 687.00000000000011 250.97438910000002 87.500000000000014 41.908738390000003 470.50000000000006 13.681673735000002 14.754950520000001 14.754950520000001 767.50000000000011 0.19048460050000002
decision_type=2 2 2 2 2 2 2 2 2 2 2 2 2 2 2 2 2 2 2 2 2 2 2 2 2 2 2 2 2 2
left_child=2 3 13 4 5 17 27 23 -3 10 25 12 -8 28 16 18 -15 -2 -10 -20 21 22 -21 -7 -11 -5 -16 -4 -1 -14
right_child=1 8 6 9 -6 7 11 -9 15 24 -12 -13 29 14 26 -17 -18 -19 19 20 -22 -23 -24 -25 -26 -27 -28 -29 -30 -31
leaf_value=0.10004164925946268 -0.11187952896178531 0.10106350153574246 0.10038953426862203 -0.054947484479667491 0.13066423660523693 0.12729269199363821 -0.0779331556893198 -0.09215998673232112 0.10007367742112368 0.11553609259096057 0.10022201127160964 -0.084782507968259646 0.10172809834502501 0.1001310779271776 0.10007142024695581 0.10015081238954116 -0.051681732025717048 -0.067277441383339173 -0.053239780208838842 -0.10006924037019962 -0.023949099656490183 -0.10004092933597862 0.10017192887983364 0.100929809268944 0.10020874248146922 -0.10026269129082332 0.10557209607036905 0.10331028005054099 0.10060133276406036 0.10020921977165392
leaf_weight=8.6780819259583915 0.56863105483353071 0.053241879446430995 0.15627219164162021 0.012812732573365793 0.21524561045225699 0.1831658473238349 0.056015318376012146 0.088294584420509636 0.0080215697817010989 0.24646217928966507 0.10840383914182883 0.26049770310055465 0.022944288852158934 0.034086346655386346 0.037131909339223057 0.016863550874405386 0.10433038923656568 0.32494122796924785 0.070672974950865775 0.35450554158887548 0.012519191775937411 8.8572952811955457 0.023349979426711798 0.074435907125007361 0.21807697953772731 0.089182710071327165 0.099988624453544617 0.0620308518409729 0.1488754440215424 0.045948365848744288
leaf_count=21381 13 44 149 19 24 3 5 20 15 14 165 35 5 41 82 13 38 46 27 799 17 22339 14 76 367 138 2 2 148 39
internal_value=-2.40441e-05 -0.0779563 0.0925206 0.00792805 -0.0238282 -0.0506573 0.00428012 0.0656013 -0.0974215 0.0763732 0.00579244 -0.0506287 0.0205998 0.098373 0.0446146 -0.0985525 -0.0142965 -0.0956603 -0.0989118 -0.0990831 -0.0994335 -0.0995358 -0.0876951 0.119675 0.108341 -0.0945702 0.104083 0.101219 0.100051 0.100715
internal_weight=21.2323 11.5261 9.7062 2.12965 1.45471 1.23947 0.603709 0.345896 9.39647 0.674938 0.210399 0.385406 0.124908 9.10249 0.275537 9.34323 0.138417 0.893572 9.32636 9.31834 9.24767 9.23515 0.377856 0.257602 0.464539 0.101995 0.137121 0.218303 8.82696 0.0688927
internal_count=46080 24153 21927 885 182 158 235 99 23268 703 322 84 49 21692 163 23224 79 59 23211 23196 23169 23152 813 79 381 157 84 151 21529 44
is_linear=0
shrinkage=0.1


Tree=72
num_leaves=31
num_cat=0
split_feature=8 18 14 19 42 45 43 44 24 32 8 41 8 27 2 14 8 18 8 45 41 6 2 2 2 2 20 13 43 10
split_gain=13.8119 1.76475 0.46208 0.429226 0.287064 0.190716 0.142496 0.184025 0.0809306 0.0877801 0.0802007 0.087974 0.0794152 0.0603084 0.0555753 0.0342502 0.0148508 0.00753485 0.00500018 0.0794742 0.00410408 0.00134599 0.000724628 6.00961e-05 2.79129e-05 1.38056e-05 9.04331e-06 3.40082e-06 2.61115e-06 2.24049e-06
threshold=231.15909090000002 185.50000000000003 886.50000000000011 169.50000000000003 0.07692692750000002 86.500000000000014 0.18137003800000004 137.50000000000003 0.053750369000000006 2.5000000000000004 221.94963370000002 0.18108108750000004 239.02812500000002 222.50000000000003 10.857360860000002 731.50000000000011 239.02812500000002 687.00000000000011 250.97438910000002 87.500000000000014 0.12984072200000002 41.908738390000003 16.219433055000003 14.754950520000001 14.754950520000001 14.754950520000001 19.500000000000004 767.50000000000011 0.19048460050000002 869.50000000000011
decision_type=2 2 2 2 2 2 2 2 2 2 2 2 2 2 2 2 2 2 2 2 2 2 2 2 2 2 2 2 2 2
left_child=2 3 10 12 24 29 7 20 9 -6 27 14 -2 15 -12 -7 -17 18 19 -18 -5 22 25 -13 -4 -8 -23 -1 -11 -3
right_child=1 5 4 6 8 13 21 -9 -10 28 11 23 -14 -15 -16 16 17 -19 -20 -21 -22 26 -24 -25 -26 -27 -28 -29 -30 -31
leaf_value=0.10003769276068425 -0.048143315212197856 0.10033927589472916 0.10035257587771285 -0.037959089212122835 -0.074420404236522283 0.10006713019594005 0.10003798885080289 0.10020098497106754 -0.081308381259496867 0.10156177988359934 0.10010198093679237 0.10006462711521991 0.0012112243857499852 0.10013644625812211 -0.05027353376673948 -0.052315342573763968 -0.1000626609149301 -0.021679985717575068 -0.10003702752589 0.10015554240995272 -0.10026057892431724 0.10166176791469438 0.11585634335900113 0.10501382288354905 0.10298536628362237 0.10327439298151611 0.10010178605599751 0.10054430252195133 0.10018930031685412 0.10170797446702601
leaf_weight=7.852548228984233 0.70262668840587028 0.026254172174957513 0.14145035581896159 0.012024697149172425 0.052956202533096075 0.0086484469938995501 0.023096070508472621 0.098107385216280707 0.24527155188843608 0.020793119154404849 0.03257567127002392 0.033600505325011909 0.60826184693723917 0.015260850428604367 0.1000919965445064 0.067481221165507033 0.3207898951659417 0.012450414767955276 8.0147087398654531 0.021131216548383236 0.087612719944445416 0.043987725046463311 0.11976847186451778 0.090929865837097168 0.056295894086360931 0.03070048987865448 0.23944889841368422 0.13478059388580721 0.041583646321669221 0.021966689790133387
leaf_count=21381 19 39 149 26 5 17 62 165 35 5 47 82 35 13 32 25 799 17 22339 14 133 5 2 2 2 1 437 148 39 5
internal_value=-1.87404e-05 -0.0776174 0.092314 0.00778273 0.00427496 -0.0973462 0.0739035 0.00298318 -0.0488226 0.0202631 0.0982764 0.043313 -0.0252424 -0.0984764 -0.0133498 -0.0988353 -0.0990392 -0.099416 -0.0995318 -0.0876889 -0.0927418 0.104591 0.111526 0.103678 0.101102 0.101885 0.100344 0.100046 0.100647 0.100963
internal_weight=19.2772 10.4743 8.80288 1.96563 0.558351 8.50869 0.654746 0.197745 0.360605 0.115333 8.24453 0.257198 1.31089 8.46047 0.132668 8.44521 8.43656 8.36908 8.35663 0.341921 0.0996374 0.457002 0.173565 0.12453 0.197746 0.0537966 0.283437 7.98733 0.0623768 0.0482209
internal_count=46080 24153 21927 885 235 23268 831 324 84 49 21692 163 54 23224 79 23211 23194 23169 23152 813 159 507 65 84 151 63 442 21529 44 44
is_linear=0
shrinkage=0.1


Tree=73
num_leaves=31
num_cat=0
split_feature=11 8 45 29 10 2 16 44 14 19 20 18 14 1 26 27 6 0 6 8 45 4 6 36 8 17 8 18 20 13
split_gain=12.4128 1.65958 0.508539 0.194506 0.278783 0.386743 0.150091 0.296385 0.118999 0.179751 0.0967083 0.102322 0.0751332 0.0735838 0.0722069 0.0649216 0.042211 0.0729205 0.0154686 0.0133091 0.139267 0.00443048 0.00392917 0.00155465 0.00815845 0.00015863 1.41145e-05 1.24143e-05 5.27554e-06 2.52246e-06
threshold=3368.0000000000005 221.94963370000002 86.500000000000014 1.2500152265000002 470.50000000000006 16.219433055000003 376.50000000000006 137.50000000000003 886.50000000000011 261.50000000000006 18.500000000000004 70.500000000000014 601.50000000000011 27.500000000000004 6.5000000000000009 222.50000000000003 45.074251305000011 30.500000000000004 41.908738390000003 250.97438910000002 87.500000000000014 209.55680360000005 41.908738390000003 4.5000000000000009 255.16440320000004 129.50000000000003 239.02812500000002 233.50000000000003 19.500000000000004 767.50000000000011
decision_type=2 2 2 2 2 2 2 2 2 2 2 2 2 2 2 2 2 2 2 2 2 2 2 2 2 2 2 2 2 2
left_child=1 8 -2 4 5 10 22 18 29 -10 -3 -12 -13 15 26 19 25 -18 -8 20 21 -4 -6 -20 -25 -9 -5 -23 -24 -1
right_child=2 3 13 14 6 -7 7 16 9 -11 11 12 -14 -15 -16 -17 17 -19 23 -21 -22 27 28 24 -26 -27 -28 -29 -30 -31
leaf_value=0.10003409985672047 0.10169061343437749 -0.0021816862978673713 -0.051360019006359142 -0.10180041071657414 0.12352949007958081 -0.054872084518113567 0.0015533599105446542 0.10013365902122728 -0.085381002788975841 0.10019179040504099 0.12698070576270806 0.10005315915426774 -0.10037877998097221 0.10013211552892838 0.10005078194463463 0.10012346545279237 0.10009857693533974 -0.10013243744371553 -0.1003894490948849 -0.10003255413433393 0.10014983813530035 -0.10122203545686909 0.10150178546772422 0.002402329086740841 -0.10007263486265908 0.089014813317104924 -0.10006520860847944 -0.10008088095973817 0.10012048189270456 0.10049266899247573
leaf_weight=7.1055218113178871 0.12969290095497754 0.17069755494594641 0.019192543812096008 0.068527790717780479 0.17357112193712954 0.88741337013198063 0.019281700981082839 0.23935766640352041 0.08792840503156174 0.12844569605658762 0.21912226802669466 0.034643580729607493 0.040644417924340814 0.018697442719712742 0.019548565964214504 0.016421793494373449 0.042170245957095176 0.031981934065697715 0.10386154803563841 7.0864142393984366 0.03827679151436314 0.13971765339374542 0.039861281053163111 0.0098523880878929049 0.036742578580742702 0.013557992351707071 0.1483780956332339 0.30007722618756816 0.090253599366405979 0.12201400182675559
leaf_count=21381 34 6 2 4 5 32 18 467 2 146 10 74 17 34 48 16 81 29 77 21976 33 12 5 13 81 12 370 777 170 148
internal_value=-7.57011e-06 0.0745787 -0.0946628 0.0020687 0.0115238 -0.0161594 0.0582977 0.0244431 0.0978542 0.0247802 0.0577033 0.0924243 -0.00815053 -0.0980053 -0.0840238 -0.0984927 0.0800854 0.0137387 -0.082774 -0.0989228 -0.0831084 -0.098391 0.113681 -0.0935809 -0.0784046 0.0995376 -0.100613 -0.100443 0.100544 0.100042
internal_weight=17.5819 9.83338 7.74849 2.38947 2.15301 1.35252 0.800492 0.496806 7.44391 0.216374 0.465108 0.29441 0.075288 7.6188 0.236454 7.6001 0.327068 0.0741522 0.169738 7.58368 0.497264 0.458987 0.303686 0.150457 0.046595 0.252916 0.216906 0.439795 0.130115 7.22754
internal_count=46080 23196 22884 1519 1097 139 958 778 21677 148 107 101 91 22850 422 22816 589 110 189 22800 824 791 180 171 94 479 374 789 175 21529
is_linear=0
shrinkage=0.1


Tree=74
num_leaves=31
num_cat=0
split_feature=8 18 14 17 10 14 45 16 42 45 43 44 8 41 27 15 24 14 8 18 10 37 8 45 42 6 10 2 2 13
split_gain=11.1951 1.53947 0.401269 0.50082 0.515586 0.390718 0.237597 0.232339 0.16299 0.155991 0.118802 0.146644 0.0685043 0.0755983 0.0493333 0.048202 0.0314138 0.0280154 0.0154266 0.0138182 0.0128 0.00459537 0.00409493 0.0650606 0.0040891 0.00176471 0.00171445 4.12708e-05 1.3458e-05 1.87072e-06
threshold=231.15909090000002 185.50000000000003 601.50000000000011 86.500000000000014 470.50000000000006 886.50000000000011 86.500000000000014 376.50000000000006 0.07692692750000002 86.500000000000014 0.18137003800000004 137.50000000000003 221.94963370000002 0.18108108750000004 222.50000000000003 100.50000000000001 0.043245386000000004 731.50000000000011 239.02812500000002 697.50000000000011 478.50000000000006 0.05663360500000001 250.97438910000002 87.500000000000014 0.064762004500000012 41.908738390000003 470.50000000000006 14.754950520000001 14.754950520000001 767.50000000000011
decision_type=2 2 2 2 2 2 2 2 2 2 2 2 2 2 2 2 2 2 2 2 2 2 2 2 2 2 2 2 2 2
left_child=5 2 3 4 16 12 28 25 -8 -3 11 24 29 15 17 20 -2 -11 -19 22 -14 -10 23 -20 -4 -6 -12 -15 -7 -1
right_child=1 9 10 -5 7 6 8 -9 21 14 26 -13 13 27 -16 -17 -18 18 19 -21 -22 -23 -24 -25 -26 -27 -28 -29 -30 -31
leaf_value=0.1000308520407398 -0.10967130513484249 0.10078734943413013 -0.027657069903925142 0.12541148916221365 0.12131712554350843 0.10042459663687447 0.10034321837151017 -0.090456809700419638 -0.097304890927678481 0.10005495532905412 0.11363684092204691 0.10016451911641688 -0.10030797800728063 0.10005290474102345 0.10011168640660642 0.10015186019142147 -0.067960803322134763 -0.048297963734544438 -0.10005137139273951 0.054259694634541833 -0.020521404470685747 -0.070105054815321075 -0.10003033851514842 0.10012731031305658 -0.10019855501314695 0.10068738857680669 0.10015532197505841 0.10452387729859876 0.10243280711522516 0.10044591828780616
leaf_weight=6.4295399840048075 0.48189666494726935 0.03954412939492602 0.008747280458919704 0.18866604639333662 0.15688043367117643 0.11901720517198544 0.060038709169020876 0.073355493019334972 0.12004581792280078 0.0070810511533635481 0.22493545903125778 0.080366948037408181 0.03130771405994881 0.02750271804688964 0.012497460236772784 0.028764000366209075 0.28875891718780622 0.059600902197416761 0.2628049396444111 0.0058478231367188318 0.056202932057203725 0.12871106111560948 6.5678839497995796 0.01730524911545217 0.069594860688084736 0.056362919756793417 0.1624579348572297 0.082815021276473999 0.046372439712285995 0.11045160796493281
leaf_count=21381 13 44 20 24 3 114 77 20 7 17 14 165 14 82 13 33 46 25 799 5 32 35 22351 14 137 76 367 2 2 148
internal_value=1.49345e-06 -0.076015 0.00665441 -0.024674 -0.0514566 0.0920157 0.00426511 0.0630561 -0.0475391 -0.0972619 0.0781294 0.00525923 0.098165 0.0441094 -0.0983915 -0.0121523 -0.0940427 -0.09875 -0.0989536 -0.0993941 -0.0490658 -0.0832312 -0.0995253 -0.0876843 -0.0920989 0.115864 0.107983 0.103409 0.100988 0.100038
internal_weight=16.0054 8.76459 1.79202 1.24592 1.05725 7.24077 0.474185 0.286599 0.308796 6.97257 0.546102 0.158709 6.76658 0.226592 6.93302 0.116275 0.770656 6.92052 6.91344 6.85384 0.0875106 0.248757 6.84799 0.28011 0.0783421 0.213243 0.387393 0.110318 0.16539 6.53999
internal_count=46080 24153 885 182 158 21927 235 99 119 23268 703 322 21692 163 23224 79 59 23211 23194 23169 46 42 23164 813 157 79 381 84 116 21529
is_linear=0
shrinkage=0.1


Tree=75
num_leaves=31
num_cat=0
split_feature=8 18 11 14 17 10 42 16 45 20 43 44 27 20 2 14 2 8 18 42 8 45 6 10 2 18 10 1 6 18
split_gain=10.0968 1.40926 0.366073 0.359111 0.441654 0.453117 0.271824 0.206742 0.141027 0.108838 0.106479 0.132003 0.0446024 0.0427843 0.0269754 0.0253288 0.0216727 0.0174357 0.0127516 0.00430349 0.00370647 0.0588658 0.00126264 0.00124462 1.32888e-05 1.22207e-06 9.05882e-07 8.94073e-07 6.35364e-07 6.24071e-07
threshold=231.15909090000002 185.50000000000003 3148.5000000000005 601.50000000000011 86.500000000000014 470.50000000000006 0.07692692750000002 376.50000000000006 86.500000000000014 52.500000000000007 0.18137003800000004 137.50000000000003 222.50000000000003 19.500000000000004 14.111192365000003 731.50000000000011 10.795094760000003 239.02812500000002 697.50000000000011 0.064762004500000012 250.97438910000002 87.500000000000014 41.908738390000003 470.50000000000006 14.754950520000001 179.50000000000003 869.50000000000011 40.500000000000007 42.454647005000005 70.500000000000014
decision_type=2 2 2 2 2 2 2 2 2 2 2 2 2 2 2 2 2 2 2 2 2 2 2 2 2 2 2 2 2 2
left_child=2 3 14 4 5 13 24 22 26 -8 11 19 15 -2 27 -10 -11 -17 20 -5 21 -19 -7 -12 25 -4 -3 -1 -24 -25
right_child=1 8 6 10 -6 7 9 -9 12 16 23 -13 -14 -15 -16 17 -18 18 -20 -21 -22 -23 28 29 -26 -27 -28 -29 -30 -31
leaf_value=0.1000288322818685 -0.10836215151647582 0.1002515316245558 0.10074721329549906 -0.025084766113502101 0.12252256761907857 0.11891768486917061 0.065216597729268702 -0.088563851453934 0.10004972460039985 -0.033774809673309959 0.11218502091579573 0.10014891983857732 0.10010104560407551 -0.056307960754185385 0.048917925954661969 -0.044460376918256508 -0.091951745401643956 -0.10004649067727621 0.050305289088253519 -0.10017977210650515 -0.100027449656883 0.10011517879589688 0.10083196134218238 0.10063299002421743 0.10219594837014488 0.10010054799882968 0.10126130061357093 0.10059241727032869 0.10002782175239347 0.10005442728205778
leaf_weight=5.8574330830888357 0.48249881342053391 0.019453805842203908 0.03633863292634476 0.0086834213871043175 0.17452904531091917 0.14466757653281093 0.076693508221069351 0.067723457410465926 0.006407518027117364 0.10366789091494866 0.20602869888534769 0.072729773324681335 0.011309310211799928 0.23470290622208267 0.10509489392279636 0.058340456103905924 0.1674897568882443 0.23780675760644943 0.0056856550800147279 0.062983240786707029 5.9430300265084952 0.015660237986594439 0.03774717272608541 0.021908527211053297 0.042051814496517181 0.14925658857100643 0.016352380567695946 0.028284364845603593 0.013283252046676353 0.12510994212061632
leaf_count=21447 14 39 5 20 24 3 36 20 17 32 14 165 13 45 20 25 20 799 5 137 22351 14 28 12 2 359 5 6 48 355
internal_value=6.50794e-06 -0.0756658 0.0918167 0.00654497 -0.0240453 -0.0501311 0.0156361 0.0620318 -0.0971831 -0.0399615 0.0775811 0.00523794 -0.0983117 -0.0913275 0.0991349 -0.0986698 -0.0697098 -0.0988732 -0.099385 -0.091081 -0.0995224 -0.0876797 0.114147 0.107169 0.100591 0.100227 0.100713 0.100032 0.100623 0.100141
internal_weight=14.533 7.96664 6.56631 1.6526 1.15515 0.980623 0.575498 0.263421 6.31405 0.347851 0.497444 0.144396 6.27824 0.717202 5.99081 6.26693 0.271158 6.26052 6.20218 0.0716667 6.1965 0.253467 0.195698 0.353047 0.227647 0.185595 0.0358062 5.88572 0.0510304 0.147018
internal_count=46080 24153 21927 885 182 158 454 99 23268 88 703 322 23224 59 21473 23211 52 23194 23169 157 23164 813 79 381 366 364 44 21453 76 367
is_linear=0
shrinkage=0.1


Tree=76
num_leaves=31
num_cat=0
split_feature=8 18 11 19 42 45 45 43 44 8 27 2 14 8 15 18 21 8 45 6 2 2 2 20 4 18 10 1 14 2
split_gain=9.09529 1.28993 0.343244 0.322705 0.24358 0.181772 0.127487 0.0995281 0.121584 0.0499306 0.0403214 0.0307186 0.0228977 0.0194692 0.0131663 0.0118129 0.00623747 0.00335476 0.0532611 0.000604644 0.000300248 9.81306e-06 8.49705e-06 2.69392e-06 1.12053e-06 9.04267e-07 6.69907e-07 6.62263e-07 2.95728e-07 1.35044e-07
threshold=231.15909090000002 185.50000000000003 3148.5000000000005 169.50000000000003 0.07692692750000002 86.500000000000014 86.500000000000014 0.18137003800000004 137.50000000000003 239.02812500000002 222.50000000000003 14.111192365000003 731.50000000000011 239.02812500000002 107.50000000000001 697.50000000000011 58.500000000000007 250.97438910000002 87.500000000000014 41.908738390000003 16.219433055000003 14.754950520000001 14.754950520000001 19.500000000000004 216.18983270000004 179.50000000000003 869.50000000000011 40.500000000000007 613.50000000000011 13.774990285000003
decision_type=2 2 2 2 2 2 2 2 2 2 2 2 2 2 2 2 2 2 2 2 2 2 2 2 2 2 2 2 2 2
left_child=2 3 11 9 21 24 26 8 16 -2 12 27 -8 -14 -7 17 28 18 -15 20 22 25 -9 -21 -6 -4 -3 -1 -5 -10
right_child=1 6 4 7 5 14 10 19 29 -11 -12 -13 13 15 -16 -17 -18 -19 -20 23 -22 -23 -24 -25 -26 -27 -28 -29 -30 -31
leaf_value=0.10002609478336373 -0.04525350025681471 0.10022766756970253 0.10067561098464893 -0.10053947807644392 0.10014945249404437 -0.10319447564670595 0.10004499631679312 0.10002563386205483 0.10007709888684382 -0.0015585719599652123 0.1000914280441248 0.044920920605444559 -0.040785673473875787 -0.10004207047914129 -0.057612079274091468 0.046442883766483083 -0.0089642008819454857 -0.10002483742052329 0.10010421026576177 0.10111050357075775 0.11192145747826628 0.10198261486758622 0.10294510850360578 0.10007799402950524 0.10093322141058608 0.10009099087421247 0.10114020732888161 0.10053588010514961 -0.10004432376187698 0.10049042270849387
leaf_weight=5.300162417915999 0.55159488425124414 0.017606509718461782 0.032902749720960744 0.016456152487080544 0.040594716236228123 0.11284676517243497 0.0057980222627519442 0.015546006980002858 0.056630114762810879 0.49729496473446488 0.010234020825009682 0.10311139342957165 0.057295095641165861 0.21518547437153746 0.14452326329774223 0.0055501179303972794 0.0085356743657030165 5.3776092100451933 0.014171443064697087 0.029680475709028542 0.096263783343601972 0.038125596940517426 0.027790084481239319 0.17003186509828083 0.03312582359649241 0.13506518462963868 0.014813060202868655 0.025606412673368939 0.045169159027864225 0.0091873167548328638
leaf_count=21447 19 39 5 4 39 7 17 62 163 35 13 20 25 799 37 5 18 22351 14 5 2 2 1 437 5 359 5 6 137 2
internal_value=8.62037e-06 -0.0753066 0.0914368 0.00643711 0.0151848 -0.0379425 -0.0970951 0.0747921 0.00250546 -0.0245371 -0.0982226 0.0989819 -0.0985802 -0.0987833 -0.0775982 -0.0993753 -0.0890798 -0.0995197 -0.0876755 0.103761 0.10881 0.100534 0.101898 0.100231 0.100502 0.100206 0.100645 0.100029 -0.100177 0.100135
internal_weight=13.2085 7.24244 5.96606 1.52418 0.537184 0.331091 5.71826 0.475291 0.135978 1.04889 5.68584 5.42888 5.67561 5.66981 0.25737 5.61252 0.070161 5.60697 0.229357 0.339312 0.1396 0.206094 0.0433361 0.199712 0.0737205 0.167968 0.0324196 5.32577 0.0616253 0.0658174
internal_count=46080 24153 21927 885 454 88 23268 831 324 54 23224 21473 23211 23194 44 23169 159 23164 813 507 65 366 63 442 44 364 44 21453 141 165
is_linear=0
shrinkage=0.1


Tree=77
num_leaves=31
num_cat=0
split_feature=11 8 45 29 36 23 8 14 19 20 10 1 17 16 26 27 8 8 45 23 43 18 8 18 13 18 8 2 14 23
split_gain=8.17229 1.23466 0.344694 0.133408 0.204576 0.177063 0.110676 0.0905564 0.12951 0.0676571 0.12656 0.0582975 0.0516355 0.121691 0.050425 0.0459667 0.0147478 0.0105274 0.116671 0.000151195 8.30486e-05 8.39574e-06 5.89455e-06 5.40867e-06 8.51332e-07 4.02199e-07 1.25555e-07 8.98969e-08 7.28396e-08 6.236e-08
threshold=3368.0000000000005 221.94963370000002 86.500000000000014 1.2500152265000002 4.5000000000000009 0.021252902500000004 239.02812500000002 886.50000000000011 261.50000000000006 19.500000000000004 470.50000000000006 27.500000000000004 116.50000000000001 607.50000000000011 6.5000000000000009 222.50000000000003 208.24695120000004 250.97438910000002 87.500000000000014 0.031079406000000004 0.20000194050000003 70.500000000000014 239.02812500000002 233.50000000000003 767.50000000000011 178.50000000000003 239.02812500000002 10.243306600000002 858.50000000000011 0.021252902500000004
decision_type=2 2 2 2 2 2 2 2 2 2 2 2 2 2 2 2 2 2 2 2 2 2 2 2 2 2 2 2 2 2
left_child=1 7 -2 4 5 6 -3 24 -9 -8 -11 15 21 20 22 16 -4 18 23 28 -14 -6 -5 -18 -1 -26 -25 -27 -15 -23
right_child=2 3 11 14 12 -7 9 8 -10 10 -12 -13 13 19 -16 -17 17 -19 -20 -21 -22 29 -24 26 25 27 -28 -29 -30 -31
leaf_value=0.10002300706692445 0.10112907611700578 -0.013524086675623643 0.10037485499100673 -0.10135506564145783 0.10154033567396333 -0.089793193930707518 0.10193437671305104 -0.081853319715798636 0.10014392894574808 0.080561018941200935 -0.10028407852636677 0.10013938512123124 -0.10006728684970774 0.10006582849410793 0.10003683043051258 0.10009430941776871 -0.10092123199128969 -0.10002182114860542 0.10013283214636906 0.086318733443353168 -0.088904669143151663 0.10021842269337766 -0.10004373795463238 -0.10028401993549618 0.10055445683823916 0.1000303934716814 -0.10003266536231836 0.10037970507224431 0.10028913511277052 0.10004756400913338
leaf_weight=4.7662334935012041 0.088774164396454469 0.73257030328386441 0.0037206443957983329 0.052298686467111 0.047636116520152316 0.22397485925466742 0.16348367230966687 0.067429388873278984 0.093064390544896014 0.10053673101356253 0.062913473637308925 0.014863768577924819 0.042852887621847913 0.053103812708286569 0.013668604733538814 0.011664563848171272 0.11363479681313027 4.751204376865644 0.031942838511895388 0.0088919736153911799 0.0078925500711193308 0.02419638802530244 0.09948811873618979 0.022316890303045511 0.043700118316337355 0.030229287804104388 0.18146110519592185 0.0097417313372716308 0.020149619755102322 0.18232554409769364
leaf_count=21381 34 41 1 4 28 43 6 2 146 5 54 34 104 155 48 16 13 21976 33 15 15 22 370 8 21 121 769 6 12 597
internal_value=1.80423e-05 0.0718766 -0.0942368 0.00172383 0.0102072 -0.00900991 0.00806734 0.097583 0.0236801 0.0564479 0.0109521 -0.097617 0.0739325 0.0234204 -0.0839292 -0.0981916 -0.0986447 -0.0987899 -0.0820359 0.0986325 -0.0983311 0.100344 -0.100496 -0.100368 0.100029 0.100345 -0.10006 0.100116 0.100127 0.100068
internal_weight=12.066 6.84638 5.21958 1.83598 1.67053 1.28348 1.0595 5.0104 0.160494 0.326934 0.16345 5.13081 0.387049 0.132891 0.165455 5.11595 5.10428 5.10056 0.349356 0.0821454 0.0507454 0.254158 0.151787 0.317413 4.8499 0.0836711 0.203778 0.039971 0.0732534 0.206522
internal_count=46080 23196 22884 1519 1097 149 106 21677 148 65 59 22850 948 301 422 22816 22800 22799 823 182 119 647 374 790 21529 148 777 127 167 619
is_linear=0
shrinkage=0.1


Tree=78
num_leaves=31
num_cat=0
split_feature=11 8 45 14 20 29 14 2 42 44 14 17 1 26 27 6 0 8 8 45 2 6 43 10 4 15 8 18 13 8
split_gain=7.35023 1.15854 0.311851 0.128528 0.113591 0.1249 0.177733 0.397143 0.123049 0.152669 0.0844309 0.116413 0.0527471 0.0433194 0.0415904 0.0344717 0.031652 0.0133435 0.00955504 0.105533 0.00323681 0.00116026 0.00193178 0.000489252 0.000122132 3.92556e-05 4.35833e-06 4.00179e-06 6.30677e-07 3.85822e-07
threshold=3368.0000000000005 221.94963370000002 86.500000000000014 575.50000000000011 18.500000000000004 1.2500152265000002 601.50000000000011 16.219433055000003 0.090908912500000008 137.50000000000003 886.50000000000011 125.50000000000001 27.500000000000004 6.5000000000000009 222.50000000000003 45.074251305000011 30.500000000000004 208.24695120000004 250.97438910000002 87.500000000000014 13.774990285000003 43.572403230000006 0.23255890900000001 470.50000000000006 226.18763860000004 60.500000000000007 239.02812500000002 233.50000000000003 767.50000000000011 175.24285715000002
decision_type=2 2 2 2 2 2 2 2 2 2 2 2 2 2 2 2 2 2 2 2 2 2 2 2 2 2 2 2 2 2
left_child=1 10 -2 25 -5 6 7 -6 9 20 28 -12 14 26 17 -11 -17 -4 19 27 -8 23 -23 -10 -22 -3 -7 -19 -1 -13
right_child=2 3 12 4 5 13 8 -9 21 15 11 29 -14 -15 -16 16 -18 18 -20 -21 24 22 -24 -25 -26 -27 -28 -29 -30 -31
leaf_value=0.10002081662284668 0.10102113341909197 0.10376041381915578 0.10033905687402984 -0.095251650460280321 0.092731141727992406 -0.1012244853751976 -0.037917577270147662 -0.059244762480508778 0.10999593770783232 0.10008621264066893 -0.078824068400837957 0.10074546063406305 0.10012614041939463 0.10003314828621973 0.10008533207655419 0.10003744571176854 -0.10008115024199787 -0.10083285708281481 -0.10001974393041224 0.10012018954739066 -0.089469191726752648 0.030487409207088215 0.10004880140334638 0.10017148692380234 -0.10018311244544179 0.10005852173135864 -0.1000395797357881 -0.10005446236212423 0.10031191700136002 0.10012291785284325
leaf_weight=4.3127558606502134 0.080407650646520668 0.069855771958827861 0.0033677183091639354 0.13020846246217832 0.23990029479318742 0.047379747964441665 0.0098090282990593858 0.60704941315634642 0.17483151651686057 0.10637291312741615 0.063679887418402248 0.011527021648362279 0.013450982471112982 0.01169529628532473 0.010555432643741258 0.013462898583384231 0.019140257238177583 0.10290655121207226 4.2991522384545533 0.028906539839226753 0.012482053425628692 0.0052948848315281785 0.016227960397372954 0.071386592098861001 0.072086289670551196 0.048556653389823623 0.090024123710463755 0.18439597742690239 0.075732310811872483 0.073004523743293248
leaf_count=21381 34 2 1 29 36 4 22 45 14 335 10 2 34 46 16 48 28 13 21976 33 4 13 59 164 153 147 370 777 148 136
internal_value=2.11876e-05 0.07088 -0.0942313 0.00165412 -0.00566507 0.00212639 0.0117322 -0.0161973 0.0589387 0.00585873 0.0975188 0.0232857 -0.0976129 -0.0847225 -0.0981874 0.0725138 -0.0174457 -0.0986406 -0.0987858 -0.0820086 -0.0922946 0.105201 0.0829358 0.107148 -0.0986018 0.102242 -0.100448 -0.100333 0.100026 0.100208
internal_weight=11.0056 6.28246 4.72314 1.74576 1.62735 1.49714 1.34804 0.84695 0.501094 0.233353 4.5367 0.148211 4.64274 0.149099 4.62928 0.138976 0.0326032 4.61873 4.61536 0.316209 0.0943774 0.267741 0.0215228 0.246218 0.0845683 0.118412 0.137404 0.287303 4.38849 0.0845315
internal_count=46080 23196 22884 1519 1370 1341 921 81 840 590 21677 148 22850 420 22816 411 76 22800 22799 823 179 250 72 178 157 149 374 790 21529 138
is_linear=0
shrinkage=0.1


Tree=79
num_leaves=31
num_cat=0
split_feature=11 8 45 14 20 29 14 2 42 44 14 19 1 26 27 6 0 8 8 45 7 14 10 4 15 8 18 13 18 20
split_gain=6.62238 1.07373 0.282141 0.115795 0.101437 0.112395 0.158851 0.336286 0.110166 0.137196 0.0789363 0.107036 0.0477254 0.0391814 0.037631 0.0311882 0.0286381 0.012073 0.00866993 0.0954611 0.00376687 0.00118793 0.000359985 0.000158803 2.89009e-05 3.22306e-06 2.96111e-06 4.67513e-07 2.20586e-07 1.89079e-07
threshold=3368.0000000000005 221.94963370000002 86.500000000000014 575.50000000000011 18.500000000000004 1.2500152265000002 601.50000000000011 16.219433055000003 0.090908912500000008 137.50000000000003 886.50000000000011 261.50000000000006 27.500000000000004 6.5000000000000009 222.50000000000003 45.074251305000011 30.500000000000004 208.24695120000004 250.97438910000002 87.500000000000014 8781.5000000000018 772.50000000000011 470.50000000000006 226.18763860000004 60.500000000000007 239.02812500000002 233.50000000000003 767.50000000000011 178.50000000000003 19.500000000000004
decision_type=2 2 2 2 2 2 2 2 2 2 2 2 2 2 2 2 2 2 2 2 2 2 2 2 2 2 2 2 2 2
left_child=1 10 -2 24 -5 6 7 -6 9 20 27 -12 14 25 17 -11 -17 -4 19 26 23 22 -10 -8 -3 -7 -19 -1 -29 -24
right_child=2 3 12 4 5 13 8 -9 21 15 11 -13 -14 -15 -16 16 -18 18 -20 -21 -22 -23 29 -25 -26 -27 -28 28 -30 -31
leaf_value=0.10001883647275914 0.10092355777402758 0.10338978710276998 0.10030669593484419 -0.093900966333608005 0.087860313891150732 -0.10110662912882729 -0.087443664890565695 -0.055072704148599577 0.10896073701109044 0.10007802435972875 -0.07815615088406147 0.10012113245522816 0.10011415251665373 0.10002999320369817 0.10007720385737669 0.10003388207107607 -0.1000734235237013 -0.10075301783339814 -0.10001786756098033 0.1001087434064814 -0.030027325968444776 0.080714624384179895 0.10046615045203589 -0.10015906889289428 0.10005295367435535 -0.10003581943338538 -0.10004928813850214 0.10045375066707239 0.10009460101138118 0.10004436235083432
leaf_weight=3.9024164634174672 0.072822616260964312 0.063423149287700542 0.0030481708236037566 0.11942883282608807 0.22848949738545321 0.042918398976325878 0.011542912689037288 0.5887295955180889 0.15962007624329999 0.096257666664314789 0.059436556883156189 0.077707562377327122 0.012172335424111114 0.01058265843312256 0.0095516864093950771 0.012182146223494783 0.017320090264547616 0.093183728400617727 3.8901030859706225 0.026158556604059413 0.0090341212198836729 0.019564793765312061 0.013386007107328624 0.065877738947165199 0.043938197290117387 0.081460102817800362 0.16685657169728074 0.03581943456083525 0.032725215394748375 0.051584921107860282
leaf_count=21381 34 2 1 29 36 4 4 45 14 335 2 146 34 46 16 48 28 13 21976 33 9 34 6 166 147 370 777 21 127 196
internal_value=2.87937e-05 0.0701673 -0.0942264 0.00163781 -0.0054157 0.00208683 0.0112823 -0.0151095 0.058542 0.00584194 0.0974473 0.022858 -0.0976091 -0.0846887 -0.0981837 0.0725082 -0.0174446 -0.0986368 -0.098782 -0.081984 -0.0911329 0.104348 0.106406 -0.0982633 0.102024 -0.100405 -0.100301 0.100023 0.100282 0.100131
internal_weight=10.0173 5.74345 4.2739 1.63534 1.52798 1.40855 1.27359 0.817219 0.45637 0.212215 4.10811 0.137144 4.20107 0.134961 4.1889 0.12576 0.0295022 4.17935 4.1763 0.286199 0.0864548 0.244156 0.224591 0.0774207 0.107361 0.124379 0.26004 3.97096 0.0685446 0.0649709
internal_count=46080 23196 22884 1519 1370 1341 921 81 840 590 21677 148 22850 420 22816 411 76 22800 22799 823 179 250 216 170 149 374 790 21529 148 202
is_linear=0
shrinkage=0.1


Tree=80
num_leaves=31
num_cat=0
split_feature=11 8 45 14 10 16 2 14 23 41 44 45 1 17 27 14 8 8 45 30 10 6 4 43 18 15 18 8 20 19
split_gain=5.96401 0.997018 0.255265 0.104343 0.0981221 0.215465 0.113081 0.0737844 0.0977839 0.0636123 0.0727443 0.0502672 0.043182 0.0350627 0.0340486 0.0244888 0.0109236 0.00786469 0.0863529 0.00233399 0.0127885 0.00205221 0.0012258 0.000752966 0.000465665 2.12906e-05 2.19134e-06 2.17253e-06 5.2663e-07 3.60781e-07
threshold=3368.0000000000005 221.94963370000002 86.500000000000014 575.50000000000011 470.50000000000006 376.50000000000006 10.857360860000002 886.50000000000011 0.030304688500000006 0.16667705300000002 137.50000000000003 86.500000000000014 27.500000000000004 124.50000000000001 222.50000000000003 589.50000000000011 208.24695120000004 250.97438910000002 87.500000000000014 5.5000000000000009 682.50000000000011 45.66767826000001 240.80973110000002 0.18421783900000002 191.50000000000003 60.500000000000007 233.50000000000003 239.02812500000002 19.500000000000004 266.50000000000006
decision_type=2 2 2 2 2 2 2 2 2 2 2 2 2 2 2 2 2 2 2 2 2 2 2 2 2 2 2 2 2 2
left_child=1 7 -2 25 15 22 -7 -1 29 10 23 -11 14 21 16 -5 -4 18 26 24 -21 -12 -6 -8 -13 -3 -18 -26 -24 -9
right_child=2 3 12 4 5 6 9 8 -10 11 13 19 -14 -15 -16 -17 17 -19 -20 20 -22 -23 28 -25 27 -27 -28 -29 -30 -31
leaf_value=0.10002116326387796 0.10083533771950026 0.10305683152288872 0.1002774189404122 -0.0039153282471958012 0.11722603505276785 0.10004380865771433 -0.10003863095922205 0.10073593123332221 -0.076635019903715296 0.10005681825713351 0.10009571311467391 -0.089314698031060027 0.10010330547367813 -0.071050089083798243 0.10006986003068796 -0.039429171894111131 -0.1006808862213468 -0.10001616555923767 0.10009839702966156 0.10006739727455977 -0.10001607344721818 0.046578689370217703 0.1006984861459443 -0.059151688670494668 -0.10100022836843668 0.10004792027851915 -0.10004460385203368 -0.10003754786280775 0.10009369556868537 0.10011121521380627
leaf_weight=3.5931498203135566 0.065947345370659938 0.057563599199056514 0.002758863149212031 0.30009590554982402 0.13308930469793268 0.068647649371996522 0.037047548044938594 0.010922232875600346 0.055811794314649887 0.014731179951922968 0.064132586718187667 0.061458182171918452 0.011015117546776199 0.015636519521649461 0.0086433255928567432 0.55006301248795353 0.084373459685594177 3.5199677939890535 0.023671563802054152 0.0039977498090593136 0.015897839650278911 0.0080666324065532535 0.022214892320334911 0.0051274569268571204 0.038873001933097839 0.039758823266311083 0.15098477753053885 0.059056234589661472 0.040916065714554861 0.060178461906616576
leaf_count=21529 34 2 1 9 4 299 152 2 24 57 197 37 34 29 16 48 13 21976 33 12 99 25 7 7 4 147 777 271 113 122
internal_value=3.64311e-05 0.0693859 -0.0942219 0.00161669 -0.00516053 0.026214 -0.0165449 0.0973744 0.022438 -0.0412453 0.012881 -0.0775159 -0.0976058 0.0647135 -0.0981803 -0.0268932 -0.0986334 -0.0987786 -0.0819617 -0.0921065 -0.059812 0.0941164 0.111782 -0.0950678 -0.0961377 0.101828 -0.100273 -0.10042 0.100307 0.100207
internal_weight=9.1238 5.25644 3.86736 1.53637 1.43905 0.588893 0.392673 3.72006 0.126912 0.324025 0.130011 0.194014 3.80141 0.0878357 3.7904 0.850159 3.78176 3.779 0.25903 0.179283 0.0198956 0.0721992 0.19622 0.042175 0.159387 0.0973224 0.235358 0.0979292 0.063131 0.0711007
internal_count=46080 23196 22884 1519 1370 1313 1189 21677 148 890 410 480 22850 251 22816 57 22800 22799 823 423 111 222 124 159 312 149 790 275 120 124
is_linear=0
shrinkage=0.1


Tree=81
num_leaves=31
num_cat=0
split_feature=11 8 45 14 14 2 29 8 43 44 14 17 27 1 27 17 8 8 45 21 16 10 15 8 18 0 13 18 10 18
split_gain=5.35943 0.93659 0.230951 0.0939532 0.0929028 0.202362 0.185581 0.12935 0.0998247 0.0986115 0.069057 0.0887664 0.0459206 0.0390712 0.0308074 0.0282663 0.00988358 0.00713249 0.0781158 0.00426482 0.00213238 0.000415184 1.56929e-05 1.80961e-06 1.62183e-06 2.76264e-07 2.56899e-07 1.21054e-07 1.10407e-07 1.00171e-07
threshold=3368.0000000000005 221.94963370000002 86.500000000000014 575.50000000000011 601.50000000000011 16.219433055000003 1.1430319790000003 239.02812500000002 0.18137003800000004 137.50000000000003 886.50000000000011 125.50000000000001 18.500000000000004 27.500000000000004 222.50000000000003 123.50000000000001 208.24695120000004 250.97438910000002 87.500000000000014 58.500000000000007 594.50000000000011 470.50000000000006 60.500000000000007 239.02812500000002 233.50000000000003 97.000000000000014 767.50000000000011 178.50000000000003 470.50000000000006 70.500000000000014
decision_type=2 2 2 2 2 2 2 2 2 2 2 2 2 2 2 2 2 2 2 2 2 2 2 2 2 2 2 2 2 2
left_child=1 10 -2 22 5 -5 8 -7 9 19 26 -12 23 14 16 21 -4 18 24 28 -11 -10 -3 -8 -18 -13 -1 -28 -6 -23
right_child=2 3 13 4 6 7 12 -9 15 20 11 25 -14 -15 -16 -17 17 -19 -20 -21 -22 29 -24 -25 -26 -27 27 -29 -30 -31
leaf_value=0.10001542882774861 0.10075557137641611 0.10275749409677307 0.10025095318468889 0.046949239813867803 -0.10030203208289146 -0.10763477954358865 -0.10090415358291056 -0.014178797024625135 0.10836206341738448 0.046778400898750773 -0.074576247555992237 0.10009160149675111 0.10005279287673469 0.10009348490889657 0.10006320734712476 -0.01936181005053645 -0.1006157031246044 -0.10001462396239487 0.10008902999688007 -0.01945824904995366 0.10007536869429795 0.1003455033022511 0.10004336116986519 -0.10003191615659042 -0.10004036395592096 0.10066748691197967 0.10037144608577089 0.10007750600016246 -0.10003408363262563 0.1000396474941328
leaf_weight=3.1951185579091552 0.059716462303186169 0.05222969502210606 0.0024969482328754946 0.27050117314502109 0.032353377682738937 0.27521642670035362 0.035205532796680927 0.3206445080722915 0.15055291642784141 0.0090985213610110804 0.052592440566513576 0.055165949350339361 0.012785499740857631 0.0099678186961681403 0.007821297796908655 0.019696447838214226 0.076391206588596439 3.1850451028803946 0.021420818782644346 0.0073234698356827712 0.042912694509141147 0.012174230723758228 0.03597682745748898 0.073327505226188805 0.13662217023374978 0.0098117280285805464 0.029360679793171474 0.026799210769240744 0.029307968798093498 0.088908664161863271
leaf_count=21381 34 2 1 41 18 9 4 42 14 16 10 136 53 34 16 32 13 21976 33 19 177 12 147 384 777 2 21 127 136 413
internal_value=4.82192e-05 0.0682471 -0.0942178 0.00159254 -0.0048029 -0.0247811 0.0288941 -0.0573443 0.0623192 -0.0132177 0.0972966 0.0220058 -0.0791985 -0.0976027 -0.0981772 0.0960036 -0.0986303 -0.0987756 -0.0819415 -0.0916058 0.0907519 0.105034 0.10165 -0.100315 -0.100247 0.100179 0.100019 0.100231 -0.100175 0.100076
internal_weight=8.33655 4.83706 3.49948 1.46822 1.38001 0.866362 0.513647 0.595861 0.392328 0.120996 3.36885 0.11757 0.121319 3.43977 3.4298 0.271332 3.42198 3.41948 0.234434 0.0689848 0.0520112 0.251636 0.0882065 0.108533 0.213013 0.0649777 3.25128 0.0561599 0.0616613 0.101083
internal_count=46080 23196 22884 1519 1370 92 1278 51 837 366 21677 148 441 22850 22816 471 22800 22799 823 173 193 439 149 388 790 138 21529 148 154 425
is_linear=0
shrinkage=0.1


Tree=82
num_leaves=31
num_cat=0
split_feature=11 8 45 14 20 29 14 2 42 44 14 19 1 26 27 6 0 8 8 45 2 6 23 4 10 15 8 18 13 18
split_gain=4.82086 0.873486 0.208955 0.0847979 0.0908344 0.0841887 0.124828 0.264596 0.0890581 0.100123 0.0647363 0.0827446 0.0353519 0.0289971 0.0278748 0.0267648 0.0224958 0.00894266 0.00646705 0.0706661 0.00390092 0.00105805 0.00198955 0.000214781 0.000194368 1.15726e-05 1.30494e-06 1.20044e-06 1.90341e-07 8.96338e-08
threshold=3368.0000000000005 221.94963370000002 86.500000000000014 575.50000000000011 18.500000000000004 1.2500152265000002 601.50000000000011 16.219433055000003 0.090908912500000008 137.50000000000003 886.50000000000011 261.50000000000006 27.500000000000004 6.5000000000000009 222.50000000000003 45.074251305000011 30.500000000000004 208.24695120000004 250.97438910000002 87.500000000000014 13.710213320000003 43.463489870000011 0.026718642000000004 226.18763860000004 470.50000000000006 60.500000000000007 239.02812500000002 233.50000000000003 767.50000000000011 178.50000000000003
decision_type=2 2 2 2 2 2 2 2 2 2 2 2 2 2 2 2 2 2 2 2 2 2 2 2 2 2 2 2 2 2
left_child=1 10 -2 25 -5 6 7 -6 9 20 28 -12 14 26 17 -11 -17 -4 19 27 -8 24 -23 -22 -10 -3 -7 -19 -1 -30
right_child=2 3 12 4 5 13 8 -9 21 15 11 -13 -14 -15 -16 16 -18 18 -20 -21 23 22 -24 -25 -26 -27 -28 -29 29 -31
leaf_value=0.10001395663874657 0.10068344889724892 0.10248821173089845 0.10022700489730579 -0.093622518416989015 0.082537017965207904 -0.10081738760659045 -0.02199301175235438 -0.050337353481842352 0.10750739295852285 0.10005932782669887 -0.075048683126520493 0.10009374143374804 0.10008459843089629 0.10002221369142239 0.10005718859719881 0.10002554884633263 -0.10006151865671707 -0.10055679401872526 -0.10001323463121599 0.1000805534255878 -0.083669476586303304 0.10002368344907005 0.021153796670797229 -0.10013205878224224 0.10011588893395565 0.10003923817427321 -0.10002654049009951 -0.10003652791647402 0.10033602513566005 0.10007015043766798
leaf_weight=2.8911030581948589 0.05407042754814062 0.04737722873687733 0.0022598444484186455 0.10540061860228878 0.20944678335945333 0.031881304923444875 0.0077102468785593672 0.52682252317026723 0.13725348768639378 0.072312717253226189 0.048903729766607174 0.06015609825408319 0.0090200154227203511 0.0078400236525340006 0.0070774068590252473 0.0091792556995642371 0.01448756163881626 0.069160058163106775 2.8819860712173977 0.019383916514925659 0.009396421373821795 0.012054518272634596 0.004353497613919898 0.050609804180567153 0.048024172894656658 0.03255445312242955 0.060378147878509481 0.12362535186548484 0.026575543277431168 0.024250620612292551
leaf_count=21381 34 2 1 29 36 4 21 45 14 335 2 146 34 46 16 48 28 13 21976 33 4 69 6 154 161 147 370 777 21 127
internal_value=4.51761e-05 0.0672996 -0.0942142 0.00150352 -0.00461065 0.00319622 0.0111746 -0.0125385 0.0589581 0.00415798 0.0972127 0.0215578 -0.0975999 -0.0846101 -0.0981745 0.069849 -0.0224571 -0.0986276 -0.0987728 -0.0819233 -0.0889507 0.103436 0.0790973 -0.0975542 0.105592 0.101491 -0.1003 -0.100223 0.100017 0.100209
internal_weight=7.60465 4.43807 3.16658 1.38708 1.30715 1.20175 1.10165 0.736269 0.365382 0.163696 3.05099 0.10906 3.11251 0.100099 3.10349 0.0959795 0.0236668 3.09642 3.09416 0.212169 0.0677165 0.201686 0.016408 0.0600062 0.185278 0.0799317 0.0922595 0.192785 2.94193 0.0508262
internal_count=46080 23196 22884 1519 1370 1341 921 81 840 590 21677 148 22850 420 22816 411 76 22800 22799 823 179 250 75 158 175 149 374 790 21529 148
is_linear=0
shrinkage=0.1


Tree=83
num_leaves=31
num_cat=0
split_feature=11 8 45 14 10 16 2 14 15 41 44 45 1 17 27 14 8 8 45 30 10 4 41 4 10 4 15 18 11 20
split_gain=4.33803 0.812197 0.189055 0.0764602 0.0884717 0.193398 0.0900982 0.0606071 0.0754294 0.0493712 0.0530883 0.0388594 0.0319868 0.0274813 0.0252214 0.023427 0.00809135 0.00586253 0.0639283 0.00170784 0.00947315 0.00095056 0.000877591 0.000460057 0.00829685 1.62568e-05 8.5379e-06 8.88629e-07 3.10694e-07 2.48211e-07
threshold=3368.0000000000005 221.94963370000002 86.500000000000014 575.50000000000011 470.50000000000006 376.50000000000006 10.857360860000002 886.50000000000011 104.50000000000001 0.16667705300000002 137.50000000000003 86.500000000000014 27.500000000000004 123.50000000000001 222.50000000000003 589.50000000000011 208.24695120000004 250.97438910000002 87.500000000000014 5.5000000000000009 682.50000000000011 240.80973110000002 0.15912359400000003 253.91169840000003 644.50000000000011 234.20454545000004 60.500000000000007 233.50000000000003 3008.5000000000005 19.500000000000004
decision_type=2 2 2 2 2 2 2 2 2 2 2 2 2 2 2 2 2 2 2 2 2 2 2 2 2 2 2 2 2 2
left_child=1 7 -2 26 15 21 -7 -1 -9 10 22 -11 14 -12 16 -5 -4 18 27 23 -21 -6 -8 25 -25 -13 -3 -18 -10 -23
right_child=2 3 12 4 5 6 9 8 28 11 13 19 -14 -15 -16 -17 17 -19 -20 20 -22 29 -24 24 -26 -27 -28 -29 -30 -31
leaf_value=0.10001567778736756 0.10061823065935471 0.10224583178926046 0.10020535933318774 -0.002455714886787406 0.11644789410261246 0.10003685004697911 -0.1000311479376844 -0.073259352501372582 0.10076914143738099 0.10004818511064231 0.10005659037291666 -0.097582118126734452 0.10007654906149102 -0.043899474120255716 0.10005174148806689 -0.039325933700916575 -0.10050355322724475 -0.10001197802536584 0.10007288697025332 0.1000499287026542 -0.10001190611614473 0.10055159738049346 -0.051886777322871593 0.076817454190366424 -0.10001782685855892 -0.10035254820060327 0.10003550478389334 -0.1000330548271373 0.10007945775689411 0.10008284099688165
leaf_weight=2.6620094262252683 0.048955046338960861 0.042965136468410381 0.0020452111493808314 0.26971866656094767 0.1273941241306602 0.052861591066175606 0.028158348672150169 0.046075511199887731 0.0075744739733636371 0.01134457880834816 0.049882487241120543 0.0321016157977283 0.0081622702709863715 0.01806301638862351 0.0064042335143311693 0.47728015290340409 0.062610073015094136 2.6077600101561984 0.017540568369440734 0.0029620897257700571 0.011777513012930285 0.017041070124832913 0.0043743549758801228 0.0028773006197297937 0.034070542831614148 0.062259802733024117 0.029457530508807395 0.11186453174741473 0.047449620833504014 0.033506663938169368
leaf_count=21529 34 2 1 9 4 299 149 7 1 57 216 10 34 35 16 48 13 21976 33 12 99 7 10 17 237 48 147 777 140 113
internal_value=5.35631e-05 0.0663975 -0.0942108 0.00148199 -0.00437107 0.0287116 -0.0188943 0.0971294 0.0211331 -0.0432743 0.0114894 -0.0782348 -0.0975974 0.0617865 -0.098172 -0.0260132 -0.098625 -0.0987703 -0.0819068 -0.0920832 -0.0598072 0.111844 -0.0935576 -0.0957062 -0.0862468 -0.0994101 0.101347 -0.100202 0.100174 0.100241
internal_weight=6.93655 4.07121 2.86534 1.3081 1.23567 0.488675 0.310733 2.76311 0.1011 0.257872 0.100478 0.157393 2.81639 0.0679455 2.80822 0.746999 2.80182 2.79978 0.192015 0.146049 0.0147396 0.177942 0.0325327 0.131309 0.0369478 0.0943614 0.0724227 0.174475 0.0550241 0.0505477
internal_count=46080 23196 22884 1519 1370 1313 1189 21677 148 890 410 480 22850 251 22816 57 22800 22799 823 423 111 124 159 312 254 58 149 790 141 120
is_linear=0
shrinkage=0.1


Tree=84
num_leaves=31
num_cat=0
split_feature=11 8 45 14 20 29 17 14 10 43 23 14 23 17 1 26 27 16 8 8 45 11 0 18 8 8 19 4 15 8
split_gain=3.89568 0.762264 0.171052 0.0689026 0.0817733 0.0692524 0.113775 0.25149 0.276542 0.0778094 0.0675484 0.0568351 0.0700072 0.0419632 0.028942 0.0237317 0.0228207 0.0130112 0.0073211 0.00531357 0.057834 0.00218957 0.00192433 0.000648851 0.00147633 0.000600892 0.00270945 0.00860852 6.30156e-06 7.20886e-07
threshold=3368.0000000000005 221.94963370000002 86.500000000000014 575.50000000000011 18.500000000000004 1.2500152265000002 86.500000000000014 601.50000000000011 470.50000000000006 0.17778087200000001 0.024960097000000004 886.50000000000011 0.030304688500000006 123.50000000000001 27.500000000000004 6.5000000000000009 222.50000000000003 592.50000000000011 208.24695120000004 250.97438910000002 87.500000000000014 2738.5000000000005 24.500000000000004 194.50000000000003 250.97438910000002 239.02812500000002 169.50000000000003 240.80973110000002 60.500000000000007 239.02812500000002
decision_type=2 2 2 2 2 2 2 2 2 2 2 2 2 2 2 2 2 2 2 2 2 2 2 2 2 2 2 2 2 2
left_child=1 11 -2 28 -5 6 7 8 -6 10 21 -1 -13 22 16 29 18 -15 -4 20 -20 -8 -11 -24 -25 -9 -27 -28 -3 -7
right_child=2 3 14 4 5 15 9 25 -10 13 -12 12 -14 17 -16 -17 -18 -19 19 -21 -22 -23 23 24 -26 26 27 -29 -30 -31
leaf_value=0.10001418730127443 0.10055924989254457 0.10202755854684807 0.10018578129646194 -0.09278422544153761 -0.092561934044759153 -0.10067030942747163 -0.1001093465596344 0.10748335642599743 0.056541212386152818 0.11711951007818447 0.10006859145019853 0.10016756954093989 -0.073167154210314958 -0.10006085508480489 0.10006927373936592 0.10001818956407865 0.10004682026435879 0.052529134177809217 -0.100182647991179 -0.10001084220510391 0.10006594914313194 -0.033511818711035458 0.10003776043613136 0.10004262771469091 0.015367717871107425 0.10632978885674578 -0.030142094745022798 0.10012287821837476 0.10003212747510032 -0.10002176021711516
leaf_weight=2.4087197244007266 0.044321016765025312 0.038955397903919109 0.0018509267829370782 0.095508788581355364 0.36886718758614712 0.026220467407256254 0.044003175586112775 0.066938030453457031 0.18768083921895595 0.1248052790760994 0.028735256120853592 0.050819010248232988 0.043030647895648144 0.012880322086857632 0.0073860374905051476 0.0064189964323304585 0.0057950608315876498 0.0098703229450620711 0.15789993190264828 2.3596242491694284 0.015872407122515142 0.0055606281894142731 0.057786371442489326 0.0060988697441644035 0.003108615979726892 0.064298341691028327 0.0066644296748563639 0.021245891111902893 0.026655129870050587 0.049483073315059301
leaf_count=21529 34 2 1 29 14 4 157 4 47 1 147 124 24 23 34 46 16 20 790 21976 33 17 337 28 20 8 10 88 147 370
internal_value=6.60239e-05 0.0651714 -0.0942078 0.00146053 -0.00405727 0.00371248 0.0109029 -0.010582 -0.0422809 0.06341 -0.0219157 0.0970395 0.0206925 0.0945493 -0.0975951 -0.084593 -0.0981697 -0.03386 -0.0986228 -0.098768 -0.0818919 -0.0926377 0.109781 0.0961094 0.0714548 0.100271 0.0950361 0.0690182 0.101217 -0.100246
internal_weight=6.3471 3.75435 2.59275 1.25179 1.18617 1.09067 1.00854 0.715695 0.556548 0.292849 0.0782991 2.50257 0.0938497 0.21455 2.54843 0.0821225 2.54104 0.0227506 2.53525 2.5334 0.173772 0.0495638 0.191799 0.0669939 0.00920749 0.159147 0.0922087 0.0279103 0.0656105 0.0757035
internal_count=46080 23196 22884 1519 1370 1341 921 171 61 750 321 21677 148 429 22850 420 22816 43 22800 22799 823 174 386 385 48 110 106 98 149 374
is_linear=0
shrinkage=0.1


Tree=85
num_leaves=31
num_cat=0
split_feature=11 8 45 14 20 29 14 2 42 44 14 19 1 6 26 27 0 23 8 8 45 6 14 10 15 8 18 13 10 18
split_gain=3.51129 0.701383 0.154765 0.0622365 0.0725749 0.06234 0.101878 0.203634 0.0716068 0.0748308 0.0532771 0.0643004 0.0261872 0.0217232 0.0214686 0.0206486 0.0171177 0.00665398 0.0066242 0.0048152 0.0523216 0.00112576 0.00269552 0.000104911 4.65268e-06 5.33529e-07 4.87383e-07 7.75285e-08 4.67285e-08 3.64565e-08
threshold=3368.0000000000005 221.94963370000002 86.500000000000014 575.50000000000011 18.500000000000004 1.2500152265000002 601.50000000000011 16.219433055000003 0.090908912500000008 137.50000000000003 886.50000000000011 261.50000000000006 27.500000000000004 45.074251305000011 6.5000000000000009 222.50000000000003 30.500000000000004 0.024960097000000004 208.24695120000004 250.97438910000002 87.500000000000014 42.749125510000006 790.50000000000011 470.50000000000006 60.500000000000007 239.02812500000002 233.50000000000003 767.50000000000011 470.50000000000006 178.50000000000003
decision_type=2 2 2 2 2 2 2 2 2 2 2 2 2 2 2 2 2 2 2 2 2 2 2 2 2 2 2 2 2 2
left_child=1 10 -2 24 -5 6 7 -6 9 17 27 -12 15 -11 25 18 -15 28 -4 20 26 23 -23 -10 -3 -7 -20 -1 -8 -29
right_child=2 3 12 4 5 14 8 -9 21 13 11 -13 -14 16 -16 -17 -18 -19 19 -21 -22 22 -24 -25 -26 -27 -28 29 -30 -31
leaf_value=0.10001033870254006 0.10050590545056154 0.10183089630525916 0.10016807596375342 -0.091104577482743462 0.075699648034482925 -0.10060611847730577 -0.10022354558166874 -0.047571444917890754 0.10628929508995716 0.10004876471510832 -0.072216842629689193 0.10007354202960822 0.10006268820270139 0.10001892616389554 0.10001645890904197 0.10004236581644531 -0.10004863931353131 0.012503858567834626 -0.10041201963764562 -0.10000980910318863 0.10005967289098248 0.10002480145857787 -0.0045475371989617992 0.10008635636689422 0.10002906777083485 -0.10001968892111512 -0.10002706307171512 0.10024893181724358 -0.10002468001114062 0.10005200673467451
leaf_weight=2.1418429492914597 0.040123516970198003 0.035312909632921108 0.0016750688664627358 0.087934668350499012 0.1892980610791708 0.023739627562463284 0.023464953512302378 0.45879560148750897 0.11814157065236941 0.054544844882912225 0.040355559438466915 0.046762131969444454 0.0066835805700974351 0.0068002280895598224 0.0058082435207325025 0.0052438094571697338 0.011523430584929883 0.005900427291635423 0.051319079007953738 2.1350972502041259 0.014362802903633565 0.010157402233744506 0.0032548280141782024 0.035447309557639528 0.024119258738210192 0.044775016060157213 0.091578154359012842 0.019714676018338539 0.02380056642141426 0.017970029541174881
leaf_count=21381 34 2 1 29 36 4 18 45 14 335 2 146 34 48 46 16 28 7 13 21976 33 74 5 157 147 370 777 21 154 127
internal_value=6.59124e-05 0.0645564 -0.0942051 0.00141698 -0.00395227 0.00359482 0.0105577 -0.0115659 0.0594875 0.00258489 0.0969477 0.0202634 -0.0975931 0.0684026 -0.0845744 -0.0981676 -0.0258001 -0.0876239 -0.0986207 -0.098766 -0.0818785 0.102431 0.0746476 0.104858 0.1011 -0.100223 -0.100165 0.100013 -0.100123 0.100155
internal_weight=5.77555 3.42946 2.34608 1.16282 1.10339 1.01545 0.941129 0.648094 0.293036 0.126034 2.26665 0.0871177 2.30596 0.0728685 0.0743229 2.29928 0.0183237 0.0531659 2.29403 2.29236 0.15726 0.167001 0.0134122 0.153589 0.0594322 0.0685146 0.142897 2.17953 0.0472655 0.0376847
internal_count=46080 23196 22884 1519 1370 1341 921 81 840 590 21677 148 22850 411 420 22816 76 179 22800 22799 823 250 79 171 149 374 790 21529 172 148
is_linear=0
shrinkage=0.1


Tree=86
num_leaves=31
num_cat=0
split_feature=11 8 45 10 2 16 2 20 14 17 41 44 14 45 1 17 27 17 8 8 45 14 17 30 10 6 4 14 0 13
split_gain=3.15717 0.652738 0.140029 0.0571188 0.18316 0.16882 0.0717574 0.0554901 0.0499586 0.0592746 0.039663 0.0360546 0.0291508 0.0289499 0.0236946 0.0207424 0.0186832 0.00676278 0.00599366 0.00436296 0.0473354 0.00254964 0.002108 0.00129239 0.0070174 0.000660236 0.000361747 0.00623462 1.7385e-05 3.87624e-05
threshold=3368.0000000000005 221.94963370000002 86.500000000000014 470.50000000000006 16.219433055000003 376.50000000000006 10.857360860000002 18.500000000000004 886.50000000000011 125.50000000000001 0.16667705300000002 137.50000000000003 589.50000000000011 86.500000000000014 27.500000000000004 124.50000000000001 222.50000000000003 95.500000000000014 208.24695120000004 250.97438910000002 87.500000000000014 589.50000000000011 123.50000000000001 5.5000000000000009 682.50000000000011 41.908738390000003 253.91169840000003 733.50000000000011 24.500000000000004 723.50000000000011
decision_type=2 2 2 2 2 2 2 2 2 2 2 2 2 2 2 2 2 2 2 2 2 2 2 2 2 2 2 2 2 2
left_child=1 8 -2 4 7 25 -7 -3 -1 -10 11 17 -9 -12 16 22 18 -8 -4 20 -20 -15 -13 26 -25 -5 28 -28 -23 -30
right_child=2 3 14 5 -6 6 10 12 9 -11 13 15 -14 21 -16 -17 -18 -19 19 -21 -22 23 -24 24 -26 -27 27 -29 29 -31
leaf_value=0.10001161642301307 0.1004576652514966 -0.015653515651541723 0.1001520492355753 0.11444014644972118 -0.053874638851733429 0.10002936544422499 0.063763538827476332 0.11269690095581418 -0.071374729442147081 0.1001574283520707 0.10003945362253086 0.10004353463415855 0.014540355093551458 -0.021640883795199725 0.10005672818391337 -0.063368814778342927 0.10003833014828489 -0.10002827731969388 -0.10014955976362888 -0.10000886846336939 0.10005399526058548 -0.10040422069491349 0.023405259101876217 0.10003698458357778 -0.10000882164323388 0.10017000669380378 0.075594459547790885 -0.10001353246784724 -0.09287944284858321 -0.10032776842320897
leaf_weight=1.9721410721394939 0.036321807187050914 0.075920631177723186 0.0015158951282513424 0.11686607361480128 0.44876100301917177 0.041411056809010915 0.0028209541051182887 0.12054990418982925 0.037885676487348863 0.043022337784350384 0.0086115453959791921 0.037459187449712772 0.040394294686848298 0.0052908278157701707 0.0060478957020676507 0.010719063495344017 0.004744976613437645 0.023692742943239864 0.12931806707638349 1.9319330276557591 0.01299670162552502 0.051261700864415616 0.0039693612779956302 0.0021946156266494663 0.0087250689102802426 0.044870720157632604 0.0021967616921756408 0.025372761389007792 0.011657146635116078 0.01744051456626039
leaf_count=21529 34 6 1 5 32 300 6 81 10 138 57 219 20 7 34 29 16 154 790 21976 33 17 6 12 99 175 19 235 5 35
internal_value=7.47152e-05 0.0635458 -0.0942027 0.00139344 -0.0163242 0.030696 -0.0203443 0.0548183 0.096852 0.0198364 -0.0439229 0.0123457 0.0880613 -0.0772648 -0.0975912 0.0606202 -0.0981658 -0.0826015 -0.0986188 -0.0987641 -0.0818662 -0.0895643 0.0927007 -0.0925881 -0.059804 0.110481 -0.095905 -0.0860209 -0.0992961 -0.0973438
internal_weight=5.27611 3.15324 2.12288 1.10019 0.685626 0.41456 0.252823 0.236865 2.05305 0.080908 0.211412 0.0786613 0.160944 0.132751 2.08656 0.0521476 2.08051 0.0265137 2.07576 2.07425 0.142315 0.124139 0.0414285 0.118849 0.0109197 0.161737 0.107929 0.0275695 0.0803594 0.0290977
internal_count=46080 23196 22884 1519 139 1380 1200 107 21677 148 900 414 101 486 22850 254 22816 160 22800 22799 823 429 225 422 111 180 311 254 57 40
is_linear=0
shrinkage=0.1


Tree=87
num_leaves=31
num_cat=0
split_feature=19 6 11 37 8 14 20 16 10 44 18 21 45 23 11 24 27 41 19 8 45 2 4 15 24 12 14 8 20 18
split_gain=2.83916 0.552735 0.131212 0.100792 0.0623802 0.0555216 0.0740668 0.0515175 0.15623 0.068277 0.0581302 0.0424919 0.0176862 0.0157739 0.0340845 0.0150276 0.01003 0.00259076 0.00145707 0.00114425 0.0176918 0.000787182 0.000444501 3.35791e-06 3.23924e-07 2.00072e-07 1.93513e-07 1.6467e-07 8.65152e-08 3.06852e-08
threshold=302.50000000000006 40.231663685000008 3148.5000000000005 0.041704724500000005 239.02812500000002 575.50000000000011 18.500000000000004 376.50000000000006 470.50000000000006 137.50000000000003 185.50000000000003 92.500000000000014 86.500000000000014 0.030304688500000006 3368.0000000000005 0.056903048500000004 249.50000000000003 0.10327680900000001 309.50000000000006 250.97438910000002 87.500000000000014 11.200901655000001 240.80973110000002 60.500000000000007 0.050094734000000009 23.500000000000004 913.50000000000011 239.02812500000002 19.500000000000004 179.50000000000003
decision_type=2 2 2 2 2 2 2 2 2 2 2 2 2 2 2 2 2 2 2 2 2 2 2 2 2 2 2 2 2 2
left_child=1 2 26 24 15 23 -7 8 -8 25 -11 17 -6 14 -5 18 19 -12 -2 20 -14 -19 -10 -3 -4 -9 -1 -23 -24 -26
right_child=4 5 3 13 12 6 7 9 22 10 11 -13 16 -15 -16 -17 -18 21 -20 -21 -22 27 28 -25 29 -27 -28 -29 -30 -31
leaf_value=0.10000897143925075 0.024620108803997186 0.10167972705767805 0.10058341340638995 0.10005373693825362 0.10041649281585355 -0.10087778122318854 -0.0084530555465925465 -0.10037099999413138 0.11300195761266676 0.10003651335908954 0.033170677343913484 0.099092816481463897 -0.10001228030101808 -0.085619939804508605 -0.10035284390900295 -0.066648124461707009 0.10003191818125297 -0.059761903486754302 0.10004783101797934 -0.1000080091057461 0.10003465322996606 -0.10049406657387056 0.10039472537230154 0.10002486416929657 0.10021897309186745 -0.10008382078669105 0.10052577163855669 -0.10002708900394186 0.10006503149549278 0.10004104630859689
leaf_weight=1.778483328067523 0.0029635797181980497 0.032493580132722744 0.017426624261133727 0.016731864809116814 0.0044485255930336578 0.074106449261307716 0.52090238381060772 0.056651305058039725 0.106196768276277 0.045967546830070205 0.0016148855138453646 0.015289438706531655 0.069943345835781545 0.065329502824170049 0.017221516696736217 0.00854353784234263 0.002522931608837208 0.005442445879452861 0.018855357702705078 1.7565045366500269 0.0047191682679112992 0.0097817163914442062 0.011811414122348651 0.0196925916679902 0.012891258462332189 0.042428130749613047 0.0072750658728183417 0.033117460770881735 0.024404229123319965 0.039065461816790048
leaf_count=21563 18 2 7 40 2 10 28 18 4 308 12 35 795 17 5 10 8 5 101 22093 14 2 7 146 6 193 3 232 113 283
internal_value=9.103e-05 0.0611096 0.092048 0.00773882 -0.0963867 0.000636753 -0.00489282 0.0032494 0.0169226 -0.0398793 0.0139028 -0.0467808 -0.098735 -0.0568844 -0.00159462 0.0457799 -0.0992181 -0.0914262 0.0898028 -0.0994926 -0.087368 -0.0955884 0.109739 0.101055 0.10021 -0.100248 0.100011 -0.100134 0.100173 0.100085
internal_weight=4.82283 2.95432 1.95442 0.168666 1.8685 0.9999 0.947714 0.873608 0.663315 0.210293 0.111213 0.0652459 1.83814 0.0992829 0.0339534 0.0303625 1.83369 0.0499565 0.0218189 1.83117 0.0746625 0.0483416 0.142412 0.0521862 0.0693833 0.0990794 1.78576 0.0428992 0.0362156 0.0519567
internal_count=46080 23039 21924 358 23041 1115 967 957 152 805 594 286 22912 62 45 129 22910 251 119 22902 809 239 124 148 296 211 21566 234 120 289
is_linear=0
shrinkage=0.1


Tree=88
num_leaves=31
num_cat=0
split_feature=19 6 11 37 8 14 17 10 16 2 5 14 44 18 21 45 23 11 24 27 8 8 45 8 18 20 24 14 8 10
split_gain=2.54924 0.517685 0.1202 0.0904876 0.056998 0.0550083 0.200593 0.187235 0.136395 0.123638 0.110598 0.0391234 0.0352463 0.0490754 0.0381208 0.0160027 0.0134804 0.0308346 0.0133492 0.00907542 0.00254024 0.00103543 0.016008 1.65851e-05 3.83859e-05 1.66125e-06 2.39771e-07 1.4331e-07 1.12674e-07 2.53737e-08
threshold=302.50000000000006 40.231663685000008 3148.5000000000005 0.041704724500000005 239.02812500000002 601.50000000000011 86.500000000000014 470.50000000000006 376.50000000000006 16.219433055000003 937.50000000000011 575.50000000000011 137.50000000000003 185.50000000000003 92.500000000000014 86.500000000000014 0.030304688500000006 3368.0000000000005 0.056483920500000007 249.50000000000003 231.15909090000002 250.97438910000002 87.500000000000014 239.02812500000002 71.500000000000014 19.500000000000004 0.050094734000000009 913.50000000000011 239.02812500000002 470.50000000000006
decision_type=2 2 2 2 2 2 2 2 2 2 2 2 2 2 2 2 2 2 2 2 2 2 2 2 2 2 2 2 2 2
left_child=1 2 27 26 18 6 7 9 -9 11 23 25 29 -14 20 -6 17 -5 -2 21 -15 22 -17 -7 -25 -3 -4 -1 -22 -12
right_child=4 5 3 16 15 10 -8 8 -10 -11 12 -13 13 14 -16 19 -18 -19 -20 -21 28 -23 -24 24 -26 -27 -28 -29 -30 -31
leaf_value=0.10000812071950321 0.1000374569052436 0.10151732014854527 0.10052761113357218 0.10004862134529842 0.10037670016703037 0.10653825936427136 0.11199287934919827 0.10956501691570796 -0.093802158472649763 -0.10395736454131166 -0.10017974561476158 -0.026425659460141859 0.10003211793429817 -0.032898578446014286 0.098855291765025763 -0.10001111294357015 -0.082810935406838926 -0.10031915623616483 -0.040842486904908014 0.1000288844435259 -0.10043420383366825 -0.1000072569951847 0.10003135423009597 0.10007650135033958 0.10553386932609579 0.10001528455006857 0.10007708115132326 0.10047555197253338 -0.10002421231217125 -0.10002321482104592
leaf_weight=1.6092512915856787 0.01710927589010669 0.029446048662066349 0.015776568929140811 0.015140352028538473 0.0040267066942757382 0.057726270788407419 0.10620444372034399 0.11850847880850779 0.045695321343373507 0.31554293585941195 0.019271209202997852 0.062008079257793725 0.03720105423417408 0.0065664766734698779 0.01386608237226028 0.06328805810335314 0.061017517014988698 0.015587639529258013 0.011082889483077452 0.002282908739289379 0.0085892407223582268 1.5893624590244142 0.004270213656127452 0.016795020012068562 0.055411914538126439 0.009818619022553321 0.047016001561132725 0.0065858748348547316 0.030524565561790951 0.022384860654710792
leaf_count=21563 115 2 7 40 2 2 26 87 20 17 18 7 289 10 35 795 17 5 14 8 2 22093 14 90 15 80 289 3 239 176
internal_value=9.54627e-05 0.0599355 0.0919518 0.00769597 -0.0963442 0.000618621 -0.0143739 -0.0374725 0.0529711 -0.0731026 0.0390153 0.0230338 -0.023189 0.00992439 -0.0463696 -0.0987341 -0.0556091 -0.00159358 0.0446548 -0.0992173 -0.0904521 -0.0994919 -0.0873669 0.105275 0.104265 0.101142 0.10019 0.10001 -0.100114 -0.100096
internal_weight=4.41736 2.72594 1.77038 0.154538 1.69142 0.955561 0.687224 0.581019 0.164204 0.416816 0.268337 0.101273 0.138403 0.0967474 0.0595464 1.66323 0.0917455 0.030728 0.0281922 1.6592 0.0456803 1.65692 0.0675583 0.129933 0.0722069 0.0392647 0.0627926 1.61584 0.0391138 0.0416561
internal_count=46080 23039 21924 358 23041 1115 239 213 107 106 876 89 769 575 286 22912 62 45 129 22910 251 22902 809 107 105 82 296 21566 241 194
is_linear=0
shrinkage=0.1


Tree=89
num_leaves=31
num_cat=0
split_feature=11 8 45 19 29 43 44 14 15 27 14 1 17 27 8 45 41 16 43 5 8 45 24 18 8 11 18 13 18 4
split_gain=2.3028 0.517462 0.104769 0.0499378 0.0910027 0.0570149 0.0465546 0.0406312 0.0461388 0.0229585 0.0179543 0.0175453 0.0141604 0.0141578 0.00427028 0.025423 0.00365184 0.00148998 0.00129574 0.00148418 0.000509802 0.00914251 7.32726e-05 4.2315e-06 1.78961e-07 8.61745e-08 6.54685e-08 3.78766e-08 1.90963e-08 1.44376e-08
threshold=3368.0000000000005 221.94963370000002 86.500000000000014 169.50000000000003 1.1430319790000003 0.18137003800000004 137.50000000000003 886.50000000000011 104.50000000000001 18.500000000000004 589.50000000000011 27.500000000000004 123.50000000000001 222.50000000000003 244.80777060000005 87.500000000000014 0.12984072200000002 594.50000000000011 0.12680094250000004 2121.5000000000005 250.97438910000002 87.500000000000014 0.043245386000000004 70.500000000000014 239.02812500000002 3008.5000000000005 233.50000000000003 767.50000000000011 178.50000000000003 243.47815720000003
decision_type=2 2 2 2 2 2 2 2 2 2 2 2 2 2 2 2 2 2 2 2 2 2 2 2 2 2 2 2 2 2
left_child=1 7 -2 10 5 6 16 27 -9 24 -3 13 22 14 15 18 -5 -8 19 -4 21 -16 -7 -24 -6 -10 -20 -1 -29 -18
right_child=2 3 11 4 9 12 17 8 25 -11 -12 -13 -14 -15 20 -17 29 -19 26 -21 -22 -23 23 -25 -26 -27 -28 28 -30 -31
leaf_value=0.10000697348045365 0.10033625321813 0.0078057978033039058 0.027235366560138554 0.0015443587549726625 -0.10041793308115819 0.10485141445659529 0.037052218099147043 -0.071438076664088954 0.10050039589530096 0.10002607496322712 -0.027403611765085486 0.10004203474575082 -0.0151044457359094 0.1000303385673625 -0.10000971155123728 0.10004607661506924 -0.10015306534993905 0.10004189627979457 -0.10028321703530628 -0.10000657026609253 -0.10000657710483528 0.10003090795669228 0.10154575861602454 0.10002566242573202 -0.10001569734794931 0.10004762975457755 -0.10004699562595183 0.10020551160363654 0.1000349567351959 -0.10001588813735392
leaf_weight=1.4365790204537918 0.027226438814977549 0.22845369428250695 0.0017671125533521561 0.0039593950568814753 0.0164297791197896 0.064295984171621967 0.0046204352693166575 0.030112915264908113 0.0049542523920536033 0.0064666123653296373 0.3956466592499055 0.0044810719045927918 0.011005658758222125 0.0035974522324978544 0.042001154950412345 0.0074731532222358501 0.020766095993167255 0.020055153356224764 0.035257991869002581 0.001904850490973331 1.4313368766779602 0.0024161260225810102 0.025319651464087656 0.066172761347843334 0.03385004334631958 0.027747495401854394 0.017583864166226704 0.014390925352927186 0.012071516430296469 0.012168118752015289
leaf_count=21381 34 20 11 27 4 25 16 7 1 54 39 34 32 16 600 25 27 177 13 29 21976 8 21 572 384 140 138 21 127 121
internal_value=9.81074e-05 0.0610436 -0.0941253 0.00132512 0.0359991 0.064162 -0.0180793 0.0966279 0.0178743 -0.0773361 -0.0145151 -0.0975459 0.09452 -0.0981196 -0.0985826 -0.0732916 -0.0891937 0.0882473 -0.0962131 -0.0387721 -0.0996792 -0.0891283 0.102264 0.100446 -0.100147 0.100116 -0.100205 0.100009 0.100128 -0.100102
internal_weight=4.01011 2.43507 1.57505 0.90921 0.28511 0.228363 0.0615692 1.52586 0.0628147 0.0567464 0.6241 1.54782 0.166794 1.54334 1.53974 0.063987 0.0368936 0.0246756 0.0565138 0.00367196 1.47575 0.0444173 0.155788 0.0914924 0.0502798 0.0327017 0.0528419 1.46304 0.0264624 0.0329342
internal_count=46080 23196 22884 1519 1460 1018 368 21677 148 442 59 22850 650 22816 22800 216 175 193 191 40 22584 608 618 593 388 141 151 21529 148 148
is_linear=0
shrinkage=0.1


Tree=90
num_leaves=31
num_cat=0
split_feature=19 6 11 37 14 17 10 16 2 5 8 14 44 18 21 45 24 23 11 27 8 19 8 45 8 18 24 14 8 10
split_gain=2.06243 0.44571 0.100918 0.0748982 0.0489576 0.176691 0.171886 0.120678 0.105777 0.0932302 0.0472942 0.0367795 0.0289761 0.0409798 0.0310403 0.0131012 0.0110823 0.0104516 0.0252365 0.00743018 0.00245482 0.00134471 0.000846573 0.0131071 4.21769e-06 2.79427e-05 1.30573e-07 7.85719e-08 6.16473e-08 1.39383e-08
threshold=302.50000000000006 40.231663685000008 3148.5000000000005 0.041704724500000005 601.50000000000011 86.500000000000014 470.50000000000006 376.50000000000006 16.219433055000003 937.50000000000011 239.02812500000002 575.50000000000011 137.50000000000003 185.50000000000003 92.500000000000014 86.500000000000014 0.056903048500000004 0.030304688500000006 3368.0000000000005 249.50000000000003 231.15909090000002 309.50000000000006 250.97438910000002 87.500000000000014 239.02812500000002 71.500000000000014 0.050094734000000009 913.50000000000011 239.02812500000002 470.50000000000006
decision_type=2 2 2 2 2 2 2 2 2 2 2 2 2 2 2 2 2 2 2 2 2 2 2 2 2 2 2 2 2 2
left_child=1 2 27 26 5 6 8 -8 11 24 16 -3 29 -14 20 -12 21 18 -5 22 -15 -2 23 -17 -6 -26 -4 -1 -22 -11
right_child=10 4 3 17 9 -7 7 -9 -10 12 15 -13 13 14 -16 19 -18 -19 -20 -21 28 -23 -24 -25 25 -27 -28 -29 -30 -31
leaf_value=0.10000667920040048 0.020518308729593836 0.10104569624172342 0.1004316445513655 0.10003980614610167 0.10529256715126928 0.11070688701036097 0.1090015698112574 -0.093006582900207552 -0.10353951153143022 -0.10014713790785353 0.10030820979618403 -0.028705372693256015 0.10002771750741202 -0.029922346697905878 0.098561164607719409 -0.10000910109740196 -0.060226260062086229 -0.079961251529115276 -0.10026115037887109 0.10002364370492366 -0.10035519695267454 0.10003675966684632 -0.10000593892033829 0.10002566957849296 0.10006265708843497 0.10512664511532899 0.10006544099136289 0.10038903253805319 -0.10002101836791624 -0.10001937480772967
leaf_weight=1.3179403162284875 0.0025026552175403385 0.034538592561147996 0.012930372591654193 0.012397085170960054 0.047839423623372568 0.096042544970259769 0.1085744346237334 0.040642397740157321 0.28165689390152693 0.015783059192472138 0.0032989399187498538 0.059450934466440231 0.030899534041964216 0.0058841526188189155 0.011385162993974518 0.051895546050218067 0.0072225818876177064 0.052551574481185526 0.012769157532602549 0.0018691726436373948 0.0070373534690588704 0.014153765972878318 1.3012760418605465 0.0034963151847477994 0.013814197212923318 0.051588696922408417 0.039419699503923766 0.0053965023253114133 0.025606089930079179 0.018603597134642769
leaf_count=21563 18 82 7 40 2 26 87 20 17 18 2 7 289 10 35 795 10 17 5 8 2 101 22093 14 90 15 289 3 239 176
internal_value=0.000108219 0.0581151 0.0917471 0.00769621 0.000564029 -0.0139987 -0.036818 0.0539803 -0.0728856 0.0401456 -0.0962864 0.0189746 -0.0231934 0.009522 -0.0465074 -0.0987327 0.0432287 -0.0545839 -0.00159136 -0.099216 -0.0893762 0.088089 -0.0994906 -0.087383 0.104579 0.104057 0.100156 0.100008 -0.100093 -0.100078
internal_weight=3.68847 2.30275 1.4534 0.130068 0.849347 0.620906 0.524863 0.149217 0.375646 0.228441 1.38572 0.0939895 0.115199 0.0808123 0.0499128 1.36184 0.023879 0.0777178 0.0251662 1.35854 0.0385276 0.0166564 1.35667 0.0553919 0.113242 0.0654029 0.0523501 1.32334 0.0326434 0.0343867
internal_count=46080 23039 21924 358 1115 239 213 107 106 876 23041 89 769 575 286 22912 129 62 45 22910 251 119 22902 809 107 105 296 21566 241 194
is_linear=0
shrinkage=0.1


Tree=91
num_leaves=31
num_cat=0
split_feature=11 8 45 14 17 10 16 2 5 2 14 19 14 1 2 45 1 27 14 6 16 1 15 8 45 42 8 18 4 8
split_gain=1.86346 0.444196 0.086339 0.0437414 0.158486 0.152865 0.108066 0.0979307 0.0810225 0.0409768 0.0356069 0.0389915 0.0329669 0.0205013 0.026027 0.019489 0.0143615 0.0115916 0.00760641 0.00451116 0.0035849 0.017101 0.00237348 0.000847211 0.0148619 4.35731e-05 3.07117e-06 2.05303e-05 6.8237e-08 4.45869e-08
threshold=3368.0000000000005 221.94963370000002 86.500000000000014 601.50000000000011 86.500000000000014 470.50000000000006 376.50000000000006 16.219433055000003 937.50000000000011 10.857360860000002 886.50000000000011 261.50000000000006 575.50000000000011 10.500000000000002 14.754950520000001 86.500000000000014 27.500000000000004 222.50000000000003 660.50000000000011 39.873397435000008 690.50000000000011 17.500000000000004 98.500000000000014 250.97438910000002 87.500000000000014 0.24000436750000001 239.02812500000002 71.500000000000014 234.20454545000004 239.02812500000002
decision_type=2 2 2 2 2 2 2 2 2 2 2 2 2 2 2 2 2 2 2 2 2 2 2 2 2 2 2 2 2 2
left_child=1 10 -2 4 5 7 -7 12 26 -10 -1 -12 -3 14 -11 -15 17 20 -17 -20 21 -4 25 24 28 29 -5 -28 -22 -21
right_child=2 3 16 8 -6 6 -8 -9 9 13 11 -13 -14 15 -16 18 -18 -19 19 22 23 -23 -24 -25 -26 -27 27 -29 -30 -31
leaf_value=0.10000788027571524 0.10027401887433618 0.10094575374742593 -0.10008649774248167 0.10476368575691575 0.10954329751259827 0.10810075345126047 -0.091561242387381836 -0.10319932864745684 0.10001982037681477 0.10001904115705421 -0.070793496586672569 0.10004551979203893 -0.026048448821667604 0.10006942008005391 -0.10010173760927912 0.10003123612115961 0.10003441625243024 0.10002484056724148 0.1000283529265952 -0.10022478942031524 -0.10021806368831881 0.10005781086506989 -0.047869155939617172 -0.10000537138892295 0.10002130644065953 -0.084860815443105864 0.10005669949624679 0.10461759507199789 -0.10000776433779329 -0.10001588589018062
leaf_weight=1.1989141226767976 0.022458960989751975 0.031281178093195083 0.023399640365823315 0.043494273544638418 0.088217265034472803 0.099019026529276744 0.037326767778722569 0.25565099739469588 0.02542662064297474 0.01885285144453519 0.026115271728485712 0.027352003282430815 0.058989248820580542 0.0063664188855909734 0.0099177015435998328 0.0022140385699458412 0.0036690611777886453 0.0029462561797118916 0.0012500524244387625 0.013420928298728541 0.025710075278766342 0.0052217712946003294 0.01048600747162709 1.1649006361258214 0.003938620531698688 0.0019501107890391714 0.012500308897870127 0.046894927392713726 0.038584934252867242 0.042794912744284375
leaf_count=21529 34 82 223 2 28 87 20 17 298 242 2 146 7 25 25 10 34 16 7 8 12 14 12 21856 20 35 90 15 675 509
internal_value=0.000111479 0.0591794 -0.0940817 0.0012758 -0.0136935 -0.0362362 0.0534402 -0.0715824 0.0375274 -0.0141174 0.0964471 0.0166018 0.0179585 -0.0411761 0.031034 -0.0676473 -0.0975232 -0.0980963 -0.0824534 -0.0882333 -0.0985589 -0.0635716 -0.0916613 -0.099371 -0.0885408 -0.099556 0.104125 0.103658 -0.100092 -0.100066
internal_weight=3.34926 2.05844 1.29083 0.806054 0.570484 0.482267 0.136346 0.345921 0.235569 0.13268 1.25238 0.0534673 0.0902704 0.107253 0.0287706 0.0784825 1.26837 1.2647 0.0721161 0.069902 1.26176 0.0286214 0.068652 1.23313 0.0682336 0.058166 0.10289 0.0593952 0.064295 0.0562158
internal_count=46080 23196 22884 1519 241 213 107 106 1278 1171 21677 148 89 873 267 606 22850 22816 581 571 22800 237 564 22563 707 552 107 105 687 517
is_linear=0
shrinkage=0.1


Tree=92
num_leaves=31
num_cat=0
split_feature=11 8 45 19 14 15 43 14 23 36 45 1 8 27 16 1 18 2 18 8 45 24 18 8 11 4 18 13 1 18
split_gain=1.68263 0.404252 0.0781203 0.0400581 0.0693372 0.0375803 0.0372567 0.0333478 0.036094 0.0233118 0.0138404 0.0129947 0.0121257 0.0104884 0.00324471 0.0154724 0.00177961 0.00705285 0.00151021 0.000767573 0.0134465 2.60075e-05 3.46184e-06 8.56729e-08 5.66121e-08 5.05359e-08 2.67942e-08 2.13254e-08 1.1718e-08 2.91721e-09
threshold=3368.0000000000005 221.94963370000002 86.500000000000014 169.50000000000003 731.50000000000011 100.50000000000001 0.18137003800000004 886.50000000000011 0.030304688500000006 4.5000000000000009 86.500000000000014 27.500000000000004 239.02812500000002 222.50000000000003 690.50000000000011 17.500000000000004 185.50000000000003 13.432303075000002 170.50000000000003 250.97438910000002 87.500000000000014 0.043245386000000004 70.500000000000014 239.02812500000002 3008.5000000000005 234.20454545000004 233.50000000000003 767.50000000000011 16.500000000000004 178.50000000000003
decision_type=2 2 2 2 2 2 2 2 2 2 2 2 2 2 2 2 2 2 2 2 2 2 2 2 2 2 2 2 2 2
left_child=1 7 -2 12 6 10 9 27 24 -5 -6 13 -3 14 15 26 17 -12 -11 20 25 -8 -23 -18 -9 -16 -4 -1 -29 -30
right_child=2 3 11 4 5 -7 21 8 -10 18 16 -13 -14 -15 19 -17 23 -19 -20 -21 -22 22 -24 -25 -26 -27 -28 28 29 -31
leaf_value=0.10000519845410623 0.10024791990000646 -0.028154155924520103 -0.1003376111764754 -0.1001052696954674 0.10003766828394529 0.10003482711573955 0.10354902466345489 0.10043935028632543 -0.070320672773381665 0.10003806237191736 0.10004931549617622 0.10003114092305283 0.0025006954513696923 0.1000224757147332 -0.10019727096070932 0.10005230816940387 -0.10032335163711302 -0.10000671759078772 0.0087446771022774948 -0.10000486248114167 0.10001927826326298 0.10150898129211883 0.10001817335909886 -0.10001604511087221 0.10004302132567677 -0.1000070244937523 -0.10002949234705671 0.10024958783065591 0.10011386092531227 0.10002718463739146
leaf_weight=1.0646499531139855 0.020326730540546012 0.27735007061710337 0.0033533812966192169 0.016997932340018451 0.0040477569273207328 0.014794805367273511 0.048242823693726677 0.0043551782146095111 0.024462693101668265 0.0095809941085462924 0.0023024194269964937 0.0033200070283784236 0.24129871558398008 0.0026659426293919033 0.023268020711839088 0.0047251007345039389 0.012666758149862289 0.0075109504832653329 0.0022346199912135498 1.0540507820442142 0.0035638797708088523 0.023617095546796918 0.045749677263302146 0.031965901907824446 0.020898901544569526 0.034913337396574207 0.01782113727676915 0.004580738903314229 0.007286889653187246 0.0083125143974029925
leaf_count=21381 34 24 1 35 26 146 25 1 24 73 13 34 35 16 12 14 4 124 32 21856 20 21 553 408 123 675 222 23 8 117
internal_value=0.000114542 0.0588576 -0.0940803 0.00126792 0.0370546 -0.0423496 0.0767984 0.0963369 0.0162518 -0.0251124 -0.0783628 -0.0975221 -0.0138921 -0.0980952 -0.0985579 -0.0635667 -0.0916259 -0.0530694 0.0827723 -0.0993701 -0.0885334 0.101766 0.100526 -0.100103 0.100111 -0.100083 -0.100078 0.100007 0.100109 0.100068
internal_weight=3.04092 1.87291 1.16801 0.738361 0.219712 0.0732886 0.146423 1.13455 0.0497168 0.0288135 0.0584938 1.14768 0.518649 1.14436 1.1417 0.0258996 0.054446 0.00981337 0.0118156 1.1158 0.0617452 0.11761 0.0693668 0.0446327 0.0252541 0.0581814 0.0211745 1.08483 0.0201801 0.0155994
internal_count=46080 23196 22884 1519 1460 721 739 21677 148 140 575 22850 59 22816 22800 237 549 137 105 22563 707 599 574 412 124 687 223 21529 148 125
is_linear=0
shrinkage=0.1


Tree=93
num_leaves=31
num_cat=0
split_feature=11 8 45 17 14 10 16 2 14 2 14 14 14 1 45 1 0 27 15 16 1 42 10 8 45 14 6 15 37 4
split_gain=1.50645 0.380734 0.0706841 0.0383113 0.137658 0.134111 0.0969376 0.0869124 0.0705374 0.0350488 0.0312424 0.033357 0.0306898 0.0154792 0.016558 0.0117579 0.0106821 0.00949022 0.00357103 0.00293673 0.013999 0.00274641 0.00654701 0.000695334 0.0121659 0.000266079 0.000223257 0.000189816 5.0736e-05 2.01436e-05
threshold=3368.0000000000005 221.94963370000002 86.500000000000014 86.500000000000014 601.50000000000011 470.50000000000006 376.50000000000006 16.219433055000003 642.50000000000011 10.857360860000002 886.50000000000011 890.50000000000011 575.50000000000011 10.500000000000002 86.500000000000014 27.500000000000004 26.500000000000004 222.50000000000003 98.500000000000014 690.50000000000011 17.500000000000004 0.090908912500000008 478.50000000000006 250.97438910000002 87.500000000000014 664.50000000000011 41.908738390000003 67.500000000000014 0.18951564750000002 288.9055955500001
decision_type=2 2 2 2 2 2 2 2 2 2 2 2 2 2 2 2 2 2 2 2 2 2 2 2 2 2 2 2 2 2
left_child=1 10 -2 4 5 7 -7 12 21 -10 -1 -12 -3 16 -15 17 -11 19 25 20 -4 22 -5 24 -21 -16 -6 -24 29 -27
right_child=2 3 15 8 26 6 -8 -9 9 13 11 -13 -14 14 18 -17 -18 -19 -20 23 -22 -23 27 -25 -26 28 -28 -29 -30 -31
leaf_value=0.10000644769242995 0.10022430100334434 0.10090368613276113 -0.10007083268576177 -0.10006883649806908 0.093391566609436247 0.10736192880770462 -0.090818657926597504 -0.10281071331284349 0.10001260891238756 -0.10003343721042429 -0.069753821068891428 0.10010036936870248 -0.026999178971087924 0.1000568414637352 -0.066491872661238918 0.10002817778078701 0.10001970862134182 0.10002034004002412 -0.031980935447188892 -0.10007519373881996 0.10004732839800634 0.10900662056297261 0.064812763914036148 -0.10000439874496909 0.10001744088363129 -0.10005211310630112 0.10339310660177455 0.10002310921013094 -0.081304095781078833 -0.087408872047414876
leaf_weight=0.98160120693137309 0.018396500192466081 0.028333029418717959 0.019160851439664284 0.0021603104250971237 0.039026736507366877 0.088951821282535093 0.034159671748057008 0.22853932087309659 0.019507105425873306 0.0036400666358531461 0.02292674602358602 0.023324893601966323 0.055523686634842306 0.0052131521042610976 0.0026554992509772992 0.0030041510508455041 0.010006249074649531 0.00241229356470296 0.010137383582332404 0.052648621825937658 0.004275649909686762 0.080571005608362611 0.0019212262359360466 0.95374883254771703 0.0032247880008071652 0.042798824422789039 0.052133053079160163 0.0075391068749013357 0.0015555421705357722 0.0012983715314476276
leaf_count=21529 34 82 223 10 6 87 20 17 295 13 34 114 7 25 4 34 144 16 17 687 14 40 14 21856 20 489 104 83 33 29
internal_value=0.000125116 0.0572288 -0.0940791 0.00122655 -0.0126338 -0.0360241 0.0523729 -0.0708603 0.039849 -0.0197659 0.096222 0.0159044 0.0162159 -0.0499908 -0.0707088 -0.0975211 0.0466568 -0.0980943 -0.0859405 -0.0985569 -0.0635622 0.102452 0.0570042 -0.0993692 -0.0885267 -0.0972638 0.0991113 0.0928725 -0.0990537 -0.0996799
internal_weight=2.8004 1.74352 1.05687 0.715671 0.526667 0.435508 0.123111 0.312396 0.189004 0.0968122 1.02785 0.0462516 0.0838567 0.0773051 0.0636588 1.03848 0.0136463 1.03547 0.0584456 1.03306 0.0234365 0.0921916 0.0116206 1.00962 0.0558734 0.0483082 0.0911598 0.00946033 0.0456527 0.0440972
internal_count=46080 23196 22884 1519 323 213 107 106 1196 1049 21677 148 89 754 597 22850 157 22816 572 22800 237 147 107 22563 707 555 110 97 551 518
is_linear=0
shrinkage=0.1


Tree=94
num_leaves=31
num_cat=0
split_feature=11 8 45 17 14 10 16 2 14 2 14 15 20 1 45 1 0 27 15 16 1 42 7 18 20 8 45 6 19 8
split_gain=1.35974 0.34681 0.063956 0.0342433 0.122757 0.119134 0.0868276 0.080748 0.0632631 0.0314736 0.0292786 0.0312323 0.0286359 0.0137303 0.0147214 0.0106389 0.00966532 0.00858702 0.00706036 0.0026579 0.012666 0.00247867 0.00472801 0.00100168 0.00776284 0.000629824 0.0110074 0.000290546 1.01992e-05 5.30939e-08
threshold=3368.0000000000005 221.94963370000002 86.500000000000014 86.500000000000014 601.50000000000011 470.50000000000006 376.50000000000006 16.219433055000003 642.50000000000011 10.857360860000002 886.50000000000011 104.50000000000001 19.500000000000004 10.500000000000002 86.500000000000014 27.500000000000004 26.500000000000004 222.50000000000003 101.50000000000001 690.50000000000011 17.500000000000004 0.090908912500000008 5969.5000000000009 185.50000000000003 34.500000000000007 250.97438910000002 87.500000000000014 41.908738390000003 169.50000000000003 239.02812500000002
decision_type=2 2 2 2 2 2 2 2 2 2 2 2 2 2 2 2 2 2 2 2 2 2 2 2 2 2 2 2 2 2
left_child=1 10 -2 4 5 7 -7 12 21 -10 -1 -12 -3 16 -15 17 -11 19 23 20 -4 22 -5 24 -16 26 -21 -6 -29 -25
right_child=2 3 15 8 27 6 -8 -9 9 13 11 -13 -14 14 18 -17 -18 -19 -20 25 -22 -23 -24 29 -26 -27 -28 28 -30 -31
leaf_value=0.10000583917779447 0.10020293811669317 -0.02596616700514531 -0.10006410763669954 -0.045650399860156232 0.091156944580659802 0.10662991221084187 -0.08903099013450877 -0.10254102678460841 0.10001140834908236 -0.10003025346014767 -0.070275924317730873 0.10008490669199475 0.1011737562760293 0.1000514317029062 -0.10004666540335637 0.1000254973531596 0.10001783327658664 0.10001840394831224 0.10004052127694699 -0.10006804350676231 0.10004282658425001 0.10808109063180488 0.10002023204637481 -0.10027681462158006 0.10004936086097933 -0.10000398932862596 0.10001578144225534 0.10377803532501458 0.10004042488772465 -0.10001316313444747
leaf_weight=0.88819467063513025 0.016649210170726181 0.054566900711506605 0.017338561792712426 0.0031804751852178015 0.036135468493739609 0.081011259484512266 0.031498986878432333 0.20730710448697209 0.017650959835009417 0.0032937679497990766 0.0213581602438353 0.021689522629458224 0.026231272619043011 0.0047172971499094265 0.012669864034251077 0.0027183373858861151 0.0090541896606737282 0.0021827736418345003 0.0020035725392517625 0.047641673139878549 0.0038689333450747645 0.073496004442858975 0.0074407662395969965 0.010774829657748342 0.0022891523367434283 0.8629909943902021 0.0029179548291722304 0.03829351530293934 0.0090207546018064022 0.026237013151330757
leaf_count=21529 34 6 223 14 6 87 20 17 295 13 7 141 83 25 144 34 144 16 8 687 14 40 93 4 8 21856 20 7 97 408
internal_value=0.000127393 0.0568546 -0.0940779 0.00121356 -0.0124284 -0.0354121 0.0518516 -0.0694901 0.0394271 -0.0194975 0.0961022 0.0155602 0.01531 -0.0491915 -0.0693565 -0.0975202 0.0466558 -0.0980934 -0.0841625 -0.098556 -0.0635581 0.101555 0.0563999 -0.0912639 -0.0694263 -0.0993685 -0.0885206 0.0979088 0.103065 -0.10009
internal_weight=2.54442 1.58812 0.956308 0.656873 0.484065 0.400616 0.11251 0.288105 0.172808 0.0886906 0.931242 0.0430477 0.0807982 0.0710397 0.0586917 0.939659 0.012348 0.936941 0.0539744 0.934758 0.0212075 0.0841172 0.0106212 0.0519709 0.014959 0.913551 0.0505596 0.0834497 0.0473143 0.0370118
internal_count=46080 23196 22884 1519 323 213 107 106 1196 1049 21677 148 89 754 597 22850 157 22816 572 22800 237 147 107 564 152 22563 707 110 104 412
is_linear=0
shrinkage=0.1


Tree=95
num_leaves=31
num_cat=0
split_feature=11 8 45 14 20 14 19 2 14 16 45 41 44 1 27 17 6 7 16 1 15 8 45 4 14 6 7 15 4 18
split_gain=1.22745 0.315746 0.0578684 0.0324763 0.0449087 0.0274143 0.0286743 0.0262358 0.118873 0.0846105 0.0291412 0.0208314 0.0149657 0.00962639 0.00776978 0.00700075 0.00386107 0.00313064 0.0024055 0.01146 0.00139545 0.000570427 0.0099593 0.000406401 0.0054125 0.000378333 0.000260539 7.48731e-07 2.05392e-08 1.86955e-08
threshold=3368.0000000000005 221.94963370000002 86.500000000000014 575.50000000000011 18.500000000000004 886.50000000000011 261.50000000000006 16.219433055000003 601.50000000000011 376.50000000000006 86.500000000000014 0.14895261150000003 137.50000000000003 27.500000000000004 222.50000000000003 124.50000000000001 40.057147805000007 8810.5000000000018 690.50000000000011 17.500000000000004 98.500000000000014 250.97438910000002 87.500000000000014 249.22559240000001 683.50000000000011 41.908738390000003 8495.5000000000018 60.500000000000007 234.20454545000004 70.500000000000014
decision_type=2 2 2 2 2 2 2 2 2 2 2 2 2 2 2 2 2 2 2 2 2 2 2 2 2 2 2 2 2 2
left_child=1 5 -2 27 -5 -1 -7 9 -9 -6 -11 12 17 14 18 -14 -13 -12 19 -4 23 22 28 29 -25 -10 -26 -3 -20 -18
right_child=2 3 13 4 7 6 -8 8 25 10 11 16 15 -15 -16 -17 20 -19 21 -21 -22 -23 -24 24 26 -27 -28 -29 -30 -31
leaf_value=0.10000527986526966 0.10018360980284431 0.10106060952559831 -0.10005801785649909 -0.093174263629653711 0.10577564315099591 -0.069201096378383384 0.10003386737331768 -0.04638194910756431 0.088543511358822671 0.10002114155349398 -0.10001886902592448 -0.0032133764004344577 0.10001521678697818 0.10002307563974099 0.10001664849015085 -0.059044608263428867 -0.10026625948568052 0.062403216388676255 -0.10014609416178694 0.10003874666674764 -0.033823052801667274 -0.10000360241825799 0.10001427903092192 0.10000530027903171 -0.048255092301515305 0.10277062652397723 -0.10000701928195271 0.10001889602492334 -0.10000520625782622 -0.1001131865892102
leaf_weight=0.80367600167301156 0.015067586817167355 0.020769378170371056 0.015689485508119105 0.05162193001160631 0.088665403654886177 0.020067407051101327 0.019979992910521105 0.24796309773955727 0.033148220223665703 0.015601807288476266 0.0086591642902931198 0.0058232865194440811 0.016078671309514903 0.0024597099836682892 0.0019750881219806607 0.0033422884735045946 0.014456759439781308 0.0013751689548371368 0.017249121214263141 0.0035008910926990202 0.0042729473861982106 0.78086939944842015 0.0026403123629279426 0.0015094414738996411 0.0010313643178960765 0.042857494314375799 0.017129636175013729 0.01033203100450919 0.025861492082185578 0.01780639708522358
leaf_count=21529 34 2 223 29 11 2 146 45 4 242 142 34 258 34 16 28 6 4 12 14 8 21856 20 32 11 102 368 147 675 46
internal_value=0.000129483 0.0564978 -0.0940769 0.00120078 -0.00421631 0.0959815 0.0152317 0.00461955 -0.0128453 0.0335237 -0.0262992 -0.0478418 0.0214054 -0.0975194 -0.0980926 0.0726415 -0.0807243 -0.0777595 -0.0985552 -0.0635545 -0.0887549 -0.0993677 -0.0885151 -0.0932745 -0.0819453 0.0965658 -0.097068 0.100715 -0.100062 -0.100182
internal_weight=2.31148 1.44617 0.865313 0.602444 0.571343 0.843723 0.0400474 0.519721 0.323969 0.195752 0.107087 0.0914851 0.0294553 0.850245 0.847786 0.019421 0.0620298 0.0100343 0.845811 0.0191904 0.0562065 0.82662 0.0457509 0.0519336 0.0196704 0.0760057 0.018161 0.0311014 0.0431106 0.0322632
internal_count=46080 23196 22884 1519 1370 21677 148 1341 151 1190 1179 937 432 22850 22816 286 505 146 22800 237 471 22563 707 463 411 106 379 149 687 52
is_linear=0
shrinkage=0.1


Tree=96
num_leaves=31
num_cat=0
split_feature=11 8 45 10 2 16 20 2 14 17 41 44 45 1 17 14 27 14 17 16 1 30 4 8 45 4 19 6 0 17
split_gain=1.10393 0.291517 0.0523604 0.0316732 0.0862885 0.0753193 0.0396323 0.0288487 0.0256882 0.0266836 0.0153437 0.0130838 0.0102567 0.00871024 0.00864152 0.00757886 0.00703033 0.00330307 0.00292251 0.00217701 0.0103689 0.000853656 0.00329269 0.000516587 0.00901104 0.000147041 0.00207238 7.04949e-05 1.42878e-05 2.05583e-05
threshold=3368.0000000000005 221.94963370000002 86.500000000000014 470.50000000000006 16.219433055000003 376.50000000000006 18.500000000000004 10.857360860000002 886.50000000000011 125.50000000000001 0.16667705300000002 137.50000000000003 86.500000000000014 27.500000000000004 123.50000000000001 589.50000000000011 222.50000000000003 589.50000000000011 95.500000000000014 690.50000000000011 17.500000000000004 5.5000000000000009 275.58335095000007 250.97438910000002 87.500000000000014 253.91169840000003 252.50000000000003 41.908738390000003 24.500000000000004 124.50000000000001
decision_type=2 2 2 2 2 2 2 2 2 2 2 2 2 2 2 2 2 2 2 2 2 2 2 2 2 2 2 2 2 2
left_child=1 8 -2 4 6 27 -3 -7 -1 -10 11 18 -12 16 -13 -8 19 -14 -9 20 -4 25 -23 24 -21 28 -27 -5 -19 -30
right_child=2 3 13 5 -6 7 15 10 9 -11 12 14 17 -15 -16 -17 -18 21 -20 23 -22 22 -24 -25 -26 26 -28 -29 29 -31
leaf_value=0.1000047748186917 0.10016612050486606 -0.023869726633067453 -0.10005250827114753 0.10724997585668568 -0.051426698054979431 0.10001259121197048 0.10627375512787507 0.062755626193588529 -0.069105787853006431 0.10008783140197459 0.10001535889333031 0.1000199877640168 0.0060513894896400862 0.10002087819600913 -0.040049977954158295 0.040661818813018433 0.10001506663811832 -0.10018518022554457 -0.10001077886764712 -0.10005571389957142 0.10003505971610838 0.10002216214953215 -0.10000328866416362 -0.10000326050056817 0.10001292145011911 0.051429852843676793 -0.10000487619335133 0.10006058303410835 -0.091946920334345539 -0.10015571810145887
leaf_weight=0.72719957743720465 0.013635975610668427 0.049336086958646774 0.014197175700246589 0.066097178983909544 0.2414665696414886 0.016456152301543625 0.063598353663110174 0.0012569152750074872 0.018773391973809339 0.01851355797953147 0.0031692489355918943 0.014589417340175714 0.0037065761207486494 0.0022256840093177735 0.0063093149146880015 0.024343868371943245 0.0017871604686661149 0.023728060190478573 0.0090160137733619194 0.039010265812976286 0.0031678480954724355 0.0011013831790478426 0.0032554883073316887 0.70656214021801134 0.0023890842421678818 0.0010018863285949928 0.0092198514212213922 0.017184634725708747 0.0062173592014005408 0.0059904868721787352
leaf_count=21529 34 6 223 5 32 300 81 6 10 138 57 219 7 34 35 20 16 17 154 687 14 12 99 21856 20 19 235 175 9 31
internal_value=0.000149349 0.0555563 -0.0940759 0.00122717 -0.0154372 0.0347458 0.0478667 -0.0215753 0.095854 0.0149015 -0.0441681 0.0123101 -0.0748444 -0.0975187 0.0577329 0.0881113 -0.0980919 -0.085065 -0.080096 -0.0985545 -0.0635511 -0.0917508 -0.0494384 -0.0993671 -0.0885101 -0.0957447 -0.085162 0.105766 -0.0987549 -0.095975
internal_weight=2.11451 1.33153 0.782975 0.567045 0.378745 0.1883 0.137278 0.105018 0.764487 0.0372869 0.088562 0.0311717 0.0573903 0.769339 0.0208987 0.0879422 0.767114 0.0542211 0.0102729 0.765327 0.017365 0.0505145 0.00435687 0.747961 0.0413994 0.0461576 0.0102217 0.0832818 0.0359359 0.0122078
internal_count=46080 23196 22884 1519 139 1380 107 1200 21677 148 900 414 486 22850 254 101 22816 429 160 22800 237 422 111 22563 707 311 254 180 57 40
is_linear=0
shrinkage=0.1


Tree=97
num_leaves=31
num_cat=0
split_feature=19 19 11 45 6 10 41 8 36 7 8 45 37 24 26 24 4 27 6 8 45 14 4 18 24 15 7 4 23 37
split_gain=0.991586 0.247023 0.0667038 0.0424122 0.0335484 0.0277101 0.0250182 0.0243787 0.0110684 0.0194137 0.0108973 0.00650525 0.00568588 0.00325192 0.007579 0.0031516 0.00280783 0.0016954 0.000773137 0.000419622 0.00650933 3.95161e-06 3.78567e-06 2.00519e-06 1.34251e-08 5.34398e-09 8.76905e-10 7.99724e-10 3.69807e-10 2.57653e-10
threshold=302.50000000000006 169.50000000000003 3148.5000000000005 86.500000000000014 42.749125510000006 582.50000000000011 0.1190492855 239.02812500000002 4.5000000000000009 5297.0000000000009 239.02812500000002 86.500000000000014 0.047625394500000008 0.053388706000000008 3.5000000000000004 0.050407737000000008 249.22559240000001 86.500000000000014 43.463489870000011 250.97438910000002 87.500000000000014 913.50000000000011 226.18763860000004 70.500000000000014 0.050094734000000009 101.50000000000001 8889.5000000000018 216.71032570000003 0.021252902500000004 0.023804832000000001
decision_type=2 2 2 2 2 2 2 2 2 2 2 2 2 2 2 2 2 2 2 2 2 2 2 2 2 2 2 2 2 2
left_child=1 10 4 24 8 18 15 12 9 -3 -1 -9 -2 14 22 -5 -7 19 -6 20 -13 23 -8 -10 -4 -26 -17 -27 -25 -28
right_child=7 2 3 6 5 16 13 11 21 -11 -12 17 -14 -15 -16 26 -18 -19 -20 -21 -22 -23 -24 28 25 27 29 -29 -30 -31
leaf_value=-0.028429413318564429 0.10001854988707892 0.10310229301749803 0.10021657922842922 -0.084735078009797182 0.016148639482302229 0.046487234334063765 -0.095090515764875302 0.10015282511717111 0.10109584044102347 -0.024538012412810749 0.0050477627103829494 -0.1000045834998399 -0.037340675564477753 -0.097725593476555392 0.089746405960681397 0.10008898242517981 -0.10000996796355227 -0.0073848071494947961 0.10001423487915989 -0.10000293623488153 0.10001274389068743 0.096735954477498304 -0.10012208553969182 0.10004468495970074 0.10020489149486014 0.10001679070196517 0.10001385657931139 0.10005789452518032 0.10000354066705719 0.10006374647579259
leaf_weight=0.20746033800241981 0.0072313260716329042 0.029184088110923767 0.0063603746802982633 0.0010156549578823624 0.0011914725091628506 0.0014184960600687182 0.0026288959579687798 0.0016406539834861169 0.017241521256437409 0.020138933025009464 0.18301001176587306 0.02582607870681386 0.0051667707957676612 0.035950885956481216 0.0033241710953006987 0.0026646057958714664 0.016843122426507762 0.0020046024146722621 0.014198434944773908 0.64517849749972811 0.0017364475206704802 0.0036589376613846971 0.0034678469564823899 0.0021916633704677215 0.0020405629184097043 0.010862780231036595 0.0062225057336036116 0.0083888382268924033 0.67018574810936116 0.001241740770637989
leaf_count=25 106 1 5 28 13 5 4 2 24 54 35 795 23 23 24 3 319 18 273 22083 14 4 41 5 1 167 132 24 21827 2
internal_value=0.000171348 0.0532271 0.0831633 -0.00139285 0.0923317 -0.00532671 -0.0510464 -0.0961824 0.0967572 0.0509859 -0.012739 -0.0987295 0.0427756 -0.0840209 -0.0317229 0.0832003 -0.0886306 -0.0992131 0.0935214 -0.0994867 -0.0874034 0.100014 -0.0979525 0.100031 0.100089 0.100051 0.10004 0.100035 0.100004 0.100022
internal_weight=1.93968 1.25089 0.860421 0.0841689 0.776252 0.0336515 0.0565163 0.688784 0.742601 0.049323 0.39047 0.676386 0.0123981 0.0453718 0.00942091 0.0111445 0.0182616 0.674746 0.0153899 0.672741 0.0275625 0.693278 0.00609674 0.689619 0.0276526 0.0212922 0.0101289 0.0192516 0.672377 0.00746425
internal_count=46080 23039 22979 454 22525 610 257 23041 21915 55 60 22912 129 92 69 165 324 22910 286 22892 809 21860 45 21856 197 192 137 191 21832 134
is_linear=0
shrinkage=0.1


Tree=98
num_leaves=31
num_cat=0
split_feature=19 17 14 10 16 2 11 45 6 14 41 8 10 45 2 24 2 24 26 24 2 27 6 8 45 4 14 24 15 7
split_gain=0.886464 0.237586 0.0956763 0.101916 0.0668377 0.0649582 0.0616998 0.0382764 0.0342385 0.0272623 0.0224859 0.0223879 0.0203872 0.00588431 0.00585686 0.00539862 0.00513008 0.00293513 0.0067852 0.00263343 0.0023169 0.00172113 0.000458709 0.0003797 0.00588985 4.98721e-06 2.04251e-08 9.94137e-09 3.95783e-09 6.4405e-10
threshold=302.50000000000006 86.500000000000014 601.50000000000011 470.50000000000006 376.50000000000006 16.219433055000003 3148.5000000000005 86.500000000000014 41.908738390000003 575.50000000000011 0.1190492855 239.02812500000002 582.50000000000011 86.500000000000014 11.487211930000003 0.056483920500000007 14.754950520000001 0.053388706000000008 3.5000000000000004 0.050848045000000001 14.111192365000003 86.500000000000014 41.908738390000003 250.97438910000002 87.500000000000014 226.18763860000004 913.50000000000011 0.050094734000000009 101.50000000000001 8889.5000000000018
decision_type=2 2 2 2 2 2 2 2 2 2 2 2 2 2 2 2 2 2 2 2 2 2 2 2 2 2 2 2 2 2
left_child=1 2 3 5 -5 9 8 27 20 -1 19 15 16 -13 -14 -2 -10 18 25 -9 26 23 -4 24 -15 -12 -3 -8 -29 -21
right_child=11 6 22 4 -6 -7 7 10 12 -11 17 13 14 21 -16 -17 -18 -19 -20 29 -22 -23 -24 -25 -26 -27 -28 28 -30 -31
leaf_value=0.10084903431206119 0.10001625951391285 0.10000321394153174 0.086250623250453642 0.10568557121489129 -0.086112918062117461 -0.10203327634938864 0.10019592485746986 -0.069748411264689975 0.10001043025773847 -0.032498935111238018 -0.094057283610161996 0.10013825803736054 0.1000302928649721 -0.10000414549941435 -0.10000928615300533 -0.037674189351413326 -0.10001554435488841 -0.097030026703514696 0.087845781479249443 0.10008050289537591 0.079897548181334127 -0.0066499656078091015 0.10269794666132306 -0.10000265478209505 0.10001153477798452 -0.10011047536481073 0.10025403193293481 0.10018535983814741 0.10003139982390963 0.10002021613910493
leaf_weight=0.023585250793985102 0.006676304605207517 0.59729171344224596 0.029744365823717089 0.068444974524027202 0.02473503975852509 0.16811077576130629 0.005756230853876331 0.0010155273175769261 0.012845601982917287 0.043811716372147202 0.0024035770802584011 0.001484730062657035 0.0016140097650350063 0.023368499372736551 0.015709513842011802 0.0049654209724394605 0.0014243588157114581 0.03275150056106213 0.0030697008096467471 0.0024112288956530392 0.063352974866575096 0.0020035642228322095 0.03944284378667362 0.58378319388066302 0.0015712207678006953 0.0031381830958707724 0.0032644750499457578 0.0018467194167897097 0.017420130527170841 0.0066848390306404326
leaf_count=83 115 21599 8 87 25 17 5 30 284 7 4 2 9 795 322 14 12 23 24 3 25 18 104 22083 14 41 3 1 191 132
internal_value=0.000181553 0.0515177 -0.0112557 -0.033754 0.0547718 -0.0687798 0.08387 -0.00137296 0.0932458 0.0141656 -0.0506921 -0.0960862 -0.00846413 -0.0986985 -0.0813719 0.0412886 0.0800448 -0.0833707 -0.0314208 0.0829844 0.0980859 -0.0991819 0.0956271 -0.0994864 -0.087403 -0.0974851 0.100005 0.100081 0.100046 0.100036
internal_weight=1.79373 1.16988 0.397875 0.328688 0.09318 0.235508 0.772 0.0764976 0.695503 0.067397 0.0514746 0.623853 0.0315935 0.612211 0.0173235 0.0116417 0.01427 0.041363 0.00861146 0.0101116 0.663909 0.610726 0.0691872 0.608723 0.0249397 0.00554176 0.600556 0.0250231 0.0192668 0.00909607
internal_count=46080 23039 331 219 112 107 22708 454 22254 90 257 23041 627 22912 331 129 296 92 69 165 21627 22910 112 22892 809 45 21602 197 192 135
is_linear=0
shrinkage=0.1


Tree=99
num_leaves=31
num_cat=0
split_feature=19 17 14 10 2 16 11 45 6 14 8 41 10 45 2 1 2 2 24 26 24 27 6 8 45 19 14 24 15 7
split_gain=0.799038 0.214901 0.0850734 0.0905909 0.0603766 0.0598664 0.0555717 0.0345231 0.0307003 0.0243072 0.0205762 0.0201784 0.0184469 0.00532247 0.00529944 0.00511551 0.00464183 0.00316988 0.00264834 0.0061308 0.00211434 0.00174443 0.000571624 0.000343575 0.00532933 7.36659e-05 1.51277e-08 7.36307e-09 2.93101e-09 4.72373e-10
threshold=302.50000000000006 86.500000000000014 601.50000000000011 470.50000000000006 16.219433055000003 376.50000000000006 3148.5000000000005 86.500000000000014 41.908738390000003 575.50000000000011 239.02812500000002 0.1190492855 582.50000000000011 86.500000000000014 11.487211930000003 17.500000000000004 14.754950520000001 14.111192365000003 0.053388706000000008 4.5000000000000009 0.051117611000000007 86.500000000000014 41.908738390000003 250.97438910000002 87.500000000000014 282.50000000000006 913.50000000000011 0.050094734000000009 101.50000000000001 8889.5000000000018
decision_type=2 2 2 2 2 2 2 2 2 2 2 2 2 2 2 2 2 2 2 2 2 2 2 2 2 2 2 2 2 2
left_child=1 2 3 4 9 -5 8 27 17 -1 15 20 16 -12 -14 -2 -10 26 19 25 -9 23 -4 24 -15 -13 -3 -8 -29 -22
right_child=10 6 22 5 -6 -7 7 11 12 -11 13 18 14 21 -16 -17 -18 -19 -20 -21 29 -23 -24 -25 -26 -27 -28 28 -30 -31
leaf_value=0.10076781550449967 -0.037861996870760063 0.10000290975065058 0.083324449292328628 0.10512446080768754 -0.10183855256181279 -0.0836803513390557 0.10017725347360629 -0.048931702529485602 0.10000943794476723 -0.029558631233273902 0.10012509046560464 -0.076387277392179459 0.10002740908427554 -0.10000375255244565 -0.10000840247708341 0.10001767534072521 -0.10001406380038247 0.075827630234189369 -0.096217082143211896 0.10002610666292105 0.10007283664514997 -0.0059876281647186745 0.10243767000414572 -0.10000240397137428 0.10001043557529797 -0.10007148422601141 0.10022980686786934 0.10016768575128346 0.100028412089323 0.10001842657718385
leaf_weight=0.02135714301948588 0.0047755425730430234 0.5404534347144363 0.027811654515971895 0.062245270875791903 0.15238896675873548 0.022999476668701391 0.0052093747817707472 0.0010794862701004613 0.011623290806710429 0.043377138877985999 0.001343607102171517 0.0022248348795983475 0.0014604563839384346 0.021144771570106968 0.01421467514046526 0.0061640786334464792 0.0012888312558061452 0.060244283089559758 0.029872928758777562 0.0024563397637393791 0.002181928837671876 0.0020027228238177477 0.035775425167230424 0.52823014388923184 0.001421714150637853 0.0032051736761786742 0.0029544966637331518 0.0016712606884539119 0.015762832959808293 0.0059378775567893172
leaf_count=83 31 21599 8 87 17 25 5 31 284 7 2 11 9 795 322 98 12 25 23 18 3 18 104 22083 14 40 3 1 191 131
internal_value=0.000176929 0.0510653 -0.0110617 -0.0331723 -0.0674692 0.0541839 0.0834596 -0.00134848 0.092796 0.0134387 -0.0959832 -0.050254 -0.00846404 -0.0986643 -0.081371 0.0398282 0.080044 0.0975913 -0.0826097 -0.031066 0.0825529 -0.0991474 0.0940779 -0.0994862 -0.0874026 -0.0903674 0.100004 0.100073 0.100042 0.100033
internal_weight=1.63288 1.0678 0.365955 0.302368 0.217123 0.0852447 0.701842 0.069602 0.632239 0.0647343 0.565083 0.0469586 0.0285873 0.554143 0.0156751 0.0109396 0.0129121 0.603652 0.0377593 0.00788635 0.00919929 0.552799 0.0635871 0.550797 0.0225665 0.00543001 0.543408 0.0226435 0.0174341 0.00811981
internal_count=46080 23039 331 219 107 112 22708 454 22254 90 23041 257 627 22912 331 129 296 21627 92 69 165 22910 112 22892 809 51 21602 197 192 134
is_linear=0
shrinkage=0.1


Tree=100
num_leaves=31
num_cat=0
split_feature=11 8 45 14 20 16 2 10 44 29 14 15 1 27 26 6 0 8 45 36 6 43 8 23 29 15 8 11 12 18
split_gain=0.720727 0.213764 0.0353892 0.0243363 0.0348766 0.0227692 0.0644411 0.0946861 0.0229228 0.0258218 0.0181048 0.01832 0.00619367 0.0060008 0.00501403 0.00494229 0.00624697 0.00148149 0.0088213 0.000878956 0.00351989 0.000475428 0.000169817 0.00154146 0.000110313 3.2076e-07 9.68611e-09 8.87322e-09 8.19862e-09 2.47007e-09
threshold=3368.0000000000005 221.94963370000002 86.500000000000014 575.50000000000011 18.500000000000004 376.50000000000006 16.219433055000003 470.50000000000006 137.50000000000003 1.2500152265000002 886.50000000000011 104.50000000000001 27.500000000000004 222.50000000000003 6.5000000000000009 45.074251305000011 30.500000000000004 244.80777060000005 87.500000000000014 4.5000000000000009 42.454647005000005 0.12680094250000004 250.97438910000002 0.034357372500000004 1.1650585110000002 60.500000000000007 239.02812500000002 3008.5000000000005 23.500000000000004 233.50000000000003
decision_type=2 2 2 2 2 2 2 2 2 2 2 2 2 2 2 2 2 2 2 2 2 2 2 2 2 2 2 2 2 2
left_child=1 10 -2 25 -5 6 -6 -8 19 15 -1 -12 13 17 26 24 -17 18 21 28 -21 -4 23 -19 -10 -3 -11 -13 -7 -23
right_child=2 3 12 4 5 8 7 -9 9 14 11 27 -14 -15 -16 16 -18 22 -20 20 -22 29 -24 -25 -26 -27 -28 -29 -30 -31
leaf_value=0.10000323992327105 0.10011052894784021 0.1008256994555282 -0.037066510674155638 -0.093410760937183507 0.10409095093549835 -0.10016287108488305 -0.043608409536344588 0.1045658497926822 0.10001370765309268 -0.10016377449315095 -0.067605519491624716 0.10023428937759049 0.10001638481138529 0.10001349642005826 0.10000426570897697 0.10000684854072102 -0.10001352910048854 0.0066879498457345452 0.10001682870588686 0.10002817616802223 -0.10000775025537773 -0.10009782780687287 -0.10000219913719653 -0.10000277998818691 0.066856559150521397 0.10001860003332584 -0.1000045293997768 0.10001853096728408 -0.10006152320652689 -0.10002154290517609
leaf_weight=0.48805483619435108 0.0092401904294092674 0.016244523227214813 0.0012798684201698043 0.039851023808296304 0.067130195719073527 0.023928346345201135 0.17521793497144245 0.057206211531592999 0.018428761071845656 0.0062965761171653858 0.013310293608810753 0.0023319895844906577 0.0015854420817049677 0.001526873849797993 0.001358962193990009 0.0030042562029848332 0.0032511925164726563 0.001508015535364394 0.0025940156592696431 0.0011292050476185969 0.0039804513507988304 0.012117318110540509 0.47686030044133076 0.01327547288929054 0.0010611731122480697 0.0070659347984474144 0.0097095501550938934 0.010436998956720345 0.011977409110841108 0.0065329642766300813
leaf_count=21529 34 2 40 29 11 18 24 117 452 4 7 1 34 16 46 81 29 14 25 6 98 13 21976 594 7 147 360 140 88 138
internal_value=0.000172133 0.0516961 -0.0938665 0.00110509 -0.0043699 0.00487835 0.017788 -0.0071385 -0.0410903 0.00982528 0.0956654 0.0144862 -0.0973315 -0.0979382 -0.0844099 0.0733863 -0.00395128 -0.098526 -0.0734478 -0.0946067 -0.0558009 -0.0960251 -0.099675 -0.0891196 0.0982084 0.100581 -0.100067 0.100058 -0.100129 -0.100071
internal_weight=1.4875 0.960976 0.52652 0.446842 0.423531 0.38368 0.299554 0.232424 0.0841259 0.0431105 0.514134 0.0260793 0.51728 0.515695 0.0173651 0.0257454 0.00625545 0.514168 0.0225242 0.0410154 0.00510966 0.0199302 0.491644 0.0147835 0.0194899 0.0233105 0.0160061 0.012769 0.0359058 0.0186503
internal_count=46080 23196 22884 1519 1370 1341 152 141 1189 979 21677 148 22850 22816 410 569 110 22800 216 210 104 191 22584 608 459 149 364 141 106 151
is_linear=0
shrinkage=0.1


Tree=101
num_leaves=31
num_cat=0
split_feature=11 8 45 14 17 10 2 16 5 14 2 14 23 45 41 1 1 27 24 16 1 18 10 42 8 45 14 18 8 11
split_gain=0.648209 0.196529 0.0320045 0.0243927 0.0752411 0.0749994 0.0510948 0.0487764 0.0433897 0.0196922 0.0177978 0.0169785 0.0171872 0.00801821 0.00578272 0.0092252 0.00560128 0.00542684 0.0038778 0.00139461 0.00669424 0.00110687 0.00557252 0.00229301 0.000342581 0.00571896 7.53444e-06 7.35091e-07 7.55635e-09 6.23057e-09
threshold=3368.0000000000005 221.94963370000002 86.500000000000014 601.50000000000011 86.500000000000014 470.50000000000006 16.219433055000003 376.50000000000006 937.50000000000011 575.50000000000011 10.857360860000002 886.50000000000011 0.030304688500000006 86.500000000000014 0.14815617400000003 10.500000000000002 27.500000000000004 222.50000000000003 0.047814656500000004 690.50000000000011 17.500000000000004 190.50000000000003 478.50000000000006 0.093016732000000005 250.97438910000002 87.500000000000014 689.50000000000011 71.500000000000014 239.02812500000002 3008.5000000000005
decision_type=2 2 2 2 2 2 2 2 2 2 2 2 2 2 2 2 2 2 2 2 2 2 2 2 2 2 2 2 2 2
left_child=1 11 -2 4 5 6 9 -7 27 -3 -10 -1 29 -12 15 -15 17 19 26 20 -4 22 -16 -24 25 -21 -17 -5 -23 -13
right_child=2 3 16 8 -6 7 -8 -9 10 -11 13 12 -14 14 21 18 -18 -19 -20 24 -22 28 23 -25 -26 -27 -28 -29 -30 -31
leaf_value=0.1000029328756392 0.100100005795595 0.10063228663828022 -0.10003448933725877 0.10202737788572298 0.10460582090577186 0.10416698082636561 -0.10159812034353309 -0.082312897296571555 0.10000774897650727 -0.027292716901120478 0.10002275476469134 0.10021194522956312 -0.068148967715763717 0.1000084639912539 -0.10011257680767426 -0.090776680283195077 0.10001482476799935 0.10001221270589425 0.10001342338510051 -0.10003420428115005 0.10002379738771534 -0.10014816739481601 -0.05692501213148881 0.10002233387435233 -0.10000198966243359 0.10000838250087514 -0.10000764153919522 0.10274608031603534 -0.1000050271497879 0.100022502237591
leaf_weight=0.44161155089750537 0.0083617043528647628 0.017384404793119757 0.0092080341983091785 0.028655727235673112 0.045737795415334404 0.051416684844298288 0.13179988728370517 0.019288179551949725 0.010047570174720022 0.0390927869011648 0.0034595209963299558 0.0021105180494487294 0.012413874093908817 0.0052523588092299187 0.010441123977216193 0.0010411872062832117 0.0014345885283546514 0.0013815894490107885 0.0011459724482847378 0.023834218369302107 0.0020438359933905312 0.0056982204550877205 0.0015139794486458422 0.0024170281376427738 0.42888195361865655 0.0015202908834908149 0.0058648687754612183 0.028271850722376257 0.010453938388309325 0.0097855374588107225
leaf_count=21529 34 82 223 92 28 87 17 20 298 7 69 1 24 167 25 3 34 16 12 687 14 4 18 37 21856 20 153 15 385 123
internal_value=0.000194183 0.0508345 -0.0938167 0.00113831 -0.0136369 -0.0345193 -0.067497 0.0532956 0.0405412 0.0120842 -0.0208616 0.0955241 0.0141621 -0.0465433 -0.0581122 -0.00309328 -0.0972792 -0.0978854 -0.0703468 -0.0984728 -0.0636951 -0.0820929 -0.0619055 0.039576 -0.0993343 -0.0880394 -0.0986159 0.102384 -0.100056 0.100056
internal_weight=1.36157 0.884905 0.476666 0.418983 0.30472 0.258982 0.188277 0.0707049 0.114263 0.0564772 0.0573358 0.465921 0.0243099 0.0472882 0.0438287 0.0133044 0.468305 0.46687 0.00805203 0.465488 0.0112519 0.0305243 0.0143721 0.00393101 0.454236 0.0253545 0.00690606 0.0569276 0.0161522 0.0118961
internal_count=46080 23196 22884 1519 241 213 106 107 1278 89 1171 21677 148 873 804 335 22850 22816 168 22800 237 469 80 55 22563 707 156 107 389 124
is_linear=0
shrinkage=0.1


Tree=102
num_leaves=31
num_cat=0
split_feature=11 8 45 14 17 10 2 16 5 20 6 14 19 45 41 1 1 27 24 16 1 15 8 45 1 17 43 42 18 8
split_gain=0.585205 0.178589 0.0289586 0.0219312 0.0674111 0.0665334 0.0476928 0.0436962 0.0391652 0.0198133 0.0161535 0.0159094 0.0159613 0.00867275 0.00516632 0.00878932 0.00506823 0.00491039 0.00278154 0.00126205 0.006057 0.000929767 0.000310121 0.00517457 0.000187889 0.000551336 0.000753478 2.18954e-05 5.38973e-07 2.59476e-09
threshold=3368.0000000000005 221.94963370000002 86.500000000000014 601.50000000000011 86.500000000000014 470.50000000000006 16.219433055000003 376.50000000000006 937.50000000000011 19.500000000000004 39.873397435000008 886.50000000000011 261.50000000000006 86.500000000000014 0.14895261150000003 10.500000000000002 27.500000000000004 222.50000000000003 0.047105358000000007 690.50000000000011 17.500000000000004 98.500000000000014 250.97438910000002 87.500000000000014 10.500000000000002 97.500000000000014 0.15698887650000001 0.22001366100000003 71.500000000000014 239.02812500000002
decision_type=2 2 2 2 2 2 2 2 2 2 2 2 2 2 2 2 2 2 2 2 2 2 2 2 2 2 2 2 2 2
left_child=1 11 -2 4 5 6 9 -7 28 -3 -10 -1 -13 -12 15 -15 17 19 -17 20 -4 24 23 -21 25 -16 -27 29 -5 -26
right_child=2 3 16 8 -6 7 -8 -9 10 -11 13 12 -14 14 21 18 -18 -19 -20 22 -22 -23 -24 -25 27 26 -28 -29 -30 -31
leaf_value=0.10000265612765653 0.10009048512234844 -0.029182672903273938 -0.10003120796564158 0.10183223346238057 0.10414997159175216 0.10375952258531383 -0.10144525998055383 -0.079449324656219261 0.10000732034637892 0.10088242070611851 0.10001934621306377 -0.067925449563835852 0.10001979847176504 0.10000765889932635 -0.10013959348015825 -0.10001788196046178 0.10001341197799876 0.10001104799568079 0.078075219485062575 -0.10003095013890162 0.10002153049250424 -0.043044272368214877 -0.10000180146094131 0.10000758629326033 -0.10009279281145494 -0.1000305372106824 0.0076267581077685111 -0.085686396694066233 0.10247849779410778 -0.10000502660561859
leaf_weight=0.39958770046450809 0.007566666054117376 0.037531009875237942 0.0083320332832954591 0.025975932776418631 0.041557168262443156 0.046697122307705285 0.1194280288182199 0.018050251237582415 0.0091247820146236336 0.017024993141603773 0.0036909771224600254 0.011621532263234258 0.011029595349100418 0.0047525671125185909 0.0046380636667890931 0.0062321123477886431 0.0012980867759324602 0.0012501276196417157 0.0010206037804891821 0.021566758416156517 0.0018493790485081272 0.0045189003631094229 0.38806912922336778 0.0013756264816038302 0.0054571400396525869 0.0012206807732582092 0.0013908252112742048 0.0011485780087241446 0.025644821638707072 0.0088014041048154468
leaf_count=21529 34 6 223 92 28 87 17 20 297 83 75 2 146 167 15 155 34 16 13 687 14 12 21856 20 6 4 37 59 15 331
internal_value=0.000199998 0.050501 -0.0938162 0.00113971 -0.0133925 -0.0338537 -0.0660586 0.0526846 0.0404499 0.011406 -0.0208075 0.0953811 0.0138527 -0.0465215 -0.0603262 -0.00569297 -0.0972788 -0.097885 -0.0749566 -0.0984724 -0.0636931 -0.0844613 -0.0993339 -0.0880366 -0.092722 -0.0794463 -0.0426949 -0.0989687 0.102153 -0.100039
internal_weight=1.23745 0.806145 0.431308 0.383906 0.280289 0.238731 0.173984 0.0647474 0.103617 0.054556 0.0519966 0.422239 0.0226511 0.0428719 0.0391809 0.0120053 0.423741 0.422443 0.00725272 0.421193 0.0101814 0.0271756 0.411012 0.0229424 0.0226567 0.00724957 0.00261151 0.0154071 0.0516208 0.0142585
internal_count=46080 23196 22884 1519 241 213 106 107 1278 89 1171 21677 148 874 799 335 22850 22816 168 22800 237 464 22563 707 452 56 41 396 107 337
is_linear=0
shrinkage=0.1


Tree=103
num_leaves=31
num_cat=0
split_feature=11 8 45 14 20 16 2 14 44 29 14 14 1 27 26 6 0 16 1 36 14 8 45 23 19 15 11 8 12 4
split_gain=0.528185 0.162405 0.0262025 0.0204194 0.0285124 0.0172206 0.048489 0.0737574 0.0173225 0.0194554 0.0149068 0.0148651 0.0045859 0.00444308 0.00373011 0.0036639 0.00469165 0.00114207 0.00548044 0.0006906 0.00216198 0.000280725 0.00468201 9.91118e-05 3.68927e-07 1.85564e-07 5.69663e-09 4.39541e-09 3.67296e-09 1.91304e-09
threshold=3368.0000000000005 221.94963370000002 86.500000000000014 575.50000000000011 18.500000000000004 376.50000000000006 16.219433055000003 601.50000000000011 137.50000000000003 1.2500152265000002 886.50000000000011 890.50000000000011 27.500000000000004 222.50000000000003 6.5000000000000009 45.074251305000011 30.500000000000004 690.50000000000011 17.500000000000004 4.5000000000000009 715.50000000000011 250.97438910000002 87.500000000000014 0.032560879000000008 169.50000000000003 60.500000000000007 3008.5000000000005 239.02812500000002 23.500000000000004 234.20454545000004
decision_type=2 2 2 2 2 2 2 2 2 2 2 2 2 2 2 2 2 2 2 2 2 2 2 2 2 2 2 2 2 2
left_child=1 10 -2 25 -5 6 -6 -8 19 15 -1 -12 13 17 27 23 -17 18 -4 28 -21 22 29 -10 -9 -3 -13 -11 -7 -19
right_child=2 3 12 4 5 8 7 24 9 14 11 26 -14 -15 -16 16 -18 21 -20 20 -22 -23 -24 -25 -26 -27 -28 -29 -30 -31
leaf_value=0.10000240342839983 0.10008187111960787 0.10069502919278124 -0.10002824383394288 -0.092763658896451648 0.10296696648920914 -0.10012360809957761 -0.043423785176821633 0.10222745564254065 0.10001141315886837 -0.10012666276387439 -0.067854343183651758 0.10020522238210955 0.10001213762512942 0.10000999599222019 0.10000318861851631 0.10000504362572774 -0.10001012087244882 -0.1000662434279504 0.10001948275990316 0.069833678801545895 -0.10000595767133605 -0.10000163202353025 0.10000686369813726 0.067413788543091324 0.10166572195886021 0.10002151244006958 0.10001859740773372 -0.10000335614828425 -0.10004547594001396 -0.10000236940817818
leaf_weight=0.36156278433099942 0.0068471616996248477 0.013709296472370625 0.0075393477318357327 0.033101452099799644 0.051791762072753045 0.018294137727934867 0.1375759516377002 0.023363919564872049 0.013744669869083737 0.0048257169546559453 0.010875316780584399 0.0020437396597117194 0.0011745717220037468 0.0011311735324852626 0.0010102331834787046 0.0022636629691987755 0.002433407500575413 0.007832936302293092 0.0016734199125494342 0.001021502397634321 0.0028147803250249126 0.35114003014314221 0.0012447268454707219 0.0010006282354879667 0.023403058781696018 0.0058304385102019287 0.0081902904403250432 0.0072100556608347688 0.0089651864509505685 0.011682018724968657
leaf_count=21529 34 2 223 29 11 18 36 8 429 4 34 1 34 16 46 81 29 12 14 10 94 21856 20 30 97 147 113 360 88 675
internal_value=0.000206885 0.0501282 -0.0938157 0.00114274 -0.00469014 0.00503686 0.0174752 -0.00654403 -0.0411559 0.00990835 0.0952334 0.0135503 -0.0972784 -0.0978846 -0.0845612 0.0732983 -0.00361665 -0.098472 -0.0636913 -0.0945073 -0.0547821 -0.0993336 -0.0880341 0.0977993 0.101946 0.100494 0.100056 -0.100053 -0.100098 -0.100028
internal_weight=1.1253 0.735032 0.390265 0.35236 0.33282 0.299719 0.236135 0.184343 0.063584 0.0324884 0.382672 0.0211093 0.383418 0.382244 0.013046 0.0194424 0.00469707 0.381112 0.00921277 0.0310956 0.00383628 0.3719 0.0207597 0.0147453 0.046767 0.0195397 0.010234 0.0120358 0.0272593 0.019515
internal_count=46080 23196 22884 1519 1370 1341 152 141 1189 979 21677 148 22850 22816 410 569 110 22800 237 210 104 22563 707 459 105 149 114 364 106 687
is_linear=0
shrinkage=0.1


Tree=104
num_leaves=31
num_cat=0
split_feature=11 8 45 10 14 2 16 20 36 18 14 15 15 1 27 24 0 14 16 1 8 45 6 17 14 11 8 18 4 17
split_gain=0.475221 0.149169 0.0237088 0.0190552 0.0403375 0.101308 0.0386732 0.0329674 0.0141247 0.0173275 0.0139663 0.0136071 0.00983187 0.00414948 0.00402025 0.00186817 0.00390073 0.00109763 0.00103349 0.00495878 0.000254105 0.00423635 1.11472e-05 7.68207e-06 5.98413e-06 4.4e-09 3.30084e-09 1.48087e-09 1.4169e-09 7.53595e-10
threshold=3368.0000000000005 221.94963370000002 86.500000000000014 470.50000000000006 601.50000000000011 16.219433055000003 376.50000000000006 18.500000000000004 4.5000000000000009 185.50000000000003 886.50000000000011 104.50000000000001 100.50000000000001 27.500000000000004 222.50000000000003 0.044492068000000003 29.500000000000004 750.50000000000011 690.50000000000011 17.500000000000004 250.97438910000002 87.500000000000014 41.908738390000003 86.500000000000014 760.50000000000011 3008.5000000000005 239.02812500000002 70.500000000000014 234.20454545000004 140.50000000000003
decision_type=2 2 2 2 2 2 2 2 2 2 2 2 2 2 2 2 2 2 2 2 2 2 2 2 2 2 2 2 2 2
left_child=1 10 -2 4 5 7 22 -3 27 15 -1 -12 17 14 18 16 -10 -11 19 29 21 28 -5 -9 -19 -13 -26 -8 -20 -4
right_child=2 3 13 6 -6 -7 8 23 9 12 11 25 -14 -15 -16 -17 -18 24 20 -21 -22 -23 -24 -25 26 -27 -28 -29 -30 -31
leaf_value=0.10000216912695543 0.10007407421319006 -0.026836745517287538 -0.1000114788467622 0.10402827701782874 0.06860543728217014 -0.10125630821768282 -0.10010521763606478 0.10072017277185957 0.10001629150936522 -0.019040551842239194 -0.066425624193284002 0.10018564442117205 0.10001445536094951 0.10001098248425458 0.10000904823089039 0.10001257163541505 -0.10000227007949269 -0.09208927297792148 -0.10005993338565498 0.1000176315405223 -0.10000147127666517 0.10000621143794008 0.10003132895763336 0.10352194898558034 -0.10011459620872261 0.10001358918672294 -0.10000623271068006 -0.10003645420359578 -0.1000021453210598 -0.10010401735332702
leaf_weight=0.32715624390675657 0.006196026246470864 0.033874440938234329 0.0057841196457957267 0.038753503828047542 0.046476074796373723 0.10327177995350212 0.01160660944879055 0.01393596014349896 0.0025457239698880576 0.0019474860273476233 0.010258171911118552 0.0018495949916541576 0.0033525132030263185 0.001062808079950627 0.0010235373811156015 0.013940566387645958 0.0015802217121745343 0.0010245303192277797 0.0070879581617191425 0.0015141995754675008 0.31772511050166941 0.0011262823863944496 0.0085098557801757124 0.032863840460777283 0.0043669888400472709 0.0075679641204260406 0.0078891128086979734 0.0042892462652162058 0.010570350294983655 0.001037938054651022
leaf_count=21529 34 6 222 5 32 17 13 83 35 105 7 1 70 34 16 479 80 54 12 14 21856 20 175 1 4 140 286 74 675 1
internal_value=0.000229906 0.0492802 -0.0938153 0.00117662 -0.0146328 -0.0356639 0.0376758 0.0483014 -0.0213622 0.0127849 0.095081 0.0132547 -0.0550191 -0.0972781 -0.0978843 0.0825184 0.0234099 -0.0891502 -0.0984717 -0.0636897 -0.0993333 -0.0880319 0.103309 0.102688 -0.0994311 0.100047 -0.100045 -0.100087 -0.100025 -0.100026
internal_weight=1.03019 0.67706 0.353128 0.330228 0.230422 0.183946 0.0998064 0.0806742 0.052543 0.0366471 0.346832 0.0196757 0.0185806 0.346932 0.345869 0.0180665 0.00412595 0.0152281 0.344846 0.00833626 0.33651 0.0187846 0.0472634 0.0467998 0.0132806 0.00941756 0.0122561 0.0158959 0.0176583 0.00682206
internal_count=46080 23196 22884 1519 139 107 1380 90 1200 1113 21677 148 519 22850 22816 594 115 449 22800 237 22563 707 180 84 344 141 290 87 687 223
is_linear=0
shrinkage=0.1


Tree=105
num_leaves=31
num_cat=0
split_feature=11 8 45 14 20 16 2 10 44 29 14 19 1 6 0 27 29 16 1 36 14 8 45 24 13 15 8 12 4 29
split_gain=0.428387 0.136111 0.0214524 0.018341 0.0242922 0.015048 0.0391093 0.0624727 0.0146208 0.0159835 0.0131018 0.0126063 0.00342135 0.00298412 0.00384113 0.0021238 0.00144459 0.000935087 0.00448678 0.000594444 0.00143724 0.000229968 0.00383312 9.03756e-05 1.09476e-05 1.3691e-07 2.09709e-09 2.03671e-09 1.0496e-09 5.002e-10
threshold=3368.0000000000005 221.94963370000002 86.500000000000014 575.50000000000011 18.500000000000004 376.50000000000006 16.219433055000003 470.50000000000006 137.50000000000003 1.2500152265000002 886.50000000000011 261.50000000000006 23.500000000000004 45.074251305000011 30.500000000000004 86.500000000000014 1.9941613065000003 690.50000000000011 17.500000000000004 4.5000000000000009 725.50000000000011 250.97438910000002 87.500000000000014 0.055007508000000004 716.50000000000011 60.500000000000007 239.02812500000002 23.500000000000004 234.20454545000004 1.0002167980000001
decision_type=2 2 2 2 2 2 2 2 2 2 2 2 2 2 2 2 2 2 2 2 2 2 2 2 2 2 2 2 2 2
left_child=1 10 -2 25 -5 6 -6 -8 19 13 -1 -12 15 23 -15 17 24 18 29 27 -21 22 28 -10 -11 -3 -26 -7 -19 -4
right_child=2 3 12 4 5 8 7 -9 9 16 11 -13 -14 14 -16 -17 -18 21 -20 20 -22 -23 -24 -25 26 -27 -28 -29 -30 -31
leaf_value=0.10000196309218906 0.10006702571376309 0.10064554431425975 -0.10008730022455076 -0.091688415394320821 0.10241863593748349 -0.10010698765901163 -0.040791969251219397 0.10319563789702593 0.10000993977655273 -0.089149244079456624 -0.065897586978462652 0.10001647642253574 0.082682756683634021 0.10000412806460551 -0.10000828646778637 0.018277728840197179 0.0069611233262945153 -0.1000542281350888 0.10001595252741434 0.044098153857412503 -0.10000501325209986 -0.10000131655006508 0.10000561988416697 0.068799690827223869 -0.10010368259689673 0.10001761982926825 -0.10000288030885846 -0.10004545114446184 -0.10000194170109666 -0.10001049713160166
leaf_weight=0.29602379686457425 0.0056067712457661392 0.01274576410651207 0.0010148122019018038 0.029008202400291339 0.042618283993760997 0.015297758480301127 0.12203510438121157 0.040012755987845594 0.011175351685778878 0.0010365630287196845 0.0096360101597383618 0.0087271109177891049 0.0010528909988352089 0.0018533308129917705 0.0019923460695281392 0.001566072556670405 0.001498328399065941 0.0064137967419810584 0.0013701262505492195 0.0010159261637454611 0.0021715202856285032 0.28675881913750345 0.0010191081819357342 0.0010118074496858762 0.003951823920942843 0.004772482900079921 0.0043199207366342307 0.0082949471125175478 0.009564466974552488 0.0051581834331955179
leaf_count=21529 34 2 4 29 11 18 24 117 401 42 2 146 40 81 29 26 92 12 14 15 89 21840 20 58 4 147 272 88 675 219
internal_value=0.000224942 0.0487523 -0.0938149 0.00113691 -0.00492038 0.00482459 0.0171792 -0.00523864 -0.0423329 0.00982778 0.0949175 0.0129534 -0.0972777 0.0731841 -0.00361715 -0.0978834 -0.0841682 -0.0984678 -0.0636882 -0.0946091 -0.0540754 -0.0993314 -0.0880299 0.0974188 -0.098837 0.100474 -0.100051 -0.100085 -0.100023 -0.100023
internal_weight=0.938724 0.619199 0.319525 0.304812 0.287294 0.258286 0.204666 0.162048 0.0536196 0.0268395 0.314387 0.0183631 0.313918 0.0160328 0.00384568 0.312865 0.0108066 0.311299 0.00754312 0.0267802 0.00318745 0.303756 0.0169974 0.0121872 0.00930831 0.0175182 0.00827174 0.0235927 0.0159783 0.006173
internal_count=46080 23196 22884 1519 1370 1341 152 141 1189 979 21677 148 22850 569 110 22810 410 22784 237 210 104 22547 707 459 318 149 276 106 687 223
is_linear=0
shrinkage=0.1


Tree=106
num_leaves=31
num_cat=0
split_feature=19 36 11 23 8 2 45 6 10 24 41 8 37 6 23 17 27 21 18 8 24 6 14 18 24 15 0 2 18 8
split_gain=0.385275 0.119189 0.0321946 0.0303816 0.0252008 0.0188256 0.018357 0.011892 0.0115773 0.0110123 0.0108067 0.0106583 0.00265022 0.00160495 0.00129754 0.00354019 0.00109992 0.00069343 0.000557577 0.00018876 0.00147836 3.31552e-05 1.85935e-06 3.98193e-07 8.84338e-10 3.07068e-10 9.63354e-11 5.91112e-11 5.32519e-11 4.91137e-11
threshold=302.50000000000006 4.5000000000000009 3148.5000000000005 0.021252902500000004 239.02812500000002 16.219433055000003 86.500000000000014 43.305771605000011 594.50000000000011 0.043245386000000004 0.1190492855 239.02812500000002 0.047625394500000008 39.239737275000003 0.030077321500000004 137.50000000000003 86.500000000000014 78.500000000000014 214.50000000000003 250.97438910000002 0.055777727500000006 42.545850920000007 913.50000000000011 70.500000000000014 0.050094734000000009 102.50000000000001 23.500000000000004 11.732316040000002 180.50000000000003 221.94963370000002
decision_type=2 2 2 2 2 2 2 2 2 2 2 2 2 2 2 2 2 2 2 2 2 2 2 2 2 2 2 2 2 2
left_child=1 3 7 4 5 -1 24 21 26 -6 18 12 -2 -13 15 -12 19 -10 28 20 -15 22 23 -3 -4 -26 -9 -27 -8 -25
right_child=11 2 6 -5 9 -7 10 8 17 -11 14 13 -14 16 -16 -17 -18 -19 -20 -21 -22 -23 -24 29 25 27 -28 -29 -30 -31
leaf_value=0.022403781594387304 0.10000923570290365 0.10061857830971993 0.10008796357955199 -0.090461159506246822 0.098158666826328456 -0.052479685631690413 0.10003356173184651 0.10003723264367798 -0.10000454710312977 0.017484231662945163 0.075354580940650714 0.027180932011742917 -0.036903664349100467 0.011803314962186777 -0.097294914683792477 -0.10005901522401328 -0.0050763462542040569 -0.010522093716081137 0.016438137967876149 -0.10000118881471394 -0.10000175832133421 0.082424759957974908 0.096973489042988026 0.10000133267254648 0.1000670410796881 0.10000937512377844 0.10000457417910223 0.10002913816059333 0.100009272506731 0.1000074375592571
leaf_weight=0.063850248490780359 0.0031862191899563177 0.01087459606333141 0.0025897107589116794 0.037035760032267717 0.033848618071715464 0.07079576828982681 0.001432288097930722 0.0010882480710279197 0.0058705381170511828 0.033832447840723034 0.0017655138799455008 0.0010113131338584927 0.0025416025018785149 0.0013402372387645309 0.015387273529995582 0.0033030259455699706 0.0012404993012751211 0.0010158799204873503 0.0010053616506411345 0.26198715673035622 0.010058166178168904 0.0010769109039756577 0.0020107281889067954 0.2617891147328919 0.0012914236904180152 0.0058873458228845266 0.0053123724223951285 0.002037097088759765 0.0024408377648796886 0.01387647350475163
leaf_count=32 106 28 5 48 34 10 8 3 235 31 30 15 23 22 37 25 19 36 43 22069 787 42 4 21290 3 182 270 7 114 522
internal_value=0.000248107 0.0468687 0.0849206 -0.00719026 0.00805239 -0.0169693 -0.00295276 0.0956946 0.00318786 0.0578311 -0.0509448 -0.0957581 0.039257 -0.0985637 -0.0828401 -0.0389576 -0.0990268 -0.0868042 0.082794 -0.0994531 -0.0868556 0.0999384 0.100004 0.100025 0.100036 0.100022 0.10001 0.100014 0.100018 0.100002
internal_weight=0.860783 0.579418 0.340055 0.239363 0.202327 0.134646 0.0371399 0.302915 0.013287 0.0676811 0.0253343 0.281365 0.00572782 0.275637 0.0204558 0.00506854 0.274626 0.00688642 0.00487849 0.273386 0.0113984 0.289628 0.288551 0.28654 0.0118056 0.00921587 0.00640062 0.00792444 0.00387313 0.275666
internal_count=46080 23039 22884 155 107 42 454 22430 544 65 257 23041 129 22912 92 55 22897 271 165 22878 809 21886 21844 21840 197 192 273 189 122 21812
is_linear=0
shrinkage=0.1


Tree=107
num_leaves=31
num_cat=0
split_feature=19 36 11 14 19 45 6 10 8 41 14 24 6 24 26 27 21 18 8 24 19 6 4 14 18 21 24 15 24 18
split_gain=0.344869 0.110714 0.0292876 0.028907 0.0308987 0.016542 0.0108424 0.0104037 0.00979646 0.00966549 0.00759703 0.00252358 0.00152739 0.00132402 0.00285876 0.00110978 0.000698202 0.000565741 0.00020119 0.00142836 4.65601e-05 4.17751e-05 2.2997e-05 2.53382e-06 2.94961e-07 3.50523e-09 6.5508e-10 2.27424e-10 2.06503e-10 1.2899e-10
threshold=302.50000000000006 4.5000000000000009 3148.5000000000005 601.50000000000011 170.50000000000003 86.500000000000014 43.305771605000011 594.50000000000011 239.02812500000002 0.1190492855 589.50000000000011 0.056483920500000007 39.239737275000003 0.053388706000000008 4.5000000000000009 86.500000000000014 78.500000000000014 214.50000000000003 250.97438910000002 0.055777727500000006 282.50000000000006 42.545850920000007 226.18763860000004 913.50000000000011 70.500000000000014 41.500000000000007 0.050094734000000009 102.50000000000001 0.045086793000000007 80.500000000000014
decision_type=2 2 2 2 2 2 2 2 2 2 2 2 2 2 2 2 2 2 2 2 2 2 2 2 2 2 2 2 2 2
left_child=1 3 6 10 -5 26 21 -8 11 17 -1 -2 -10 14 20 18 -9 -7 19 -14 -11 23 -6 24 -3 -24 -4 -28 29 -27
right_child=8 2 5 4 22 9 7 16 12 13 -12 -13 15 -15 -16 -17 -18 -19 -20 -21 -22 -23 25 -25 -26 28 27 -29 -30 -31
leaf_value=-0.0009548138693511463 0.10000812847222461 0.10055954143893182 0.10007958662265992 0.10186736184829336 -0.088389727086937486 0.1000165168483745 0.10000916282820267 -0.10000411332888136 0.024644722630847271 -0.072499818653416009 -0.042230577614888833 -0.037439750571826524 0.010637859072935523 -0.0953350996793077 0.100011937602538 -0.0045698928382113665 -0.0094804390232768442 0.014834501181451187 -0.10000107468995929 -0.10000159349605234 -0.10003147645661432 0.079593119963643086 -0.10018975452427635 0.096290227709033949 0.10000148812762058 -0.10005250047214027 0.10006065304622797 0.10001307894893517 -0.1000668748708796 -0.1000121659473695
leaf_weight=0.076883929585164879 0.0029517922757804618 0.0098452242700659554 0.00234345327862684 0.038800489317509346 0.0021687221742467955 0.0035046070370299267 0.0057915739098461927 0.0053119043714104919 0.0010042460762633701 0.0010529477913223664 0.10616721594124101 0.0024399838439421728 0.0013384632038651043 0.014970390143389523 0.0011789616564783501 0.0012401957174006375 0.0010148095007025404 0.0010027839234680869 0.2370560382023541 0.0091010194819318713 0.0014743332048965385 0.0010073632874991736 0.0018903311574831605 0.0018316632958885739 0.24943289451493911 0.0010450398567627417 0.0011685992576531135 0.0071704260826663813 0.0013357106363400817 0.003285760053586273
leaf_count=13 115 28 5 14 8 122 273 235 15 11 34 14 22 23 18 19 36 43 22069 787 40 42 1 4 21812 5 3 189 2 78
internal_value=0.000249579 0.0455403 0.084808 -0.00670329 0.0619169 -0.00292673 0.0956427 0.00316689 -0.0955538 -0.0503673 -0.0248942 0.0378077 -0.098433 -0.0820872 -0.0285756 -0.0989299 -0.0854841 0.0810656 -0.0994028 -0.0858163 -0.0885609 0.0999181 -0.0974668 0.0999965 0.100023 -0.100072 0.100033 0.10002 -0.100033 -0.100022
internal_weight=0.794811 0.539679 0.308102 0.231577 0.0485261 0.0338665 0.274235 0.0121183 0.255132 0.023184 0.183051 0.00539178 0.24974 0.0186766 0.00370624 0.248736 0.00632671 0.00450739 0.247496 0.0104395 0.00252728 0.262117 0.00972556 0.26111 0.259278 0.00755684 0.0106825 0.00833903 0.00566651 0.0043308
internal_count=46080 23039 22884 155 108 454 22430 544 23041 257 47 129 22912 92 69 22897 271 165 22878 809 51 21886 94 21844 21840 86 197 192 85 83
is_linear=0
shrinkage=0.1


Tree=108
num_leaves=31
num_cat=0
split_feature=19 36 11 23 8 2 45 24 6 10 8 41 24 6 23 17 8 18 27 23 41 8 23 14 23 18 24 15 16 6
split_gain=0.308488 0.10286 0.0266611 0.0258468 0.0218818 0.0172338 0.014889 0.0113106 0.00989254 0.00934414 0.00901954 0.00862229 0.00303225 0.00145048 0.0011794 0.00339297 0.000707027 0.000570912 0.000379363 0.000355675 0.00030388 0.000161887 0.00114727 4.96828e-05 2.84859e-05 2.18481e-07 4.85223e-10 1.68522e-10 4.42159e-11 3.85146e-11
threshold=302.50000000000006 4.5000000000000009 3148.5000000000005 0.021252902500000004 239.02812500000002 16.219433055000003 86.500000000000014 0.043245386000000004 43.305771605000011 594.50000000000011 242.86884025000003 0.1190492855 0.056903048500000004 39.291078305000006 0.030077321500000004 136.50000000000003 259.5666389000001 214.50000000000003 85.500000000000014 0.033190775000000006 0.14190127300000002 250.97438910000002 0.033978040500000008 913.50000000000011 0.029696774000000006 70.500000000000014 0.050094734000000009 102.50000000000001 502.50000000000006 40.231663685000008
decision_type=2 2 2 2 2 2 2 2 2 2 2 2 2 2 2 2 2 2 2 2 2 2 2 2 2 2 2 2 2 2
left_child=1 3 8 4 5 -1 26 -6 23 28 12 17 19 -12 15 -13 -11 -8 21 24 -14 22 -15 25 -2 -3 -4 -28 -10 -27
right_child=10 2 6 -5 7 -7 11 -9 9 16 13 14 20 18 -16 -17 -18 -19 -20 -21 -22 -23 -24 -25 -26 29 27 -29 -30 -31
leaf_value=0.021691835041479826 0.079293689109512858 0.10050615434657634 0.1000720086232626 -0.088135264056010507 0.097729441021713118 -0.05141995365307233 0.10001494748844592 0.013197133863443331 0.10002712680414153 -0.0078323673794861975 0.020942444768115489 0.086422525945981987 -0.026971114905317447 0.0092250553386383355 -0.096415122172280612 -0.10004718781636834 -0.10000386305228466 0.013380565087783873 -0.039604873907974757 0.024623632091681349 -0.10001771625683767 -0.10000097089091241 -0.10000147130147985 0.083260707498939435 0.10000733708009416 0.10000115971175348 0.1000548860091294 0.1000118348270763 0.10000381153196397 0.10000843500580137
leaf_weight=0.062899507613110472 0.0010033032358478513 0.0089128187128153513 0.0021205967150308425 0.032850119179784087 0.032055293701887422 0.066145216929726303 0.0031711468545836388 0.031268444219676894 0.0010068216220133763 0.0010061629418487428 0.0010098148759425376 0.0014862635125609805 0.0010057163863166352 0.0011027884720533621 0.012762928581651067 0.0028411922849045368 0.0048142059931706171 0.0010006902011809871 0.001063914512997143 0.0010231547239527572 0.0013130703509887098 0.21438889579076204 0.0075128278322154074 0.0017821470737544578 0.0019627244046205305 0.21900523381827952 0.0010574502193776425 0.006488146424999286 0.0042336545511716395 0.0075266106750859754
leaf_count=32 48 28 5 48 34 10 122 31 13 32 16 24 48 18 37 31 239 43 24 21 19 22059 719 5 69 21557 3 189 260 296
internal_value=0.0002695 0.0441225 0.0846784 -0.00615683 0.00784235 -0.0157835 -0.00287397 0.0559885 0.0955845 0.00314363 -0.0953325 -0.0496559 0.0226033 -0.0986377 -0.0811185 -0.0360042 -0.0840702 0.0792341 -0.0991766 0.0754631 -0.0683356 -0.0994608 -0.0860206 0.0998946 0.0930006 0.100021 0.10003 0.100018 0.100008 0.100001
internal_weight=0.735821 0.504435 0.279216 0.225219 0.192368 0.129045 0.0309284 0.0633237 0.248288 0.0110608 0.231386 0.0212622 0.00630797 0.225078 0.0170904 0.00432746 0.00582037 0.00417184 0.224068 0.00398918 0.00231879 0.223005 0.00861562 0.237227 0.00296603 0.235445 0.00966619 0.0075456 0.00524048 0.226532
internal_count=46080 23039 22884 155 107 42 454 65 22430 544 23041 257 205 22836 92 55 271 165 22820 138 67 22796 737 21886 117 21881 197 192 273 21853
is_linear=0
shrinkage=0.1


Tree=109
num_leaves=31
num_cat=0
split_feature=19 36 14 19 11 45 6 8 10 26 14 39 1 6 27 8 8 24 15 14 19 18 0 24 27 5 4 6 4 17
split_gain=0.275926 0.0955018 0.0255642 0.0285042 0.0242512 0.0134146 0.00903228 0.00842024 0.00838825 0.0077194 0.00655173 0.00357749 0.002224 0.0013854 0.00110238 0.000705847 0.000221288 0.00130205 0.000151107 6.29617e-05 3.78844e-05 1.61853e-07 5.61185e-08 3.59419e-10 1.96736e-10 1.05078e-10 2.97719e-11 2.86146e-11 2.66112e-11 1.86453e-11
threshold=302.50000000000006 4.5000000000000009 601.50000000000011 170.50000000000003 3148.5000000000005 86.500000000000014 43.305771605000011 239.02812500000002 594.50000000000011 5.5000000000000009 589.50000000000011 0.023809728000000002 17.500000000000004 39.291078305000006 86.500000000000014 259.5666389000001 250.97438910000002 0.055777727500000006 105.50000000000001 913.50000000000011 186.50000000000003 70.500000000000014 44.500000000000007 0.050094734000000009 16.500000000000004 1616.5000000000002 252.27370125000002 40.231663685000008 217.53950100000003 123.50000000000001
decision_type=2 2 2 2 2 2 2 2 2 2 2 2 2 2 2 2 2 2 2 2 2 2 2 2 2 2 2 2 2 2
left_child=1 2 10 -4 6 23 19 12 26 11 -1 -7 -2 -9 16 -10 17 -15 22 21 -5 -3 24 -6 -13 -25 -8 -23 -27 -11
right_child=7 4 3 20 5 9 8 13 15 29 -12 18 -14 14 -16 -17 -18 -19 -20 -21 -22 27 -24 25 -26 28 -28 -29 -30 -31
leaf_value=-0.00096079852983011306 -0.037297299287636115 0.10045787516538446 0.10171647163978662 -0.100074862195748 0.10006515092547226 0.053630746912116417 0.10002278050047453 0.018931084650913258 -0.0070534860999331029 0.10002630777992393 -0.040170579630606419 -0.10003322298219895 0.10000826050692202 0.0072810958868205593 -0.0032418730335416271 -0.10000349547004 -0.10000088521638975 -0.10000130806802454 -0.079426815595933592 0.080497506526018059 -0.084233562030378267 0.10000103932229909 -0.10056738869635018 0.10004513873490445 -0.1000810556675529 0.10000563746611019 0.10000339174270099 0.10000763174260552 0.10001969498312752 0.10000976395248454
leaf_weight=0.075379713234724477 0.0021926228846496079 0.0080683308165134804 0.035778146091615781 0.0071601642557652667 0.0019189200083928881 0.0018944786115753223 0.0010049476036328997 0.00100562920943048 0.0010055748862214386 0.0010688588099583276 0.098043929698178545 0.0018626939418027177 0.0025534643664286705 0.0013323024795681704 0.0012018712659482836 0.0043560889162108651 0.19408064418439608 0.0074976567602789146 0.0055533700615342249 0.0016651429941703091 0.0019129976562908269 0.19816434366566682 0.0056100417859852314 0.0010578965011518449 0.0015971697284840047 0.0036283853669374366 0.0037368667990449467 0.0068104108827355949 0.002141366582691262 0.0018784826925184461
leaf_count=13 31 28 14 26 5 120 12 16 32 5 34 51 98 22 19 239 22068 787 21 5 68 21557 1 3 2 170 261 296 19 57
internal_value=0.000271114 0.042742 -0.00572384 0.0615709 0.084552 -0.00284196 0.0955191 -0.0951071 0.00311775 -0.0490657 -0.0231278 -0.075667 0.0365751 -0.098154 -0.0987309 -0.0825708 -0.0992965 -0.0838141 -0.0924178 0.0998672 -0.0967349 0.100019 -0.100372 0.100027 -0.100055 0.100016 0.100008 0.100001 0.100011 0.100016
internal_weight=0.681163 0.471298 0.218275 0.0448513 0.253023 0.0282117 0.224812 0.209864 0.0101035 0.0194651 0.173424 0.0165178 0.00474609 0.205118 0.204112 0.00536166 0.202911 0.00882996 0.0146233 0.214708 0.00907316 0.213043 0.00906991 0.00874657 0.00345986 0.00682765 0.00474181 0.204975 0.00576975 0.00294734
internal_count=46080 23039 155 108 22884 454 22430 23041 544 257 47 195 129 22912 22896 271 22877 809 75 21886 94 21881 54 197 53 192 273 21853 189 62
is_linear=0
shrinkage=0.1


Tree=110
num_leaves=31
num_cat=0
split_feature=11 8 14 17 10 16 5 2 14 45 2 14 23 45 8 45 44 18 15 6 8 20 4 36 8 13 11 8 24 28
split_gain=0.24696 0.0943079 0.0155064 0.0425078 0.0459744 0.0292458 0.0248567 0.0245831 0.018821 0.0137928 0.00869178 0.00827919 0.00813823 0.00391438 0.00244105 0.00567476 0.00210413 0.00900999 0.000942092 0.000227134 0.0002072 0.000740596 0.000168462 6.07674e-05 4.37827e-08 1.88562e-09 1.28796e-09 3.35586e-10 2.44395e-10 1.542e-10
threshold=3368.0000000000005 221.94963370000002 601.50000000000011 86.500000000000014 470.50000000000006 376.50000000000006 937.50000000000011 16.219433055000003 575.50000000000011 86.500000000000014 10.857360860000002 886.50000000000011 0.030304688500000006 86.500000000000014 246.40963215000002 87.500000000000014 137.50000000000003 185.50000000000003 117.50000000000001 40.057147805000007 250.97438910000002 73.500000000000014 210.15587045000004 4.5000000000000009 239.02812500000002 353.50000000000006 3008.5000000000005 239.02812500000002 0.045086793000000007 21.500000000000004
decision_type=2 2 2 2 2 2 2 2 2 2 2 2 2 2 2 2 2 2 2 2 2 2 2 2 2 2 2 2 2 2
left_child=1 11 3 4 7 -6 24 8 -3 -2 -8 -1 26 -12 15 18 23 -18 22 -19 21 -16 -11 25 -4 -15 -13 -21 -27 -24
right_child=9 2 6 -5 5 -7 10 -9 -10 14 13 12 -14 16 20 -17 17 19 -20 27 -22 -23 29 -25 -26 28 -28 -29 -30 -31
leaf_value=0.10000121890806749 0.10004274839567262 0.10050981730054157 0.10159936036146276 0.10266432076879495 0.10261852778089582 -0.082607329228933296 0.10000361013291165 -0.10095121830316714 -0.05005615544210669 -0.056563755923697327 0.10001147329510629 0.10012553187406388 -0.066522279681729399 -0.10015737423078148 -0.0038708179207687828 0.10000720424669392 0.10000619401538546 -0.050444728559854407 0.0050079295095098522 -0.10005502224903429 -0.10000083858610059 -0.10000109200475507 -0.10003569205766599 -0.080127440543801984 0.10137176520509311 -0.10001822459506989 0.1000105426126611 -0.10000275324724693 -0.10005722359533471 -0.10000725492048704
leaf_weight=0.17997825187103444 0.0036350825098452324 0.012153141008639068 0.015507601086028444 0.026850489949538314 0.032127935990047263 0.011602828846662305 0.0045346592587520709 0.074192613654304296 0.026199836211162619 0.0010094736790051684 0.0015856651598369345 0.0012521438766270876 0.0061154160030127969 0.0015688312705606222 0.0010315328227079581 0.0020222182138240905 0.0034993140047845372 0.0010719893925852375 0.0010575806645647398 0.0016187881119549274 0.17605109375517713 0.003592571623812546 0.0040916900816228008 0.0018858235785046426 0.018578346833237447 0.0036742056772709475 0.0043861072426807368 0.0050924816823680885 0.0028558818739838898 0.0035710186966753099
leaf_count=21529 34 82 2 28 87 20 298 17 7 3 69 1 24 1 48 49 214 6 86 3 21976 435 13 102 105 83 123 390 5 240
internal_value=0.00029059 0.0421803 0.00101947 -0.0135685 -0.033539 0.0534736 0.0444763 -0.0673486 -0.0023454 -0.092934 -0.0264631 0.0946909 0.013376 -0.0515576 -0.0965795 -0.0524175 -0.0628584 -0.0332684 -0.0840972 -0.093188 -0.099452 -0.0785566 -0.0949637 -0.0962945 0.101475 -0.100059 0.100036 -0.100015 -0.100035 -0.100022
internal_weight=0.632395 0.436332 0.2446 0.183127 0.156276 0.0437308 0.0614736 0.112546 0.038353 0.196062 0.0273876 0.191732 0.0117537 0.022853 0.192427 0.011752 0.0212673 0.0112826 0.00972976 0.00778326 0.180675 0.0046241 0.00867218 0.00998474 0.0340859 0.00809892 0.00563825 0.00671127 0.00653009 0.00766271
internal_count=46080 23196 1519 241 213 107 1278 106 89 22884 1171 21677 148 873 22850 391 804 613 342 399 22459 483 256 191 107 89 124 393 88 253
is_linear=0
shrinkage=0.1


Tree=111
num_leaves=31
num_cat=0
split_feature=11 36 14 21 11 45 41 8 15 17 14 45 8 45 20 17 42 29 2 18 14 8 6 15 8 42 19 24 14 14
split_gain=0.222769 0.085711 0.0205 0.0155978 0.0127027 0.0124618 0.0102344 0.00948983 0.0070793 0.00630263 0.00471952 0.00275734 0.00234555 0.00693578 0.00122139 0.00103204 0.000195329 7.05156e-06 1.74317e-07 1.40231e-07 1.30008e-09 2.2186e-10 8.0512e-11 6.81757e-11 1.46468e-11 1.42233e-11 1.03351e-11 9.91545e-12 4.93115e-12 3.4685e-12
threshold=3368.0000000000005 4.5000000000000009 601.50000000000011 41.500000000000007 3148.5000000000005 86.500000000000014 0.14815617400000003 250.97438910000002 104.50000000000001 116.50000000000001 589.50000000000011 87.500000000000014 250.97438910000002 87.500000000000014 23.500000000000004 157.50000000000003 0.042281706000000009 1.3259741945000003 12.532190925000002 70.500000000000014 913.50000000000011 231.15909090000002 43.122836185000004 102.50000000000001 221.94963370000002 0.048760259500000007 320.50000000000006 0.053022681000000009 839.50000000000011 883.50000000000011
decision_type=2 2 2 2 2 2 2 2 2 2 2 2 2 2 2 2 2 2 2 2 2 2 2 2 2 2 2 2 2 2
left_child=1 2 10 -4 7 -2 23 19 17 -9 -1 -11 13 15 -5 16 -7 -8 -13 -3 22 -18 24 -6 29 -25 -23 -27 -26 -21
right_child=5 4 3 14 6 12 8 9 -10 11 -12 18 -14 -15 -16 -17 21 -19 -20 20 -22 26 -24 25 28 27 -28 -29 -30 -31
leaf_value=-0.001990532116970947 0.10003868269895355 0.10044277179373506 0.091948133051247577 -0.10003624837728575 0.10003211026922787 -0.054006778987561288 -0.10034602693897576 0.100003242209576 0.10000743357844484 0.072372477338162919 -0.036936127354638568 -0.098528291118753927 -0.10000075500351979 0.10000648387906258 0.0021631330856250329 0.0091852491429553606 -0.10003224807238079 -0.092490397059569407 -0.10000316646841763 0.10000076799093836 0.10010331734920333 -0.10001165335906965 0.10002322075252659 0.1000026269065421 0.10000432281342 0.10001784903922534 -0.10000123192973993 0.10000562596893758 0.10001181121396591 0.1000059319707509
leaf_weight=0.069080791545275133 0.0032892856120270144 0.0075388777931948417 0.030177599546732381 0.0051695634538191362 0.0014412608525162787 0.0010095229854414365 0.0069341674334282288 0.003727635270479368 0.0022764839632145603 0.0011580594505176123 0.087722346856025979 0.0010200013607573055 0.15929773609468612 0.0023275096305042106 0.001511244299763348 0.0010120310075762981 0.0047423126816283911 0.0013681297291441297 0.003738544452971837 0.15770149172612946 0.0012568197689688523 0.0011867084508594417 0.0016487621428495905 0.0027691238183251699 0.0064356102052443012 0.001604363670139719 0.0048035796685326204 0.0011318955052956881 0.0010185409119003452 0.0013115063957229714
leaf_count=13 34 28 5 31 6 100 21 313 46 107 34 130 21976 57 72 69 16 111 227 21233 3 22 15 238 388 16 610 62 22 75
internal_value=0.000301799 0.0418873 -0.00576641 0.0613401 0.087108 -0.0927948 0.0057096 0.0947548 -0.0562153 -0.00184338 -0.0215406 -0.0660098 -0.0964322 -0.0587397 -0.0769181 -0.0877093 -0.0960605 -0.0990515 -0.099687 0.100021 0.100002 -0.100016 0.100001 0.100013 0.100001 0.100008 -0.100003 0.100013 0.100005 0.100001
internal_weight=0.575412 0.397743 0.193662 0.0368584 0.204081 0.177669 0.0175254 0.186556 0.0105788 0.00964424 0.156803 0.00591661 0.174379 0.0150817 0.00668081 0.0127542 0.0117421 0.0083023 0.00475855 0.176912 0.169373 0.0107326 0.168116 0.00694664 0.166467 0.00550538 0.00599029 0.00273626 0.00745415 0.159013
internal_count=46080 23196 155 108 23041 22884 500 22541 178 777 47 464 22850 874 103 817 748 132 357 21764 21736 648 21733 322 21718 316 632 78 410 21308
is_linear=0
shrinkage=0.1


Tree=112
num_leaves=31
num_cat=0
split_feature=8 18 14 17 10 24 11 43 42 20 44 45 24 2 24 32 8 45 6 8 23 43 5 10 2 14 2 19 8 20
split_gain=0.200733 0.0791116 0.0291929 0.0426213 0.0552593 0.0199207 0.0146825 0.00975889 0.0093852 0.00827663 0.00496761 0.00483078 0.00411158 0.00311798 0.0029787 0.00155602 0.00138633 0.00336588 0.000321197 0.000217362 0.000966823 0.000166365 9.83173e-06 7.03045e-07 1.76432e-09 9.68938e-10 1.86849e-10 1.96828e-11 1.18999e-11 7.20743e-12
threshold=231.15909090000002 185.50000000000003 601.50000000000011 86.500000000000014 470.50000000000006 0.043245386000000004 3148.5000000000005 0.18137003800000004 0.07692692750000002 20.500000000000004 137.50000000000003 86.500000000000014 0.043245386000000004 14.111192365000003 0.053750369000000006 2.5000000000000004 244.80777060000005 87.500000000000014 42.454647005000005 250.97438910000002 0.034632268000000008 0.15909421400000004 1752.5000000000002 470.50000000000006 16.219433055000003 913.50000000000011 14.754950520000001 267.50000000000006 242.86884025000003 24.500000000000004
decision_type=2 2 2 2 2 2 2 2 2 2 2 2 2 2 2 2 2 2 2 2 2 2 2 2 2 2 2 2 2 2
left_child=6 2 3 4 12 -6 13 10 26 -7 21 -3 -2 25 15 -10 17 22 -18 20 -20 -4 -13 -9 -23 -1 27 -8 -25 -11
right_child=1 11 7 -5 5 9 8 23 14 29 -12 16 -14 -15 -16 -17 18 -19 19 -21 -22 24 -24 28 -26 -27 -28 -29 -30 -31
leaf_value=0.10000082589291943 -0.10093967605728232 0.100024481936035 -0.054042312774690883 0.10244265423493565 0.10267634490227398 -0.092578069365079563 0.10001686556028209 0.10129908932761933 -0.033172659758281209 0.10002668103682606 0.1000040447683174 -0.088073902352753516 -0.056095069571633738 0.049995002025897656 -0.067423368788861043 0.10001095942144367 -0.046179520740569552 0.10000555406389594 0.0084614569702423491 -0.10000072907953379 -0.10000107087958601 -0.10001455729439875 -0.10000553668290031 0.10001379354843475 -0.10015609376542466 0.10009348448677904 0.10005340265450365 0.10000440958430322 0.10000242602048195 0.10001667891326585
leaf_weight=0.1464673989730727 0.059724526829086244 0.0012502872859840855 0.0010051708436549234 0.024067771669706417 0.027648108181892894 0.0097923922753579973 0.001794230794075701 0.026426577485835878 0.0016230608744081118 0.0015201998335214748 0.0019651382285701393 0.0010213090868091959 0.031086727447473095 0.0136190895409527 0.010443198372286133 0.0019090106470684987 0.001147575709183001 0.0012106423882869422 0.0010133257665074771 0.1476269470040279 0.0043491218848430435 0.0020293217216931225 0.0021327943954929651 0.001218063207488739 0.0015560450265184045 0.001137323602961259 0.00106708740349859 0.0043305825829520472 0.0037747459969068586 0.0013694158219550445
leaf_count=21450 13 44 55 24 5 20 15 14 7 20 165 10 46 20 35 46 102 34 23 22268 613 101 174 38 1 3 2 349 329 54
internal_value=0.000315196 -0.0437051 -0.000651519 -0.0198799 -0.0423292 0.0550772 0.0854968 0.0779376 0.00719329 -0.0486939 -0.0330415 -0.0957688 -0.0855884 0.0957773 -0.0405742 0.0388103 -0.0973132 -0.0417369 -0.098887 -0.0992823 -0.0795052 -0.0899962 -0.096142 0.101093 -0.100076 0.100002 0.100015 0.100008 0.100005 0.100022
internal_weight=0.535327 0.352936 0.193184 0.155209 0.131141 0.0403301 0.182391 0.0379751 0.0211672 0.012682 0.00655568 0.159752 0.0908113 0.161224 0.0139753 0.00353207 0.158502 0.00436475 0.154137 0.152989 0.00536245 0.00459054 0.0031541 0.0314194 0.00358537 0.147605 0.0071919 0.00612481 0.00499281 0.00288962
internal_count=46080 24153 885 182 158 99 21927 703 454 94 322 23268 59 21473 88 53 23224 218 23006 22904 636 157 184 381 102 21453 366 364 367 74
is_linear=0
shrinkage=0.1


Tree=113
num_leaves=31
num_cat=0
split_feature=8 18 14 17 10 24 11 43 39 20 32 24 44 45 2 8 45 4 6 43 2 10 2 14 18 6 8 5 20 8
split_gain=0.179867 0.0719436 0.0262439 0.0381706 0.0488094 0.0179726 0.0135551 0.00884755 0.00840031 0.00740113 0.00719797 0.00459936 0.00444595 0.00436492 0.00351136 0.00130191 0.00536771 0.000669998 0.000230364 0.000176326 2.78191e-05 5.19628e-07 1.28625e-09 7.17574e-10 7.57983e-11 6.28351e-11 8.81722e-12 8.23781e-12 5.34316e-12 5.19565e-12
threshold=231.15909090000002 185.50000000000003 601.50000000000011 86.500000000000014 470.50000000000006 0.043245386000000004 3148.5000000000005 0.18137003800000004 0.050006701500000007 20.500000000000004 3.5000000000000004 0.043245386000000004 137.50000000000003 86.500000000000014 14.111192365000003 250.97438910000002 87.500000000000014 221.19230770000004 42.454647005000005 0.16120758000000004 10.371760795000002 470.50000000000006 16.219433055000003 913.50000000000011 180.50000000000003 41.908738390000003 242.86884025000003 1790.5000000000002 24.500000000000004 221.94963370000002
decision_type=2 2 2 2 2 2 2 2 2 2 2 2 2 2 2 2 2 2 2 2 2 2 2 2 2 2 2 2 2 2
left_child=6 2 3 4 11 -6 14 12 17 -7 -10 -2 19 -3 23 16 20 24 -17 -4 -15 -9 -21 29 -8 -22 -23 -26 -11 -1
right_child=1 13 7 -5 5 9 8 21 10 28 -12 -13 -14 15 -16 18 -18 -19 -20 22 25 26 -24 -25 27 -27 -28 -29 -30 -31
leaf_value=0.10000067215413602 -0.10084986314889131 0.10002215115839262 -0.05239384066293637 0.10220499017529967 0.10241571694264751 -0.09111764975589301 0.10002894977839621 0.10117400402172574 -0.086496330358690365 0.10002414242271168 0.10000795145132618 -0.052114949099233025 0.10000365958992685 -0.082129463130797248 0.046126460658308339 -0.052764934180637685 0.10000522402475505 0.017166349881111206 -0.10000065865208357 -0.10001345827215534 -0.10002964019120256 0.10001248158888586 -0.10014121958422975 0.10008457653107009 0.10000392693861954 -0.10000245992805355 0.1000021949846953 0.10001373574563231 0.10001508902573308 0.1000056201017082
leaf_weight=0.13037194461048784 0.054086665506474674 0.0011313317081658161 0.0010242410171485972 0.02182548223959202 0.02507746395713184 0.0089955672760879679 0.0023387843102682373 0.023939815400808584 0.0093790812306906446 0.0013755668687736042 0.0026551597179604878 0.030165233447405626 0.0017781370925149522 0.0010100125191456755 0.013302616816872614 0.0010405023563180285 0.0016944481312748394 0.0011438102164902375 0.13357847881434282 0.001789255081803276 0.0010136811488337116 0.001102162876577494 0.0014081662520766258 0.0010291798744219696 0.0031430631515831919 0.0052848733107566659 0.0034155389294028282 0.0011767765631702787 0.0012391173549985979 0.0021573325402641777
leaf_count=21312 13 44 58 24 5 20 19 14 28 20 80 46 165 141 20 97 45 8 22268 98 6 38 1 3 279 667 329 40 54 138
internal_value=0.000324707 -0.0433288 -0.000608037 -0.0195134 -0.0414794 0.054792 0.0846413 0.0777214 0.00705131 -0.0480726 -0.0453472 -0.083401 -0.0326359 -0.0956322 0.0951214 -0.0971734 -0.0603572 0.0878692 -0.0996356 -0.0885028 -0.0975363 0.100988 -0.10007 0.100001 0.100014 -0.100007 0.100005 0.100007 0.10002 0.100001
internal_weight=0.488673 0.321976 0.177222 0.142765 0.12094 0.0366877 0.166698 0.0344573 0.0198367 0.0116103 0.0120342 0.0842519 0.0059998 0.144753 0.146861 0.143622 0.00900302 0.00780243 0.134619 0.00422166 0.00730857 0.0284575 0.00319742 0.133558 0.00665862 0.00629855 0.0045177 0.00431984 0.00261468 0.132529
internal_count=46080 24153 885 182 158 99 21927 703 454 94 108 59 322 23268 21473 23224 859 346 22365 157 814 381 99 21453 338 673 367 319 74 21450
is_linear=0
shrinkage=0.1


Tree=114
num_leaves=31
num_cat=0
split_feature=11 36 23 8 2 11 45 7 10 41 6 10 15 8 45 4 5 14 29 10 18 18 15 8 4 20 42 13 39 14
split_gain=0.161912 0.0685744 0.0168338 0.0139464 0.0120962 0.0096879 0.00965728 0.00848753 0.0131123 0.00773819 0.00696464 0.00566165 0.00558928 0.00186591 0.00531694 0.00074028 0.000294754 5.50399e-05 1.04497e-05 7.27222e-06 1.43537e-07 9.85458e-11 3.98153e-11 1.17482e-11 1.03137e-11 8.59013e-12 7.05516e-12 2.75966e-12 2.88955e-12 1.82169e-12
threshold=3368.0000000000005 4.5000000000000009 0.021252902500000004 239.02812500000002 16.219433055000003 3148.5000000000005 86.500000000000014 5297.0000000000009 470.50000000000006 0.14815617400000003 43.305771605000011 594.50000000000011 104.50000000000001 250.97438910000002 87.500000000000014 212.54101995000005 1501.5000000000002 913.50000000000011 1.3259741945000003 863.50000000000011 70.500000000000014 233.50000000000003 102.50000000000001 221.94963370000002 240.80973110000002 28.500000000000004 0.048760259500000007 678.50000000000011 0.066656742000000005 560.50000000000011
decision_type=2 2 2 2 2 2 2 2 2 2 2 2 2 2 2 2 2 2 2 2 2 2 2 2 2 2 2 2 2 2
left_child=1 2 3 4 -1 10 -2 -5 -9 22 17 25 18 14 15 -8 -13 20 -11 21 -3 -17 -7 -22 -23 -12 -24 28 29 -25
right_child=6 5 -4 7 -6 9 13 8 -10 12 11 16 -14 -15 -16 19 -18 -19 -20 -21 23 24 26 27 -26 -27 -28 -29 -30 -31
leaf_value=0.019418135222840267 0.10003032196331541 0.10045056935308186 -0.085801283038778542 0.096210687773300246 -0.052923499949453771 0.10002725050230542 -0.024626446270347352 0.07747899703053801 -0.079416085227240474 -0.10026949091312863 0.10001221962954705 -0.10000188356247747 0.10000634323136259 -0.10000055642856892 0.10000512603883614 -0.10002848345109823 -0.036924797282900879 0.07706605952291945 -0.08932882220036685 -0.090929780339840005 0.10000060161943042 -0.10001207721463053 0.10000196725161914 0.10000146605874903 -0.10000111598468259 0.10000123744260357 0.10001015622807241 0.10000158483584382 0.1000103957832022 0.10000604081258409
leaf_weight=0.048273280551256903 0.0025566454269210217 0.0075234671621728913 0.022917874061931798 0.022437771200202405 0.04434810602106154 0.0011358628453308492 0.0016006055220714197 0.012099763975129463 0.0095159984130077646 0.0053616854593201424 0.001182710157308974 0.0028556992692756467 0.0018222207900180365 0.11808334013494459 0.001799263528027951 0.0023371692659566179 0.0010003320944633742 0.0010523342580199815 0.0010427936358610168 0.0010031482211161347 0.11780100593296083 0.0011054980022890959 0.0020581446592586872 0.0012299398622417348 0.0038406303406191 0.0017904462492879247 0.0021522687193282763 0.002038282510056888 0.0011316734835418174 0.0029779836822854122
leaf_count=32 34 28 48 2 10 6 30 4 59 21 32 271 46 21976 57 9 92 5 111 151 21308 14 238 124 613 241 78 239 41 160
internal_value=0.000332855 0.039459 -0.00648873 0.00681052 -0.0152198 0.087027 -0.0924364 0.0531287 0.00840841 0.0063474 0.0948164 -0.00368712 -0.0545214 -0.0962283 -0.0581117 -0.0868861 -0.0836384 0.0998457 -0.0984881 -0.0989121 0.100026 -0.100012 0.100011 0.100001 -0.100004 0.100006 0.100006 0.100005 0.100006 0.100005
internal_weight=0.446076 0.31375 0.159593 0.136675 0.0926214 0.154157 0.132326 0.0440535 0.0216158 0.013573 0.140584 0.00682919 0.0082267 0.12977 0.0116863 0.00988705 0.00385603 0.133755 0.00640448 0.00828645 0.132702 0.0072833 0.00534628 0.125179 0.00494613 0.00297316 0.00421041 0.00737788 0.0053396 0.00420792
internal_count=46080 23196 155 107 42 23041 22884 65 63 500 22541 636 178 22850 874 817 363 21905 132 787 21900 636 322 21872 627 273 316 564 325 284
is_linear=0
shrinkage=0.1


Tree=115
num_leaves=31
num_cat=0
split_feature=19 36 23 11 8 2 45 20 8 8 26 17 39 15 1 6 8 24 23 12 39 18 16 24 6 0 8 8 2 41
split_gain=0.145008 0.059984 0.0147723 0.014407 0.0121589 0.0100687 0.00788616 0.00632613 0.00518195 0.00516486 0.00460658 0.00383481 0.0020316 0.00131598 0.00129772 0.000560791 0.000463078 0.00161191 0.000174838 0.000255532 7.59589e-07 1.06023e-07 3.56664e-10 6.92206e-11 2.61779e-11 2.43773e-11 4.42354e-12 2.19574e-12 8.97165e-13 8.41248e-13
threshold=302.50000000000006 4.5000000000000009 0.021252902500000004 3148.5000000000005 239.02812500000002 16.219433055000003 86.500000000000014 19.500000000000004 239.02812500000002 250.97438910000002 5.5000000000000009 116.50000000000001 0.023809728000000002 84.500000000000014 17.500000000000004 42.454647005000005 250.97438910000002 0.055777727500000006 0.030077321500000004 48.500000000000007 1.0000000180025095e-35 70.500000000000014 770.50000000000011 0.050094734000000009 43.122836185000004 41.500000000000007 221.94963370000002 217.19246030000002 14.754950520000001 0.14746746000000002
decision_type=2 2 2 2 2 2 2 2 2 2 2 2 2 2 2 2 2 2 2 2 2 2 2 2 2 2 2 2 2 2
left_child=1 2 4 9 5 -1 23 -6 14 21 12 29 -8 -13 -2 -10 17 -17 19 -14 -19 -3 24 -5 26 -25 -23 -27 -28 -11
right_child=8 3 -4 6 7 -7 10 -9 15 11 -12 13 18 -15 -16 16 -18 20 -20 -21 -22 22 -24 25 -26 27 28 -29 -30 -31
leaf_value=0.01753464115294201 -0.034493851979232486 0.10040759033964877 -0.083300279884235828 0.10003805634961212 0.087122382256259318 -0.048973302611054974 0.050845844208681747 0.0081220515838312992 -0.026380367262527765 0.10000472917363845 0.10001023281030011 -0.10000166822706909 -0.029414804687406246 0.029584820482426073 0.10000527166729177 0.030833745035098753 -0.10000049702707954 -0.096857028303639681 -0.098544230323048682 -0.10002631487145108 -0.10000081294158031 0.10000053171144403 0.10005928715165618 0.10002308544868968 0.10001585797427304 0.10000312297838793 0.10000266819746927 0.10000861548256453 0.10000554953314676 0.10000106614210323
leaf_weight=0.048121303439984331 0.0013337300192688408 0.0068102803425063021 0.021328587041807623 0.0011393278541618193 0.022570144006749615 0.043196002545300871 0.0011437331163506323 0.018399686168777407 0.0010874217132368349 0.0010806511759255946 0.0017818222877394882 0.0025034686063918343 0.0010107815528499486 0.001140756720360514 0.0015522941844210436 0.0012260047187737646 0.10655266129788288 0.001005393608011218 0.0067769465513265459 0.001039625087287277 0.0032625011917843949 0.1062574665838838 0.001053291176503989 0.0010705078366299858 0.0011464753276868569 0.0016930318488448393 0.0035326379415891998 0.0012767154585162643 0.00155691548525283 0.0014933856566585746
leaf_count=32 31 28 48 5 6 10 120 59 89 92 62 261 39 111 98 29 22007 178 32 4 609 21288 5 7 15 156 302 29 107 221
internal_value=0.000336829 0.0373574 -0.00607054 0.0838442 0.00638117 -0.0139257 -0.0027848 0.0516431 -0.0944717 0.0954329 -0.0480899 0.00656267 -0.0745552 -0.059437 0.0378486 -0.0978471 -0.0985407 -0.0702288 -0.0908031 -0.0652172 -0.0992602 0.100024 0.100001 0.100016 0.100001 0.10001 0.100001 0.100005 0.100004 0.100003
internal_weight=0.413144 0.297124 0.153616 0.143508 0.132287 0.0913173 0.0169325 0.0409698 0.11602 0.126575 0.0117529 0.00621826 0.00997109 0.00364423 0.00288602 0.113134 0.112047 0.0054939 0.00882735 0.00205041 0.00426789 0.120357 0.113547 0.00517958 0.112493 0.00404026 0.111347 0.00296975 0.00508955 0.00257404
internal_count=46080 23039 155 22884 107 42 454 65 23041 22430 257 685 195 372 129 22912 22823 816 75 43 787 21745 21717 197 21712 192 21697 185 409 313
is_linear=0
shrinkage=0.1


Tree=116
num_leaves=31
num_cat=0
split_feature=11 36 14 16 45 11 41 8 15 14 17 8 45 15 4 4 13 14 18 2 1 24 8 6 15 16 8 13 13 14
split_gain=0.129758 0.0586569 0.0129178 0.0209594 0.00806062 0.00783326 0.00640227 0.00593387 0.00459914 0.00413129 0.00381881 0.00166761 0.00445798 0.00119899 0.000696051 3.51428e-05 1.0136e-05 6.80865e-06 7.85395e-08 1.35536e-09 2.51299e-10 1.11583e-10 5.7811e-11 1.93598e-11 1.87416e-11 1.02057e-11 4.36146e-12 2.91163e-12 2.27691e-12 7.26464e-13
threshold=3368.0000000000005 4.5000000000000009 601.50000000000011 376.50000000000006 86.500000000000014 3148.5000000000005 0.14815617400000003 250.97438910000002 104.50000000000001 589.50000000000011 116.50000000000001 250.97438910000002 87.500000000000014 84.500000000000014 212.54101995000005 226.18763860000004 728.50000000000011 1047.5000000000002 70.500000000000014 16.219433055000003 40.500000000000007 0.045086793000000007 231.15909090000002 43.122836185000004 103.50000000000001 407.00000000000006 221.94963370000002 757.50000000000011 825.50000000000011 560.50000000000011
decision_type=2 2 2 2 2 2 2 2 2 2 2 2 2 2 2 2 2 2 2 2 2 2 2 2 2 2 2 2 2 2
left_child=1 2 9 -4 -2 7 24 18 16 -1 -9 12 14 -12 -6 -5 -8 22 -3 21 23 25 -16 26 -7 -17 -20 -26 -24 -28
right_child=4 5 3 15 11 6 8 10 -10 -11 13 -13 -14 -15 17 19 -18 -19 20 -21 -22 -23 28 -25 27 -27 29 -29 -30 -31
leaf_value=-0.00021654724723826357 0.10002568512829707 0.10036871814038309 0.10105835335891072 -0.083792748712316248 -0.022328110899798068 0.10001782610634694 -0.10022792561042933 0.10000235630624876 0.10000525765769422 -0.037418622099648968 -0.10000136230942701 -0.10000045228837691 0.1000043317211472 0.021097690495108803 -0.10002240217287139 -0.10001994323989925 -0.089079247722334054 -0.09116708344835317 0.10000047627364157 -0.10013918042659516 0.10005078531718062 -0.1000523227199373 -0.10000619858378038 0.10001435325768089 0.10000177046482339 -0.10000808162663247 0.10000120585994887 0.10000827268502871 -0.10000059502890668 0.10000422281900233
leaf_weight=0.055586696023965487 0.0021397929199338242 0.0061644616507692254 0.022424915558076464 0.0017695065671432522 0.0014405292486117105 0.0015192338196357014 0.0042631489793620858 0.0023290903272936694 0.0015069567962200381 0.064472892991034314 0.0026363012557339971 0.096778866108479633 0.0015304933890547554 0.0011851202116304194 0.0023151540372055024 0.0015041620017655077 0.0010083903007398476 0.001020720040287415 0.09622869018903657 0.0013878958998247981 0.0010142436731257467 0.0010452804854139686 0.0010050818546005758 0.0010373886143497648 0.0018710380086304212 0.0014009532528689306 0.0010146832232749139 0.001089791588128719 0.0026033974709207541 0.0037397922792479221
leaf_count=13 34 28 14 8 30 12 9 313 46 34 342 21976 57 122 12 16 123 149 21305 1 6 2 67 15 250 67 125 60 559 285
internal_value=0.000335232 0.036776 -0.00561987 0.0536298 -0.0921447 0.0868683 0.00725103 0.0946392 -0.0540547 -0.0201943 -0.000929337 -0.0959988 -0.0569406 -0.0624455 -0.0855878 -0.0960058 -0.0980953 -0.0987103 0.100022 -0.100054 0.100001 -0.100024 -0.10001 0.100001 0.100009 -0.100014 0.100001 0.100004 -0.100002 0.100004
internal_weight=0.385035 0.276201 0.149592 0.0295327 0.108834 0.126608 0.0112586 0.11535 0.0067785 0.12006 0.00615051 0.106694 0.00991538 0.00382142 0.00838488 0.0071078 0.00527154 0.00694435 0.109199 0.00533829 0.103035 0.0039504 0.00592363 0.102021 0.00448006 0.00290512 0.100983 0.00296083 0.00360848 0.00475448
internal_count=46080 23196 155 108 22884 23041 500 22541 178 47 777 22850 874 464 817 94 132 787 21764 86 21736 85 638 21730 322 83 21715 310 626 410
is_linear=0
shrinkage=0.1


Tree=117
num_leaves=31
num_cat=0
split_feature=8 18 17 14 10 24 11 20 42 43 24 2 20 6 24 8 32 37 18 8 20 41 0 10 21 2 24 8 8 16
split_gain=0.116406 0.0517551 0.0218816 0.0321843 0.0387822 0.0145575 0.00903082 0.00635676 0.0058275 0.00465123 0.00367243 0.00354908 0.00246345 0.00238013 0.00190569 0.00133416 0.00107909 0.000810888 0.000329782 0.000208654 0.000513331 1.25219e-05 8.57451e-07 1.11996e-07 1.71486e-10 3.37901e-11 2.51071e-12 1.84268e-12 1.2524e-12 6.12635e-13
threshold=231.15909090000002 185.50000000000003 86.500000000000014 601.50000000000011 470.50000000000006 0.043245386000000004 3148.5000000000005 20.500000000000004 0.07692692750000002 0.17778087200000001 0.043245386000000004 14.111192365000003 31.500000000000004 39.341784335000007 0.053750369000000006 244.80777060000005 2.5000000000000004 0.045198696000000003 71.500000000000014 250.97438910000002 73.500000000000014 0.13954171550000002 23.500000000000004 676.50000000000011 140.50000000000003 11.860669315000001 0.055460693000000012 221.94963370000002 216.36369775000003 653.50000000000011
decision_type=2 2 2 2 2 2 2 2 2 2 2 2 2 2 2 2 2 2 2 2 2 2 2 2 2 2 2 2 2 2
left_child=6 2 3 4 10 -6 11 -7 25 12 -2 24 21 -3 16 17 -10 -15 -5 20 -17 -4 -11 -21 27 26 28 -1 -8 -25
right_child=1 13 9 18 5 7 8 -9 14 22 -12 -13 -14 15 -16 19 -18 -19 -20 23 -22 -23 -24 29 -26 -27 -28 -29 -30 -31
leaf_value=0.10000043820780327 -0.10068805517474999 0.053026789127057251 -0.084434305560313228 0.10094933611670415 0.10188026795956961 -0.091382481392172379 0.10000091063012347 0.10002179313913834 -0.032201911322354865 0.10195196572774574 -0.052066219230936898 0.043065798240268294 0.098353803706924828 0.015716364950834057 -0.064449624346074819 -0.015602067135634241 0.1000084059029214 -0.089678159664602713 0.076615807197366048 -0.09893907030457888 -0.10000068668954964 -0.10001623270013026 0.1000022688222813 -0.1000027420146794 0.10004208067058332 0.10002501198339933 0.10000874061152508 0.10000401671824362 0.10000548227634609 -0.10000040679749236
leaf_weight=0.087186444875896996 0.045627145271282643 0.0010695598457459701 0.001003614775981986 0.011985258264985532 0.019826758551062085 0.0075211252087683533 0.0013553328797115691 0.0022554702729848941 0.0011674386719278118 0.018779361620545387 0.023553245333459927 0.012471544117033773 0.0010066953614114027 0.0016514605299562382 0.0069422213837242452 0.0010250924945012221 0.0013101484037179034 0.0013083312519484025 0.010404384733192273 0.0010054124425096225 0.0024265479851237615 0.0010609174560158863 0.0025635909223638001 0.0011380065798221031 0.0010029396717072805 0.00107050782389706 0.0010726395980782399 0.001463082673126336 0.0010741557996425399 0.087959500556053172
leaf_count=21288 13 74 132 92 5 20 252 74 7 1 46 20 128 161 35 82 46 56 16 77 556 22 336 140 27 6 57 138 51 22122
internal_value=0.000353906 -0.038979 -0.00120902 -0.0186109 -0.0431466 0.0526377 0.0827251 -0.0472253 0.00738366 0.0851604 -0.0841342 0.093048 -0.0299021 -0.095329 -0.0375795 -0.096973 0.0377109 -0.0308717 0.0896416 -0.0990643 -0.0749354 -0.0924415 0.101718 -0.0999886 0.100001 0.100009 0.100005 0.1 0.100003 -0.1
internal_weight=0.359288 0.243171 0.145588 0.121173 0.0987837 0.0296034 0.116116 0.0097766 0.0139924 0.0244142 0.0691804 0.102124 0.00307123 0.0975839 0.00941981 0.0965144 0.00247759 0.00295979 0.0223896 0.0935546 0.00345164 0.00206453 0.021343 0.0901029 0.0896525 0.00457264 0.00350213 0.0886495 0.00242949 0.0890975
internal_count=46080 24153 885 266 158 99 21927 94 454 619 59 21473 282 23268 88 23194 53 217 108 22977 638 154 337 22339 21453 366 360 21426 303 22262
is_linear=0
shrinkage=0.1


Tree=118
num_leaves=31
num_cat=0
split_feature=11 36 23 8 45 11 20 41 6 10 15 8 45 4 2 20 37 4 18 16 18 37 20 19 8 12 2 6 14 42
split_gain=0.104393 0.0503739 0.011825 0.00941737 0.00673413 0.0065166 0.0057595 0.00534447 0.0049767 0.00412711 0.00398107 0.00157985 0.0039506 0.000635569 0.000149513 9.23473e-06 6.6392e-06 4.11723e-06 6.76557e-08 1.14608e-10 3.60556e-11 1.44933e-11 3.6012e-12 3.37945e-12 2.77402e-12 2.39491e-12 4.90052e-13 2.93788e-13 2.01492e-13 8.64586e-14
threshold=3368.0000000000005 4.5000000000000009 0.021252902500000004 239.02812500000002 86.500000000000014 3148.5000000000005 19.500000000000004 0.14815617400000003 42.749125510000006 594.50000000000011 104.50000000000001 250.97438910000002 87.500000000000014 212.54101995000005 12.624240405000002 54.500000000000007 0.0077918815000000011 246.59753090000001 70.500000000000014 712.50000000000011 233.50000000000003 0.023804832000000001 29.500000000000004 321.50000000000006 221.94963370000002 45.500000000000007 11.247677045000001 42.454647005000005 876.50000000000011 0.040305213500000006
decision_type=2 2 2 2 2 2 2 2 2 2 2 2 2 2 2 2 2 2 2 2 2 2 2 2 2 2 2 2 2 2
left_child=1 2 3 -1 -2 8 -5 21 17 22 15 12 13 -6 -11 -9 -15 18 -3 24 -18 25 -10 -22 28 -7 -26 -28 -20 -13
right_child=4 5 -4 6 11 7 -8 10 9 14 -12 29 -14 16 -16 -17 20 -19 19 -21 23 -23 -24 -25 26 -27 27 -29 -30 -31
leaf_value=-0.012884276316498678 0.10002131814769313 0.10035249601204872 -0.080669331964843993 0.085121947152355729 -0.02189552152058679 0.10000795451242926 0.0041601603991453318 -0.10020211244962812 0.10000890165414099 -0.051920925013458144 0.10000496038557061 -0.10000104812685276 0.10000396326554935 -0.091077574726653066 -0.10000198785266326 -0.08939044307362648 -0.10002101394469305 0.09357944342735397 0.10000037761467909 0.1000345759286379 -0.10000775873864053 0.10001763357120846 0.10000080262148239 -0.10000078273293889 0.10000147471623876 0.10000180589214976 0.10000492973648555 0.10000285345148302 0.10000179611992993 -0.1000003615981518
leaf_weight=0.080683600054726412 0.0017961190640107807 0.005857379144345031 0.018204874290404405 0.019638377358205616 0.0013255214662422077 0.001045399885470033 0.015901297238542611 0.0034310347143673425 0.0010292519507402167 0.00100903117049711 0.001319948250966263 0.0018791417123793499 0.0013819526191127807 0.0010016940100285865 0.0018012806517617719 0.0010263451558785164 0.0016730522329453379 0.0010024539944879498 0.077601316515483632 0.0010005258043292988 0.0010061367509024421 0.0011588680117711192 0.0011766399002226535 0.0022415711882786127 0.0012741696618832057 0.001607700859722172 0.0013101897495744197 0.0014202111649410654 0.0010144922771360134 0.077394344953745531
leaf_count=42 34 28 48 6 30 41 59 29 40 168 46 379 57 204 196 103 9 148 21074 50 28 16 240 546 157 265 80 173 187 21597
internal_value=0.000356384 0.0348172 -0.00573032 0.00600791 -0.0916605 0.0866864 0.0488977 0.00810148 0.0945775 -0.00237673 -0.05254 -0.0955771 -0.0549454 -0.0844892 -0.0827387 -0.0977126 -0.0984985 0.0999525 0.100024 0.100001 -0.100009 0.100008 0.100005 -0.100003 0.100001 0.100004 0.100003 0.100004 0.1 -0.1
internal_weight=0.329214 0.239514 0.134428 0.116223 0.0896995 0.105086 0.0355397 0.0095893 0.0954969 0.0050162 0.00577733 0.0879034 0.00862993 0.00724798 0.00281031 0.00445738 0.00592245 0.0904807 0.0894783 0.0836209 0.00492076 0.00381197 0.00220589 0.00324771 0.0826204 0.0026531 0.00400457 0.0027304 0.0786158 0.0792735
internal_count=46080 23196 155 107 22884 23041 65 500 22541 644 178 22850 874 817 364 132 787 21897 21749 21721 583 322 280 574 21671 306 410 253 21261 21976
is_linear=0
shrinkage=0.1


Tree=119
num_leaves=31
num_cat=0
split_feature=8 16 10 2 11 45 42 2 41 11 42 14 2 17 14 27 41 13 6 8 42 6 6 10 12 14 18 2 11 24
split_gain=0.0933335 0.0446373 0.0222006 0.00930642 0.00747586 0.00729486 0.00474967 0.00373014 0.00159631 0.00130665 0.00354485 0.00126487 0.00227006 0.000915529 0.000751615 0.000122941 4.89065e-05 3.47598e-05 1.86509e-05 1.01147e-05 2.06408e-06 7.52639e-07 7.33384e-07 6.75653e-10 2.51569e-10 7.88865e-11 1.75612e-11 1.63445e-11 7.50284e-12 1.96544e-12
threshold=231.15909090000002 376.50000000000006 470.50000000000006 16.219433055000003 3148.5000000000005 86.500000000000014 0.07692692750000002 14.111192365000003 0.15154390400000003 3753.5000000000005 0.075000196000000005 697.50000000000011 11.732316040000002 130.50000000000003 589.50000000000011 77.500000000000014 0.16667705300000002 935.50000000000011 44.46355706500001 249.79294600000003 0.24000436750000001 41.908738390000003 41.908738390000003 478.50000000000006 23.500000000000004 886.50000000000011 70.500000000000014 11.788222540000001 3025.5000000000005 0.055252482500000012
decision_type=2 2 2 2 2 2 2 2 2 2 2 2 2 2 2 2 2 2 2 2 2 2 2 2 2 2 2 2 2 2
left_child=4 2 3 -2 7 28 27 25 -8 10 11 -7 -13 -10 -12 19 -16 18 20 -11 22 -4 -18 -24 -25 -1 -23 29 -3 -6
right_child=1 5 21 -5 6 9 8 -9 13 15 14 12 -14 -15 16 -17 17 -19 -20 -21 -22 26 23 24 -26 -27 -28 -29 -30 -31
leaf_value=0.1000004087495947 0.024401710719767204 0.10000113024429708 0.10161402748190305 -0.039572739461743431 0.10000174861401545 0.094119538089779464 -0.061363277817859253 0.04051443065617568 -0.030845787919843881 -0.090993480377509275 -0.013021850664966722 0.081783591790505733 -0.096689096290187251 0.10000630721991366 -0.077584614973267338 -0.067481820196580833 -0.098146604739239779 -0.079607048550883297 -0.088233916208832863 -0.10000033616240156 -0.094982551609498686 0.10003197227089283 -0.10008054673285763 -0.10003705179571194 -0.10000062251444974 0.10002860328746872 0.10001705637581935 0.10001854698414891 0.10001333534810142 0.1000072695704195
leaf_weight=0.072425610055233847 0.036599100603780244 0.0010122981711901948 0.015977416604073369 0.060044132098482805 0.0017151581778307454 0.001274737177482165 0.0061012392311567964 0.012308021579428896 0.0010035233126473031 0.0012706656873433522 0.0011827207764554251 0.0011911979565866204 0.0017740996809152421 0.0011445361578807933 0.0014305844467799025 0.0011955194531765292 0.0025800858529692059 0.0010909890663697288 0.0017117898594278822 0.066472505621504752 0.0010230244242848139 0.0011555195533219367 0.0024804659769870341 0.0041678121488075703 0.0034771474843182659 0.00100615357382594 0.0024906733542593429 0.0010391207688371651 0.0010024146567957359 0.0010332632857625867
leaf_count=21411 43 169 5 30 293 192 35 20 12 324 11 130 179 41 123 244 24 313 416 20430 312 15 5 12 982 42 152 8 42 65
internal_value=0.000360542 -0.0371245 0.00434516 -0.0153454 0.081101 -0.0882337 0.00730244 0.0914615 -0.0352619 -0.0923416 -0.0719153 0.0108164 -0.0249943 0.0388753 -0.0902382 -0.0992704 -0.0953226 -0.0968576 -0.0980765 -0.0998314 -0.0993037 0.101318 -0.0996517 -0.100035 -0.10002 0.100001 0.100022 0.100008 0.100007 0.100004
internal_weight=0.308382 0.210605 0.116267 0.0966432 0.0977766 0.0943381 0.0120368 0.0857398 0.0082493 0.0923233 0.0233847 0.00424003 0.0029653 0.00214806 0.0191446 0.0689387 0.0179619 0.0165313 0.0154403 0.0677432 0.0137285 0.0196236 0.0127055 0.0101254 0.00764496 0.0734318 0.00364619 0.00378754 0.00201471 0.00274842
internal_count=46080 24153 245 73 21927 23908 454 21473 88 23697 2699 501 309 53 2198 20998 2187 2064 1751 20754 1335 172 1023 999 994 21453 167 366 211 358
is_linear=0
shrinkage=0.1


Tree=120
num_leaves=31
num_cat=0
split_feature=11 36 14 16 2 45 11 41 8 15 17 8 45 6 4 19 10 2 18 17 18 37 2 10 15 8 8 14 42 21
split_gain=0.0832582 0.0435106 0.0104948 0.0186675 0.0106416 0.00561747 0.00548058 0.00453136 0.0041581 0.00336283 0.00261828 0.0014615 0.0033847 0.000591082 0.000583491 5.00708e-05 1.07586e-05 6.25681e-06 4.66751e-08 5.90318e-11 2.10596e-11 1.32256e-11 5.92698e-12 1.38897e-12 1.2917e-12 6.33424e-13 1.98092e-13 8.57092e-14 5.1556e-14 2.90046e-15
threshold=3368.0000000000005 4.5000000000000009 601.50000000000011 376.50000000000006 16.219433055000003 86.500000000000014 3148.5000000000005 0.14815617400000003 250.97438910000002 104.50000000000001 116.50000000000001 250.97438910000002 87.500000000000014 44.577254895000003 212.54101995000005 186.50000000000003 675.50000000000011 10.795094760000003 70.500000000000014 136.50000000000003 233.50000000000003 0.023804832000000001 13.860626015000003 825.50000000000011 107.50000000000001 221.94963370000002 231.15909090000002 871.50000000000011 0.040305213500000006 92.500000000000014
decision_type=2 2 2 2 2 2 2 2 2 2 2 2 2 2 2 2 2 2 2 2 2 2 2 2 2 2 2 2 2 2
left_child=1 2 4 -4 -1 -2 8 21 18 16 -10 12 14 -12 -7 -5 -9 -16 -3 22 -19 24 25 -22 -8 27 -27 -20 -13 -30
right_child=5 6 3 15 -6 11 7 9 10 -11 13 28 -14 -15 17 -17 -18 20 19 -21 23 -23 -24 -25 -26 26 -28 -29 29 -31
leaf_value=0.017794057974142227 0.10001792252948366 0.10031322660841054 0.10091876448074336 -0.10005572077742111 -0.047407975700168303 -0.021205118745585401 0.10000588136061922 -0.10018196897441561 0.10000167414246353 0.10000425907376548 -0.0058176231405348529 -0.10000087660838414 0.10000343299638446 -0.10000103956202092 -0.091166379536015973 -0.077724245196979125 -0.08843687209808529 -0.10001788790391078 0.1000003071729979 0.10002474943836293 -0.10000504428170852 0.10001697085935042 0.10000624711980216 -0.1000003674027244 0.1000010040607054 0.10000303782968156 0.10000112607015095 0.10000121085293037 -0.1000004550133715 -0.10000028991383525
leaf_weight=0.04363567230393528 0.0015046016646920171 0.0051390164028362042 0.019326303474372253 0.0051891580005758433 0.058710571684059687 0.0012266098128748118 0.0010955329187254392 0.0027132131181133445 0.001625936495656787 0.0011245913046877831 0.001152570382828344 0.001549373514535545 0.0012082211092092621 0.0015795347837865847 0.0010028165493167762 0.0012449101775473537 0.0010945258184165141 0.0014237980067264289 0.06332069631844206 0.0010214601386451241 0.0012642288845654548 0.0010880612480832497 0.0017667691156475476 0.0012758573579958465 0.001076653330528643 0.0010591581428798227 0.0011100433482624794 0.0010672461964986715 0.0010791185115976978 0.062338745196029777
leaf_count=17 34 28 14 26 30 30 62 15 313 46 177 379 57 287 302 68 117 9 21011 37 109 16 134 367 244 129 161 264 313 21284
internal_value=0.000367431 0.0318185 -0.00524931 0.0518013 -0.0196089 -0.0912275 0.0863785 0.0085325 0.0944675 -0.0519324 -0.0004736 -0.0952037 -0.0531009 -0.0602687 -0.0829692 -0.0957349 -0.0968059 -0.0982229 0.100022 0.100001 -0.100008 0.100008 0.100001 -0.100003 0.100003 0.1 0.100002 0.1 -0.1 -0.1
internal_weight=0.289015 0.215142 0.128107 0.0257604 0.102346 0.0738734 0.087035 0.00819258 0.0788424 0.00493233 0.00435804 0.0723688 0.00740153 0.00273211 0.00619331 0.00643407 0.00380774 0.0049667 0.0744844 0.0693454 0.00396388 0.00326025 0.0683239 0.00254009 0.00217219 0.0665571 0.0021692 0.0643879 0.0649672 0.0634179
internal_count=46080 23196 155 108 47 22884 23041 500 22541 178 777 22850 874 464 817 94 132 787 21764 21736 485 322 21699 476 306 21565 290 21275 21976 21597
is_linear=0
shrinkage=0.1


Tree=121
num_leaves=31
num_cat=0
split_feature=8 16 20 2 14 11 45 39 32 2 11 42 44 14 17 8 27 41 13 6 8 41 17 6 8 20 5 26 42 16
split_gain=0.0745207 0.0383348 0.0225996 0.0176791 0.0253093 0.00627959 0.00602245 0.00400742 0.00372478 0.00345849 0.00113481 0.00290908 0.00110445 0.000661772 0.000618976 0.000239322 0.000132791 5.50418e-05 3.72123e-05 2.22055e-05 1.18993e-05 1.87987e-06 9.1704e-07 8.99141e-07 2.83825e-08 4.99803e-10 2.5515e-10 3.46998e-11 8.33184e-12 1.6893e-12
threshold=231.15909090000002 376.50000000000006 18.500000000000004 16.219433055000003 601.50000000000011 3148.5000000000005 86.500000000000014 0.050006701500000007 3.5000000000000004 14.111192365000003 3753.5000000000005 0.075000196000000005 137.50000000000003 589.50000000000011 123.50000000000001 221.14102565000005 77.500000000000014 0.16667705300000002 924.50000000000011 44.46355706500001 249.79294600000003 0.29412336400000005 86.500000000000014 41.908738390000003 239.02812500000002 19.500000000000004 937.50000000000011 90.500000000000014 0.06963134800000001 710.50000000000011
decision_type=2 2 2 2 2 2 2 2 2 2 2 2 2 2 2 2 2 2 2 2 2 2 2 2 2 2 2 2 2 2
left_child=5 2 -2 22 -5 9 -3 15 -9 27 11 12 -8 -13 -14 28 20 -15 19 21 -12 23 -4 -19 -6 -25 -27 -1 -7 -28
right_child=1 6 3 4 24 7 10 8 -10 -11 16 13 14 17 -16 -17 -18 18 -20 -21 -22 -23 -24 25 -26 26 29 -29 -30 -31
leaf_value=0.10000034204572948 -0.1003269389846841 0.10000583797685754 0.10023707327008974 -0.03655570873615905 0.10092816018877726 0.10000386365937602 -0.074664725762706705 -0.082913820777260172 0.10000473479058725 0.040398164608892534 -0.089304550085427592 -0.01432640524065276 0.0993441261150904 -0.074303749193460264 1.2914071569775577e-05 0.043846006495221343 -0.063648350359731889 -0.097745740365340422 -0.077765424218381798 -0.085912127595050083 -0.10000027653272901 -0.095146011200583913 0.10171185113158852 -0.10010038745597623 0.10067761412235826 -0.10003975213684656 -0.10000534005275144 0.10001911258783339 0.10001504709855365 -0.10000026970038128
leaf_weight=0.059147142257643281 0.017512950988020748 0.001671413437861701 0.0056580489699626915 0.051923592668572383 0.0091117396950721741 0.001977566190134894 0.0010800146319525084 0.0049629894606368907 0.0014351442878250964 0.011615530670951557 0.0010604300093746124 0.0011007316961695315 0.0011723277330020201 0.0012312874905546787 0.0013494713070940634 0.0010176921009588114 0.0010352336039431967 0.0021474698917245414 0.0010018148739163743 0.0014129653909549242 0.054425663975507632 0.0010521913959564708 0.016547102481126785 0.001001946278847754 0.0089750140662090416 0.004655337572330609 0.0010015285486133507 0.0010015340508289219 0.0010045915712453279 0.001910711418304345
leaf_count=21321 10 211 93 36 1 307 144 28 80 20 324 11 240 123 117 15 244 24 340 407 20430 390 1 1 104 13 174 132 24 715
internal_value=0.000382339 -0.0343318 0.00381189 0.0235892 -0.00106969 0.0798303 -0.0877787 0.0072015 -0.041884 0.0903536 -0.0918741 -0.0714778 0.00995118 -0.0892359 0.0461898 0.0857183 -0.0991338 -0.0945848 -0.0963454 -0.0977574 -0.0997959 -0.0991795 0.101336 -0.0995755 0.100804 -0.100034 -0.100025 0.100001 0.100008 -0.100002
internal_weight=0.270201 0.188039 0.109728 0.0922155 0.0700103 0.0821622 0.0783105 0.010398 0.00639813 0.0717642 0.0766391 0.0201178 0.00360181 0.016516 0.0025218 0.00399985 0.0565213 0.0154153 0.014184 0.0131822 0.0554861 0.0117692 0.0222052 0.010717 0.0180868 0.00856952 0.00756758 0.0601487 0.00298216 0.00291224
internal_count=46080 24153 245 235 141 21927 23908 454 108 21473 23697 2699 501 2198 357 346 20998 2187 2064 1724 20754 1317 94 927 105 903 902 21453 331 889
is_linear=0
shrinkage=0.1


Tree=122
num_leaves=31
num_cat=0
split_feature=19 10 6 17 14 2 14 11 16 43 8 36 10 39 23 2 8 24 15 16 36 20 11 13 2 4 8 14 5 6
split_gain=0.0665997 0.0347122 0.013631 0.0127154 0.0293645 0.0141138 0.0133204 0.00747496 0.00580756 0.00508847 0.00329984 0.00260919 0.00274145 0.00108159 0.000935655 0.000875113 0.000282868 0.00048239 0.000172855 5.09543e-05 4.52267e-05 2.83497e-10 4.29138e-11 2.36414e-11 1.33139e-11 9.96564e-12 6.4717e-13 3.64014e-14 3.43336e-14 1.04083e-16
threshold=302.50000000000006 470.50000000000006 41.908738390000003 86.500000000000014 601.50000000000011 16.219433055000003 575.50000000000011 3148.5000000000005 376.50000000000006 0.18868078050000001 242.86884025000003 4.5000000000000009 594.50000000000011 0.065007438500000014 0.033314418500000005 12.210347850000002 250.97438910000002 0.057541174000000007 139.50000000000003 678.50000000000011 4.5000000000000009 19.500000000000004 1681.5000000000002 799.50000000000011 16.219433055000003 216.18983270000004 221.94963370000002 862.50000000000011 2593.5000000000005 40.012195120000008
decision_type=2 2 2 2 2 2 2 2 2 2 2 2 2 2 2 2 2 2 2 2 2 2 2 2 2 2 2 2 2 2
left_child=1 3 7 4 5 6 -1 20 22 19 14 21 -13 -11 -2 -14 17 -12 28 25 -3 -10 -4 26 -23 -9 27 29 -18 -22
right_child=10 2 8 -5 -6 -7 -8 9 11 13 16 12 15 -15 -16 -17 18 -19 -20 -21 23 24 -24 -25 -26 -27 -28 -29 -30 -31
leaf_value=0.10036586195898303 0.091251478916067622 0.094004592705190515 0.10002938907656769 0.061364642662780203 0.088439434287852323 -0.10048760233714991 -0.054208361674058861 0.10000362256539888 -0.10007916132903807 -0.09679982299427177 -0.011782846012833676 0.1000038958626099 0.01594288727624597 -0.00066536573168033417 -0.040191461790681025 -0.10000122239250407 -0.10000023866382474 -0.098777493566065022 -0.058112409021566107 0.073410258810478288 0.10000025028730575 -0.1000330737673385 0.10000496821624301 0.10001574485196736 -0.10002142139364145 0.10001635636641314 0.10000219654233573 0.10000082041939398 -0.10000080823519915 0.10000027552811799
leaf_weight=0.008265722311080026 0.0011264807787938471 0.016281052840895427 0.0019542267341421402 0.018734890473297128 0.016510157835000427 0.037410383345559239 0.01712583054904826 0.0010345268112814665 0.0015267857233993709 0.0033414889855976071 0.0010197536448686142 0.0017284656159972656 0.0010007295381910808 0.0018011558645412151 0.0010429482117615407 0.0018626191392741021 0.051568201077543563 0.001699984625020079 0.0010039436106126223 0.0010036682429017674 0.049813712163768287 0.0028616608954052936 0.0011389515541395667 0.0010131300080047359 0.0014917120279278606 0.0015140918087581667 0.0017910157732785583 0.0011480102527912086 0.0010803857146584042 0.0015673562647862118
leaf_count=83 118 16 51 20 15 17 7 187 2 19 107 288 24 51 87 337 21492 635 292 95 20235 68 124 104 7 20 280 373 310 616
internal_value=0.000402916 0.0288826 0.0723459 -0.012731 -0.0302337 -0.061432 -0.00388975 0.0880069 -0.0203712 0.000450372 -0.0929641 -0.0559321 0.000553947 -0.0631298 0.0280606 -0.0594792 -0.0976216 -0.0661592 -0.0992164 0.0924953 0.0986375 -0.100042 0.10002 0.100001 -0.100029 0.100011 0.1 0.1 -0.1 0.1
internal_weight=0.250463 0.191921 0.0938744 0.098047 0.0793121 0.0628019 0.0253916 0.0803092 0.0135652 0.00869493 0.0585417 0.010472 0.00459181 0.00514264 0.00216943 0.00286335 0.0563723 0.00271974 0.0536525 0.00355229 0.0716143 0.00588016 0.00309318 0.0553332 0.00435337 0.00254862 0.0543201 0.0525291 0.0526486 0.0513811
internal_count=46080 23039 22897 142 122 107 90 21996 901 372 23041 726 649 70 205 361 22836 742 22094 302 21624 77 175 21608 75 207 21504 21224 21802 20851
is_linear=0
shrinkage=0.1


Tree=123
num_leaves=31
num_cat=0
split_feature=11 36 16 45 11 15 8 16 17 27 8 45 15 15 2 14 18 21 19 1 17 4 8 30 8 14 42 20 18 2
split_gain=0.0597909 0.0339644 0.00867969 0.00453173 0.00421865 0.00353601 0.00326652 0.0025938 0.00200178 0.00151973 0.00139101 0.00295698 0.000522061 0.000419096 1.98218e-05 1.85022e-05 3.01023e-08 1.90979e-10 1.76932e-11 1.50765e-11 1.47052e-11 3.91991e-12 3.48381e-12 8.93998e-13 3.34198e-13 2.55351e-14 2.27041e-14 1.33921e-15 8.18789e-16 6.93889e-17
threshold=3368.0000000000005 4.5000000000000009 375.50000000000006 86.500000000000014 3148.5000000000005 104.50000000000001 250.97438910000002 376.50000000000006 116.50000000000001 9.5000000000000018 250.97438910000002 87.500000000000014 116.50000000000001 82.500000000000014 14.754950520000001 665.50000000000011 70.500000000000014 41.500000000000007 289.50000000000006 19.500000000000004 98.500000000000014 234.20454545000004 239.02812500000002 1.5000000000000002 221.94963370000002 858.50000000000011 0.040305213500000006 54.500000000000007 199.50000000000003 10.666681335000002
decision_type=2 2 2 2 2 2 2 2 2 2 2 2 2 2 2 2 2 2 2 2 2 2 2 2 2 2 2 2 2 2
left_child=1 2 -1 -2 6 9 16 -4 -8 -6 11 12 18 -10 15 -9 -3 -16 -5 21 -19 24 -20 -7 25 28 -12 -28 -18 -29
right_child=3 4 7 10 5 23 8 14 13 -11 26 -13 -14 -15 17 -17 19 20 22 -21 -22 -23 -24 -25 -26 -27 27 29 -30 -31
leaf_value=0.0058212912953777875 0.10001496597140905 0.10027323724425921 0.012543671515395115 -0.10001875860987319 0.042248342989209479 0.1000012609620671 0.10000140589781642 -0.10005179280460258 -0.10000058998016502 -0.093870316748256577 -0.10000066803070698 0.1000031252413211 -0.023914122915836142 -0.012349883865367534 -0.10005287839404729 -0.082423682949257435 0.10000022612417857 -0.10001199226832716 -0.10000834205950848 0.10001281587413782 -0.10002729567515245 0.10000528423384128 -0.10000091793368722 0.10000500579900938 0.10000173857707124 0.10000073624410451 -0.10000033609548097 -0.10000024729679653 0.10000031375486743 -0.10000022016825146
leaf_weight=0.094643700671440456 0.0012270028184957473 0.0043985026927657591 0.002598186460090802 0.0011877639790327512 0.0011863322902172504 0.0012596627316270315 0.0012625492507822847 0.0010345095652155587 0.0011423789962918818 0.0026578172473818995 0.0011766045340664269 0.0010898833586452383 0.0011835145830900728 0.0010440784244565293 0.0066720411123242229 0.0014027412698851549 0.045225328359492778 0.001091854590413277 0.0010869376164919231 0.001005017120064621 0.0014777057378978498 0.0016212157112249761 0.0015103606124284852 0.001290658574362169 0.0015344328436412971 0.0010109522399943663 0.0010271187873058798 0.0010895317257109119 0.0010993479354510774 0.044925375263346723
leaf_count=29 34 28 15 8 134 302 313 2 297 11 379 57 272 167 18 39 20275 19 14 196 33 178 523 53 238 378 415 461 471 20721
internal_value=0.000383881 0.0291159 -0.00514274 -0.0900295 0.0858786 0.00870605 0.0941942 -0.0778242 -0.000254021 -0.0518631 -0.0943257 -0.0491626 -0.0818829 -0.0581456 -0.0979283 -0.0899061 0.100022 -0.100044 -0.100009 0.100001 -0.100021 0.1 -0.100004 0.100003 0.1 0.1 -0.1 -0.1 0.1 -0.1
internal_weight=0.230163 0.174659 0.108921 0.0555041 0.0657383 0.00639447 0.0593438 0.014277 0.00344901 0.00384415 0.0542771 0.00605846 0.00496858 0.00218646 0.0116789 0.00243725 0.0558948 0.0092416 0.00378506 0.0514963 0.00256956 0.0504913 0.0025973 0.00255032 0.0488701 0.0473356 0.0482186 0.047042 0.0463247 0.0460149
internal_count=46080 23196 155 22884 23041 500 22541 126 777 145 22850 874 817 464 111 41 21764 70 545 21736 52 21540 537 355 21362 21124 21976 21597 20746 21182
is_linear=0
shrinkage=0.1


Tree=124
num_leaves=31
num_cat=0
split_feature=19 10 17 14 2 14 6 11 16 43 8 36 10 23 24 6 39 36 18 8 20 23 10 2 8 14 42 37 18 11
split_gain=0.0533649 0.0306783 0.0117704 0.0265815 0.01248 0.0121473 0.0110202 0.00624273 0.00497489 0.00413161 0.0028635 0.00215935 0.00222945 0.00115122 0.000687515 0.000290043 0.000687245 5.21772e-05 4.46555e-05 3.57668e-05 1.55688e-10 1.12026e-11 9.39011e-12 7.2716e-12 2.65489e-13 1.73264e-14 8.36831e-15 1.23295e-15 6.73073e-16 4.85723e-17
threshold=302.50000000000006 470.50000000000006 86.500000000000014 601.50000000000011 16.219433055000003 575.50000000000011 41.908738390000003 3148.5000000000005 376.50000000000006 0.18868078050000001 242.86884025000003 4.5000000000000009 594.50000000000011 0.030077321500000004 0.050407737000000008 43.75754069500001 0.10837699200000002 4.5000000000000009 192.50000000000003 250.97438910000002 19.500000000000004 0.026271037500000004 478.50000000000006 16.219433055000003 221.94963370000002 858.50000000000011 0.041106879000000006 0.15910746200000003 197.50000000000003 3753.5000000000005
decision_type=2 2 2 2 2 2 2 2 2 2 2 2 2 2 2 2 2 2 2 2 2 2 2 2 2 2 2 2 2 2
left_child=1 2 3 4 5 -1 7 17 22 18 -2 20 -13 -11 -14 16 -12 -3 -9 -17 -10 -19 -8 -22 25 28 -21 -18 -23 -28
right_child=10 6 -4 -5 -6 -7 8 9 11 13 15 12 14 -15 -16 19 27 21 -20 26 23 24 -24 -25 -26 -27 29 -29 -30 -31
leaf_value=0.100330745211568 0.027435214060113192 0.093169716681882772 0.060262842212402447 0.087383536580756621 -0.1004441711668107 -0.054118640454406543 0.10001381522688552 0.10000977775328489 -0.10006479932732548 0.025333739520074994 0.00042544824293552861 0.10000318808607767 -0.10000615722277853 -0.091134003409398895 0.0071508669224409462 -0.08468906677347933 -0.10000034977040331 0.10001095003889499 0.074186899578442767 -0.10000048298079776 -0.10002704803910292 0.10000020390155639 0.10002588614998048 -0.10001753286310461 0.10000153882670218 0.10000061728304971 -0.10000021211798711 -0.10000019746368781 0.10000028307841534 -0.10000019751690691
leaf_weight=0.0073995407799429804 0.0019161043936719571 0.014842657746157784 0.017663574365769819 0.01510406731722469 0.034019940707366914 0.016330663391272537 0.0016440772293435666 0.0020001772461455394 0.0012502201134338975 0.0011485323484521359 0.001000943669851039 0.0014196527689591676 0.0014919264889385886 0.0032507592513866257 0.0010001113894304581 0.0015836617537843259 0.0010016856576839928 0.001003044495746507 0.0010067431152265272 0.0010592831217763879 0.0023457165295894811 0.040621351432832853 0.0010599226907288539 0.0012213146837893873 0.0015732217482309343 0.0010503934005328111 0.0021666729753633254 0.0011330467850712012 0.001099765717299305 0.038448877699693185
leaf_count=83 205 16 20 15 17 7 118 193 2 46 186 288 201 24 160 563 429 206 109 422 68 20145 57 7 311 428 1040 572 518 19624
internal_value=0.000355503 0.0267745 -0.012972 -0.0307278 -0.0616188 -0.00595831 0.0722986 0.087656 -0.018501 0.00102162 -0.0923632 -0.0552153 -2.05458e-05 -0.0607275 -0.0570016 -0.0973109 -0.0679432 0.0983161 0.0913641 -0.0994397 -0.100034 0.1 0.100019 -0.100024 0.1 0.1 -0.1 -0.1 0.1 -0.1
internal_weight=0.217858 0.169547 0.0905178 0.0728542 0.0577501 0.0237302 0.0790296 0.0675966 0.0114329 0.00740621 0.0483103 0.00872894 0.00391169 0.00439929 0.00249204 0.0463942 0.00313568 0.0601904 0.00300692 0.0432585 0.00481725 0.0453478 0.002704 0.00356703 0.0443447 0.0427715 0.0416748 0.00213473 0.0417211 0.0406156
internal_count=46080 23039 142 122 107 90 22897 21996 901 372 23041 726 649 70 361 22836 1187 21624 302 21649 77 21608 175 75 21402 21091 21086 1001 20663 20664
is_linear=0
shrinkage=0.1


Tree=125
num_leaves=31
num_cat=0
split_feature=11 36 16 45 11 15 8 16 17 8 1 25 27 2 16 18 10 17 18 2 30 8 2 42 14 19 18 2 19 24
split_gain=0.047806 0.0291232 0.00773747 0.00381675 0.0034887 0.00295946 0.00287691 0.0022794 0.00164449 0.00132581 0.00149987 0.00162328 0.00122398 1.97771e-05 5.58444e-06 2.62047e-08 1.45411e-10 8.04996e-12 7.72273e-12 2.15144e-12 5.87726e-13 1.59137e-13 7.8867e-14 1.15533e-14 1.11647e-14 7.07767e-16 4.16334e-16 6.245e-17 2.08167e-17 2.08167e-17
threshold=3368.0000000000005 4.5000000000000009 375.50000000000006 86.500000000000014 3148.5000000000005 104.50000000000001 250.97438910000002 376.50000000000006 116.50000000000001 250.97438910000002 17.500000000000004 0.034118334500000007 9.5000000000000018 14.754950520000001 414.50000000000006 70.500000000000014 478.50000000000006 134.50000000000003 233.50000000000003 13.860626015000003 1.5000000000000002 221.94963370000002 16.219433055000003 0.041106879000000006 853.50000000000011 321.50000000000006 195.50000000000003 10.764455710000002 282.50000000000006 0.062386169500000012
decision_type=2 2 2 2 2 2 2 2 2 2 2 2 2 2 2 2 2 2 2 2 2 2 2 2 2 2 2 2 2 2
left_child=1 2 -1 -2 6 12 15 -4 -8 10 18 -12 -6 14 -9 -3 -15 19 -5 21 -7 24 -18 -11 26 -25 28 -27 -17 -29
right_child=3 4 7 9 5 20 8 13 -10 23 11 -13 -14 16 -16 17 22 -19 -20 -21 -22 -23 -24 25 -26 27 -28 29 -30 -31
leaf_value=0.0054675923295350107 0.10001265942608997 0.10026388311064223 0.011323353968695618 -0.10001323096995048 0.037973876019513381 0.10000108253488414 0.10000115128818793 -0.095179545671751464 -0.056400511009555725 -0.10000050854711709 0.066529699240581816 -0.093149826807027769 -0.092041461467697247 -0.10005129770133477 -0.085333052439407683 0.10000018744028712 -0.10002374202502783 0.10000921346334511 -0.10000250407325767 0.10000459924569541 0.10000435863124897 0.1000013067233459 -0.10002470814640774 -0.10000025973721278 0.10000051363843621 -0.10000019629661822 0.10000025292478837 -0.10000017361927571 0.10000019948304867 -0.10000017993888832
leaf_weight=0.08700018584204372 0.0010412174746079464 0.0041515480701264087 0.0023471876920666554 0.0013530749201891004 0.0010718799096594003 0.0010622050783695158 0.0010336888103665834 0.0010190031789534268 0.0019228092662615381 0.0010827973432014906 0.0016676642769652972 0.0010297553729969877 0.0022314868610919802 0.0047280507496907376 0.0013248800753444812 0.035513192461962717 0.0018370915481682459 0.0010530748620567456 0.0013317133149257643 0.001162880784704611 0.0011302976827209932 0.00134122311703777 0.0015645513049094006 0.0010155936718092553 0.0010944193390969295 0.0012527770524002326 0.001024429331778264 0.031985736724891467 0.0010201904856330648 0.0041569173133666473
leaf_count=29 34 28 15 12 134 302 313 3 464 441 87 398 11 25 38 19470 37 259 377 134 53 290 8 510 506 660 532 18050 545 2315
internal_value=0.000333595 0.0269386 -0.00522014 -0.0892633 0.0855031 0.00992936 0.0939249 -0.0777458 -0.00171735 -0.0936549 -0.0470945 0.00557113 -0.0498539 -0.0977067 -0.0896138 0.100024 -0.10004 0.100001 -0.100008 0.1 0.100003 0.1 -0.100024 -0.1 0.1 -0.1 0.1 -0.1 0.1 -0.1
internal_weight=0.200552 0.154634 0.099821 0.0459172 0.0548133 0.00549587 0.0493175 0.0128208 0.0029565 0.044876 0.00538221 0.00269742 0.00330337 0.0104736 0.00234388 0.046361 0.00812969 0.0422094 0.00268479 0.0411563 0.0021925 0.0399935 0.00340164 0.0394938 0.0386522 0.038411 0.0375578 0.0373954 0.0365334 0.0361427
internal_count=46080 23196 155 22884 23041 500 22541 126 777 22850 874 485 145 111 41 21764 70 21736 389 21477 355 21343 45 21976 21053 21535 20547 21025 20015 20365
is_linear=0
shrinkage=0.1


Tree=126
num_leaves=31
num_cat=0
split_feature=19 10 17 14 2 14 6 11 16 39 8 36 10 23 21 6 37 43 23 8 36 20 19 4 8 8 2 11 5 18
split_gain=0.0426339 0.0269958 0.0109037 0.0240706 0.0110495 0.0110726 0.00892011 0.00529579 0.00426439 0.00339264 0.00252542 0.00178743 0.00181909 0.00103462 0.000552497 0.000287325 0.000537544 5.95678e-05 0.00137001 4.30177e-05 1.33963e-06 8.55258e-11 2.78762e-12 1.53133e-13 8.77562e-14 6.52117e-14 7.49054e-15 5.11396e-15 3.93435e-15 4.85723e-17
threshold=302.50000000000006 470.50000000000006 86.500000000000014 601.50000000000011 16.219433055000003 575.50000000000011 41.908738390000003 3148.5000000000005 376.50000000000006 0.050006701500000007 242.86884025000003 4.5000000000000009 594.50000000000011 0.030077321500000004 83.500000000000014 43.75754069500001 0.075020035500000012 0.18137003800000004 0.025431310000000002 250.97438910000002 4.5000000000000009 19.500000000000004 267.50000000000006 243.47815720000003 221.14102565000005 219.34941860000001 10.781365240000001 3068.5000000000005 2593.5000000000005 324.50000000000006
decision_type=2 2 2 2 2 2 2 2 2 2 2 2 2 2 2 2 2 2 2 2 2 2 2 2 2 2 2 2 2 2
left_child=1 2 3 4 5 -1 7 17 23 22 -2 21 -13 -11 -14 16 -12 18 -3 -17 -19 -10 -9 -8 27 26 -20 -22 29 -21
right_child=10 6 -4 -5 -6 -7 8 9 11 13 15 12 14 -15 -16 19 -18 20 25 28 24 -23 -24 -25 -26 -27 -28 -29 -30 -31
leaf_value=0.1002989853093981 0.025542921606193536 -0.019797393423649404 0.059213149634224561 0.086293548962739192 -0.10040444489305655 -0.054022613527541723 0.10001772441229512 0.10001042315460967 -0.10005304908867473 0.018312879119881161 -0.0073781377957546357 0.10000260898750619 -0.10000099155125118 -0.088495384791733828 0.00053086932440234765 -0.081835845761307993 -0.10000023699776901 0.10131484352573844 0.10000016634762371 -0.10000018373508926 0.10000016662996314 -0.10001946202162515 0.10000335238227685 0.10001611461588669 0.10000107836366692 0.10000101380603824 0.10000044584874629 0.10000039358435327 -0.10000036494342082 -0.10000016324846378
leaf_weight=0.0066290968496787164 0.0017614443861475584 0.0010104280258929057 0.016671088117959698 0.013840417645951675 0.030928555148420855 0.015568778064334765 0.0011274907536744649 0.0010593213503398138 0.0010237263049930334 0.0013557015226979274 0.0010015944445740379 0.0011681824776132999 0.001203561965667177 0.0027397017775001586 0.0010015996184620235 0.0013555422640365569 0.0016735623339627637 0.012809369713068008 0.015254277752319467 0.0010926573014558008 0.017424116177721771 0.0029224132372291933 0.0011771688973567507 0.0012416845685265798 0.0011541752567154609 0.0010053228742208367 0.001023018449245682 0.0010532912459666468 0.0010038699527967756 0.032056646581736459
leaf_count=83 205 18 20 15 17 7 96 22 2 51 199 288 284 19 77 563 988 1 9234 611 10549 75 280 79 323 389 552 558 505 19970
internal_value=0.000306878 0.0246982 -0.0131526 -0.0311677 -0.0617685 -0.00793654 0.072122 0.0871842 -0.0165938 0.000953877 -0.0915254 -0.0543385 -0.000890622 -0.0531386 -0.0543387 -0.0969258 -0.065322 0.0979462 0.0933831 -0.0993067 0.100519 -0.100028 0.100007 0.100017 0.1 0.1 0.1 0.1 -0.1 -0.1
internal_weight=0.190338 0.150392 0.0836379 0.0669668 0.0531264 0.0221979 0.0667546 0.0570659 0.00968866 0.00633189 0.0399453 0.00731948 0.00337334 0.0040954 0.00220516 0.0381839 0.00267516 0.050734 0.018293 0.0355087 0.032441 0.00394614 0.00223649 0.00236918 0.0196316 0.0172826 0.0162773 0.0184774 0.0341532 0.0331493
internal_count=46080 23039 142 122 107 90 22897 21996 901 372 23041 726 649 70 361 22836 1187 21624 10193 21649 11431 77 302 175 11430 10175 9786 11107 21086 20581
is_linear=0
shrinkage=0.1


Tree=127
num_leaves=31
num_cat=0
split_feature=11 10 17 14 2 14 4 16 11 8 15 10 36 18 27 16 2 25 25 2 8 2 4 7 11 23 19 4 7 5
split_gain=0.0382441 0.0257211 0.00937709 0.0212061 0.0104093 0.00971255 0.00889848 0.00377249 0.00248355 0.00248066 0.00213556 0.00162911 0.00157122 0.00188457 0.000800532 0.000130536 6.54543e-05 2.62224e-06 5.844e-12 5.539e-12 2.35603e-13 9.44383e-15 1.86656e-15 4.44089e-16 3.08781e-16 1.80411e-16 3.46945e-17 2.77556e-17 1.04083e-17 3.46945e-18
threshold=3368.0000000000005 470.50000000000006 86.500000000000014 601.50000000000011 16.219433055000003 575.50000000000011 240.80973110000002 376.50000000000006 3148.5000000000005 250.97438910000002 104.50000000000001 849.50000000000011 4.5000000000000009 185.50000000000003 7.5000000000000009 918.50000000000011 14.111192365000003 0.030628505000000004 0.0265406405 16.219433055000003 221.14102565000005 11.371760795000002 251.36516260000005 9038.5000000000018 2033.5000000000002 0.028866540500000003 271.50000000000006 205.67840910000004 11325.500000000002 1508.5000000000002
decision_type=2 2 2 2 2 2 2 2 2 2 2 2 2 2 2 2 2 2 2 2 2 2 2 2 2 2 2 2 2 2
left_child=1 2 3 4 5 -1 8 -8 16 11 -10 14 19 -14 17 22 18 -2 -3 -9 21 23 -11 24 -20 -24 29 -28 -27 -26
right_child=9 6 -4 -5 -6 -7 7 12 10 15 -12 -13 13 -15 -16 -17 -18 -19 20 -21 -22 -23 25 -25 26 28 27 -29 -30 -31
leaf_value=0.10027045441879086 -0.093416968377345033 0.10000788426103485 0.055126869321646156 0.083787537986437732 -0.10036591658651622 -0.050071101514517581 0.10001588850735502 -0.10002844073341532 -0.040819830822059623 -0.10000028107204205 0.10000247218219914 0.045735825086363868 0.072871295161872796 -0.082136839934172284 0.0080897905897040229 -0.063346997687900711 0.091478050396805358 -0.1000035890718881 0.10000020975586615 -0.10002022910862159 0.10000158144183985 0.10000044244465114 -0.10000018394080719 0.1000002158233093 0.10000015236370359 -0.10000014647205924 0.10000015393583105 0.10000017729214981 -0.10000014130945181 0.10000015258580415
leaf_weight=0.005999874668418669 0.0010052730385723399 0.0010267654951121577 0.0161448935352837 0.012879254533800122 0.027995510230539367 0.015141155054152478 0.0020614290142475511 0.0022897137835116155 0.0025302327790086556 0.0010134541970501223 0.0018748161927533147 0.0019981347750217537 0.0016016017307265429 0.0015370783004300392 0.0010072105170593204 0.0010025085410916281 0.012308609555475414 0.001515856409355365 0.0010207405661049043 0.0012809918334824033 0.0012271656247548881 0.0012136847128658692 0.0010516938905311682 0.0012767049563535684 0.0086685219308719752 0.0030266641028902077 0.0010219087808991381 0.0010057204251552321 0.026472216103798019 0.017184849464570107
leaf_count=83 11 339 20 15 17 7 120 69 22 590 354 354 498 421 165 431 21 377 664 8 382 727 657 789 5808 2056 680 641 18243 11511
internal_value=0.000291962 0.0248893 -0.0127581 -0.0304309 -0.0603689 -0.00740381 0.0746529 -0.0183023 0.0908423 -0.0883595 0.019115 -0.0264122 -0.054655 -0.00303948 -0.0672703 -0.0988718 0.0977178 -0.0973772 0.1 -0.100025 0.1 0.1 -0.1 0.1 0.1 -0.1 0.1 0.1 -0.1 0.1
internal_weight=0.175384 0.137291 0.0781607 0.0620158 0.0491365 0.021141 0.0591305 0.00877081 0.0503597 0.038093 0.00440505 0.00552647 0.00670939 0.00313868 0.00352834 0.0325665 0.0459547 0.00252113 0.0336461 0.00357071 0.0326193 0.0313921 0.031564 0.0301784 0.0289017 0.0305506 0.027881 0.00202763 0.0294989 0.0258534
internal_count=46080 23196 142 122 107 90 23054 1116 21938 22884 376 907 996 919 553 21977 21562 388 21541 77 21202 20820 21546 20093 19304 20956 18640 1321 20299 17319
is_linear=0
shrinkage=0.1


Tree=128
num_leaves=29
num_cat=0
split_feature=6 10 17 14 2 14 6 11 16 39 10 8 32 2 8 24 7 4 19 8 2 7 21 5 19 18 0 7
split_gain=0.0344271 0.0228794 0.00803963 0.0186208 0.00982168 0.00851901 0.00555566 0.0050505 0.00383721 0.00335042 0.00291989 0.00160301 0.00104324 0.000968131 0.000174178 9.02577e-05 3.85414e-12 2.80902e-12 8.01269e-14 4.87978e-14 8.24341e-15 2.17187e-15 6.93889e-16 4.96131e-16 3.46945e-17 1.04083e-17 3.46945e-18 3.46945e-18
threshold=42.749125510000006 470.50000000000006 86.500000000000014 601.50000000000011 16.219433055000003 575.50000000000011 41.908738390000003 3148.5000000000005 376.50000000000006 0.047625394500000008 602.50000000000011 244.80777060000005 3.5000000000000004 14.111192365000003 250.97438910000002 0.049571039000000004 9334.0000000000018 216.18983270000004 282.50000000000006 220.83333330000002 11.123007335000002 14487.000000000002 93.500000000000014 1704.5000000000002 274.50000000000006 190.50000000000003 48.500000000000007 7226.5000000000009
decision_type=2 2 2 2 2 2 2 2 2 2 2 2 2 2 2 2 2 2 2 2 2 2 2 2 2 2 2 2
left_child=1 2 3 4 5 -1 7 15 -8 17 -2 -12 -11 -10 -13 -3 19 -9 -16 20 23 22 -20 24 25 27 -24 -17
right_child=10 6 -4 -5 -6 -7 8 9 13 12 11 14 -14 -15 18 16 -18 -19 21 -21 -22 -23 26 -25 -26 -27 -28 -29
leaf_value=0.10024465557844574 0.073641146159373755 0.089563873351004936 0.051089334789037072 0.080998151770560078 -0.10033107042800296 -0.04621542966686841 0.10001382005088211 0.10000323827586435 0.0066498431577121367 -0.082966573240693509 0.013413782254572189 -0.064720787812895475 0.029580653827387372 -0.10002463265498199 -0.10000104719658343 0.1000001370445617 0.10000630407713501 0.10001035394016465 -0.10000021321656083 0.10000083839555068 0.10000038821636013 -0.10000028231871137 -0.1000001303416863 0.10000020035490412 0.1000001546341846 0.10000014316575537 -0.10000013200855458 0.10000013484710497
leaf_weight=0.0054302371173662314 0.0010739913856241392 0.011358774754398837 0.0157029795325343 0.012034908337227535 0.025339736283058301 0.014783621831156779 0.0019398670646069141 0.0010109156532962507 0.0011840974366350565 0.0029853071750949312 0.0013363634122924841 0.0014668425574200219 0.0011373799371767745 0.0030222596587918815 0.0010037302866976452 0.0013606453915144803 0.001063315981014056 0.0012295575860434838 0.0010469355901250301 0.0010728301854214797 0.0013974513838093108 0.0010155830742633034 0.026109255870551351 0.0012664971841331854 0.0010906664931553669 0.0011423012139175617 0.0012744150035359772 0.022243557406682157
leaf_count=83 301 16 20 15 17 7 175 285 216 30 225 600 118 20 234 1002 256 38 615 488 922 624 19853 880 774 834 961 16471
internal_value=0.000268868 0.0241517 -0.0123368 -0.0296316 -0.0588591 -0.00687049 0.0732164 0.0845982 -0.0163373 0.0015758 -0.0886447 -0.0938861 -0.0519167 -0.0699956 -0.0983788 0.0971776 0.1 0.100007 -0.1 0.1 0.1 -0.1 -0.1 0.1 0.1 0.1 -0.1 0.1
internal_weight=0.162124 0.127797 0.0732915 0.0575885 0.0455536 0.0202139 0.0545054 0.0483592 0.00614622 0.00636316 0.0343271 0.0332531 0.00412269 0.00420636 0.0319168 0.041996 0.0306373 0.00224047 0.0304499 0.0295739 0.0285011 0.0294462 0.0284306 0.0271037 0.0258372 0.0247465 0.0273837 0.0236042
internal_count=46080 22667 142 122 107 90 22525 22114 411 471 23413 23112 148 236 22887 21643 21627 323 22287 21371 20883 22053 21429 19961 19081 18307 20814 17473
is_linear=0
shrinkage=0.1


Tree=129
num_leaves=29
num_cat=0
split_feature=6 36 24 11 14 45 10 26 8 43 8 15 14 18 19 4 19 8 16 13 21 19 1 13 29 23 6 23
split_gain=0.0307592 0.0208315 0.00594765 0.00566902 0.00375979 0.002742 0.00262878 0.00214003 0.00154843 0.000307445 0.000205891 3.34801e-05 1.09869e-06 2.97442e-08 8.91833e-13 4.94143e-13 5.91159e-14 1.91618e-14 1.57166e-15 8.04912e-16 9.71445e-17 1.38778e-17 1.04083e-17 1.04083e-17 4.33681e-18 3.46945e-18 1.30104e-18 4.33681e-19
threshold=42.749125510000006 4.5000000000000009 0.043245386000000004 3148.5000000000005 601.50000000000011 86.500000000000014 602.50000000000011 5.5000000000000009 244.80777060000005 0.18919241550000002 250.97438910000002 107.50000000000001 858.50000000000011 70.500000000000014 273.50000000000006 234.20454545000004 294.50000000000006 221.14102565000005 868.50000000000011 734.50000000000011 95.500000000000014 277.50000000000006 15.500000000000002 475.50000000000006 1.6662721340000002 0.032209712000000008 43.896519805000004 0.031661972500000003
decision_type=2 2 2 2 2 2 2 2 2 2 2 2 2 2 2 2 2 2 2 2 2 2 2 2 2 2 2 2
left_child=1 2 -1 12 -4 14 -2 9 -8 -7 -10 -11 13 -3 -5 17 -12 19 20 21 -18 23 25 -15 26 27 -24 -22
right_child=6 3 4 5 -6 7 8 -9 10 11 16 -13 -14 15 -16 -17 18 -19 -20 -21 22 -23 24 -25 -26 -27 -28 -29
leaf_value=0.011027687381431891 0.070083844041695306 0.10028447552708229 -0.087729366420757154 0.10000923641954458 -0.0055975782046141223 -0.027378955010164536 0.012094235858732743 0.078091001126558895 -0.060801012985739367 -0.10006258284037105 -0.10000090167722198 -0.077498797257210303 0.096747241622931121 0.1000001293816985 0.10000501491665093 0.100002340841523 -0.10000014448213648 0.10000056959033091 -0.10000024398303393 0.10000021007771638 -0.10000011656238872 0.10000013241994805 -0.10000012071768366 0.10000012141778969 -0.1000001247061033 -0.10000011492848643 -0.10000011671717064 -0.10000011490111645
leaf_weight=0.056577688105790003 0.00101861345689258 0.0042506659762011614 0.012077402689101291 0.0010017292712518602 0.010350262007705169 0.0010057707261239557 0.0013340798927856659 0.0012015127109634705 0.001408429773732677 0.0017862092847735767 0.0010102206507553993 0.0010407642866994138 0.0010478796572215279 0.0010996839519066262 0.0010000187197647392 0.0010642215954703707 0.0012822621215491372 0.0010130194368684889 0.0010206894885413922 0.0010947775745080426 0.0016731783927070856 0.0011099101461695673 0.0010061733611337323 0.022105572182908872 0.0011808440565346245 0.016198979416458315 0.002846427342547031 0.0013334565924196795
leaf_count=27 301 28 29 74 41 113 225 143 600 140 274 56 444 893 147 304 943 417 700 835 1408 888 835 18088 977 13640 2387 1123
internal_value=0.000243587 0.0234787 -0.00624715 0.0824542 -0.0498259 0.0010075 -0.0879286 -0.0383573 -0.0932415 -0.0748622 -0.0980938 -0.0917556 0.0999331 0.100038 0.100007 0.1 -0.1 0.1 -0.1 0.1 -0.1 0.1 -0.1 0.1 -0.1 -0.1 -0.1 -0.1
internal_weight=0.15014 0.118827 0.0790054 0.0398217 0.0224277 0.007036 0.0313134 0.00503426 0.0302947 0.00383274 0.0289607 0.00282697 0.0327857 0.0317379 0.00200175 0.0274872 0.0275522 0.026423 0.026542 0.0254099 0.0255213 0.0243152 0.0242391 0.0232053 0.00503344 0.0192056 0.0038526 0.00300663
internal_count=46080 22667 97 22570 70 673 23413 452 23112 309 22887 196 21897 21453 221 21425 22287 21121 22013 20704 21313 19869 20370 18981 4199 16171 3222 2531
is_linear=0
shrinkage=0.1


Tree=130
num_leaves=31
num_cat=0
split_feature=8 10 17 14 2 14 4 11 16 42 29 1 43 2 23 6 2 23 19 25 8 2 7 19 10 11 4 23 2 2
split_gain=0.0274103 0.0183412 0.00686666 0.0164857 0.00848049 0.00782249 0.0065669 0.00420142 0.00367576 0.00226786 0.00224083 0.00141683 0.000573544 0.000457323 0.00103478 0.000282388 0.000112222 6.76211e-06 3.89986e-06 1.72321e-12 1.175e-13 6.13745e-15 3.44516e-15 1.07553e-16 1.73472e-17 1.38778e-17 6.93889e-18 5.20417e-18 3.46945e-18 1.30104e-18
threshold=250.97438910000002 470.50000000000006 86.500000000000014 601.50000000000011 16.219433055000003 575.50000000000011 240.80973110000002 3148.5000000000005 376.50000000000006 0.07692692750000002 1.0002167980000001 17.500000000000004 0.17072782700000003 14.754950520000001 0.035796385500000007 39.46426545500001 14.111192365000003 0.030171059500000003 318.50000000000006 0.026947721000000004 220.83333330000002 11.123007335000002 14487.000000000002 277.50000000000006 671.50000000000011 3753.5000000000005 197.13167010000004 0.029392336000000002 11.521744445000001 11.150299730000002
decision_type=2 2 2 2 2 2 2 2 2 2 2 2 2 2 2 2 2 2 2 2 2 2 2 2 2 2 2 2 2 2
left_child=1 2 3 4 5 -1 7 16 -8 17 12 15 -2 14 -10 -11 19 -9 -12 -3 21 23 25 24 26 -20 -21 -26 29 -27
right_child=10 6 -4 -5 -6 -7 8 9 13 11 18 -13 -14 -15 -16 -17 -18 -19 22 20 -22 -23 -24 -25 27 28 -28 -29 -30 -31
leaf_value=0.10021970113547295 -0.043034132296240014 0.10000428206802453 0.046866197949073547 0.077951076984770398 -0.10030555303546787 -0.046950466811266668 0.10001408226140157 0.08866092648657159 0.037914580795630065 -0.034262585898547991 -0.093627843196381608 0.071020860994358476 0.062300091010414262 -0.10002040616878827 -0.098296934721837453 -0.091864347190200646 0.087630986377897985 0.1000031549252287 -0.10000011482004229 0.10000011070202948 0.10000116682743204 0.10000034380865774 -0.10000029413243801 0.10000013642466912 0.10000010806030318 -0.10000011027220906 0.10000010356106236 0.10000011753969447 -0.10000010593681863 -0.10000010665933037
leaf_weight=0.0048431457692004179 0.0010537140426549732 0.0010634209671138697 0.015197406600350405 0.011244507095398149 0.022387747958418913 0.014203662918589544 0.001717645279200041 0.0010041535199434284 0.0010008319630401274 0.0017346354288747534 0.0010012573193307608 0.0010361464646848617 0.0010147204262125342 0.00250641134698526 0.0012597120377222382 0.0016709102967524814 0.010388757996793174 0.0011030334655970364 0.0016808448419851621 0.0012277328175969151 0.0011223825905517506 0.001150033148064721 0.0010274359882487252 0.0011766202670742123 0.0012201880857674033 0.0010471507022202778 0.016852176325983237 0.0011374508139851969 0.018648570070809001 0.0011432699016040715
leaf_count=83 548 596 20 15 17 7 120 249 100 21 488 55 347 20 733 32 21 145 1481 1110 554 920 681 1001 1105 952 15239 1010 17351 1059
internal_value=0.000221561 0.0211809 -0.012351 -0.0294345 -0.0585768 -0.00952863 0.0682333 0.0827304 -0.0254115 0.00916093 -0.0913179 -0.0313714 0.00864011 -0.0706052 -0.0379907 -0.0625245 0.096364 0.0945982 -0.0997402 0.1 0.1 0.1 -0.1 0.1 0.1 -0.1 0.1 0.1 -0.1 -0.1
internal_weight=0.142866 0.116249 0.0678765 0.0526791 0.0414346 0.0190468 0.0483722 0.0418876 0.0064846 0.00654888 0.026617 0.00444169 0.00206843 0.00476696 0.00226054 0.00340555 0.0353388 0.00210719 0.0245485 0.02495 0.0238866 0.0227642 0.0235473 0.0216142 0.0204375 0.0225198 0.0180799 0.00235764 0.020839 0.00219042
internal_count=46080 23173 142 122 107 90 23031 22058 973 502 22907 108 895 853 833 53 21556 394 22012 21535 20939 20385 21524 19465 18464 20843 16349 2115 19362 2011
is_linear=0
shrinkage=0.1


Tree=131
num_leaves=28
num_cat=0
split_feature=8 10 4 17 14 2 14 11 16 29 42 24 2 24 14 2 2 5 14 8 44 5 16 10 0 5 11
split_gain=0.0245221 0.016433 0.00586905 0.00586126 0.014387 0.00803737 0.00685363 0.00389527 0.00329073 0.00214112 0.0020123 0.000914018 0.000442877 0.000888789 0.000437204 0.000341645 0.000147643 4.62228e-06 1.13903e-12 1.05412e-13 3.34455e-15 2.32453e-15 9.36751e-17 1.38778e-17 6.93889e-18 3.90313e-18 4.33681e-19
threshold=250.97438910000002 470.50000000000006 240.80973110000002 86.500000000000014 601.50000000000011 16.219433055000003 575.50000000000011 3148.5000000000005 376.50000000000006 1.0002167980000001 0.07692692750000002 0.053388706000000008 14.754950520000001 0.057455741000000012 780.50000000000011 10.795094760000003 14.111192365000003 1752.5000000000002 849.50000000000011 220.83333330000002 137.50000000000003 2524.5000000000005 722.50000000000011 1026.5000000000002 37.500000000000007 1941.5000000000002 2810.5000000000005
decision_type=2 2 2 2 2 2 2 2 2 2 2 2 2 2 2 2 2 2 2 2 2 2 2 2 2 2 2
left_child=1 3 7 4 5 6 -1 16 -4 14 -9 -12 13 -10 -2 -13 18 -11 19 20 -3 22 -19 25 26 -24 -22
right_child=9 2 8 -5 -6 -7 -8 10 12 17 11 15 -14 -15 -16 -17 -18 21 -20 -21 24 -23 23 -25 -26 -27 -28
leaf_value=0.10019875925107313 0.054769887796365671 0.10000027411359765 0.10001274298623784 0.043079120529502322 0.074625437961152452 -0.10027645438116387 -0.043202912459947278 0.093545011856627877 0.031443897156416739 -0.093087867559063134 0.042551895538946477 -0.024278601891114998 -0.10001846656762713 -0.097886584240928137 -0.038450458143672268 -0.091841515154924586 0.085223404117626342 -0.10000012434411035 0.10000357336532709 0.10000115766045631 0.10000010227949614 -0.10000025165940861 -0.10000009727691664 -0.10000009370700971 0.10000010257225755 -0.10000010436166003 0.10000010237043866
leaf_weight=0.0043831291773130934 0.0010034524230491107 0.0012080023421390243 0.0015542094955662824 0.014896709042886869 0.010605013113035966 0.020262851045117714 0.013908474647905678 0.0019271411247814276 0.001011033276370199 0.0010136618280967005 0.0012390454621709068 0.0014338230937482876 0.0022679365188196243 0.0011200201398651188 0.0010090022789199793 0.0015657509395623492 0.0096524970326754556 0.0011165784230797718 0.0010251607919258268 0.0010128166042591138 0.0014822257040805189 0.0010132270032272564 0.0015505037875982444 0.016190001668519471 0.015796103278546525 0.0013402318093085341 0.0020513952013061498
leaf_count=83 402 1082 120 20 15 17 7 394 112 617 56 20 20 721 493 32 21 1072 611 560 1482 767 1569 16653 15750 1334 2050
internal_value=0.000193314 0.0205242 0.0673176 -0.0118716 -0.0285232 -0.0568959 -0.00884026 0.0816426 -0.0250687 -0.0907408 0.00882065 -0.0297003 -0.0692613 -0.0365285 0.00803118 -0.0595458 0.0955746 -0.0996848 0.1 0.1 0.1 -0.1 -0.1 -0.1 0.1 -0.1 0.1
internal_weight=0.13264 0.108403 0.0443472 0.0640562 0.0491595 0.0385545 0.0182916 0.038394 0.0059532 0.0242367 0.00616576 0.00423862 0.00439899 0.00213105 0.00201245 0.00299957 0.0322282 0.0222242 0.0225757 0.0215505 0.0205377 0.0212105 0.0201973 0.0190807 0.0193297 0.00289074 0.00353362
internal_count=46080 23173 23031 142 122 107 90 22058 973 22907 502 108 853 833 895 52 21556 22012 21535 20924 20364 21395 20628 19556 19282 2903 3532
is_linear=0
shrinkage=0.1


Tree=132
num_leaves=31
num_cat=0
split_feature=6 36 24 11 45 14 17 18 39 8 24 37 12 14 29 18 4 11 8 16 13 5 0 5 0 8 2 7 2 2
split_gain=0.0220051 0.0168198 0.00507996 0.00458894 0.00227126 0.00221449 0.00529741 0.00204451 0.00143496 0.00101844 0.00121224 0.000346728 4.87305e-06 1.40213e-06 3.81921e-07 2.79511e-08 3.90021e-13 3.25781e-15 2.44249e-15 4.82253e-16 1.31839e-16 6.93889e-18 3.46945e-18 3.46945e-18 1.73472e-18 1.73472e-18 8.67362e-19 8.67362e-19 4.33681e-19 4.33681e-19
threshold=42.749125510000006 4.5000000000000009 0.043245386000000004 3148.5000000000005 86.500000000000014 601.50000000000011 86.500000000000014 176.50000000000003 0.045477666000000007 250.97438910000002 0.055777727500000006 0.062507619500000014 46.500000000000007 846.50000000000011 1.1650585110000002 70.500000000000014 226.18763860000004 3591.5000000000005 219.87339745000003 841.50000000000011 728.50000000000011 1920.5000000000002 42.500000000000007 1569.5000000000002 39.500000000000007 210.81501830000002 10.184807395000002 8764.5000000000018 9.9325757575000022 9.8018246370000011
decision_type=2 2 2 2 2 2 2 2 2 2 2 2 2 2 2 2 2 2 2 2 2 2 2 2 2 2 2 2 2 2
left_child=1 2 -1 13 -5 -4 -7 -2 -6 10 -9 12 -10 15 -11 -3 18 -16 20 21 22 -19 23 24 26 28 -17 -24 -25 -26
right_child=7 3 5 4 8 6 -8 9 11 14 -12 -13 -14 -15 17 16 -18 19 -20 -21 -22 -23 27 25 29 -27 -28 -29 -30 -31
leaf_value=0.010230130440209454 0.044411791686091141 0.10028486113932458 -0.085628569940313093 0.10000657277331348 0.063085469058589735 0.047597144214948733 -0.096493768539072988 0.051812706558718662 -0.1000733558003024 -0.097996834311073783 -0.095161511390825154 -0.024114836626213609 -0.09043183208265497 0.096299412272904394 -0.10000027408799222 0.10000009444884794 0.10000199899461844 -0.10000009080657457 0.10000024716124215 -0.10000015490029564 0.10000013095659577 -0.10000008453991303 0.10000009333112359 0.10000009509617036 0.1000000943646064 0.10000009926674092 0.10000009365221836 0.10000009087526962 0.1000000939147022 0.10000009363850711
leaf_weight=0.048935418586097512 0.00114014463042622 0.0041587295455656195 0.0092410008765000384 0.0016720886991947728 0.0010504276945084712 0.0055895046025398187 0.0046942992566982866 0.0010171684526767413 0.0010607090171106393 0.0010008353028183583 0.0012518554279381533 0.0010152539640557734 0.0010364318078472934 0.0010399505974305603 0.0010026942784975281 0.0041373114347038609 0.0011532505261016004 0.0012994780811936826 0.00114061101766083 0.0010450135250721351 0.0010344582883021749 0.016035588153613389 0.0014871188793676984 0.0013362018465841183 0.0020394793194782324 0.0010052563516183 0.0027187676975586328 0.0017496763630902024 0.0011990923090365868 0.0012329210201755814
leaf_count=27 369 28 29 221 171 12 29 71 8 716 751 180 93 701 828 4567 415 1449 1013 1025 1092 18204 1643 1473 2250 1092 3003 1933 1325 1362
internal_value=0.000161911 0.020778 -0.00697637 0.0815458 0.00156451 -0.0501014 -0.0181768 -0.0862509 -0.0379769 -0.0928274 -0.0292752 -0.0720853 -0.0953084 0.0998954 -0.0999017 0.100049 0.1 -0.1 0.1 -0.1 0.1 -0.1 0.1 0.1 0.1 0.1 0.1 0.1 0.1 0.1
internal_weight=0.123521 0.099728 0.0684602 0.0312677 0.00583491 0.0195248 0.0102838 0.0237928 0.00416282 0.0226526 0.00226902 0.00311239 0.00209714 0.0254328 0.0203836 0.0243929 0.0202341 0.0193828 0.0190809 0.0183801 0.0179403 0.0173351 0.0169058 0.013669 0.0101285 0.00354055 0.00685608 0.0032368 0.00253529 0.0032724
internal_count=46080 22667 97 22570 673 70 41 23413 452 23044 822 281 101 21897 22222 21196 21168 21506 20753 20678 19740 19653 18648 15072 11182 3890 7570 3576 2798 3612
is_linear=0
shrinkage=0.1


Tree=133
num_leaves=31
num_cat=0
split_feature=8 10 17 19 4 11 16 29 45 1 20 2 2 0 43 21 29 2 6 8 4 2 29 11 16 1 23 13 42 4
split_gain=0.0196065 0.014266 0.00555173 0.012498 0.0046307 0.00339827 0.00288477 0.00187988 0.00171513 0.00163966 0.00078885 0.00421896 0.000413808 0.00018849 0.000163288 0.00199109 4.57474e-06 2.95937e-07 4.67048e-13 8.60267e-14 1.97065e-15 6.42715e-16 2.77556e-16 2.27249e-16 1.5439e-16 5.20417e-18 3.46945e-18 1.73472e-18 1.73472e-18 8.67362e-19
threshold=250.97438910000002 470.50000000000006 86.500000000000014 169.50000000000003 240.80973110000002 3148.5000000000005 376.50000000000006 1.0002167980000001 86.500000000000014 17.500000000000004 19.500000000000004 16.219433055000003 14.754950520000001 44.500000000000007 0.18137003800000004 70.500000000000014 1.1955946125000001 16.219433055000003 37.290785910000004 220.59974985000002 253.19280325000003 10.314965740000002 1.7142853585000004 3042.5000000000005 722.50000000000011 14.500000000000002 0.029374601000000004 715.50000000000011 0.090909091500000011 203.82287580000005
decision_type=2 2 2 2 2 2 2 2 2 2 2 2 2 2 2 2 2 2 2 2 2 2 2 2 2 2 2 2 2 2
left_child=1 2 3 -1 5 14 -6 -2 -7 13 -5 -12 -8 -10 15 -3 -9 19 -17 23 -18 27 24 26 -22 28 -16 29 -26 -20
right_child=7 4 -4 10 6 8 12 16 9 -11 11 -13 -14 -15 17 18 20 -19 21 -21 22 -23 -24 -25 25 -27 -28 -29 -30 -31
leaf_value=-0.05723290590961725 0.0059935412187612901 -0.049221753877931949 0.042600518300325213 0.10045498214379021 0.10001259882213571 0.10000501915779073 -0.033836945103605777 -0.093043947480337202 -0.0419575841954518 0.067695563096442937 0.10024927905894293 -0.092428629211526975 -0.10001531953558036 -0.094771917690252991 0.10000008316854286 0.10000238836940765 -0.10000022800484956 0.10081647705770674 0.10000008277740005 0.10000105882348652 -0.10000011968964223 0.10000016923292543 -0.10000013445528139 0.10000013439771847 -0.1000000785859442 -0.10000008113727753 0.10000008521102006 0.10000008706408706 -0.10000007860460602 0.1000000831313716
leaf_weight=0.035104689183526716 0.0018572241722836216 0.0010008811510147106 0.014182334839006216 0.0045086992904543877 0.0014269749319169014 0.0014907230219023395 0.0018931093015908118 0.0010003587485698509 0.0012846627135445488 0.0012771524589538785 0.0038946421383911911 0.0016046507544160704 0.001886338502572471 0.0014256606494882362 0.005702142215625372 0.001009968890627988 0.0010265499266211 0.0080330967903137207 0.0020855132314068214 0.0010202328918467183 0.0010089265594501748 0.0010186153291442679 0.0010608938072778065 0.0010022621746657032 0.01123256023237218 0.001863830486684038 0.002208533669602275 0.0010171388140065574 0.0010252174636207209 0.003256355674579936
leaf_count=28 895 321 20 1 120 234 833 1055 117 129 81 12 20 22 6955 894 1019 1 2547 677 1078 1142 1157 1148 14110 2305 2683 1217 1288 3971
internal_value=0.000132276 0.018691 -0.0119728 -0.0291293 0.0664891 0.0803829 -0.0211286 -0.0898478 0.00849246 -0.0257196 0.0694486 0.0440274 -0.0668669 -0.0697385 0.0947801 0.0840922 -0.0996181 0.100365 0.1 0.1 -0.1 0.1 -0.1 0.1 -0.1 -0.1 0.1 0.1 -0.1 0.1
internal_weight=0.11741 0.0973344 0.059295 0.0451127 0.0380394 0.0328329 0.00520642 0.0200756 0.0054782 0.00398748 0.010008 0.00549929 0.00377945 0.00271032 0.0273547 0.00938847 0.0182183 0.0179663 0.00838759 0.00993317 0.017218 0.00737762 0.0161914 0.00891294 0.0151305 0.0141216 0.00791068 0.00635901 0.0122578 0.00534187
internal_count=46080 23173 142 122 23031 22058 973 22907 502 268 94 93 853 139 21556 10092 22012 11464 9771 11463 20957 8877 19938 10786 18781 17703 9638 7735 15398 6518
is_linear=0
shrinkage=0.1


Tree=134
num_leaves=29
num_cat=0
split_feature=6 16 17 19 14 37 2 24 43 23 43 8 2 43 2 40 6 43 10 16 11 8 8 1 42 5 4 7
split_gain=0.0176286 0.0187872 0.00876895 0.0116156 0.00238667 0.00157467 0.00109573 0.00328367 0.000578974 0.000326806 7.46483e-05 5.60092e-05 1.22206e-05 9.39898e-06 4.71967e-05 7.89846e-07 1.81227e-08 1.03035e-09 5.74694e-10 2.37545e-12 7.85243e-13 1.30911e-14 4.66467e-15 1.56125e-17 7.80626e-18 5.20417e-18 1.73472e-18 8.67362e-19
threshold=40.057147805000007 376.50000000000006 86.500000000000014 169.50000000000003 886.50000000000011 0.041704724500000005 11.564591170000002 0.055196032000000006 0.20641408400000003 0.036177539000000009 0.18421783900000002 220.59974985000002 12.378083560000002 0.17143321700000003 13.816757605000001 0.04999182550000001 41.908738390000003 0.17949509550000001 470.50000000000006 662.50000000000011 3112.5000000000005 256.22564410000001 194.31754030000005 12.500000000000002 0.048760259500000007 1630.5000000000002 291.43044605000006 12013.500000000002
decision_type=2 2 2 2 2 2 2 2 2 2 2 2 2 2 2 2 2 2 2 2 2 2 2 2 2 2 2 2
left_child=4 2 3 -2 11 -6 7 -3 10 -9 12 20 -8 18 -15 -11 -5 -16 -14 -20 22 -17 -1 26 -25 -24 -21 -28
right_child=1 6 -4 16 5 -7 8 9 -10 15 -12 -13 13 14 17 21 -18 -19 19 23 -22 -23 25 24 -26 -27 27 -29
leaf_value=0.10000029110960669 -0.025524297647070246 0.084291695285739585 0.10098384947347205 0.10035737588617975 0.090097392985227065 -0.059443124448693901 -0.089396615146008218 -0.035778488159733064 -0.028087470494728858 -0.096734070532284652 -0.07356562401729376 0.075704979286250362 -0.10004494805574987 -0.07597746359988973 -0.10011908334692753 -0.10000052189835291 0.1000206698571095 -0.10001498832347344 -0.10000518783180308 -0.10000007147506762 0.10000283777361803 -0.10000007423742888 0.10000007687184219 -0.10000008704724861 -0.10000007573157757 0.10000007503646423 -0.10000007286758908 -0.10000007109656034
leaf_weight=0.0010914510090742633 0.041214618170215545 0.0014796300723105551 0.0096476683393120766 0.006843885614557621 0.0011809135816065455 0.0017441877846522402 0.001498710464204577 0.0010317345822272728 0.0013021040757053006 0.001000171614748524 0.0013168885882350869 0.0010074871765368689 0.0039816223561501838 0.0010329535895152722 0.0017522618867360507 0.0010137088286796825 0.0020856841527461256 0.0020791499390497847 0.0010002366287267259 0.0019834522914266017 0.0011181178846300091 0.0018369836921010574 0.011378392699214146 0.0010855106471012732 0.0012617416693956329 0.0027261720479145888 0.0012387846269916736 0.0043073551427141865
leaf_count=1229 42 486 1 3 133 72 1292 201 1004 1112 1539 520 16 1217 21 959 254 27 197 2754 696 2502 15327 1431 1684 3663 1720 5978
internal_value=0.000170316 -0.018797 0.0136763 -0.00312156 0.0844782 0.000928947 -0.0830832 -0.0462124 -0.0929226 -0.0857606 -0.0966683 0.0985872 -0.0981019 -0.0987634 -0.0949481 -0.0991519 0.100279 -0.100063 -0.100012 -0.100001 0.1 -0.1 0.1 -0.1 -0.1 0.1 -0.1 -0.1
internal_weight=0.110242 0.0899949 0.0597919 0.0501442 0.0202467 0.0029251 0.030203 0.00636223 0.0238408 0.0048826 0.0225387 0.0173216 0.0212218 0.0197231 0.00486437 0.00385086 0.00892957 0.00383141 0.0148587 0.0108771 0.0163141 0.00285069 0.015196 0.00987684 0.00234725 0.0141046 0.00752959 0.00554614
internal_count=46080 24440 300 299 21640 205 24140 5260 18880 4774 17876 21435 16337 15045 1265 4573 257 48 13780 13764 20915 3461 20219 13567 3115 18990 10452 7698
is_linear=0
shrinkage=0.1


Tree=135
num_leaves=31
num_cat=0
split_feature=11 10 17 14 2 14 6 16 8 11 15 10 36 28 43 8 29 36 4 8 5 7 6 39 4 4 10 0 1 16
split_gain=0.0157957 0.0139948 0.00430659 0.0116903 0.00665146 0.00690117 0.00376529 0.00190557 0.00167319 0.00144214 0.00140428 0.00107389 0.00101432 0.000301808 0.000141844 0.0014487 6.11505e-05 2.22327e-07 2.15575e-13 6.91981e-15 7.30319e-16 2.0383e-16 5.20417e-17 1.21431e-17 1.73472e-18 1.73472e-18 1.73472e-18 1.30104e-18 8.67362e-19 8.67362e-19
threshold=3368.0000000000005 470.50000000000006 86.500000000000014 601.50000000000011 16.219433055000003 575.50000000000011 41.908738390000003 376.50000000000006 250.97438910000002 3148.5000000000005 104.50000000000001 849.50000000000011 4.5000000000000009 30.500000000000004 0.18137003800000004 221.14102565000005 1.1718787435000004 4.5000000000000009 195.71425120000004 219.59487180000002 2343.5000000000005 8764.5000000000018 39.18983269000001 0.024390700500000004 285.68100005000008 204.60720365000003 654.50000000000011 42.500000000000007 14.500000000000002 743.50000000000011
decision_type=2 2 2 2 2 2 2 2 2 2 2 2 2 2 2 2 2 2 2 2 2 2 2 2 2 2 2 2 2 2
left_child=1 2 3 4 5 -1 9 -8 11 14 -11 13 -9 -2 15 18 -10 -16 -3 21 23 26 25 24 -18 27 -19 -20 -25 -30
right_child=8 6 -4 -5 -6 -7 7 12 16 10 -12 -13 -14 -15 17 -17 20 19 22 -21 -22 -23 -24 28 -26 -27 -28 -29 29 -31
leaf_value=0.10019602473982876 -0.096020910331544293 0.1000016385956508 0.038987418672191992 0.072410945483485686 -0.10023526958558658 -0.048783252353068254 0.10000994792140483 -0.100011227048319 -0.074503646702089407 -0.049768320427152811 0.10000168555337741 0.048244086116712874 0.0052427797478168843 -0.022960652573802847 0.10075726399853618 -0.028602710570155471 -0.1000000640973106 0.10000006779968661 0.10000006783788284 0.10000034940468375 -0.10000015191816469 0.10000011691937211 0.10000009181621208 -0.10000006815651313 -0.10000006120251077 0.10000006828917828 0.10000007010569474 0.10000006370984948 -0.10000006806594385 -0.10000006457620166
leaf_weight=0.0042053091113984911 0.0012988110499918539 0.0010271042011709142 0.012630455175553834 0.0091254134422342759 0.016513004622538574 0.011931073488085531 0.0012149011006385982 0.0017348332133906297 0.0010089772799233296 0.0014352956359289229 0.0011103523165729712 0.0013460047035209755 0.0019388335255143829 0.0010013269254045554 0.0074592363089323052 0.001000383078348932 0.001420788805603479 0.0047930611129913814 0.0010401214317994345 0.0010594791604034981 0.0010073807620187844 0.0010010846079353541 0.0010046125154872243 0.0020379093282940639 0.0071631827254350355 0.0025068326283417264 0.0012244247367334538 0.001463066370490651 0.0012256246930633097 0.0010417783099114786
leaf_count=83 124 1121 20 15 17 7 175 77 1187 20 351 354 788 429 1 180 2158 7145 1551 1082 1225 1397 1451 3037 10991 3725 1811 2179 1809 1570
internal_value=0.000215868 0.0183806 -0.01218 -0.0276503 -0.0556172 -0.0099577 0.0719912 -0.00855787 -0.0834209 0.0870637 0.0155579 -0.0227 -0.0444618 -0.0642153 0.0947836 0.084003 -0.0982742 0.100364 0.1 0.1 -0.1 0.1 0.1 -0.1 -0.1 0.1 0.1 0.1 -0.1 -0.1
internal_weight=0.103971 0.0854189 0.0544053 0.0417748 0.0326494 0.0161364 0.0310136 0.00488857 0.0185518 0.0261251 0.00254565 0.00364614 0.00367367 0.00230014 0.0235794 0.00804212 0.0149056 0.0155373 0.00704174 0.00807805 0.0138967 0.00701857 0.00601463 0.0128893 0.00858397 0.00501002 0.00601749 0.00250319 0.00430531 0.0022674
internal_count=46080 23196 142 122 107 90 23054 1040 22884 22014 371 907 865 553 21643 10207 21977 11436 10027 11435 20790 10353 8906 19565 13149 7455 8956 3730 6416 3379
is_linear=0
shrinkage=0.1


Tree=136
num_leaves=31
num_cat=0
split_feature=6 16 17 10 14 2 14 8 14 37 27 19 43 10 2 43 42 29 6 6 10 13 11 16 8 4 23 24 14 43
split_gain=0.0142314 0.0153871 0.00754141 0.0100953 0.0139946 0.00623533 0.00602232 0.00279941 0.00187895 0.00120792 0.000809321 0.00143745 0.000299806 0.00180055 4.2854e-05 1.20447e-05 6.79427e-05 5.81303e-07 4.2713e-08 9.40029e-10 4.79854e-10 1.32776e-12 5.82978e-13 4.73118e-13 1.36627e-14 2.21177e-15 3.46945e-18 2.60209e-18 1.30104e-18 1.30104e-18
threshold=39.873397435000008 376.50000000000006 86.500000000000014 470.50000000000006 601.50000000000011 16.219433055000003 575.50000000000011 221.94963370000002 886.50000000000011 0.041704724500000005 36.500000000000007 394.50000000000006 0.18421783900000002 673.50000000000011 12.024265180000002 0.16647479900000003 0.075000196000000005 1.2566228705000002 41.908738390000003 41.908738390000003 470.50000000000006 780.50000000000011 3105.5000000000005 712.50000000000011 218.84807690000002 193.92391305000004 0.029851009500000004 0.050848045000000001 981.50000000000011 0.17142815500000003
decision_type=2 2 2 2 2 2 2 2 2 2 2 2 2 2 2 2 2 2 2 2 2 2 2 2 2 2 2 2 2 2
left_child=8 2 3 4 5 6 -2 -3 22 -10 12 -12 14 -14 -9 20 -17 -15 -5 -18 -16 -22 24 -19 25 -1 -27 -23 -25 -28
right_child=1 7 -4 18 -6 -7 -8 10 9 -11 11 -13 13 17 15 16 19 23 -20 -21 21 27 -24 28 -26 26 29 -29 -30 -31
leaf_value=0.10000021289241628 0.10017822783615125 0.07571090064647279 0.10085533310066355 0.10068089092417412 0.10036025709291718 -0.10021476624870501 -0.04497072014705536 -0.077243966336585562 0.088705941550964201 -0.052917704401292509 0.055902178384081208 -0.10000012849768221 0.050416883782954683 -0.097226148222327238 -0.10004423156553158 -0.071798506844326246 -0.10010368406689606 -0.1000027142906631 0.10000899944275128 -0.10000834764687437 -0.10000393566892399 -0.10000006267578004 0.10000255900207998 -0.10000006129189901 0.1000004597337074 0.1000000617153215 0.1000000618837287 -0.10000005778932866 -0.10000006617601079 0.10000005728402642
leaf_weight=0.001057100499167519 0.0037865174056719306 0.0011242275261338355 0.0084089087322354317 0.0067916711520865647 0.0073076620801657546 0.014803547848714516 0.011663095589028671 0.0010259872625510971 0.0010253366484675999 0.0014594537777838923 0.0010723562015186863 0.0013186576160819641 0.0010021766913723687 0.0010044830371498392 0.0035591464766184808 0.001070214055687301 0.0019348889927641721 0.0010071222981196115 0.0010992978768058492 0.0022219090203066116 0.001000740619986118 0.00101042464746115 0.0010479749526552959 0.0010154320607966838 0.0010015303851105281 0.0082634124958929078 0.001277198923077095 0.0065116404987861642 0.0010171086389618722 0.0011257720998401055
leaf_count=1494 82 1038 1 5 14 16 7 756 131 70 151 1715 305 1134 12 1331 6 825 175 981 532 1617 843 1669 956 13593 2096 11022 1648 1855
internal_value=0.000198724 -0.0169861 0.01386 -0.00223479 -0.0238362 -0.0538359 -0.00939643 -0.0787557 0.0855606 0.0055226 -0.0854938 -0.0300788 -0.0911606 -0.0695763 -0.0971013 -0.0982783 -0.0942678 -0.0993117 0.100587 -0.100053 -0.100013 -0.100001 0.1 -0.100001 0.1 0.1 0.1 -0.1 -0.1 0.1
internal_weight=0.097015 0.0807572 0.0538607 0.0454518 0.0375608 0.0302532 0.0154496 0.0268965 0.0162578 0.00248479 0.0257723 0.00239101 0.0233813 0.00504632 0.018335 0.017309 0.00522701 0.00404415 0.00789097 0.0041568 0.012082 0.00852281 0.013773 0.00303966 0.012725 0.0117235 0.0106664 0.00752207 0.00203254 0.00240297
internal_count=46080 25042 300 299 119 105 89 24742 21038 201 23704 1866 21838 5581 16257 15501 2318 5276 180 987 13183 13171 20837 4142 19994 19038 17544 12639 3317 3951
is_linear=0
shrinkage=0.1


Tree=137
num_leaves=26
num_cat=0
split_feature=6 16 17 19 8 14 27 19 23 43 11 2 43 41 6 10 29 11 13 8 4 0 7 2 11
split_gain=0.0127526 0.0137812 0.00682746 0.00966129 0.00250467 0.00178482 0.000762727 0.00107245 0.000497091 0.000255621 0.00123114 3.40854e-05 1.53762e-05 5.06305e-05 9.93599e-09 3.41118e-10 9.17355e-13 3.92865e-13 8.97156e-15 8.54178e-15 1.53696e-15 5.63785e-18 3.46945e-18 1.73472e-18 4.33681e-19
threshold=39.873397435000008 376.50000000000006 86.500000000000014 169.50000000000003 221.94963370000002 886.50000000000011 11.500000000000002 386.50000000000006 0.030077321500000004 0.18421783900000002 3112.5000000000005 12.378083560000002 0.17143321700000003 0.17647125650000003 41.908738390000003 470.50000000000006 1.0470649795000002 3101.5000000000005 829.50000000000011 218.01136365000005 195.11369510000003 42.500000000000007 8789.5000000000018 13.290493080000003 4345.5000000000009
decision_type=2 2 2 2 2 2 2 2 2 2 2 2 2 2 2 2 2 2 2 2 2 2 2 2 2
left_child=5 2 3 -2 -3 17 9 -8 -7 11 -11 -6 15 -14 -5 -13 -17 19 -12 20 -1 -20 -22 -18 -25
right_child=1 4 -4 14 6 8 7 -9 -10 10 18 12 13 -15 -16 16 23 -19 21 -21 22 -23 -24 24 -26
leaf_value=0.10000018184802772 -0.024597063022300115 0.072290101405354634 0.10077327930096303 0.10029557627223956 -0.080391958005280151 0.051716712676703025 0.022074727247459004 -0.10000012959874627 -0.039900406523078136 0.027432907213799443 -0.10000042064854471 -0.10003826115203068 -0.075107488280749563 -0.10006161441403881 0.10002121723636558 -0.10000328530681293 -0.10000005338351695 0.10000213081016007 -0.10000005403573278 0.10000036386446204 0.10000005289844141 -0.10000006439656342 0.1000000566422701 -0.1000000545107322 -0.10000005300304429
leaf_weight=0.0010337419140853408 0.034462607380078225 0.0010629474630263749 0.0076145757921040049 0.0058559723237294739 0.0011611272828417887 0.0011692905505924509 0.0015008880297386886 0.0013825884129801125 0.0011999852693520552 0.001000866676520217 0.0010208200174588455 0.0033896317545440988 0.0011492654057860827 0.0027794313164122286 0.0017041229709207073 0.0010030265138709638 0.0046331023883112721 0.0010323548027599836 0.0010150341639132421 0.0010625708810039223 0.0081856916025628834 0.0010900556522415172 0.0011479604655733064 0.0010377859217101104 0.0013918311672682648
leaf_count=1631 42 1038 1 3 1244 144 170 1872 57 463 1364 16 1246 19 254 504 8655 994 1848 1237 14903 1787 2072 1922 2594
internal_value=0.000217761 -0.0166913 0.0136479 -0.00213938 -0.0778633 0.0848747 -0.0846391 -0.0364585 0.00531469 -0.0913596 -0.0690938 -0.0969132 -0.0981602 -0.0927618 0.100234 -0.100012 -0.1 0.1 -0.1 0.1 0.1 -0.1 0.1 -0.1 -0.1
internal_weight=0.0890873 0.0742557 0.0496373 0.0420227 0.0246184 0.0148316 0.0235555 0.00288348 0.00236928 0.020672 0.00412678 0.0165452 0.0153841 0.0039287 0.0075601 0.0114554 0.00806575 0.0124623 0.00312591 0.01143 0.0103674 0.00210509 0.00933365 0.00706272 0.00242962
internal_count=46080 25042 300 299 24742 21038 23704 2042 201 21662 5462 16200 14956 1265 257 13691 13675 20837 4999 19843 18606 3635 16975 13171 4516
is_linear=0
shrinkage=0.1


Tree=138
num_leaves=29
num_cat=0
split_feature=11 10 17 14 2 14 4 8 11 19 14 10 10 43 16 6 23 2 7 8 20 14 12 20 39 2 6 2
split_gain=0.0113359 0.0110697 0.00302138 0.00895508 0.00570614 0.00555733 0.00280865 0.00144824 0.00122212 0.00111478 0.00143275 0.0010409 0.00086705 0.000127255 0.000862974 6.29119e-05 2.50918e-05 1.2487e-07 6.9009e-14 2.7674e-14 1.20563e-16 7.15573e-17 4.16334e-17 1.73472e-17 3.46945e-18 8.67362e-19 8.67362e-19 4.33681e-19
threshold=3368.0000000000005 470.50000000000006 86.500000000000014 601.50000000000011 16.219433055000003 575.50000000000011 240.80973110000002 250.97438910000002 3148.5000000000005 169.50000000000003 703.50000000000011 676.50000000000011 849.50000000000011 0.18137003800000004 482.50000000000006 44.362262165000011 0.032209712000000008 16.219433055000003 8836.5000000000018 218.84807690000002 47.500000000000007 727.50000000000011 50.500000000000007 62.500000000000007 0.046507703000000004 13.467131760000003 38.925914635000005 9.8494904545000015
decision_type=2 2 2 2 2 2 2 2 2 2 2 2 2 2 2 2 2 2 2 2 2 2 2 2 2 2 2 2
left_child=1 2 3 4 5 -1 8 12 13 -8 -11 -10 16 14 -3 -9 -2 19 21 20 26 27 23 -17 25 -25 -15 -16
right_child=7 6 -4 -5 -6 -7 9 15 11 10 -12 -13 -14 17 18 22 -18 -19 -20 -21 -22 -23 -24 24 -26 -27 -28 -29
leaf_value=0.10016511115685084 -0.07198528648962578 -0.0019157794735827499 0.035483045605777468 0.070445884587376786 -0.10018804586463766 -0.044391764301567681 -0.08927884284795734 -0.073803427581355982 -0.04914271182323468 0.089212265745574351 -0.053892485032534722 0.085361576020227425 0.047778172295478837 0.1000000546530731 0.10000005596088489 -0.10000006165744502 -0.049631268430979425 0.10063451769102748 0.10000099502830898 0.10000062968653589 0.10000009410433891 0.10000008553397788 -0.10000007077319176 -0.10000004732231532 -0.10000005260722938 -0.10000004710391536 0.10000005700819499 0.10000005397463148
leaf_weight=0.0035150436686137718 0.0010038523665798502 0.001004353736277607 0.01021508122795467 0.0075203571213933165 0.013188720593461767 0.010925537702860311 0.0011405808324980162 0.0010075652276100308 0.0011652214782316142 0.0016270812143375224 0.0012273659875177145 0.0011365575714137321 0.0011602146171867389 0.0017952755400472142 0.0012957151274122225 0.0010708119823164006 0.0010046851551805958 0.0062654465436935425 0.0010051286220971178 0.0010397366789050011 0.0010332812858848683 0.0010498219655232788 0.0010197124464070848 0.0056279657621871593 0.0011891157010950337 0.0012611893639586924 0.0022795902281700364 0.0014581905533646022
leaf_count=83 33 868 20 15 17 7 21 1550 148 410 685 228 354 3607 2607 1999 520 1 1655 1336 1959 2036 1909 11530 2389 2600 4567 2926
internal_value=0.000252185 0.0168724 -0.0123892 -0.0263016 -0.0526351 -0.00920456 0.0710021 -0.0807198 0.0859315 -0.00571208 0.0276795 0.0172719 -0.0210472 0.0946023 0.0823921 -0.0976384 -0.0608036 0.10032 0.1 0.1 0.1 0.1 -0.1 -0.1 -0.1 -0.1 0.1 0.1
internal_weight=0.0842332 0.0698881 0.0453647 0.0351497 0.0276293 0.0144406 0.0245233 0.0143451 0.0205283 0.00399503 0.00285445 0.00230178 0.00316875 0.0182265 0.00581321 0.0111764 0.00200854 0.0124133 0.00480886 0.00614788 0.00510815 0.00380373 0.0101688 0.00914908 0.00807827 0.00688916 0.00407487 0.00275391
internal_count=46080 23196 142 122 107 90 23054 22884 21938 1116 1095 376 907 21562 10092 21977 553 11470 9224 11469 10133 7569 20427 18518 16519 14130 8174 5533
is_linear=0
shrinkage=0.1


Tree=139
num_leaves=26
num_cat=0
split_feature=6 16 17 19 14 4 27 19 39 43 13 2 43 41 6 2 10 13 11 8 4 1 7 43 2
split_gain=0.0103035 0.0119295 0.00589348 0.00837376 0.00160226 0.00150718 0.0007865 0.00120208 0.000431919 0.000278859 0.00111216 4.25748e-05 1.65176e-05 5.55446e-05 6.74644e-09 7.28159e-10 2.69992e-10 5.91555e-13 1.86434e-13 5.3256e-15 8.39606e-16 2.60209e-18 1.73472e-18 1.73472e-18 4.33681e-19
threshold=39.873397435000008 376.50000000000006 86.500000000000014 169.50000000000003 886.50000000000011 221.19230770000004 11.500000000000002 378.50000000000006 0.058844016000000006 0.18421783900000002 749.50000000000011 12.378083560000002 0.17143321700000003 0.17647125650000003 41.908738390000003 11.461884285000002 470.50000000000006 787.50000000000011 3091.5000000000005 217.46761135000003 196.37070710000003 12.500000000000002 8752.5000000000018 0.15327165250000002 13.206509500000001
decision_type=2 2 2 2 2 2 2 2 2 2 2 2 2 2 2 2 2 2 2 2 2 2 2 2 2
left_child=4 2 3 -2 18 -3 9 -8 -6 11 -11 -7 16 -14 -5 -12 -13 -18 19 20 -1 23 -22 24 -19
right_child=1 5 -4 14 8 6 7 -9 -10 10 15 12 13 -15 -16 -17 17 21 -20 -21 22 -23 -24 -25 -26
leaf_value=0.10000014247913749 -0.022857319466187929 0.036528573316417262 0.10067477760434046 0.10026234462521433 0.054558227442482732 -0.076576698318917225 0.041923096650591123 -0.10000011595845107 -0.034004240255919027 0.023966872836092754 -0.10000018312117154 -0.10003586802812675 -0.072382142637750876 -0.10006299000869623 0.10002067581996188 -0.099891320189010757 -0.10000267762351484 -0.10000004161433124 0.1000015046736099 0.10000029847515604 0.10000004493604397 -0.10000004654543222 0.10000004604029272 -0.10000004408272455 -0.10000003959219939
leaf_weight=0.0010075318569988667 0.031526930889071991 0.0011124457279549907 0.00665763160213828 0.0052215132393484956 0.001011601324677259 0.0010061355540642589 0.00119283828985317 0.0011943592433283357 0.0012086185803354965 0.0010057846190534283 0.0015820100952907978 0.0031778786942595616 0.0010213648833143915 0.0024974816342364647 0.0014832774012916161 0.0010045801960245626 0.0010032883215274069 0.0016194088247800664 0.0010252602031073374 0.0010269610236264279 0.0062285938685135989 0.0012592245118980827 0.0010214196661593178 0.0013306678910396386 0.0014446934274872092
leaf_count=1887 42 922 1 3 91 1253 137 1900 110 563 2968 16 1246 19 254 2043 863 3707 1333 1514 13846 2783 2257 3022 3300
internal_value=0.000238808 -0.015469 0.0138455 -0.0012749 0.0834057 -0.0768105 -0.0830094 -0.0290837 0.00634758 -0.09018 -0.0652617 -0.0964136 -0.0979082 -0.0920285 0.100209 -0.0999579 -0.100012 -0.1 0.1 0.1 0.1 -0.1 0.1 -0.1 -0.1
internal_weight=0.0788715 0.0663415 0.0448894 0.0382317 0.01253 0.0214522 0.0203397 0.0023872 0.00222022 0.0179525 0.00359237 0.0143601 0.013354 0.00351885 0.00670479 0.00258659 0.00983516 0.00665728 0.0103098 0.00928451 0.00825755 0.00565399 0.00725001 0.00439477 0.0030641
internal_count=46080 25042 300 299 21038 24742 23820 2037 201 21783 5574 16209 14956 1265 257 5011 13691 13675 20837 19504 17990 12812 16103 10029 7007
is_linear=0
shrinkage=0.1


Tree=140
num_leaves=27
num_cat=0
split_feature=6 16 10 17 14 2 14 14 4 27 19 23 43 13 2 43 10 24 10 23 11 8 4 42 2 4
split_gain=0.00912451 0.0106265 0.00596217 0.00768551 0.010808 0.00512757 0.00509809 0.00156546 0.00137495 0.000743002 0.00107749 0.000344745 0.000276362 0.00103699 4.85195e-05 2.07492e-05 3.05439e-05 8.32367e-10 1.99468e-10 3.90203e-13 1.18612e-13 3.30638e-15 5.20417e-16 1.73472e-18 8.67362e-19 4.33681e-19
threshold=39.873397435000008 376.50000000000006 470.50000000000006 86.500000000000014 601.50000000000011 16.219433055000003 575.50000000000011 886.50000000000011 221.19230770000004 11.500000000000002 378.50000000000006 0.030077321500000004 0.18421783900000002 749.50000000000011 12.401975480000003 0.17143321700000003 478.50000000000006 0.059099304000000005 470.50000000000006 0.029472418500000003 3081.5000000000005 216.80243900000002 197.83905920000004 0.057142638500000002 13.392552740000001 295.53283235000004
decision_type=2 2 2 2 2 2 2 2 2 2 2 2 2 2 2 2 2 2 2 2 2 2 2 2 2 2
left_child=7 2 3 4 5 6 -2 20 -3 12 -11 -9 14 -14 -10 18 -17 -15 -16 -20 21 22 -1 -24 25 -21
right_child=1 8 -4 -5 -6 -7 -8 11 9 10 -12 -13 13 17 15 16 -18 -19 19 24 -22 -23 23 -25 -26 -27
leaf_value=0.10000011742070035 0.10015399232583007 0.033321851031709891 0.1005164772905518 0.10061015159500973 0.10029289539112668 -0.10016768398900218 -0.043925740638623999 0.04627571458641884 -0.074607901612457173 0.038407867405045856 -0.10000010553647432 -0.033298230063140692 0.021695229748061241 -0.09987957728771836 -0.10003245502059877 -0.10007727819954709 -0.080612800546206578 -0.10000010853791755 -0.10000220207953776 -0.10000003641236742 0.10000120324825923 0.10000024207012503 0.10000004115499075 0.10000004176507911 -0.10000003896557363 -0.1000000376066482
leaf_weight=0.0010586059002264392 0.0032296304748342672 0.0010983382849190084 0.006603773506867582 0.0060277469456195823 0.0057890171055987585 0.011564618253032677 0.010250281658954918 0.0010716519839490965 0.0010020027431494336 0.0011729162923757022 0.0010807010420137431 0.001106703035816281 0.0010002960545136821 0.0010012405215320541 0.0028755567200278165 0.0016635761203360752 0.0015642556370210059 0.0013394115810001495 0.0010001588906618508 0.002355622086014364 0.0010539821225563637 0.0010570630808786063 0.0021356144813466926 0.0040233988833904277 0.0012951300994359372 0.0013234893280298365
leaf_count=2248 82 922 180 1 14 16 7 144 1379 137 1900 57 563 2098 16 5 1254 2913 1008 5955 1639 1832 5241 9877 3262 3330
internal_value=0.000269653 -0.0146345 0.0130138 -0.00266247 -0.0228516 -0.0513163 -0.00940591 0.0821767 -0.075412 -0.0818073 -0.0279644 0.00584855 -0.0891968 -0.0635278 -0.0957534 -0.0975076 -0.0906445 -0.0999485 -0.100011 -0.1 0.1 0.1 0.1 0.1 -0.1 -0.1
internal_weight=0.0747448 0.0632378 0.0434651 0.0368613 0.0308335 0.0250445 0.0134799 0.011507 0.0197727 0.0186744 0.00225362 0.00217836 0.0164207 0.00334095 0.0130798 0.0120778 0.00322783 0.00234065 0.00884996 0.0059744 0.00932866 0.00827468 0.00721762 0.00615901 0.00497424 0.00367911
internal_count=46080 25042 300 120 119 105 89 21038 24742 23820 2037 201 21783 5574 16209 14830 1259 5011 13571 13555 20837 19198 17366 15118 12547 9285
is_linear=0
shrinkage=0.1


Tree=141
num_leaves=26
num_cat=0
split_feature=2 41 20 18 2 14 2 13 27 16 8 43 14 5 43 21 2 17 2 18 2 10 13 5 0
split_gain=0.00821643 0.00790221 0.00326855 0.00268454 0.0049916 0.0066511 0.00206525 0.0021673 0.000803152 0.000653235 0.000349056 0.000149116 0.000114689 3.75463e-05 2.39573e-05 0.000102717 2.28378e-06 2.62975e-08 6.73557e-09 1.39254e-09 4.91938e-10 8.90278e-11 4.72228e-13 3.30465e-16 1.73472e-18
threshold=10.500825785000002 0.18108108750000004 18.500000000000004 197.50000000000003 16.219433055000003 601.50000000000011 11.945260110000001 715.50000000000011 36.500000000000007 376.50000000000006 219.34941860000001 0.18137003800000004 1239.5000000000002 1804.5000000000002 0.16647479900000003 42.500000000000007 12.641025160000002 86.500000000000014 12.921047555000003 71.500000000000014 13.251144460000001 470.50000000000006 740.50000000000011 1659.5000000000002 41.500000000000007
decision_type=2 2 2 2 2 2 2 2 2 2 2 2 2 2 2 2 2 2 2 2 2 2 2 2 2
left_child=10 6 -3 4 9 -6 7 -2 13 17 22 12 14 -9 16 -16 -8 -4 -18 -7 -20 -22 23 24 -1
right_child=1 2 3 -5 5 19 11 8 -10 -11 -12 -13 -14 -15 15 -17 18 -19 20 -21 21 -23 -24 -25 -26
leaf_value=0.10000003864071771 0.10000083707135415 -0.040504097469865621 0.100192747115498 -0.095518646880107042 -0.028242324341679493 0.1001980744552534 -0.094857771780460259 -0.074383413863987585 0.0057025789475806674 0.027374903109064309 0.037529648089527287 -0.054919000012926836 -0.060717841826619427 -0.10000425645849212 -0.10009261403127155 -0.062522011559363183 -0.099720166447192796 0.1005517481952803 -0.099940509445402947 0.10030036309693074 -0.10003071678998417 -0.1000010440479347 0.10000234272564411 0.10000010059053915 0.10000003662259203
leaf_weight=0.0042673672072339741 0.0012519458552446841 0.0096052176786542987 0.0032589723771536683 0.0017286856129032904 0.015672870690991658 0.0023467053052570455 0.0010233916175650393 0.0010346757845809407 0.0014840972067133862 0.0014244848615589953 0.0010163068897952598 0.0011337780347844282 0.0010123306649063588 0.0012790554785340191 0.0025050936674233526 0.0010256099137109231 0.0010009355957549815 0.0054571377113461494 0.0010000529323974661 0.0030747378316107188 0.0024722365051275119 0.0017108837561465862 0.0010425328065934991 0.0010077648641981796 0.0011402774995588061
leaf_count=11508 2058 55 146 3350 44 90 2439 200 1426 1300 1184 2062 2161 1028 6 1650 2784 1 2714 15 12 3553 804 2402 3088
internal_value=0.000288041 -0.0126287 0.0108288 0.0257866 0.0325002 0.00478301 -0.0683078 -0.0141026 -0.0517165 0.090157 0.0925083 -0.0895525 -0.0928942 -0.0885469 -0.0959276 -0.089179 -0.0992335 0.100418 -0.0999577 0.100256 -0.100004 -0.100019 0.1 0.1 0.1
internal_weight=0.0689771 0.0605029 0.0425688 0.0329636 0.0312349 0.0210943 0.0179341 0.00504977 0.00379783 0.0101406 0.00847425 0.0128843 0.0117505 0.00231373 0.0107382 0.0035307 0.0072075 0.00871611 0.00618411 0.00542144 0.00518317 0.00418312 0.00745794 0.00641541 0.00540764
internal_count=46080 27094 5001 4946 1596 149 22093 4712 2654 1447 18986 17381 15319 1228 13158 1656 11502 147 9063 105 6279 3565 17802 16998 14596
is_linear=0
shrinkage=0.1


Tree=142
num_leaves=26
num_cat=0
split_feature=11 10 6 11 2 20 14 43 23 24 18 6 43 19 5 36 17 14 2 8 4 6 7 4 32
split_gain=0.00739561 0.00683257 0.00300678 0.00230828 0.00200542 0.00396815 0.00771359 0.000830855 0.000783314 0.000996077 0.000471668 0.0004272 9.96157e-05 0.000441237 3.0277e-06 7.02304e-08 1.76523e-08 2.37887e-14 1.18742e-15 2.08167e-17 8.23994e-18 4.33681e-18 1.73472e-18 1.30104e-18 8.67362e-19
threshold=3753.5000000000005 470.50000000000006 41.908738390000003 3148.5000000000005 16.219433055000003 18.500000000000004 601.50000000000011 0.18919241550000002 0.034131780500000007 0.044492068000000003 187.50000000000003 44.577254895000003 0.18137003800000004 227.50000000000003 2220.5000000000005 4.5000000000000009 86.500000000000014 760.50000000000011 10.500825785000002 213.27842380000001 208.80243900000002 50.796666020000011 12076.500000000002 286.88563700000003 3.5000000000000004
decision_type=2 2 2 2 2 2 2 2 2 2 2 2 2 2 2 2 2 2 2 2 2 2 2 2 2
left_child=1 4 3 12 5 -1 16 -5 9 -4 -11 -2 13 -3 21 -14 -7 20 19 24 -15 22 23 -13 -17
right_child=11 2 8 7 -6 6 -8 -9 -10 10 -12 14 15 17 -16 18 -18 -19 -20 -21 -22 -23 -24 -25 -26
leaf_value=-0.038611847342394284 -0.030377631491407455 0.023889612125087601 -0.051878653551261138 0.064553280746215802 -0.040311926156594353 0.10018422612040932 -0.09993968136484567 -0.049241074179505434 -0.089589826377675943 0.10000339080497223 0.0088991324864085893 -0.10000004079572794 0.10054611170823816 0.10000003361395034 -0.094084106366329787 0.1000000336662718 0.10049896415168263 0.10000062582850777 0.10000016524236111 0.10000005235384185 0.10000004584715412 -0.1000000308767586 -0.10000003430518492 -0.1000000358151923 0.10000003634249346
leaf_weight=0.0096938416518241866 0.001040044461404932 0.0010007151954880564 0.0015790851861083857 0.0010340659943608435 0.01588205996358738 0.0027874114096562153 0.0025585420103197976 0.0016906841392483329 0.0010135156056492178 0.0010656314601646955 0.0012175844219655119 0.0010051724641471083 0.0054019303061068058 0.0011694539293500839 0.0010142503520000901 0.0011054175097910957 0.0049402839504182339 0.0010136204270168037 0.0010066818207121742 0.0010196301315943401 0.001005947016352593 0.0016441737962225034 0.0020071944109929518 0.0012263736957152105 0.0010448965477678485
leaf_count=7 1140 1537 239 326 32 83 19 100 1994 404 226 2670 1 3509 2562 3310 1 2360 2262 2783 2801 4981 6041 3612 3080
internal_value=0.000337612 0.0128831 0.0576445 0.07804 -0.0137885 0.00729482 0.0505577 -0.00605514 -0.0113456 0.00918659 0.0514197 -0.0901212 0.0946824 0.0818213 -0.0991301 0.100308 0.100385 0.1 0.1 0.1 0.1 -0.1 -0.1 -0.1 0.1
internal_weight=0.0651682 0.057231 0.0213689 0.016493 0.0358621 0.0199801 0.0102862 0.00272475 0.00487582 0.0038623 0.00228322 0.00793721 0.0137683 0.00418974 0.00689716 0.00957856 0.0077277 0.00318902 0.00417663 0.00316994 0.0021754 0.00588291 0.00423874 0.00223155 0.00215031
internal_count=46080 25074 24932 22069 142 110 103 426 2863 869 630 21006 21643 10207 19866 11436 84 8670 11435 9173 6310 17304 12323 6282 6390
is_linear=0
shrinkage=0.1


Tree=143
num_leaves=23
num_cat=0
split_feature=6 16 10 17 14 2 14 14 2 24 43 23 43 44 2 6 10 42 13 8 4 4
split_gain=0.00667759 0.00772037 0.00512506 0.00306449 0.0085705 0.00532727 0.00429962 0.00129807 0.00110206 0.00206639 0.000496978 0.000223627 2.9347e-05 0.000115918 5.65708e-06 1.94978e-10 8.1335e-11 1.62326e-13 4.92609e-14 1.23252e-15 1.85615e-16 4.33681e-19
threshold=39.873397435000008 376.50000000000006 470.50000000000006 85.500000000000014 601.50000000000011 16.219433055000003 575.50000000000011 886.50000000000011 11.564591170000002 0.055196032000000006 0.18421783900000002 0.036573647000000008 0.16647479900000003 137.50000000000003 12.545559675000002 41.908738390000003 470.50000000000006 0.060013285000000006 716.50000000000011 215.62331080000004 198.72410145000001 299.31580975000003
decision_type=2 2 2 2 2 2 2 2 2 2 2 2 2 2 2 2 2 2 2 2 2 2
left_child=7 2 3 4 5 6 -2 18 9 -3 12 -11 14 15 -10 -14 -16 21 19 20 -1 -18
right_child=1 8 -4 -5 -6 -7 -8 -9 10 11 -12 -13 13 -15 16 -17 17 -19 -20 -21 -22 -23
leaf_value=0.10000007737574326 0.10015170922577882 0.075815066425918634 0.10043555976015157 0.064251386828702503 0.10024953220515707 -0.10014178899644517 -0.038031545110261827 0.0080736551111493023 -0.091977163477316187 -0.038702324674867977 -0.0344427732770968 -0.098009376519605715 -0.10006504988493976 -0.059618821019084639 -0.10002515263115351 -0.10000618672403661 -0.10000003012218905 -0.10000150917399815 0.10000081648571953 0.10000016023892391 0.10000002936494559 -0.10000002936232216
leaf_weight=0.0010009842502398669 0.0031432959516166656 0.0013251152853968043 0.0055526071554936598 0.0054572119843214742 0.0049361654280346548 0.0097650928801158443 0.0079388836602447554 0.0019644837243788515 0.0010302898741088029 0.0010030651702663818 0.0015555737871011397 0.0017363828387999547 0.0012012565734949021 0.0010343076618255509 0.0020243812750777579 0.0010586555060569935 0.0016162931634369215 0.0010005227368878877 0.0010008723031091904 0.0010038827464597944 0.0040383742616256768 0.0012508013749936708
leaf_count=2893 82 1074 180 2 14 16 6 201 2141 279 2544 4508 6 2449 12 91 5426 2007 2092 2548 13304 4205
internal_value=0.00039822 -0.0132192 0.0119083 -0.00382622 -0.0182352 -0.0462898 0.00116209 0.079954 -0.0715981 -0.0267037 -0.0870988 -0.0762937 -0.0951162 -0.087347 -0.0988135 -0.100037 -0.100009 -0.1 0.1 0.1 0.1 -0.1
internal_weight=0.0616385 0.0526299 0.0367933 0.0312406 0.0257834 0.0208473 0.0110822 0.0090086 0.0158366 0.00406456 0.0117721 0.00273945 0.0102165 0.00329422 0.00692229 0.00225991 0.005892 0.00386762 0.00704411 0.00604324 0.00503936 0.00286709
internal_count=46080 25042 300 120 118 104 88 21038 24742 5861 18881 4787 16337 2546 13791 97 11650 11638 20837 18745 16197 9631
is_linear=0
shrinkage=0.1


Tree=144
num_leaves=24
num_cat=0
split_feature=2 41 8 20 16 2 10 2 20 27 13 18 10 18 17 45 6 7 11 2 4 8 7
split_gain=0.0060653 0.00585081 0.002973 0.00746501 0.00260228 0.00434545 0.00591945 0.00159998 0.00114813 0.000650002 0.000283848 0.000184559 0.00150411 0.000146821 1.10204e-08 1.27075e-10 2.87478e-14 9.63639e-15 1.21431e-17 8.67362e-18 1.30104e-18 1.30104e-18 8.67362e-19
threshold=10.500825785000002 0.18108108750000004 231.15909090000002 18.500000000000004 376.50000000000006 16.219433055000003 470.50000000000006 11.945260110000001 52.500000000000007 36.500000000000007 776.50000000000011 185.50000000000003 478.50000000000006 194.50000000000003 86.500000000000014 88.500000000000014 48.930243580000003 8821.5000000000018 2815.5000000000005 12.905718850000001 303.26240585000005 211.44173440000003 8503.5000000000018
decision_type=2 2 2 2 2 2 2 2 2 2 2 2 2 2 2 2 2 2 2 2 2 2 2
left_child=10 7 15 -4 5 14 -7 8 -2 -10 17 12 -9 -6 -5 -3 -13 18 -1 -18 -21 22 -20
right_child=1 2 3 4 13 6 -8 11 9 -11 -12 16 -14 -15 -16 -17 19 -19 21 20 -22 -23 -24
leaf_value=0.10000003722724138 0.079844880092673473 0.10010034576954357 -0.10015741114053466 0.10016549062701344 -0.047444745607014789 -0.029294915631397335 0.10040587418344714 -0.10005208908482184 -0.078803287114360257 0.011053606195482213 0.042107678513926862 -0.10000062550217964 0.034432069334144381 -0.097088974859024832 0.10042318034888958 0.10013988218853075 -0.10000003531854369 0.1000003563302518 0.10000002241307056 -0.10000002739063821 -0.10000002363193497 0.10000002803050789 0.10000002563417383
leaf_weight=0.0010177729944302874 0.0010043179962622171 0.0019474430159789327 0.0059565753081471931 0.0027454243869158282 0.0010601798228435646 0.012635148726076295 0.0048770334806533802 0.0041550835685484344 0.0019723166766993927 0.0013602269796422206 0.0010001540559585465 0.0010105823379547019 0.0010397525342114022 0.001359861624905534 0.0041962079703807831 0.0013954973261149917 0.00128755691272886 0.0011205838260082146 0.0013105628082996645 0.0016799406874383749 0.001058115638329582 0.001001176860029318 0.0010776942431789394
leaf_count=3428 2005 1270 52 93 93 24 117 27 1281 1426 685 2452 483 3349 1 2 4572 2510 4807 5937 3910 3609 3947
internal_value=0.000398853 -0.0112739 0.0102753 0.00112724 0.0235769 0.0333662 0.00682595 -0.0647825 -0.013881 -0.0421269 0.0911303 -0.0863593 -0.0731349 -0.0753407 0.100321 0.100117 -0.1 0.1 0.1 -0.1 -0.1 0.1 0.1
internal_weight=0.0572692 0.0507413 0.0361734 0.0328304 0.0268739 0.0244538 0.0175122 0.0145679 0.00433686 0.00333254 0.00652794 0.010231 0.00519484 0.00242004 0.00694163 0.00334294 0.0050362 0.00552779 0.00440721 0.00402561 0.00273806 0.00338943 0.00238826
internal_count=46080 27094 5001 3729 3677 235 141 22093 4712 2707 18986 17381 510 3442 94 1272 16871 18301 15791 14419 9847 12363 8754
is_linear=0
shrinkage=0.1


Tree=145
num_leaves=20
num_cat=0
split_feature=11 10 18 2 14 2 20 26 6 23 6 43 2 11 15 36 17 8 43
split_gain=0.00544841 0.00464862 0.00259434 0.00186259 0.00150792 0.00787171 0.00681305 0.00117444 0.00104253 0.000988109 0.00021387 0.000106916 0.000294842 0.000105364 3.38704e-06 2.64061e-08 7.41785e-09 1.11577e-14 1.73472e-18
threshold=3786.5000000000005 470.50000000000006 183.50000000000003 10.500825785000002 601.50000000000011 16.219433055000003 18.500000000000004 5.5000000000000009 41.908738390000003 0.021252902500000004 45.66767826000001 0.18137003800000004 10.400065335000003 3368.0000000000005 108.50000000000001 4.5000000000000009 86.500000000000014 214.86664300000004 0.16750918200000001
decision_type=2 2 2 2 2 2 2 2 2 2 2 2 2 2 2 2 2 2 2
left_child=1 4 8 -4 5 6 -1 13 11 -10 -2 12 -3 -5 18 -13 -8 -17 -12
right_child=10 2 3 7 -6 -7 16 -9 9 -11 14 15 -14 -15 -16 17 -18 -19 -20
leaf_value=-0.03865280154978229 -0.048025881173710705 0.10000026752406657 0.085707603981928282 -0.059317350922050129 0.027996535101259708 -0.10012417901591536 0.10015711870695757 0.047937862351865125 -0.052893734459401889 0.081765374899738535 -0.10000002413289816 0.10040400650823281 0.033383601999414508 -0.098691805739891877 -0.093478949737086953 0.10000003259808039 0.10038275107550894 0.10000045194871594 -0.10000002769874097
leaf_weight=0.0082576944760148763 0.0010042405160390891 0.0019629290884495276 0.0016088573184447333 0.0015174976909406723 0.0071965089244372385 0.0086070022516651079 0.0023638223287889568 0.0010371202420458303 0.0010534767156826783 0.0011288077567854771 0.0029048921913101822 0.0040076193399727345 0.0010043226119478277 0.0012308576924056069 0.0010001189084505313 0.0017075796251759812 0.0037983376532793045 0.0010096698039490093 0.0010071146496102301
leaf_count=7 1672 6928 3924 710 34 17 83 519 105 518 11829 1 1152 1719 3435 6824 1 3035 3567
internal_value=0.00041694 0.0116901 0.0530799 -0.00442703 -0.0119587 -0.0244458 0.0207255 -0.042735 0.0792042 0.01676 -0.0900756 0.0932642 0.0774526 -0.0769513 -0.0986723 0.100241 0.100296 0.1 -0.1
internal_weight=0.0534085 0.0474921 0.0172687 0.00539433 0.0302234 0.0230269 0.0144199 0.00378548 0.0118744 0.00218228 0.00591637 0.00969212 0.00296725 0.00274836 0.00491213 0.00672487 0.00616216 0.00271725 0.00391201
internal_count=46080 25577 25435 6872 142 108 91 2948 18563 623 20503 17940 8080 2429 18831 9860 84 9859 15396
is_linear=0
shrinkage=0.1


Tree=146
num_leaves=22
num_cat=0
split_feature=6 2 14 20 16 2 14 45 42 20 24 7 8 18 45 12 13 41 6 4 2
split_gain=0.00490721 0.00386627 0.00315223 0.00616237 0.00350157 0.00350127 0.00548084 0.00243992 0.00129502 0.000423959 0.000922431 0.000205715 3.38169e-05 8.18819e-10 3.80957e-11 3.22112e-11 1.22081e-14 2.08167e-17 5.63785e-18 1.73472e-18 4.33681e-19
threshold=45.801662205000007 10.465874445000003 575.50000000000011 18.500000000000004 376.50000000000006 16.219433055000003 601.50000000000011 86.500000000000014 0.071435412500000003 24.500000000000004 0.05407104900000001 9334.0000000000018 282.17781315000008 71.500000000000014 88.500000000000014 23.500000000000004 702.50000000000011 0.12194575500000002 38.155902780000012 299.67466870000004 10.001558275000002
decision_type=2 2 2 2 2 2 2 2 2 2 2 2 2 2 2 2 2 2 2 2 2
left_child=1 11 14 -4 5 -5 -7 -6 -9 15 -11 16 -2 -8 -3 -10 18 19 -1 -14 -20
right_child=12 2 3 4 7 6 13 8 9 10 -12 -13 17 -15 -16 -17 -18 -19 20 -21 -22
leaf_value=0.10000002998983303 -0.07944312881804691 0.10010841563078053 -0.10013089170492767 0.10026472089854661 0.10000183925911924 -0.029702685108389901 0.10017141734324114 0.01808703454466053 -0.10003675802969968 0.025156380665245 -0.090364305042591853 0.049780482202960115 -0.10000002216228615 0.10025668743840802 0.10013140222810768 -0.10001799777742425 0.10000042288153926 -0.10000004067440037 0.10000002221433019 -0.10000002668744193 0.10000002156059802
leaf_weight=0.0010905282835125254 0.0010142561026640342 0.0015977698379145968 0.0060643665704844798 0.0056473175588394034 0.001106927515493795 0.011065788331904969 0.0019747706036383752 0.0017842122915965319 0.0015649442302674288 0.0010652133713335843 0.0019687198964533081 0.0010048722643318797 0.0016446552955926563 0.0026205680829463063 0.0013138588509491456 0.0022044736583097801 0.001000173068462118 0.0010225303414586051 0.0010072917640968626 0.0011252055250707826 0.0012343149110876084
leaf_count=4585 3307 316 46 11 1654 36 90 1521 18 1151 3178 723 7441 15 6 34 3501 3497 4472 5008 5470
internal_value=0.000411543 0.010602 -7.03306e-05 -0.00794016 0.0100929 0.0327611 0.00841966 -0.0397317 -0.0577432 -0.07763 -0.049805 0.0905449 -0.0956623 0.10022 0.100119 -0.100026 0.1 -0.1 0.1 -0.1 0.1
internal_weight=0.0501228 0.0453161 0.0399789 0.0370673 0.0310029 0.0213084 0.0156611 0.00969449 0.00858756 0.00680335 0.00303393 0.00533718 0.00480665 0.00459534 0.00291163 0.00376942 0.00433231 0.00379239 0.00333213 0.00276986 0.00224161
internal_count=46080 26827 8076 7754 7708 152 141 7556 5902 4381 4329 18751 19253 105 322 52 18028 15946 14527 12449 9942
is_linear=0
shrinkage=0.1


Tree=147
num_leaves=19
num_cat=0
split_feature=6 16 10 14 2 20 14 2 24 43 24 42 8 17 10 7 13 2
split_gain=0.00444172 0.00523821 0.00392005 0.00529611 0.00669423 0.00551547 0.00100344 0.000874026 0.00152197 0.000508243 0.000205957 3.77674e-05 0.000174326 4.06512e-09 6.63671e-11 1.5629e-14 9.28077e-17 1.30104e-18
threshold=39.873397435000008 376.50000000000006 470.50000000000006 601.50000000000011 16.219433055000003 18.500000000000004 886.50000000000011 11.564591170000002 0.055196032000000006 0.18421783900000002 0.05872955450000001 0.071435412500000003 283.28251955000002 86.500000000000014 470.50000000000006 8821.5000000000018 664.50000000000011 13.066668150000002
decision_type=2 2 2 2 2 2 2 2 2 2 2 2 2 2 2 2 2 2
left_child=6 2 3 4 5 -2 15 8 -3 11 -10 12 -9 -7 -13 16 -1 -14
right_child=1 7 -4 -5 -6 13 -8 9 10 -11 -12 14 17 -15 -16 -17 -18 -19
leaf_value=0.10000005575985478 -0.035488727124675573 0.072670101366800632 0.10033252847405578 0.10020447092673812 -0.10011035116058123 0.10012859372824241 0.0096006187663827437 -0.050582725695379541 -0.03832657033157124 -0.024706790282217166 -0.099830706834109134 -0.10003015725770979 -0.10000002312928916 0.10031315750035474 -0.10000380224516191 0.10000046225158565 0.10000002086143985 -0.10000001984327285
leaf_weight=0.0010510842852795568 0.0073575777350924909 0.0011023549117510365 0.004235329829782585 0.0040483757800302547 0.0074646122375270343 0.0019356265798080585 0.0016435913966859061 0.0010015144455479685 0.0010125936972684713 0.0012561167668820872 0.0011776974026531661 0.0024719816715332854 0.0011439032616777922 0.0031121161300688982 0.0015575123798043933 0.0010781457334587685 0.0027256206814172401 0.0013413528638892558
leaf_count=4327 6 1074 180 14 16 83 201 1806 674 2544 4113 19 5630 1 2219 3163 13347 6663
internal_value=0.000427098 -0.0119674 0.0116578 -0.0040443 -0.0252843 0.0197405 0.0771362 -0.0670965 -0.0231642 -0.0835861 -0.0713967 -0.093426 -0.0858058 0.100242 -0.10002 0.1 0.1 -0.1
internal_weight=0.0467171 0.0402187 0.0281536 0.0239183 0.0198699 0.0124053 0.00649844 0.012065 0.00329265 0.00877238 0.00219029 0.00751626 0.00348677 0.00504774 0.00402949 0.00485485 0.0037767 0.00248526
internal_count=46080 25042 300 120 106 90 21038 24742 5861 18881 4787 16337 14099 84 2238 20837 17674 12293
is_linear=0
shrinkage=0.1


Tree=148
num_leaves=18
num_cat=0
split_feature=6 10 11 6 14 2 20 39 27 2 43 8 6 36 17 2 2
split_gain=0.00403494 0.00331525 0.00284021 0.00118075 0.00110999 0.00611827 0.00492062 0.000838753 0.000297767 0.000166093 9.21746e-05 0.000194208 1.24402e-05 1.61571e-08 3.00931e-09 2.21177e-16 8.67362e-19
threshold=46.102499580000007 470.50000000000006 3148.5000000000005 41.908738390000003 601.50000000000011 16.219433055000003 18.500000000000004 0.046516321500000006 17.500000000000004 14.754950520000001 0.18137003800000004 213.74047615000003 48.930191390000012 4.5000000000000009 86.500000000000014 10.082207205000001 12.946561920000002
decision_type=2 2 2 2 2 2 2 2 2 2 2 2 2 2 2 2 2
left_child=1 4 3 10 5 6 -1 -4 -9 -5 11 -3 -2 -12 -8 -15 -14
right_child=12 2 7 9 -6 -7 14 8 -10 -11 13 -13 16 15 -16 -17 -18
leaf_value=-0.03218666983326194 -0.087065817572524212 0.10000021041914933 0.034033315844595347 0.037091496879230017 0.025385389842463291 -0.10009913500613098 0.10011634880494619 -0.078705890330249162 -0.011033692551978011 -0.019103297446356218 0.10034049511099424 0.043088802374965832 -0.1000000212779463 0.10000002258914009 0.10028327291221328 0.10000008434275227 -0.10000001905077201
leaf_weight=0.0072786926093613147 0.0010009287372554345 0.001496150183314171 0.0018436089477944515 0.0010641416795351697 0.0058503727842662548 0.0068060346238780758 0.0017516307455309743 0.0017158008933506608 0.0010469710441753932 0.0010400079349892621 0.0033818709198385477 0.0010006334304080156 0.0010832100495719033 0.0013638240234996601 0.0028167557902634144 0.001007750409328878 0.0018093623278616633
leaf_count=7 3785 7138 994 507 34 17 83 3333 311 187 1 3069 5602 7125 1 4310 9576
internal_value=0.000446852 0.0100288 0.0471219 0.0761833 -0.0126186 -0.0245382 0.0188708 -0.0182033 -0.0530611 0.00931637 0.0932371 0.0771919 -0.0966749 0.1002 0.100219 0.1 -0.1
internal_weight=0.0433577 0.0394642 0.0149608 0.0103544 0.0245035 0.0186531 0.0118471 0.00460638 0.00276277 0.00210415 0.00825023 0.00249678 0.0038935 0.00575345 0.00456839 0.00237157 0.00289257
internal_count=46080 27117 26975 22337 142 108 91 4638 3644 694 21643 10207 18963 11436 84 11435 15178
is_linear=0
shrinkage=0.1


Tree=149
num_leaves=20
num_cat=0
split_feature=2 41 8 20 16 2 14 2 37 20 36 18 17 18 12 45 7 2 7
split_gain=0.00361817 0.0039327 0.00259406 0.00531357 0.00163041 0.00257565 0.00419299 0.00119571 0.000695744 0.000233193 0.000179721 0.0011108 2.4991e-09 4.19472e-10 2.16758e-10 6.19308e-11 2.01076e-14 1.30104e-18 1.30104e-18
threshold=10.500825785000002 0.18108108750000004 231.15909090000002 18.500000000000004 376.50000000000006 16.219433055000003 601.50000000000011 11.945260110000001 0.027794132500000002 54.500000000000007 4.5000000000000009 322.50000000000006 86.500000000000014 71.500000000000014 23.500000000000004 88.500000000000014 8664.5000000000018 12.880994235000001 8229.5000000000018
decision_type=2 2 2 2 2 2 2 2 2 2 2 2 2 2 2 2 2 2 2
left_child=9 7 15 -4 5 12 -7 8 -2 16 14 -12 -5 -8 -9 -3 18 -13 -1
right_child=1 2 3 4 -6 6 13 10 -10 -11 11 17 -14 -15 -16 -17 -18 -19 -20
leaf_value=0.10000001994518966 0.03691734029433421 0.10009798209593418 -0.10011790260587811 0.10009929233613535 -0.06910125057610271 -0.026573278610805218 0.1001364901024378 -0.1000651943865679 -0.053099886068348673 0.044926359546759338 0.022216577013677338 -0.10000002067975949 0.10025624211711584 0.10020474249709899 -0.10001450559620879 0.10012734226096465 0.1000005523506457 -0.10000001741732711 0.10000001599169604
leaf_weight=0.0012438693573528772 0.001579363057004457 0.0016531660713070542 0.0042996583752312736 0.0016851199424934285 0.0017358951402428593 0.0090145436336115381 0.0015801264777621791 0.001497377594205318 0.0018814661117403375 0.0010022031741243609 0.0010001881259000811 0.0011229268744870069 0.0025493581779301167 0.0020934676641530814 0.001932277421587969 0.0012706359911049958 0.0010193492692707196 0.0017765421092406086 0.0010382802797579416
leaf_count=7080 2417 1270 52 93 3442 36 90 4 2295 1837 519 6357 1 15 88 2 3864 10413 6205
internal_value=0.000433513 -0.00974616 0.0113981 0.000100217 0.0231944 0.032662 0.0101242 -0.0604642 -0.0120202 0.0871751 -0.083339 -0.0686538 0.100194 0.100175 -0.100037 0.100111 0.1 -0.1 0.1
internal_weight=0.0409758 0.0366721 0.025882 0.0229582 0.0186585 0.0169226 0.0126881 0.0107901 0.00346083 0.0043037 0.00732931 0.00389966 0.00423448 0.00367359 0.00342966 0.0029238 0.0033015 0.00289947 0.00228215
internal_count=46080 27094 5001 3729 3677 235 141 22093 4712 18986 17381 17289 94 105 92 1272 17149 16770 13285
is_linear=0
shrinkage=0.1


Tree=150
num_leaves=16
num_cat=0
split_feature=11 10 18 2 14 2 20 4 37 6 27 43 2 17 2
split_gain=0.00330462 0.00330511 0.0020207 0.00117897 0.000933107 0.00525532 0.00398415 0.000682535 0.000552909 0.000209327 0.000126606 0.000107441 1.13783e-08 1.64949e-09 8.67362e-19
threshold=3786.5000000000005 470.50000000000006 183.50000000000003 10.500825785000002 601.50000000000011 16.219433055000003 18.500000000000004 240.80973110000002 0.025642279500000004 46.60472175000001 6.5000000000000009 0.18137003800000004 16.219433055000003 86.500000000000014 12.794895000000002
decision_type=2 2 2 2 2 2 2 2 2 2 2 2 2 2 2
left_child=1 4 7 -4 5 6 -1 11 -5 -2 -10 -3 -13 -8 -11
right_child=9 2 3 8 -6 -7 13 -9 10 14 -12 12 -14 -15 -16
leaf_value=-0.029267627554441636 -0.048608097610512387 0.07250493887002267 0.080088982381066862 0.022488356527992043 0.022991218172589263 -0.10008772196587729 0.10009524311000265 0.023237845515349943 -0.09214667127501297 -0.10000001840244377 -0.042755883018811967 0.10000021615541865 0.10031628385506038 0.10023180250434392 -0.10000001488844015
leaf_weight=0.0065222469875152456 0.001093115907579544 0.0019565118205093768 0.0011498153090769856 0.001000336407585678 0.0052622570813980465 0.0059677979625121216 0.0014344095469311924 0.0018043246965930848 0.0010618478502522066 0.0010362453038794683 0.0010151774485933629 0.0017863476206940732 0.0031428956426680088 0.0023072885815054178 0.0018463571115887589
leaf_count=7 2463 7972 3924 545 34 17 83 687 1728 6102 675 9903 1 1 11938
internal_value=0.000450034 0.010423 0.0504006 -0.00630849 -0.0136023 -0.0254657 0.017922 0.077986 -0.0385898 -0.0858699 -0.0680062 0.092332 0.100202 0.100179 -0.1
internal_weight=0.038387 0.0344113 0.0129173 0.00422718 0.021494 0.0162317 0.0102639 0.00869008 0.00307736 0.00397572 0.00207703 0.00688576 0.00492924 0.0037417 0.0028826
internal_count=46080 25577 25435 6872 142 108 91 18563 2948 20503 2403 17876 9904 84 18040
is_linear=0
shrinkage=0.1


Tree=151
num_leaves=17
num_cat=0
split_feature=6 16 10 14 2 20 21 2 23 43 42 7 20 10 7 16
split_gain=0.00299866 0.00385903 0.00295994 0.00405479 0.00475044 0.00357764 0.000841507 0.000716397 0.00114681 0.000554632 5.04601e-05 0.000139232 1.2214e-09 3.96013e-11 3.77682e-13 2.77556e-17
threshold=39.873397435000008 376.50000000000006 470.50000000000006 601.50000000000011 16.219433055000003 18.500000000000004 94.500000000000014 11.564591170000002 0.035454957500000009 0.18421783900000002 0.071435412500000003 11961.500000000002 19.500000000000004 470.50000000000006 8789.5000000000018 600.50000000000011
decision_type=2 2 2 2 2 2 2 2 2 2 2 2 2 2 2 2
left_child=6 2 3 4 5 -2 14 8 -3 10 11 -9 -7 -12 15 -1
right_child=1 7 -4 -5 -6 12 -8 9 -10 -11 13 -13 -14 -15 -16 -17
leaf_value=0.10000003496109443 -0.026734681878622754 0.038726030074313522 0.10024882775052352 0.10015944113507302 -0.1000799199890373 0.10020969895868244 0.0085335386359208388 -0.052260764817356954 -0.090118654386202701 -0.01436977036773894 -0.10002599080365643 -0.10000001412152754 0.10008617219641421 -0.10000354756037876 0.10000231235053036 0.10000001335600327
leaf_weight=0.0010300486183467674 0.0064608376706019044 0.0015159521080221339 0.003276981207520179 0.0031596377671121436 0.0053612762640113951 0.0020881581585854292 0.0014184281131832677 0.001000592326278138 0.0012691475749022629 0.0010904653359489203 0.0021147687411939842 0.0015687539009547891 0.0012980190528679714 0.0012514704610566696 0.0010228580013347255 0.0014050111609833493
leaf_count=6486 6 1175 180 14 16 1 1885 2767 4686 2544 19 11332 83 2219 2710 9957
internal_value=0.000428685 -0.0108826 0.0126988 -0.00292083 -0.0243365 0.0169025 0.0733948 -0.0629067 -0.0199875 -0.0799197 -0.0919624 -0.0814087 0.100162 -0.100018 0.100001 0.1
internal_weight=0.0363324 0.0314561 0.0216449 0.0183679 0.0152083 0.00984701 0.00487635 0.00981115 0.0027851 0.00702605 0.00593559 0.00256935 0.00338618 0.00336624 0.00345792 0.00243506
internal_count=46080 25042 300 120 106 90 21038 24742 5861 18881 16337 14099 84 2238 19153 16443
is_linear=0
shrinkage=0.1


Tree=152
num_leaves=18
num_cat=0
split_feature=14 20 11 2 16 2 14 36 18 27 6 16 7 18 45 4 0
split_gain=0.00292989 0.00415095 0.00314078 0.0018891 0.00216975 0.00187398 0.00322616 0.00174274 0.00133006 0.000510985 0.000278355 2.62923e-05 6.92471e-07 2.14725e-10 3.3576e-11 3.38271e-17 4.33681e-19
threshold=575.50000000000011 18.500000000000004 3753.5000000000005 10.542896955000002 376.50000000000006 16.219433055000003 601.50000000000011 4.5000000000000009 183.50000000000003 18.500000000000004 46.60472175000001 651.50000000000011 5969.5000000000009 71.500000000000014 88.500000000000014 209.01190475000001 41.500000000000007
decision_type=2 2 2 2 2 2 2 2 2 2 2 2 2 2 2 2 2
left_child=14 -2 3 11 5 -5 -7 12 -9 -10 -4 15 -6 -8 -1 -3 -12
right_child=1 2 10 4 7 6 13 8 9 -11 16 -13 -14 -15 -16 -17 -18
leaf_value=0.10009936255029986 -0.099317710902238246 0.10000001323333296 -0.041264447943169344 0.10014458432485165 -0.1000184349925354 -0.023801611456600001 0.10010917965263265 0.084934411722174835 -0.073386923314758781 0.014380595105128957 -0.10000001302066724 0.080212931632803464 -0.096718161476643028 0.10016376285525344 0.1001217293617543 0.10000003918647515 -0.10000001474387826
leaf_weight=0.001496161382618765 0.004311440354314299 0.0010285433575489824 0.001214496714339929 0.0031148826929836568 0.0017350610316952944 0.0073494521968768822 0.0012645853562389675 0.0013629122535903093 0.0015627762947190149 0.0011525790055912921 0.0011586305899697891 0.0010034790384452208 0.001003470106070381 0.001675786760543474 0.0012171410812840122 0.0010014831957860792 0.0012452845838168969
leaf_count=705 83 8003 2894 11 39 36 90 3196 2179 265 8861 3311 71 15 9 7104 9208
internal_value=0.000440305 -0.00823161 0.0063818 0.019867 0.00882789 0.0321872 0.0116154 -0.0371063 0.00432673 -0.0361325 -0.0802858 0.0934545 -0.0988091 0.10014 0.100109 0.1 -0.1
internal_weight=0.0338982 0.0311849 0.0268734 0.023255 0.0202215 0.0134047 0.0102898 0.0068168 0.00407827 0.00271536 0.00361841 0.00303351 0.00273853 0.00294037 0.0027133 0.00203003 0.00240392
internal_count=46080 45366 45283 24320 5902 152 141 5750 5640 2444 20963 18418 110 105 714 15107 18069
is_linear=0
shrinkage=0.1


Tree=153
num_leaves=16
num_cat=0
split_feature=14 20 6 45 16 8 10 14 41 15 20 11 45 21 11
split_gain=0.00264261 0.00375396 0.00281595 0.0017469 0.00176288 0.00211378 0.00190649 0.000965031 0.000704529 5.3249e-05 4.45084e-05 5.51137e-08 2.48326e-11 7.44392e-12 4.79267e-13
threshold=575.50000000000011 18.500000000000004 46.60472175000001 86.500000000000014 376.50000000000006 221.94963370000002 470.50000000000006 886.50000000000011 0.14895261150000003 104.50000000000001 24.500000000000004 4315.5000000000009 88.500000000000014 42.500000000000007 3060.5000000000005
decision_type=2 2 2 2 2 2 2 2 2 2 2 2 2 2 2
left_child=12 -2 3 14 6 7 -5 -6 9 -7 13 -4 -1 -10 -3
right_child=1 2 11 4 5 8 -8 -9 10 -11 -12 -13 -14 -15 -16
leaf_value=0.1000899021890172 -0.099138482744386774 0.10000005797227299 -0.099011084541417396 0.0091836024610799909 0.10000007696766669 -0.0012146309918509889 0.10023283103434695 -0.02588906044885346 -0.10002226878603791 -0.033622481391424076 -0.076303616997532908 -0.10000001217284138 0.1001101227382665 -0.10001068714917752 0.1000029820953629
leaf_weight=0.0013539042074910404 0.003907862664448202 0.0012565690233188312 0.0010002342525368127 0.0097828446803305269 0.0014445757818322136 0.0010216052674678622 0.0030065319357674989 0.0010526434696345177 0.001087756961624109 0.001006522204491489 0.0012299401356301587 0.0012908113703247182 0.0011014359569685439 0.0011330053694678099 0.0010118788712958349
leaf_count=705 83 9524 7484 28 10247 452 124 108 20 1251 3590 10883 9 30 1542
internal_value=0.000455897 -0.00791339 0.00616346 0.01668 0.00757782 -0.0293176 0.0305875 0.0469345 -0.0640728 -0.017298 -0.0915644 -0.0995683 0.100099 -0.100016 0.100001
internal_weight=0.0316881 0.0292328 0.0253249 0.0230339 0.0207654 0.00797605 0.0127894 0.00249722 0.00547883 0.00202813 0.0034507 0.00229105 0.00245534 0.00222076 0.00226845
internal_count=46080 45366 45283 26916 15850 15698 152 10355 5343 1703 3640 18367 714 50 11066
is_linear=0
shrinkage=0.1


Tree=154
num_leaves=17
num_cat=0
split_feature=14 20 6 45 16 2 10 8 14 41 20 42 41 41 4 11
split_gain=0.00238329 0.003392 0.00251771 0.00160665 0.00149 0.00185142 0.00313772 0.00182842 0.000885577 0.000683041 5.40235e-05 2.91616e-05 6.16718e-08 5.06691e-12 1.11442e-12 2.98972e-13
threshold=575.50000000000011 18.500000000000004 46.60472175000001 86.500000000000014 376.50000000000006 16.219433055000003 470.50000000000006 221.94963370000002 886.50000000000011 0.14895261150000003 24.500000000000004 0.066666576000000019 0.10108989750000001 0.17021832750000002 226.18763860000004 3036.5000000000005
decision_type=2 2 2 2 2 2 2 2 2 2 2 2 2 2 2 2
left_child=14 -2 3 15 5 -5 -7 8 -6 11 13 -9 -4 -11 -1 -3
right_child=1 2 12 4 7 6 -8 9 -10 10 -12 -13 -14 -15 -16 -17
leaf_value=0.10009185068443689 -0.098923584283904506 0.10000005613831285 -0.098908969408634806 0.10012987488659056 0.10000006954971344 -0.027253058146810047 0.10021541271072321 -0.027594254527779274 -0.023457701795834757 -0.10000980324364084 -0.072925581647379001 -0.0035471796818745942 -0.10000001546367554 -0.10001984629141364 0.10008736995216434 0.1000024706436789
leaf_weight=0.0010813392283992576 0.0035432891995128548 0.0010517191410457363 0.0010009832285433609 0.0027872931725454473 0.0013071063105698491 0.0070490347901568384 0.0026597729926720604 0.0010162210082995671 0.0010459494892529619 0.0010088467353170927 0.0011618448807624304 0.0010010811345182447 0.0010739170494815653 0.0010006117821319549 0.0011405429383088972 0.0010008599064121881
leaf_count=568 83 8793 9578 11 10247 24 117 1097 108 27 3590 606 8789 23 146 2273
internal_value=0.000439255 -0.00755147 0.0058462 0.0157387 0.00710719 0.0282915 0.00766752 -0.027994 0.0451222 -0.0611526 -0.0900903 -0.015661 -0.0994737 -0.100015 0.10009 0.100001
internal_weight=0.0299304 0.0277085 0.0241652 0.0220903 0.0200378 0.0124961 0.00970881 0.00754166 0.00235306 0.00518861 0.0031713 0.0020173 0.0020749 0.00200946 0.00222188 0.00205258
internal_count=46080 45366 45283 26916 15850 152 141 15698 10355 5343 3640 1703 18367 50 714 11066
is_linear=0
shrinkage=0.1


Tree=155
num_leaves=13
num_cat=0
split_feature=14 20 6 45 16 14 2 18 27 2 24 18
split_gain=0.00214896 0.00306623 0.00225892 0.00146955 0.00128135 0.00186755 0.00158559 0.00160631 0.000688202 0.000203181 1.90144e-07 1.60525e-10
threshold=575.50000000000011 18.500000000000004 46.60472175000001 86.500000000000014 376.50000000000006 601.50000000000011 14.111192365000003 183.50000000000003 36.500000000000007 10.826288275000001 0.044492068000000003 71.500000000000014
decision_type=2 2 2 2 2 2 2 2 2 2 2 2
left_child=-1 -2 3 -3 5 -5 7 -6 9 -9 -8 -7
right_child=1 2 -4 4 6 11 10 8 -10 -11 -12 -13
leaf_value=0.10008102328829049 -0.098665361286184403 0.1000011161242797 -0.099358540961762803 0.0055128047593081195 0.088902632602375908 0.10010168987015416 -0.10001476001280546 -0.032140479652754683 0.028019203702381441 -0.092047710002497451 -0.098119867695298374 0.10015102112693688
leaf_weight=0.0020106047576859956 0.0032140843309065295 0.0018572523914457397 0.0018795181164321653 0.0092338314767772545 0.0015428948747384643 0.0011525033531896165 0.0011117319085087729 0.0010126576216649141 0.0011918874667102841 0.0012839580067307566 0.0010112605520191664 0.0015424206960048537
leaf_count=714 83 11066 18367 45 8847 92 141 2240 1463 2974 33 15
internal_value=0.000472415 -0.00722035 0.00565927 0.0150852 0.00682083 0.0268885 -0.0266387 0.00394134 -0.0336353 -0.0656325 -0.0991122 0.10013
internal_weight=0.0280446 0.026034 0.0228199 0.0209404 0.0190831 0.0119288 0.00715439 0.0050314 0.0034885 0.00229662 0.00212299 0.00269492
internal_count=46080 45366 45283 26916 15850 152 15698 15524 6677 5214 174 107
is_linear=0
shrinkage=0.1


Tree=156
num_leaves=14
num_cat=0
split_feature=14 20 6 45 16 2 14 8 0 44 23 17 18
split_gain=0.00193905 0.00276669 0.00202028 0.00134933 0.00108836 0.00181028 0.0030547 0.00147015 0.000746484 0.00061685 0.000871863 9.25811e-07 1.18767e-10
threshold=575.50000000000011 18.500000000000004 46.60472175000001 86.500000000000014 376.50000000000006 16.219433055000003 601.50000000000011 221.94963370000002 44.500000000000007 137.50000000000003 0.033978040500000008 98.500000000000014 71.500000000000014
decision_type=2 2 2 2 2 2 2 2 2 2 2 2 2
left_child=-1 -2 3 -3 5 -5 -7 8 -6 11 -11 -9 -8
right_child=1 2 -4 4 7 6 12 9 -10 10 -12 -13 -14
leaf_value=0.10007330764373679 -0.098354747944358834 0.10000100925150707 -0.099218072169689031 0.10011686028711538 0.10000011307289909 -0.030537096209225702 0.10009202077652224 -0.095775306574182303 -0.019027231051693724 0.023340045131473839 -0.096384211093510475 -0.10000858247763614 0.10013662954740661
leaf_weight=0.0018194035485450391 0.0029169624348241987 0.0016805131571970824 0.0017029495103244576 0.0025084829536510264 0.0011078694053168183 0.0067230108213038875 0.0010426679799877547 0.0010192679519036574 0.0010047580429457525 0.0015274471135811041 0.0010107469342557351 0.0010475903346574 0.0013958303236876191
leaf_count=714 83 11066 18367 11 9735 36 90 43 620 622 4480 198 15
internal_value=0.000443429 -0.00689885 0.00535468 0.0142285 0.00638949 0.0248481 0.00423896 -0.0256768 0.0433911 -0.0573627 -0.0243359 -0.0979209 0.100118
internal_weight=0.0265075 0.0246881 0.0217711 0.0200682 0.0183877 0.01167 0.00916151 0.00671768 0.00211263 0.00460505 0.00253819 0.00206686 0.0024385
internal_count=46080 45366 45283 26916 15850 152 141 15698 10355 5343 5102 241 105
is_linear=0
shrinkage=0.1


Tree=157
num_leaves=11
num_cat=0
split_feature=14 20 6 45 16 10 2 2 45 17
split_gain=0.00174923 0.00249701 0.00181309 0.00123235 0.000941673 0.00189468 0.00133682 0.000704391 0.00112856 0.000285142
threshold=575.50000000000011 18.500000000000004 46.60472175000001 86.500000000000014 376.50000000000006 470.50000000000006 10.431954760000002 14.111192365000003 87.500000000000014 133.50000000000003
decision_type=2 2 2 2 2 2 2 2 2 2
left_child=-1 -2 3 -3 5 -5 -6 8 9 -8
right_child=1 2 -4 4 6 -7 7 -9 -10 -11
leaf_value=0.10006632655482509 -0.097981061434735117 0.10000091313451683 -0.099047258495871274 0.0014194742641934479 0.068893287984510096 0.10019688310413349 -0.026715115938775409 -0.098751550988179171 0.058493662428309702 -0.099203918751702369
leaf_weight=0.001646373394471822 0.0026489542728995721 0.0015205925748134055 0.0015434211567111325 0.008634685120227914 0.0012297191665808773 0.0025052961863991649 0.0010796074710555104 0.0017467522815834968 0.0011758152946157452 0.0010910480686590063
leaf_count=714 83 11066 18367 28 8846 124 2918 174 1145 2615
internal_value=0.000467014 -0.00660834 0.0051831 0.0136574 0.00613896 0.0236338 -0.024684 -0.0472775 -0.0204097 -0.0631505
internal_weight=0.0248223 0.0231759 0.0205269 0.0189835 0.0174629 0.01114 0.00632294 0.00509322 0.00334647 0.00217066
internal_count=46080 45366 45283 26916 15850 152 15698 6852 6678 5533
is_linear=0
shrinkage=0.1


Tree=158
num_leaves=10
num_cat=0
split_feature=14 20 11 2 16 10 36 18 26
split_gain=0.0015786 0.00224942 0.0016352 0.00122677 0.000923583 0.00175648 0.0010543 0.000880401 0.000628181
threshold=575.50000000000011 18.500000000000004 3935.5000000000005 10.371760795000002 376.50000000000006 470.50000000000006 4.5000000000000009 183.50000000000003 5.5000000000000009
decision_type=2 2 2 2 2 2 2 2 2
left_child=-1 -2 3 -3 5 -5 -6 -8 -9
right_child=1 2 -4 4 6 -7 7 8 -10
leaf_value=0.1000600120879299 -0.097531778688607948 0.09328960103363261 -0.087218448512855609 0.0012775519619019201 -0.098504860111203171 0.10017812072729256 0.079222612286216132 -0.068873406830514128 0.030946187174891726
leaf_weight=0.0014897894969756456 0.0024073778929931669 0.001756463302285737 0.00175523446185366 0.0086345270530046037 0.0015485389706668675 0.0022672888189418936 0.0010127887121882395 0.0016329397217802466 0.0010269410720766814
leaf_count=714 83 17753 19102 28 110 124 3625 3215 1326
internal_value=0.000434227 -0.00629932 0.00488653 0.0139285 0.0052828 0.0218462 -0.0293015 -0.000122647 -0.0303345
internal_weight=0.0235319 0.0220421 0.0196347 0.0178795 0.016123 0.0109018 0.00522121 0.00367267 0.00265988
internal_count=46080 45366 45283 26181 8428 152 8276 8166 4541
is_linear=0
shrinkage=0.1


Tree=159
num_leaves=11
num_cat=0
split_feature=14 20 6 45 16 2 14 8 41 16
split_gain=0.00142403 0.00202521 0.00147895 0.00108103 0.000698457 0.00182668 0.0030412 0.00112698 0.000511471 3.59406e-05
threshold=575.50000000000011 18.500000000000004 46.60472175000001 86.500000000000014 376.50000000000006 16.219433055000003 601.50000000000011 221.94963370000002 0.14895261150000003 414.50000000000006
decision_type=2 2 2 2 2 2 2 2 2 2
left_child=-1 -2 3 -3 5 -5 -7 -6 -9 -10
right_child=1 2 -4 4 7 6 -8 8 9 -11
leaf_value=0.10005429697458959 -0.096992368779874244 0.10000093050094863 -0.098851235773053214 0.10010584550003716 0.042147726141786551 -0.036818918912207947 0.10010649531330754 -0.012613097400033879 -0.098849215003124338 -0.072909058203360841
leaf_weight=0.0013480903481735132 0.0021898109888738295 0.0012982544536157539 0.0012874517047052328 0.0022549971484195916 0.0017826329319987613 0.0062392939864821528 0.0021919661815417157 0.0016640913964280912 0.0011234846333536552 0.0010181816808696453
leaf_count=714 83 11066 18367 11 10355 36 105 1703 43 3597
internal_value=0.000417285 -0.00596365 0.00460538 0.012185 0.00517976 0.0201609 -0.00122093 -0.0234675 -0.054202 -0.0865169
internal_weight=0.0223983 0.0210502 0.0188604 0.0175729 0.0162746 0.0106863 0.00843126 0.00558839 0.00380576 0.00214167
internal_count=46080 45366 45283 26916 15850 152 141 15698 5343 3640
is_linear=0
shrinkage=0.1


Tree=160
num_leaves=11
num_cat=0
split_feature=14 20 6 10 18 27 29 4 20 41
split_gain=0.00128426 0.00182269 0.0013262 0.00105991 0.00153683 0.000528409 0.000440508 0.000346568 6.90442e-05 3.18334e-05
threshold=575.50000000000011 18.500000000000004 46.60472175000001 470.50000000000006 183.50000000000003 36.500000000000007 1.1871783000000002 240.80973110000002 19.500000000000004 0.18108108750000004
decision_type=2 2 2 2 2 2 2 2 2 2
left_child=-1 -2 3 8 7 6 -6 9 -3 -5
right_child=1 2 -4 4 5 -7 -8 -9 -10 -11
leaf_value=0.10004913171974694 -0.096346166903222064 -0.019505242238811921 -0.098601869756808291 0.079871763318965894 0.0072551015954794192 0.040611652032119194 -0.083027294278512909 0.026149699662147859 -0.0017940928437188237 0.10016225399336087
leaf_weight=0.0012198624138193273 0.001994065805895672 0.005080487452687521 0.0011677378731427259 0.0011953263615858125 0.0010016983270588753 0.0012272101990973283 0.0011736569574232192 0.0010060962836107024 0.0038836001023554445 0.0021895455387763718
leaf_count=714 83 8 18367 12758 2741 2303 3921 680 41 4464
internal_value=0.000448143 -0.00565141 0.00443773 0.0116179 0.03859 -0.0118555 -0.0414544 0.0776803 -0.0118321 0.0929969
internal_weight=0.0211393 0.0199194 0.0179254 0.0167576 0.00779353 0.00340257 0.00217536 0.00439097 0.00896409 0.00338487
internal_count=46080 45366 45283 26916 26867 8965 6662 17902 49 17222
is_linear=0
shrinkage=0.1


Tree=161
num_leaves=9
num_cat=0
split_feature=45 14 20 25 43 10 16 2
split_gain=0.00121788 0.00130278 0.00152757 0.00137061 0.000760683 0.000887373 0.00140228 0.00071438
threshold=86.500000000000014 575.50000000000011 18.500000000000004 0.034118334500000007 0.22436882450000004 470.50000000000006 376.50000000000006 11.673963865000003
decision_type=2 2 2 2 2 2 2 2
left_child=-1 -2 -3 4 5 -4 -7 -8
right_child=1 2 3 -5 -6 6 7 -9
leaf_value=0.10000082169029703 0.10004457864899377 -0.10003990753267616 -0.021269755065702084 -0.095508368716535605 0.078225929321257326 0.10015348914604437 0.033660325690897101 -0.058002573890092092
leaf_weight=0.0011584606606547245 0.0011006509812574441 0.0017775791547407485 0.008164254995108422 0.0014416382554145448 0.0013488008447666297 0.0018985776413558151 0.0019229190335074975 0.0015241717265119803
leaf_count=11098 712 53 32 16092 2833 41 7594 7625
internal_value=0.000431364 -0.00558301 -0.012014 -0.00241465 0.00661758 -0.000531634 0.031141 -0.0068695
internal_weight=0.0203371 0.0191786 0.0180779 0.0163004 0.0148587 0.0135099 0.00534567 0.00344709
internal_count=46080 34982 34270 34217 18125 15292 15260 15219
is_linear=0
shrinkage=0.1


Tree=162
num_leaves=11
num_cat=0
split_feature=2 41 14 10 2 20 2 37 19 36
split_gain=0.00109857 0.00101552 0.00132337 0.0019225 0.00404977 0.00140235 0.00053977 0.000465436 0.000183574 0.000162557
threshold=10.371760795000002 0.18108108750000004 601.50000000000011 470.50000000000006 16.219433055000003 18.500000000000004 11.945260110000001 0.025001562000000005 169.50000000000003 4.5000000000000009
decision_type=2 2 2 2 2 2 2 2 2 2
left_child=-1 6 3 4 5 -3 7 -2 -4 -8
right_child=1 2 8 -5 -6 -7 9 -9 -10 -11
leaf_value=0.081166088253869201 0.041767155399389425 -0.016196317464840022 0.10011428684580766 0.080322707763995999 -0.10006444537026665 0.10010102311687184 -0.10001230469598155 -0.051437625156688961 0.047671801495277166 -0.051757682473099587
leaf_weight=0.0015514902580306958 0.001018014581799064 0.0021431124623632059 0.001165059433560601 0.0019740522316311635 0.0040976434793265071 0.0020086622571149348 0.0012876791422513634 0.0011310346109354441 0.0015629192891175592 0.001524783512191874
leaf_count=18257 2707 6 8 116 17 84 92 2536 4968 17289
internal_value=0.000442083 -0.00654964 0.00818732 -0.00832482 -0.0295378 0.0400693 -0.0450188 -0.00728609 0.0700688 -0.0738509
internal_weight=0.0194645 0.017913 0.0129514 0.0102235 0.00824942 0.00415177 0.00496151 0.00214905 0.00272798 0.00281246
internal_count=46080 27823 5199 223 107 90 22624 5243 4976 17381
is_linear=0
shrinkage=0.1


Tree=163
num_leaves=9
num_cat=0
split_feature=14 20 11 2 16 14 44 20
split_gain=0.00105761 0.00142857 0.00106842 0.000862404 0.000593897 0.00157229 0.000850262 0.000591175
threshold=575.50000000000011 18.500000000000004 3935.5000000000005 10.286743925000001 376.50000000000006 601.50000000000011 137.50000000000003 52.500000000000007
decision_type=2 2 2 2 2 2 2 2
left_child=-1 -2 3 -3 5 -5 -6 -8
right_child=1 2 -4 4 6 -7 7 -9
leaf_value=0.10004120199620314 -0.095770652813136792 0.093570853570884849 -0.084987106771870366 -0.0028010416165784838 -0.090823567299030433 0.10009124842490152 0.063449536966918893 -0.028841980010091861
leaf_weight=0.0010068622298255994 0.0015882373049507228 0.0011738631130739927 0.0012490752580553979 0.0069868919695110776 0.0013820522019365464 0.0018860340103543649 0.001073733478293093 0.0019627761634417595
leaf_count=714 83 17243 19102 45 722 107 4089 3975
internal_value=0.000409886 -0.00538778 0.00374711 0.0114093 0.004153 0.0190698 -0.0258015 0.00379302
internal_weight=0.0183095 0.0173027 0.0157144 0.0144654 0.0132915 0.00887293 0.00441856 0.00303651
internal_count=46080 45366 45283 26181 8938 152 8786 8064
is_linear=0
shrinkage=0.1


Tree=164
num_leaves=9
num_cat=0
split_feature=6 10 18 14 2 20 27 16
split_gain=0.000870106 0.00102354 0.00119504 0.000926724 0.00341338 0.00149016 0.000491062 0.000176222
threshold=45.801662205000007 470.50000000000006 183.50000000000003 601.50000000000011 16.219433055000003 18.500000000000004 36.500000000000007 376.50000000000006
decision_type=2 2 2 2 2 2 2 2
left_child=1 3 7 4 5 -1 -4 -3
right_child=-2 2 6 -5 -6 -7 -8 -9
leaf_value=-0.022923552727414292 -0.086501190421589255 0.10012609862028694 -0.042725678989318713 0.040518843719043102 -0.1000582979914898 0.10009169733098255 0.043523934292819116 0.055551183880734947
leaf_weight=0.0021428995614769519 0.0010809673148024493 0.0016208764793823596 0.001800817950190492 0.0023911062496466684 0.0036873651961286669 0.0018219754091060025 0.0010421275256042861 0.0019586375696327707
leaf_count=7 19253 180 6076 34 17 84 2060 18369
internal_value=0.000409372 0.00611498 0.037293 -0.0138226 -0.0308027 0.0336055 -0.0111095 0.0757356
internal_weight=0.0175468 0.0164658 0.00642246 0.0100433 0.00765224 0.00396487 0.00284295 0.00357951
internal_count=46080 26827 26685 142 108 91 8136 18549
is_linear=0
shrinkage=0.1


Tree=165
num_leaves=10
num_cat=0
split_feature=2 16 14 10 2 20 36 13 8
split_gain=0.000850707 0.000788555 0.00160234 0.00202354 0.00308254 0.00135732 0.000504842 0.000825848 0.000470444
threshold=10.465874445000003 376.50000000000006 601.50000000000011 470.50000000000006 16.219433055000003 18.500000000000004 4.5000000000000009 715.50000000000011 250.97438910000002
decision_type=2 2 2 2 2 2 2 2 2
left_child=-1 2 3 4 5 -2 -3 -8 -9
right_child=1 6 -4 -5 -6 -7 7 8 -10
leaf_value=0.074346835507893103 -0.020740501611585652 -0.097970544339088986 0.10007935299298493 0.10011605942119968 -0.10005292808623212 0.10008296669682325 0.055243995327141894 -0.017113944971086245 -0.10000002857161108
leaf_weight=0.0014217660363584619 0.0021322076945580193 0.0011246688249286771 0.001637493214442288 0.0014417566682034533 0.0033249531079491135 0.0016487279939063626 0.0010231979166910321 0.0017614453542122988 0.0011202878646194847
leaf_count=18787 7 110 107 87 16 84 3979 878 22025
internal_value=0.000373175 -0.00653941 0.00945863 -0.0079018 -0.0298182 0.0319462 -0.0389361 -0.0219334 -0.0493363
internal_weight=0.0166365 0.0152147 0.0101851 0.00854765 0.00710589 0.00378094 0.0050296 0.00390493 0.00288173
internal_count=46080 27293 301 194 107 91 26992 26882 22903
is_linear=0
shrinkage=0.1


Tree=166
num_leaves=10
num_cat=0
split_feature=8 20 20 41 41 2 14 8 16
split_gain=0.000782607 0.0010967 0.00104348 0.000659336 0.000746177 0.000481347 0.00170476 0.00123279 0.000989899
threshold=231.15909090000002 18.500000000000004 68.500000000000014 0.17950961100000004 0.13636613100000003 16.219433055000003 601.50000000000011 239.02812500000002 376.50000000000006
decision_type=2 2 2 2 2 2 2 2 2
left_child=3 -2 5 4 -1 8 7 -7 -3
right_child=1 2 -4 -5 -6 6 -8 -9 -10
leaf_value=0.073866004930282725 -0.096442727095113978 0.10007382006429968 -0.090575030287933928 0.10002989547596418 -0.038645239913501751 -0.1000671045626278 0.078904542416436477 0.0076987482369742025 -0.0081275733287709383
leaf_weight=0.0010431764454494905 0.0013635527531938871 0.0015176431040266891 0.0011607438783975974 0.001243076403184773 0.0013552436205088725 0.0019206354627385736 0.0016569530141268274 0.0023731338344816777 0.0019091822511292378
leaf_count=11645 70 94 16164 5239 5043 3 106 42 7674
internal_value=0.000358056 -0.0120537 -0.00113455 0.0409245 0.0102908 0.00993631 -0.00725646 -0.0405057 0.0397917
internal_weight=0.0155433 0.0119018 0.0105383 0.0036415 0.00239842 0.00937755 0.00595072 0.00429377 0.00342683
internal_count=46080 24153 24083 21927 16688 7919 151 45 7768
is_linear=0
shrinkage=0.1


Tree=167
num_leaves=10
num_cat=0
split_feature=2 16 14 10 2 20 36 29 27
split_gain=0.000721618 0.000606838 0.00133467 0.00181008 0.00257085 0.00112362 0.000508058 0.000562936 0.000860597
threshold=10.371760795000002 376.50000000000006 601.50000000000011 470.50000000000006 16.219433055000003 18.500000000000004 4.5000000000000009 1.0002167980000001 22.500000000000004
decision_type=2 2 2 2 2 2 2 2 2
left_child=-1 2 3 4 5 -2 -3 -8 -9
right_child=1 6 -4 -5 -6 -7 7 8 -10
leaf_value=0.075067177059024229 -0.018919253123342344 -0.097696633154660428 0.1000663475629907 0.10010438584246556 -0.10004278112977667 0.10006792381509066 0.038093246986610652 -0.091914563327946397 0.02728933128611899
leaf_weight=0.0011878506405693665 0.0019255952624916972 0.0010156250307886703 0.0013694936480916908 0.0012923094289583048 0.0028268848909647204 0.0013500586780104129 0.0012121025713653921 0.0015313901381492911 0.0010018752725322599
leaf_count=18257 7 110 107 87 16 84 4244 20880 2288
internal_value=0.000337467 -0.0062256 0.00938615 -0.00740743 -0.0301748 0.0301212 -0.0349647 -0.0179538 -0.0447709
internal_weight=0.0147132 0.0135253 0.00876434 0.00739485 0.00610254 0.00327565 0.00476099 0.00374537 0.00253327
internal_count=46080 27823 301 194 107 91 27522 27412 23168
is_linear=0
shrinkage=0.1


Tree=168
num_leaves=9
num_cat=0
split_feature=8 20 20 41 2 2 10 16
split_gain=0.000716547 0.000953588 0.000884575 0.000594437 0.000545934 0.000367765 0.00150268 0.000836013
threshold=231.15909090000002 18.500000000000004 68.500000000000014 0.17950961100000004 10.795094760000003 16.219433055000003 470.50000000000006 376.50000000000006
decision_type=2 2 2 2 2 2 2 2
left_child=3 -2 5 4 -1 7 -7 -3
right_child=1 2 -4 -5 -6 6 -8 -9
leaf_value=0.060770197486717685 -0.095906424261282305 0.10006043361545887 -0.088733062320260181 0.10002815179841461 -0.039073055112031879 -0.037392507052748956 0.089287490337389364 -0.0063301184015611411
leaf_weight=0.0010881244862499537 0.001212840207475808 0.0012426966644660808 0.0010342655575161794 0.0011219263945889679 0.0011025699512501319 0.0038978228598693931 0.0012324435239641218 0.0018207686728253236
leaf_count=15493 70 94 16164 5239 1195 26 125 7674
internal_value=0.00031176 -0.0125451 -0.00158887 0.0408344 0.0105194 0.00941104 -0.00696018 0.0368273
internal_weight=0.0137535 0.0104408 0.009228 0.00331262 0.00219069 0.00819373 0.00513027 0.00306347
internal_count=46080 24153 24083 21927 16688 7919 151 7768
is_linear=0
shrinkage=0.1


Tree=169
num_leaves=10
num_cat=0
split_feature=8 20 16 14 2 41 41 23 2
split_gain=0.000613892 0.000862889 0.000649182 0.0011074 0.00164578 0.000560872 0.000481975 0.000211703 0.000272094
threshold=231.15909090000002 18.500000000000004 376.50000000000006 601.50000000000011 16.219433055000003 0.17950961100000004 0.14053056700000002 0.033978040500000008 13.040768360000003
decision_type=2 2 2 2 2 2 2 2 2
left_child=5 -2 3 4 -3 6 -1 8 -4
right_child=1 2 7 -5 -6 -7 -8 -9 -10
leaf_value=0.058236608974270049 -0.095054369375338371 0.10005468057666966 0.016472037600579807 0.1000624290860942 -0.039237063620039689 0.10002547790443135 -0.036776618347251419 -0.076485279633991099 -0.05697955114621344
leaf_weight=0.0010461661935519126 0.0011067806704865299 0.0011244214700454336 0.0010059818111471941 0.0012840598193974984 0.0034534992590238289 0.0010151867666614578 0.0010903280531771031 0.0010073594325845647 0.0010113588223266134
leaf_count=12212 70 92 4377 107 36 5239 4476 15911 3560
internal_value=0.00034591 -0.0117901 -0.00142008 0.0179947 -0.00502445 0.0388273 0.00974802 -0.0390466 -0.0203516
internal_weight=0.0131451 0.00999346 0.00888668 0.00586198 0.00457792 0.00315168 0.00213649 0.0030247 0.00201734
internal_count=46080 24153 24083 235 128 21927 16688 23848 7937
is_linear=0
shrinkage=0.1


Tree=170
num_leaves=9
num_cat=0
split_feature=2 14 10 16 14 2 20 41
split_gain=0.000591107 0.000465032 0.000553448 0.000742694 0.000581068 0.00202778 0.000846724 0.00031732
threshold=10.542896955000002 972.50000000000011 470.50000000000006 376.50000000000006 601.50000000000011 16.219433055000003 18.500000000000004 0.14815617400000003
decision_type=2 2 2 2 2 2 2 2
left_child=-1 2 4 -4 5 6 -2 -5
right_child=1 -3 3 7 -6 -7 -8 -9
leaf_value=0.069110254277192348 -0.017527831385637481 -0.062309880844529889 0.10008882364898726 0.040506160663618833 0.034360277141231285 -0.10003581776666957 0.10005031278223196 -0.034004153775382177
leaf_weight=0.001138218796414848 0.001579689971777043 0.0013186928090966896 0.0011251541489425421 0.0010755319640551875 0.001706896382856371 0.0023720044455330935 0.0010003171678931722 0.001219786550331392
leaf_count=19158 7 19564 180 2183 33 17 84 4854
internal_value=0.000395312 -0.00646661 0.000839412 0.0335343 -0.0159549 -0.033298 0.0280594 0.000909617
internal_weight=0.0125363 0.0113981 0.0100794 0.00342047 0.00665891 0.00495201 0.00258001 0.00229532
internal_count=46080 26922 7358 7217 141 108 91 7037
is_linear=0
shrinkage=0.1


Tree=171
num_leaves=8
num_cat=0
split_feature=8 41 14 14 10 2 5
split_gain=0.000511229 0.000547112 0.000372112 0.000608314 0.00147955 0.000976186 0.000832566
threshold=231.15909090000002 0.1582912625 1005.5000000000001 601.50000000000011 470.50000000000006 16.219433055000003 937.50000000000011
decision_type=2 2 2 2 2 2 2
left_child=1 -1 3 4 5 -2 -5
right_child=2 -3 -4 6 -6 -7 -8
leaf_value=0.00079960272960117674 -0.00042194326879266188 0.088274683899271719 -0.068859081547549814 0.10005462975694766 0.070054804880980745 -0.10003240513752765 -0.011700848900819346
leaf_weight=0.0017570890546689819 0.0018164595142806661 0.001205585241658369 0.0010047006777309528 0.0011217641554974733 0.0012593247130823215 0.0021463478642544942 0.0016430019585698119
leaf_count=13875 43 8052 19267 107 122 17 4597
internal_value=0.000368823 0.0363954 -0.0115017 -0.0042865 -0.0243673 -0.0543733 0.0336423
internal_weight=0.0119543 0.00296267 0.0089916 0.0079869 0.00522213 0.00396281 0.00276477
internal_count=46080 21927 24153 4886 182 60 4704
is_linear=0
shrinkage=0.1


Tree=172
num_leaves=8
num_cat=0
split_feature=2 16 14 2 21 26 29
split_gain=0.000504772 0.00041707 0.000985412 0.000486073 0.000437022 0.000408207 0.000294873
threshold=10.500825785000002 376.50000000000006 601.50000000000011 16.219433055000003 39.500000000000007 5.5000000000000009 1.0002167980000001
decision_type=2 2 2 2 2 2 2
left_child=-1 2 3 4 -2 6 -3
right_child=1 5 -4 -5 -6 -7 -8
leaf_value=0.066448245178484244 -0.011890004990562583 -0.026164471827926972 0.10004942762052114 -0.0355130001607512 0.073475615998972246 0.02411005666135187 -0.090679897288442543
leaf_weight=0.0010492297491708777 0.0013776789239727805 0.0019792393028517097 0.001015064284123568 0.0028556174386835664 0.0010619887068150646 0.001005800404685786 0.0011033994148466064
leaf_count=18986 6 3926 107 42 146 4876 17991
internal_value=0.00034261 -0.0063274 0.0097926 -0.00750892 0.0252697 -0.031208 -0.0492571
internal_weight=0.011448 0.0103988 0.00631035 0.00529529 0.00243967 0.00408844 0.00308264
internal_count=46080 27094 301 194 152 26793 21917
is_linear=0
shrinkage=0.1


Tree=173
num_leaves=6
num_cat=0
split_feature=8 41 29 10 20
split_gain=0.000459496 0.000491429 0.000266196 0.000899525 0.00023638
threshold=231.15909090000002 0.16015981950000005 1.1250497090000002 470.50000000000006 19.500000000000004
decision_type=2 2 2 2 2
left_child=1 -1 3 4 -2
right_child=2 -3 -4 -5 -6
leaf_value=0.0025531274574789199 -0.041793756777674607 0.088881451137548723 -0.048081158277875201 0.054068192393951414 0.0058734920277389979
leaf_weight=0.0017324206374027548 0.003201451383120002 0.0010646413049393288 0.0016011735709238195 0.0019713495442044149 0.0015411279956865087
leaf_count=14553 18 7374 22707 1365 63
internal_value=0.000351156 0.0354121 -0.0114428 -0.00270506 -0.026304
internal_weight=0.0111122 0.00279706 0.0083151 0.00671393 0.00474258
internal_count=46080 21927 24153 1446 81
is_linear=0
shrinkage=0.1


Tree=174
num_leaves=8
num_cat=0
split_feature=6 16 44 14 8 2 21
split_gain=0.000410582 0.000455054 0.000468306 0.000379315 0.000239314 0.000469943 0.000399268
threshold=39.564271590000011 376.50000000000006 137.50000000000003 972.50000000000011 239.02812500000002 16.219433055000003 39.500000000000007
decision_type=2 2 2 2 2 2 2
left_child=-1 4 -3 -4 5 6 -2
right_child=1 2 3 -5 -6 -7 -8
leaf_value=0.050901059052185504 -0.013191477415569496 -0.09111454349716909 0.023417905683176032 -0.055576975952232335 0.036649026766905783 -0.047754956592864495 0.070957355936723449
leaf_weight=0.0014001769827043384 0.0012906981282867491 0.0010617037816444972 0.0013688388205466131 0.0010934018681609814 0.0021250728910828798 0.001547476874293352 0.0010012718587466551
leaf_count=20186 5 343 5636 19615 144 10 141
internal_value=0.000351261 -0.00710818 -0.0355991 -0.0116612 0.00972476 -0.00517739 0.0235698
internal_weight=0.0108886 0.00948846 0.00352394 0.00246224 0.00596452 0.00383945 0.00229197
internal_count=46080 25894 25594 25251 300 156 146
is_linear=0
shrinkage=0.1


Tree=175
num_leaves=6
num_cat=0
split_feature=8 41 10 17 20
split_gain=0.000380895 0.00044593 0.00021595 0.000978601 0.000167226
threshold=231.15909090000002 0.1582912625 470.50000000000006 113.50000000000001 19.500000000000004
decision_type=2 2 2 2 2
left_child=1 -1 4 -4 -2
right_child=2 -3 3 -5 -6
leaf_value=0.00070204188298931397 -0.03812766950689582 0.084937265616424062 0.070504960217044735 -0.038189117168576175 0.0025266621418179929
leaf_weight=0.0016339060594372521 0.0030787845930717594 0.0010212904169168979 0.0014531444696759266 0.0019263683009071997 0.0015070571830548829
leaf_count=13875 18 8052 534 23538 63
internal_value=0.000301417 0.0331021 -0.0106325 0.00854786 -0.0247673
internal_weight=0.0106206 0.0026552 0.00796535 0.00337951 0.00458584
internal_count=46080 21927 24153 24072 81
is_linear=0
shrinkage=0.1


Tree=176
num_leaves=7
num_cat=0
split_feature=6 16 27 23 14 2
split_gain=0.000330233 0.000384316 0.000413333 0.000268416 0.000233614 9.95465e-05
threshold=39.564271590000011 376.50000000000006 11.500000000000002 0.021252902500000004 589.50000000000011 13.738009470000001
decision_type=2 2 2 2 2 2
left_child=-1 3 5 4 -2 -3
right_child=1 2 -4 -5 -6 -7
leaf_value=0.046537545441926544 -0.004091618175807935 -0.038751682983860246 0.019240819030198864 -0.037458198544512267 0.040582251298348693 -0.080516338708130131
leaf_weight=0.0013459456348652319 0.0022326852898855165 0.001325155018001567 0.0010341046019366473 0.0010117521294459308 0.0024605940220929767 0.0010024013756328998
leaf_count=20186 23 21975 2262 252 25 1357
internal_value=0.000316451 -0.00654505 -0.0333658 0.00925897 0.01933 -0.0567383
internal_weight=0.0104126 0.00906669 0.00336166 0.00570503 0.00469328 0.00232756
internal_count=46080 25894 25594 300 48 23332
is_linear=0
shrinkage=0.1


Tree=177
num_leaves=7
num_cat=0
split_feature=8 41 14 10 10 2
split_gain=0.000313737 0.000269027 0.000227671 0.00107101 0.000894924 0.000841764
threshold=231.15909090000002 0.15554818550000002 601.50000000000011 470.50000000000006 594.50000000000011 16.219433055000003
decision_type=2 2 2 2 2 2
left_child=1 -1 3 5 -4 -2
right_child=2 -3 4 -5 -6 -7
leaf_value=0.0037995769494812352 -0.00089066856976586183 0.070110511307568624 0.071418552595099327 0.064099255556413146 -0.034881735576601361 -0.10002499994477831
leaf_weight=0.0015028633551796844 0.0016804111995938342 0.00103192043415401 0.0013806249593670827 0.0010479450595992645 0.0018575614240203819 0.001747001295825612
leaf_count=13533 43 8394 405 122 23566 17
internal_value=0.000273019 0.030795 -0.00975696 -0.0243708 0.0104402 -0.0514209
internal_weight=0.0102483 0.00253478 0.00771354 0.00447536 0.00323819 0.00342741
internal_count=46080 21927 24153 182 23971 60
is_linear=0
shrinkage=0.1


Tree=178
num_leaves=6
num_cat=0
split_feature=8 10 11 14 2
split_gain=0.00026865 0.000554461 0.000457963 0.000301298 0.00136107
threshold=250.97438910000002 470.50000000000006 3148.5000000000005 601.50000000000011 16.219433055000003
decision_type=2 2 2 2 2
left_child=1 3 -3 4 -1
right_child=-2 2 -4 -5 -6
leaf_value=0.021964658026577676 -0.043985538794736878 0.071826485975407806 0.0006319028240780669 0.025924271121303397 -0.10002261784248033
leaf_weight=0.0021704896626610903 0.0012071944882086081 0.001810660622442839 0.0018034216848672457 0.0013319381104572869 0.0015807878303348843
leaf_count=91 22907 21720 1311 34 17
internal_value=0.000220398 0.00635623 0.0363005 -0.0149336 -0.0294408
internal_weight=0.00990449 0.0086973 0.00361408 0.00508322 0.00375128
internal_count=46080 23173 23031 142 108
is_linear=0
shrinkage=0.1


Tree=179
num_leaves=7
num_cat=0
split_feature=6 16 27 20 2 8
split_gain=0.000241926 0.000347549 0.000393259 0.000310945 0.000106996 3.10913e-05
threshold=39.564271590000011 376.50000000000006 11.500000000000002 18.500000000000004 13.681673735000002 239.02812500000002
decision_type=2 2 2 2 2 2
left_child=-1 3 4 -2 -3 -5
right_child=1 2 -4 5 -6 -7
leaf_value=0.040898186771145303 -0.030432137840131181 -0.035262597018927887 0.01956601328171215 0.016913790300239762 -0.079325618042130785 0.035245512812463249
leaf_weight=0.0012657506785274117 0.0013728322151109751 0.001217630171863604 0.0010287394086745394 0.0020401804762881781 0.0010067104238089541 0.0016929009751240898
leaf_count=20186 12 21681 2262 144 1651 144
internal_value=0.000155499 -0.00601391 -0.0315598 0.0102619 -0.055205 0.025227
internal_weight=0.00962474 0.00835899 0.00325308 0.00510591 0.00222434 0.00373308
internal_count=46080 25894 25594 300 23332 288
is_linear=0
shrinkage=0.1


Tree=180
num_leaves=6
num_cat=0
split_feature=8 16 14 10 2
split_gain=0.000225995 0.000250712 0.000214266 0.000723136 0.000119043
threshold=231.15909090000002 658.50000000000011 601.50000000000011 594.50000000000011 16.219433055000003
decision_type=2 2 2 2 2
left_child=1 -1 4 -4 -2
right_child=2 -3 3 -5 -6
leaf_value=0.053776121448601902 -0.0052392831875818675 -0.011680973417310225 0.068462087120726045 -0.030313536560357474 -0.039718000983072078
leaf_weight=0.0014081066204028048 0.0018415970423646399 0.0010011919093040333 0.0012774936274597692 0.0017654508384152834 0.0021948786010312915
leaf_count=19594 131 2333 405 23566 51
internal_value=0.000120733 0.0265752 -0.00888237 0.0111546 -0.0239875
internal_weight=0.00948872 0.0024093 0.00707942 0.00304294 0.00403648
internal_count=46080 21927 24153 23971 182
is_linear=0
shrinkage=0.1


Tree=181
num_leaves=6
num_cat=0
split_feature=10 18 1 14 2
split_gain=0.000226576 0.000792129 0.000527029 0.000206255 0.00123167
threshold=470.50000000000006 183.50000000000003 17.500000000000004 601.50000000000011 16.219433055000003
decision_type=2 2 2 2 2
left_child=3 -2 -3 4 -1
right_child=1 2 -4 -5 -6
leaf_value=0.020798199162095656 0.064104523847549763 -0.056101178131550015 0.035492869991827672 0.019913698583063588 -0.10001999871377412
leaf_weight=0.0021094548070266228 0.0019598176578226045 0.0015892296639350434 0.001038845980572134 0.0012394107196982418 0.0014062943000681116
leaf_count=91 18563 23765 3610 34 17
internal_value=0.000133116 0.0159871 -0.0198952 -0.0151632 -0.0275289
internal_weight=0.00934305 0.00458789 0.00262808 0.00475516 0.00351575
internal_count=46080 45938 27375 142 108
is_linear=0
shrinkage=0.1


Tree=182
num_leaves=6
num_cat=0
split_feature=27 29 36 24 20
split_gain=0.000197081 0.000698034 0.000672997 0.000339123 0.000303895
threshold=34.500000000000007 1.0002167980000001 4.5000000000000009 0.043245386000000004 18.500000000000004
decision_type=2 2 2 2 2
left_child=1 2 3 4 -1
right_child=-2 -3 -4 -5 -6
leaf_value=-0.031540583631916357 0.0417626807152785 -0.078747831730155565 0.062021422146426419 -0.048223246106160106 0.028560957321378939
leaf_weight=0.0013348353472792951 0.0010074520208140933 0.0011109458401437067 0.0016666143895038843 0.0016641981299017061 0.0022754322097426893
leaf_count=12 4883 22007 19040 82 56
internal_value=6.50276e-05 -0.00515209 0.00662718 -0.0108762 0.00633943
internal_weight=0.00905948 0.00805203 0.00694108 0.00527447 0.00361027
internal_count=46080 41197 19190 150 68
is_linear=0
shrinkage=0.1


Tree=183
num_leaves=6
num_cat=0
split_feature=8 42 42 14 2
split_gain=0.000191462 0.00040111 0.000673688 0.000341938 0.000362322
threshold=250.97438910000002 0.071435412500000003 0.090908912500000008 601.50000000000011 16.219433055000003
decision_type=2 2 2 2 2
left_child=1 -1 -3 4 -4
right_child=-2 2 3 -5 -6
leaf_value=0.061289924821962861 -0.039960572041572828 -0.074782868343689066 0.024353123558947989 0.050147996324937119 -0.035722063391261771
leaf_weight=0.0011043347000700976 0.0010537740781044747 0.0011133583596851793 0.0020537483610327811 0.0015601436943111224 0.0019639868507823621
leaf_count=10992 22907 1504 273 10354 50
internal_value=4.64045e-05 0.00545439 -0.00376082 0.0104154 -0.00501339
internal_weight=0.00884935 0.00779557 0.00669124 0.00557788 0.00401774
internal_count=46080 23173 12181 10677 323
is_linear=0
shrinkage=0.1


Tree=184
num_leaves=6
num_cat=0
split_feature=14 10 4 14 2
split_gain=0.000192668 0.000435658 0.000303728 0.000195806 0.00106868
threshold=959.50000000000011 470.50000000000006 240.80973110000002 601.50000000000011 16.219433055000003
decision_type=2 2 2 2 2
left_child=1 3 -3 4 -1
right_child=-2 2 -4 -5 -6
leaf_value=0.018194340730903463 -0.035891741351820466 0.059118422746948368 -0.0079265640860928938 0.021724454514169433 -0.10001811260898746
leaf_weight=0.0020342517892704137 0.0012733027161306865 0.0019411472110233419 0.0010364938453832906 0.0011514632107072487 0.0012254428945652762
leaf_count=91 19942 21981 4015 34 17
internal_value=3.47456e-05 0.00622591 0.0357806 -0.0137242 -0.0262462
internal_weight=0.0086621 0.0073888 0.00297764 0.00441116 0.00325969
internal_count=46080 26138 25996 142 108
is_linear=0
shrinkage=0.1


Tree=185
num_leaves=6
num_cat=0
split_feature=14 10 29 14 2
split_gain=0.000158074 0.000364377 0.00028444 0.000165347 0.000972037
threshold=959.50000000000011 470.50000000000006 1.0470649795000002 601.50000000000011 16.219433055000003
decision_type=2 2 2 2 2
left_child=1 3 -3 4 -1
right_child=-2 2 -4 -5 -6
leaf_value=0.016429393966261582 -0.032725498845156728 0.056361529298932005 -0.0087940070611914663 0.019644804164033119 -0.10001639019626006
leaf_weight=0.0020278652058673963 0.0012577166524376793 0.0018677515393283883 0.0010448339608970514 0.001146313781102748 0.0011088447097336029
leaf_count=91 19942 18805 7191 34 17
internal_value=-1.71871e-05 0.00569988 0.0329882 -0.012857 -0.0247348
internal_weight=0.00845333 0.00719561 0.00291259 0.00428302 0.00313671
internal_count=46080 26138 25996 142 108
is_linear=0
shrinkage=0.1


Tree=186
num_leaves=6
num_cat=0
split_feature=16 2 39 20 8
split_gain=0.000161023 0.000524164 0.000498391 0.000408365 2.86943e-05
threshold=376.50000000000006 11.945260110000001 0.048783519000000004 18.500000000000004 239.02812500000002
decision_type=2 2 2 2 2
left_child=3 2 -2 -1 -5
right_child=1 -3 -4 4 -6
leaf_value=-0.032784659997734188 0.059518635739890351 -0.059397184343219195 -0.031702875109670917 0.025009041332764721 0.044752829041049151
leaf_weight=0.0013262614905897863 0.0012236469610860112 0.0015747566999220197 0.0011731346149757016 0.0016252249288100096 0.0013455019127794898
leaf_count=13 14391 18145 13243 144 144
internal_value=-6.27384e-05 -0.0145782 0.0148691 0.0133534 0.0339514
internal_weight=0.00826853 0.00397154 0.00239678 0.00429699 0.00297073
internal_count=46080 45779 27634 301 288
is_linear=0
shrinkage=0.1


Tree=187
num_leaves=6
num_cat=0
split_feature=8 14 10 42 8
split_gain=0.000151134 0.0001493 0.000530855 0.000137558 0.000116756
threshold=231.15909090000002 601.50000000000011 594.50000000000011 0.086969524000000006 239.02812500000002
decision_type=2 2 2 2 2
left_child=3 4 -3 -1 -2
right_child=1 2 -4 -5 -6
leaf_value=-0.0030860834113081098 -0.035852870830657156 0.063432093547474422 -0.027721891587666726 0.048242325051723586 0.0028873439720302685
leaf_weight=0.0010227682798555904 0.0021745054370949646 0.0010845357829820657 0.0015548078344753691 0.0010666374232286557 0.0012113256309831399
leaf_count=11744 100 405 23566 10183 82
internal_value=-5.81505e-05 -0.0080948 0.0097343 0.023117 -0.021993
internal_weight=0.00811458 0.00602517 0.00263934 0.00208941 0.00338583
internal_count=46080 24153 23971 21927 182
is_linear=0
shrinkage=0.1


Tree=188
num_leaves=6
num_cat=0
split_feature=43 10 14 14 41
split_gain=0.00014638 0.000169367 0.000370959 0.000129948 9.44542e-05
threshold=0.19997664250000005 470.50000000000006 959.50000000000011 589.50000000000011 0.14815617400000003
decision_type=2 2 2 2 2
left_child=1 3 4 -1 -3
right_child=-2 2 -4 -5 -6
leaf_value=-0.00072752274360844986 0.033790748234126436 0.057869676619054525 -0.037853202126796964 -0.037735230657716029 0.015412189060518906
leaf_weight=0.0018593518294665046 0.0011030572353551982 0.0010099003619057356 0.0010126015442573078 0.0019375546659397003 0.0010889902590554001
leaf_count=12 13946 13136 18430 34 522
internal_value=-3.71397e-05 -0.00543841 0.011858 -0.0196125 0.035841
internal_weight=0.00801146 0.0069084 0.00311149 0.00379691 0.00209889
internal_count=46080 32134 32088 46 13658
is_linear=0
shrinkage=0.1


Tree=189
num_leaves=6
num_cat=0
split_feature=16 2 39 20 8
split_gain=0.00016461 0.000442366 0.000451092 0.00034629 1.76948e-05
threshold=376.50000000000006 11.945260110000001 0.048783519000000004 18.500000000000004 239.02812500000002
decision_type=2 2 2 2 2
left_child=3 2 -2 -1 -5
right_child=1 -3 -4 4 -6
leaf_value=-0.030039556024797201 0.056616705675614401 -0.057631343003499258 -0.031826941054925575 0.025849742084277455 0.041623570905721621
leaf_weight=0.0012556293504530913 0.0011518079725503227 0.0014856251350439109 0.0011548997015502493 0.0015907715657408339 0.0012861433754842722
leaf_count=13 14391 18145 13243 144 144
internal_value=-2.87143e-05 -0.0150736 0.0123356 0.0137776 0.0329015
internal_weight=0.00792488 0.00379233 0.00230671 0.00413254 0.00287691
internal_count=46080 45779 27634 301 288
is_linear=0
shrinkage=0.1


Tree=190
num_leaves=6
num_cat=0
split_feature=8 19 10 8 14
split_gain=0.000137597 0.000140896 0.000486369 0.000341781 9.02611e-05
threshold=231.15909090000002 169.50000000000003 594.50000000000011 239.02812500000002 772.50000000000011
decision_type=2 2 2 2 2
left_child=4 3 -3 -2 -1
right_child=1 2 -4 -5 -6
leaf_value=0.043810431866664487 -0.049491436976309512 0.062016735026270156 -0.026873409405045064 0.01613884622125468 0.0013407506081750788
leaf_weight=0.0010006884236091196 0.0018697966758196571 0.0010478705883727457 0.0014919498725332048 0.0013784638634035673 0.0010010289346107371
leaf_count=16483 19 532 23567 35 5444
internal_value=-2.79408e-05 -0.00784377 0.00980059 -0.0216399 0.022572
internal_weight=0.0077898 0.00578808 0.00253982 0.00324826 0.00200172
internal_count=46080 24153 24099 54 21927
is_linear=0
shrinkage=0.1


Tree=191
num_leaves=6
num_cat=0
split_feature=16 2 39 20 8
split_gain=0.000147628 0.000406794 0.000380793 0.000275141 8.57066e-06
threshold=376.50000000000006 11.945260110000001 0.050006701500000007 18.500000000000004 239.02812500000002
decision_type=2 2 2 2 2
left_child=3 2 -2 -1 -5
right_child=1 -3 -4 4 -6
leaf_value=-0.027019057007634302 0.053447593276535102 -0.055963666264879877 -0.0288200569490226 0.025444688182633408 0.036571424161354497
leaf_weight=0.001187235673342002 0.0011198521060489242 0.0014388891718795094 0.001130761691029214 0.0015451745269126071 0.0012541765200406729
leaf_count=13 14596 18145 13038 144 144
internal_value=-2.02203e-05 -0.0144357 0.0121144 0.013321 0.0304297
internal_weight=0.00767609 0.0036895 0.00225061 0.00398659 0.00279935
internal_count=46080 45779 27634 301 288
is_linear=0
shrinkage=0.1


Tree=192
num_leaves=5
num_cat=0
split_feature=43 16 42 14
split_gain=0.000140691 0.000134124 0.000503451 4.22749e-06
threshold=0.19997664250000005 376.50000000000006 0.074078779000000025 589.50000000000011
decision_type=2 2 2 2
left_child=1 3 -3 -1
right_child=-2 2 -4 -5
leaf_value=0.0034013275392033235 0.033996604498264665 0.017862665008209138 -0.067400166773030554 0.010137310749467032
leaf_weight=0.0017960753112902239 0.0010473457654631702 0.0014769516104085056 0.0013039270953152382 0.0019360075193901594
leaf_count=12 13946 26740 5350 32
internal_value=-2.13565e-05 -0.00549177 -0.0221163 0.0068956
internal_weight=0.00756031 0.00651296 0.00278088 0.00373208
internal_count=46080 32134 32090 44
is_linear=0
shrinkage=0.1


Tree=193
num_leaves=5
num_cat=0
split_feature=8 17 29 8
split_gain=0.000155217 0.000154478 0.000456856 0.000276361
threshold=231.15909090000002 86.500000000000014 1.0002167980000001 239.02812500000002
decision_type=2 2 2 2
left_child=-1 3 -3 -2
right_child=1 2 -4 -5
leaf_value=0.024522411667253604 -0.048854486827495047 0.060100745999605645 -0.030552361948732523 0.0088391112429184234
leaf_weight=0.0019144881886545839 0.0017904048951589147 0.0010450850673402456 0.0011877151333652414 0.001548254700604268
leaf_count=21927 101 997 22890 165
internal_value=-4.18597e-05 -0.00848274 0.0118788 -0.0220999
internal_weight=0.00748595 0.00557146 0.0022328 0.00333866
internal_count=46080 24153 23887 266
is_linear=0
shrinkage=0.1


Tree=194
num_leaves=5
num_cat=0
split_feature=8 19 14 8
split_gain=0.000126855 0.000131889 0.000416734 0.000261296
threshold=231.15909090000002 169.50000000000003 715.50000000000011 239.02812500000002
decision_type=2 2 2 2
left_child=-1 3 -3 -2
right_child=1 2 -4 -5
leaf_value=0.022204109230884426 -0.047301075640131973 0.059134393565809219 -0.025066279987905272 0.011642499766006882
leaf_weight=0.001903554065112445 0.0017229635680635624 0.0010002456675950455 0.0014254920290617257 0.0013346462329835163
leaf_count=21927 19 588 23511 35
internal_value=-3.73026e-05 -0.00775845 0.00965362 -0.0215722
internal_weight=0.0073869 0.00548335 0.00242574 0.00305761
internal_count=46080 24153 24099 54
is_linear=0
shrinkage=0.1


Tree=195
num_leaves=6
num_cat=0
split_feature=16 2 39 20 8
split_gain=0.000142406 0.000372276 0.000329193 0.000199081 1.22237e-06
threshold=376.50000000000006 11.945260110000001 0.048783519000000004 18.500000000000004 239.02812500000002
decision_type=2 2 2 2 2
left_child=3 2 -2 -1 -5
right_child=1 -3 -4 4 -6
leaf_value=-0.02253590845630591 0.050896379343163434 -0.055641283668030221 -0.02711114951917298 0.026134816786556898 0.030418224220599185
leaf_weight=0.0010930168654113004 0.001063462797283421 0.0013538116803322175 0.0011010907496009636 0.0014637114205737767 0.0012228062493395697
leaf_count=13 14391 18145 13243 144 144
internal_value=-3.23317e-05 -0.0145105 0.0112146 0.0134454 0.0280845
internal_weight=0.0072979 0.00351837 0.00216455 0.00377953 0.00268652
internal_count=46080 45779 27634 301 288
is_linear=0
shrinkage=0.1


Tree=196
num_leaves=5
num_cat=0
split_feature=8 17 29 8
split_gain=0.000120863 0.000155901 0.000381444 0.000209667
threshold=231.15909090000002 86.500000000000014 1.0002167980000001 239.02812500000002
decision_type=2 2 2 2
left_child=-1 3 -3 -2
right_child=1 2 -4 -5
leaf_value=0.021814228580963477 -0.046477357854694763 0.058033130290140844 -0.026358713391696643 0.0049698536858675865
leaf_weight=0.0018731478643707611 0.0016518730861099229 0.0010050641060415089 0.0011465903065377425 0.0015220378682965219
leaf_count=21927 101 997 22890 165
internal_value=-3.39984e-05 -0.00771862 0.0130617 -0.021806
internal_weight=0.00719871 0.00532557 0.00215165 0.00317391
internal_count=46080 24153 23887 266
is_linear=0
shrinkage=0.1


Tree=197
num_leaves=6
num_cat=0
split_feature=16 1 39 20 8
split_gain=0.000136679 0.000332392 0.000219075 0.000155379 1.65467e-07
threshold=376.50000000000006 13.500000000000002 0.050006701500000007 18.500000000000004 239.02812500000002
decision_type=2 2 2 2 2
left_child=3 -2 -3 -1 -5
right_child=1 2 -4 4 -6
leaf_value=-0.019201147842461679 -0.05687769859103952 0.039524595903081612 -0.023088706533121603 0.025582289516173442 0.027172665292935435
leaf_weight=0.0010486796561508527 0.0011982539406876214 0.0011240946563524368 0.001111200220412556 0.0014236293284661805 0.0012104320475261332
leaf_count=13 17261 15300 13218 144 144
internal_value=-2.89766e-05 -0.0143818 0.00839854 0.0133527 0.0263131
internal_weight=0.00711629 0.00343355 0.00223529 0.00368274 0.00263406
internal_count=46080 45779 28518 301 288
is_linear=0
shrinkage=0.1


Tree=198
num_leaves=5
num_cat=0
split_feature=8 19 14 8
split_gain=0.000114355 0.000140843 0.000326229 0.000197932
threshold=231.15909090000002 169.50000000000003 753.50000000000011 239.02812500000002
decision_type=2 2 2 2
left_child=-1 3 -3 -2
right_child=1 2 -4 -5
leaf_value=0.021354369490675623 -0.046114383583121636 0.053545370786193862 -0.022244302241652834 0.0065607695299342364
leaf_weight=0.0018443555846525683 0.0015832442721119833 0.0010060817462349547 0.0013041291628708152 0.0012983396002752556
leaf_count=21927 19 790 23309 35
internal_value=-3.49053e-05 -0.00763332 0.0107616 -0.0223808
internal_weight=0.00703615 0.00519179 0.00231021 0.00288158
internal_count=46080 24153 24099 54
is_linear=0
shrinkage=0.1


Tree=199
num_leaves=6
num_cat=0
split_feature=16 2 39 20 8
split_gain=0.000128876 0.000301768 0.000249265 0.000120202 1.13365e-07
threshold=376.50000000000006 11.945260110000001 0.048783519000000004 18.500000000000004 239.02812500000002
decision_type=2 2 2 2 2
left_child=3 2 -2 -1 -5
right_child=1 -3 -4 4 -6
leaf_value=-0.016141726165675191 0.045152187837492766 -0.052378832126655922 -0.02393766408997753 0.025182598468693574 0.023854473268577415
leaf_weight=0.0010082617046691666 0.0010064750606333384 0.0012774037667129257 0.0010852741843949687 0.0013872545276156778 0.0011974339722260474
leaf_count=13 14391 18145 13243 144 144
internal_value=-3.15349e-05 -0.0140817 0.00930591 0.0131434 0.0245673
internal_weight=0.0069621 0.00336915 0.00209175 0.00359295 0.00258469
internal_count=46080 45779 27634 301 288
is_linear=0
shrinkage=0.1


end of trees

feature_importances:
handles.avg_handles_per_proc=547
handles.nthread=353
pslist.avg_threads=325
dlllist.avg_dlls_per_proc=274
callbacks.ncallbacks=247
handles.nevent=245
ldrmodules.not_in_init_avg=201
handles.nfile=200
handles.nsection=196
handles.nsemaphore=173
handles.nmutant=170
ldrmodules.not_in_load=158
malfind.commitCharge=143
handles.ntimer=138
ldrmodules.not_in_load_avg=134
pslist.avg_handlers=128
pslist.nppid=126
psxview.not_in_deskthrd_false_avg=125
handles.ndirectory=105
psxview.not_in_csrss_handles_false_avg=79
psxview.not_in_deskthrd=78
handles.nhandles=66
dlllist.ndlls=60
psxview.not_in_session_false_avg=59
handles.nkey=58
pslist.nproc=57
ldrmodules.not_in_init=55
malfind.uniqueInjections=49
psxview.not_in_ethread_pool_false_avg=46
modules.nmodules=43
malfind.ninjections=37
psxview.not_in_pslist_false_avg=36
handles.ndesktop=28
malfind.protection=10
psxview.not_in_ethread_pool=9
psxview.not_in_pslist=7
ldrmodules.not_in_mem_avg=5
psxview.not_in_pspcid_list_false_avg=1

parameters:
[boosting: gbdt]
[objective: binary]
[metric: auc]
[tree_learner: serial]
[device_type: cpu]
[data_sample_strategy: bagging]
[data: ]
[valid: ]
[num_iterations: 200]
[learning_rate: 0.1]
[num_leaves: 31]
[num_threads: 0]
[seed: 0]
[deterministic: 0]
[force_col_wise: 0]
[force_row_wise: 0]
[histogram_pool_size: -1]
[max_depth: -1]
[min_data_in_leaf: 20]
[min_sum_hessian_in_leaf: 0.001]
[bagging_fraction: 1]
[pos_bagging_fraction: 1]
[neg_bagging_fraction: 1]
[bagging_freq: 0]
[bagging_seed: 3]
[bagging_by_query: 0]
[feature_fraction: 1]
[feature_fraction_bynode: 1]
[feature_fraction_seed: 2]
[extra_trees: 0]
[extra_seed: 6]
[early_stopping_round: 0]
[early_stopping_min_delta: 0]
[first_metric_only: 0]
[max_delta_step: 0]
[lambda_l1: 0]
[lambda_l2: 0]
[linear_lambda: 0]
[min_gain_to_split: 0]
[drop_rate: 0.1]
[max_drop: 50]
[skip_drop: 0.5]
[xgboost_dart_mode: 0]
[uniform_drop: 0]
[drop_seed: 4]
[top_rate: 0.2]
[other_rate: 0.1]
[min_data_per_group: 100]
[max_cat_threshold: 32]
[cat_l2: 10]
[cat_smooth: 10]
[max_cat_to_onehot: 4]
[top_k: 20]
[monotone_constraints: ]
[monotone_constraints_method: basic]
[monotone_penalty: 0]
[feature_contri: ]
[forcedsplits_filename: ]
[refit_decay_rate: 0.9]
[cegb_tradeoff: 1]
[cegb_penalty_split: 0]
[cegb_penalty_feature_lazy: ]
[cegb_penalty_feature_coupled: ]
[path_smooth: 0]
[interaction_constraints: ]
[verbosity: -1]
[saved_feature_importance_type: 0]
[use_quantized_grad: 0]
[num_grad_quant_bins: 4]
[quant_train_renew_leaf: 0]
[stochastic_rounding: 1]
[linear_tree: 0]
[max_bin: 255]
[max_bin_by_feature: ]
[min_data_in_bin: 3]
[bin_construct_sample_cnt: 200000]
[data_random_seed: 1]
[is_enable_sparse: 1]
[enable_bundle: 1]
[use_missing: 1]
[zero_as_missing: 0]
[feature_pre_filter: 1]
[pre_partition: 0]
[two_round: 0]
[header: 0]
[label_column: ]
[weight_column: ]
[group_column: ]
[ignore_column: ]
[categorical_feature: ]
[forcedbins_filename: ]
[precise_float_parser: 0]
[parser_config_file: ]
[objective_seed: 5]
[num_class: 1]
[is_unbalance: 0]
[scale_pos_weight: 1]
[sigmoid: 1]
[boost_from_average: 1]
[reg_sqrt: 0]
[alpha: 0.9]
[fair_c: 1]
[poisson_max_delta_step: 0.7]
[tweedie_variance_power: 1.5]
[lambdarank_truncation_level: 30]
[lambdarank_norm: 1]
[label_gain: ]
[lambdarank_position_bias_regularization: 0]
[eval_at: ]
[multi_error_top_k: 1]
[auc_mu_weights: ]
[num_machines: 1]
[local_listen_port: 12400]
[time_out: 120]
[machine_list_filename: ]
[machines: ]
[gpu_platform_id: -1]
[gpu_device_id: -1]
[gpu_device_id_list: ]
[gpu_use_dp: 0]
[num_gpu: 1]

end of parameters

pandas_categorical:[]
